country,iso2c,iso3c,year,IT.CEL.SETS.P2,IT.NET.USER.ZS
Afghanistan,AF,AFG,1960,0,NA
Afghanistan,AF,AFG,1961,NA,NA
Afghanistan,AF,AFG,1962,NA,NA
Afghanistan,AF,AFG,1963,NA,NA
Afghanistan,AF,AFG,1964,NA,NA
Afghanistan,AF,AFG,1965,0,NA
Afghanistan,AF,AFG,1966,NA,NA
Afghanistan,AF,AFG,1967,NA,NA
Afghanistan,AF,AFG,1968,NA,NA
Afghanistan,AF,AFG,1969,NA,NA
Afghanistan,AF,AFG,1970,0,NA
Afghanistan,AF,AFG,1971,NA,NA
Afghanistan,AF,AFG,1972,NA,NA
Afghanistan,AF,AFG,1973,NA,NA
Afghanistan,AF,AFG,1974,NA,NA
Afghanistan,AF,AFG,1975,0,NA
Afghanistan,AF,AFG,1976,0,NA
Afghanistan,AF,AFG,1977,0,NA
Afghanistan,AF,AFG,1978,0,NA
Afghanistan,AF,AFG,1979,0,NA
Afghanistan,AF,AFG,1980,0,NA
Afghanistan,AF,AFG,1981,0,NA
Afghanistan,AF,AFG,1982,0,NA
Afghanistan,AF,AFG,1983,0,NA
Afghanistan,AF,AFG,1984,0,NA
Afghanistan,AF,AFG,1985,0,NA
Afghanistan,AF,AFG,1986,0,NA
Afghanistan,AF,AFG,1987,0,NA
Afghanistan,AF,AFG,1988,0,NA
Afghanistan,AF,AFG,1989,0,NA
Afghanistan,AF,AFG,1990,0,0
Afghanistan,AF,AFG,1991,0,0
Afghanistan,AF,AFG,1992,0,0
Afghanistan,AF,AFG,1993,0,0
Afghanistan,AF,AFG,1994,0,0
Afghanistan,AF,AFG,1995,0,0
Afghanistan,AF,AFG,1996,0,NA
Afghanistan,AF,AFG,1997,0,NA
Afghanistan,AF,AFG,1998,0,NA
Afghanistan,AF,AFG,1999,0,NA
Afghanistan,AF,AFG,2000,0,NA
Afghanistan,AF,AFG,2001,0,0.004722568
Afghanistan,AF,AFG,2002,0.119046168,0.004561395
Afghanistan,AF,AFG,2003,0.883192104,0.087891253
Afghanistan,AF,AFG,2004,2.547386592,0.10580903
Afghanistan,AF,AFG,2005,4.915778177,1.224148084
Afghanistan,AF,AFG,2006,9.905952707,2.107123645
Afghanistan,AF,AFG,2007,18.02123984,1.9
Afghanistan,AF,AFG,2008,29.88931593,1.84
Afghanistan,AF,AFG,2009,38.34172829,3.55
Afghanistan,AF,AFG,2010,36.23965543,4
Afghanistan,AF,AFG,2011,47.17359546,5
Afghanistan,AF,AFG,2012,50.35079702,5.454545455
Afghanistan,AF,AFG,2013,53.28634042,5.9
Afghanistan,AF,AFG,2014,56.26314295,7
Afghanistan,AF,AFG,2015,58.39109599,8.26
Afghanistan,AF,AFG,2016,62.37109623,11
Afghanistan,AF,AFG,2017,67.136414920000007,13.5
Afghanistan,AF,AFG,2018,59.90264778,16.8
Afghanistan,AF,AFG,2019,59.78387904,17.6
Afghanistan,AF,AFG,2020,58.1902139,18.4
Afghanistan,AF,AFG,2021,NA,NA
Africa Eastern and Southern,ZH,AFE,1960,0,NA
Africa Eastern and Southern,ZH,AFE,1961,NA,NA
Africa Eastern and Southern,ZH,AFE,1962,NA,NA
Africa Eastern and Southern,ZH,AFE,1963,NA,NA
Africa Eastern and Southern,ZH,AFE,1964,NA,NA
Africa Eastern and Southern,ZH,AFE,1965,0,NA
Africa Eastern and Southern,ZH,AFE,1966,NA,NA
Africa Eastern and Southern,ZH,AFE,1967,NA,NA
Africa Eastern and Southern,ZH,AFE,1968,NA,NA
Africa Eastern and Southern,ZH,AFE,1969,NA,NA
Africa Eastern and Southern,ZH,AFE,1970,0,NA
Africa Eastern and Southern,ZH,AFE,1971,NA,NA
Africa Eastern and Southern,ZH,AFE,1972,NA,NA
Africa Eastern and Southern,ZH,AFE,1973,NA,NA
Africa Eastern and Southern,ZH,AFE,1974,NA,NA
Africa Eastern and Southern,ZH,AFE,1975,0,NA
Africa Eastern and Southern,ZH,AFE,1976,0,NA
Africa Eastern and Southern,ZH,AFE,1977,0,NA
Africa Eastern and Southern,ZH,AFE,1978,0,NA
Africa Eastern and Southern,ZH,AFE,1979,0,NA
Africa Eastern and Southern,ZH,AFE,1980,0,NA
Africa Eastern and Southern,ZH,AFE,1981,0,NA
Africa Eastern and Southern,ZH,AFE,1982,0,NA
Africa Eastern and Southern,ZH,AFE,1983,0,NA
Africa Eastern and Southern,ZH,AFE,1984,0,NA
Africa Eastern and Southern,ZH,AFE,1985,0,NA
Africa Eastern and Southern,ZH,AFE,1986,0,NA
Africa Eastern and Southern,ZH,AFE,1987,0,NA
Africa Eastern and Southern,ZH,AFE,1988,0,NA
Africa Eastern and Southern,ZH,AFE,1989,0.00134257553672072,NA
Africa Eastern and Southern,ZH,AFE,1990,0.00258214265567223,0
Africa Eastern and Southern,ZH,AFE,1991,0.00306012952109055,0.00173230248880555
Africa Eastern and Southern,ZH,AFE,1992,0.00582416440279694,0.00504080836448765
Africa Eastern and Southern,ZH,AFE,1993,0.0160281568745268,0.0146294941425636
Africa Eastern and Southern,ZH,AFE,1994,0.117720610098511,0.0317097336371475
Africa Eastern and Southern,ZH,AFE,1995,0.164300729636764,0.086496310561846
Africa Eastern and Southern,ZH,AFE,1996,0.285421858668388,0.112752212160974
Africa Eastern and Southern,ZH,AFE,1997,0.537893874347061,0.213192402155205
Africa Eastern and Southern,ZH,AFE,1998,0.963135057510966,0.386772416959473
Africa Eastern and Southern,ZH,AFE,1999,1.5364967739772,0.569512051222246
Africa Eastern and Southern,ZH,AFE,2000,2.53187461998447,0.77421755469409
Africa Eastern and Southern,ZH,AFE,2001,3.48511266478186,0.961552005089705
Africa Eastern and Southern,ZH,AFE,2002,4.59739340752445,1.1316294433033
Africa Eastern and Southern,ZH,AFE,2003,6.07988901464806,1.43039835507724
Africa Eastern and Southern,ZH,AFE,2004,8.01544755486436,1.71604667481381
Africa Eastern and Southern,ZH,AFE,2005,12.59131987433,1.8055231421271
Africa Eastern and Southern,ZH,AFE,2006,16.9490525169552,2.05810176814815
Africa Eastern and Southern,ZH,AFE,2007,21.6849919782563,2.7732738256208
Africa Eastern and Southern,ZH,AFE,2008,28.1203044455646,2.69414978147317
Africa Eastern and Southern,ZH,AFE,2009,32.6088889551093,3.20741617179148
Africa Eastern and Southern,ZH,AFE,2010,38.5271319772483,5.29697361379769
Africa Eastern and Southern,ZH,AFE,2011,48.0159935090946,6.80275022096875
Africa Eastern and Southern,ZH,AFE,2012,52.7679765565158,8.53475011696143
Africa Eastern and Southern,ZH,AFE,2013,57.6880768277277,10.1269454655226
Africa Eastern and Southern,ZH,AFE,2014,61.9358160623131,12.2377157932034
Africa Eastern and Southern,ZH,AFE,2015,67.2938731832888,14.5931483155349
Africa Eastern and Southern,ZH,AFE,2016,64.2849546298434,16.3780245096756
Africa Eastern and Southern,ZH,AFE,2017,64.2264956752755,18.0980600692527
Africa Eastern and Southern,ZH,AFE,2018,72.279077070328,21.653313328468
Africa Eastern and Southern,ZH,AFE,2019,68.7522400501096,24.247500019575
Africa Eastern and Southern,ZH,AFE,2020,71.0600068615159,26.2006567649342
Africa Eastern and Southern,ZH,AFE,2021,84.3653340222534,NA
Africa Western and Central,ZI,AFW,1960,0,NA
Africa Western and Central,ZI,AFW,1961,NA,NA
Africa Western and Central,ZI,AFW,1962,NA,NA
Africa Western and Central,ZI,AFW,1963,NA,NA
Africa Western and Central,ZI,AFW,1964,NA,NA
Africa Western and Central,ZI,AFW,1965,0,NA
Africa Western and Central,ZI,AFW,1966,NA,NA
Africa Western and Central,ZI,AFW,1967,NA,NA
Africa Western and Central,ZI,AFW,1968,NA,NA
Africa Western and Central,ZI,AFW,1969,NA,NA
Africa Western and Central,ZI,AFW,1970,0,NA
Africa Western and Central,ZI,AFW,1971,NA,NA
Africa Western and Central,ZI,AFW,1972,NA,NA
Africa Western and Central,ZI,AFW,1973,NA,NA
Africa Western and Central,ZI,AFW,1974,NA,NA
Africa Western and Central,ZI,AFW,1975,0,NA
Africa Western and Central,ZI,AFW,1976,0,NA
Africa Western and Central,ZI,AFW,1977,0,NA
Africa Western and Central,ZI,AFW,1978,0,NA
Africa Western and Central,ZI,AFW,1979,0,NA
Africa Western and Central,ZI,AFW,1980,0,NA
Africa Western and Central,ZI,AFW,1981,0,NA
Africa Western and Central,ZI,AFW,1982,0,NA
Africa Western and Central,ZI,AFW,1983,0,NA
Africa Western and Central,ZI,AFW,1984,0,NA
Africa Western and Central,ZI,AFW,1985,0,NA
Africa Western and Central,ZI,AFW,1986,0,NA
Africa Western and Central,ZI,AFW,1987,0,NA
Africa Western and Central,ZI,AFW,1988,0,NA
Africa Western and Central,ZI,AFW,1989,0,NA
Africa Western and Central,ZI,AFW,1990,0,0
Africa Western and Central,ZI,AFW,1991,0,0
Africa Western and Central,ZI,AFW,1992,4.05567623636312e-4,0
Africa Western and Central,ZI,AFW,1993,0.00558115607144699,0
Africa Western and Central,ZI,AFW,1994,0.00959570091410311,4.37347303003985e-6
Africa Western and Central,ZI,AFW,1995,0.0125531304913285,1.32937808781358e-4
Africa Western and Central,ZI,AFW,1996,0.025856289147414,0.0070178877270851
Africa Western and Central,ZI,AFW,1997,0.0465887994019213,0.0199454592058786
Africa Western and Central,ZI,AFW,1998,0.0980257325747414,0.0356483338548163
Africa Western and Central,ZI,AFW,1999,0.20622679893449,0.0865832729233697
Africa Western and Central,ZI,AFW,2000,0.530892742687222,0.139444898636359
Africa Western and Central,ZI,AFW,2001,1.04987624556741,0.21015312440225
Africa Western and Central,ZI,AFW,2002,2.09477956084382,0.412121735356163
Africa Western and Central,ZI,AFW,2003,3.32309173202265,0.657937928967396
Africa Western and Central,ZI,AFW,2004,6.46046333370717,1.17631825716585
Africa Western and Central,ZI,AFW,2005,11.1025063085919,2.32241581377363
Africa Western and Central,ZI,AFW,2006,18.7872335012221,3.45834089338183
Africa Western and Central,ZI,AFW,2007,25.0392998212097,4.23339885847179
Africa Western and Central,ZI,AFW,2008,36.8661001562175,4.98553994993049
Africa Western and Central,ZI,AFW,2009,44.3449799979514,5.80373621795227
Africa Western and Central,ZI,AFW,2010,52.27223728058,7.24253015229823
Africa Western and Central,ZI,AFW,2011,58.249872484352,8.66493595574041
Africa Western and Central,ZI,AFW,2012,67.1094646656648,10.2936544981934
Africa Western and Central,ZI,AFW,2013,75.0120031475166,12.5777557951493
Africa Western and Central,ZI,AFW,2014,80.2975320892204,14.923440708625
Africa Western and Central,ZI,AFW,2015,85.2005633467545,18.179202877501
Africa Western and Central,ZI,AFW,2016,84.8391679704512,21.8292656260915
Africa Western and Central,ZI,AFW,2017,83.225379057631,25.1763415371875
Africa Western and Central,ZI,AFW,2018,92.5819747932916,29.3052469607389
Africa Western and Central,ZI,AFW,2019,93.0961845571498,29.0234737553607
Africa Western and Central,ZI,AFW,2020,98.0391864654785,34.0931209478686
Africa Western and Central,ZI,AFW,2021,102.346968461191,NA
Albania,AL,ALB,1960,0,NA
Albania,AL,ALB,1961,NA,NA
Albania,AL,ALB,1962,NA,NA
Albania,AL,ALB,1963,NA,NA
Albania,AL,ALB,1964,NA,NA
Albania,AL,ALB,1965,0,NA
Albania,AL,ALB,1966,NA,NA
Albania,AL,ALB,1967,NA,NA
Albania,AL,ALB,1968,NA,NA
Albania,AL,ALB,1969,NA,NA
Albania,AL,ALB,1970,0,NA
Albania,AL,ALB,1971,NA,NA
Albania,AL,ALB,1972,NA,NA
Albania,AL,ALB,1973,NA,NA
Albania,AL,ALB,1974,NA,NA
Albania,AL,ALB,1975,0,NA
Albania,AL,ALB,1976,0,NA
Albania,AL,ALB,1977,0,NA
Albania,AL,ALB,1978,0,NA
Albania,AL,ALB,1979,0,NA
Albania,AL,ALB,1980,0,NA
Albania,AL,ALB,1981,0,NA
Albania,AL,ALB,1982,0,NA
Albania,AL,ALB,1983,0,NA
Albania,AL,ALB,1984,0,NA
Albania,AL,ALB,1985,0,NA
Albania,AL,ALB,1986,0,NA
Albania,AL,ALB,1987,0,NA
Albania,AL,ALB,1988,0,NA
Albania,AL,ALB,1989,0,NA
Albania,AL,ALB,1990,0,0
Albania,AL,ALB,1991,0,0
Albania,AL,ALB,1992,0,0
Albania,AL,ALB,1993,0,0
Albania,AL,ALB,1994,0,0
Albania,AL,ALB,1995,0,0.011168695
Albania,AL,ALB,1996,0.070307774,0.032196828
Albania,AL,ALB,1997,0.101422403,0.048593919
Albania,AL,ALB,1998,0.173257946,0.06502737
Albania,AL,ALB,1999,0.343114336,0.081437045
Albania,AL,ALB,2000,0.936229188,0.114097347
Albania,AL,ALB,2001,12.45080244,0.325798377
Albania,AL,ALB,2002,27.24463279,0.390081273
Albania,AL,ALB,2003,35.56428066,0.971900415
Albania,AL,ALB,2004,41.12783099,2.420387798
Albania,AL,ALB,2005,50.45923775,6.043890864
Albania,AL,ALB,2006,63.59103905,9.609991316
Albania,AL,ALB,2007,78.03664144,15.03611541
Albania,AL,ALB,2008,63.00230139,23.86
Albania,AL,ALB,2009,84.07120051,41.2
Albania,AL,ALB,2010,92.41340015,45
Albania,AL,ALB,2011,106.8724501,47
Albania,AL,ALB,2012,121.0154371,49.4
Albania,AL,ALB,2013,127.67458,51.8
Albania,AL,ALB,2014,116.4887372,54.3
Albania,AL,ALB,2015,117.9871153,56.9
Albania,AL,ALB,2016,116.9622462,59.6
Albania,AL,ALB,2017,125.9205273,62.4
Albania,AL,ALB,2018,94.36446759,65.4
Albania,AL,ALB,2019,91.51642864,68.55039112
Albania,AL,ALB,2020,91.35050062,72.23767711
Albania,AL,ALB,2021,92.31992041,79.32371752
Algeria,DZ,DZA,1960,0,NA
Algeria,DZ,DZA,1961,NA,NA
Algeria,DZ,DZA,1962,NA,NA
Algeria,DZ,DZA,1963,NA,NA
Algeria,DZ,DZA,1964,NA,NA
Algeria,DZ,DZA,1965,0,NA
Algeria,DZ,DZA,1966,NA,NA
Algeria,DZ,DZA,1967,NA,NA
Algeria,DZ,DZA,1968,NA,NA
Algeria,DZ,DZA,1969,NA,NA
Algeria,DZ,DZA,1970,0,NA
Algeria,DZ,DZA,1971,NA,NA
Algeria,DZ,DZA,1972,NA,NA
Algeria,DZ,DZA,1973,NA,NA
Algeria,DZ,DZA,1974,NA,NA
Algeria,DZ,DZA,1975,0,NA
Algeria,DZ,DZA,1976,0,NA
Algeria,DZ,DZA,1977,0,NA
Algeria,DZ,DZA,1978,0,NA
Algeria,DZ,DZA,1979,0,NA
Algeria,DZ,DZA,1980,0,NA
Algeria,DZ,DZA,1981,0,NA
Algeria,DZ,DZA,1982,0,NA
Algeria,DZ,DZA,1983,0,NA
Algeria,DZ,DZA,1984,0,NA
Algeria,DZ,DZA,1985,0,NA
Algeria,DZ,DZA,1986,0,NA
Algeria,DZ,DZA,1987,0,NA
Algeria,DZ,DZA,1988,0,NA
Algeria,DZ,DZA,1989,0,NA
Algeria,DZ,DZA,1990,0.001841832,0
Algeria,DZ,DZA,1991,0.018294243,0
Algeria,DZ,DZA,1992,0.017874031,0
Algeria,DZ,DZA,1993,0.017478039,0
Algeria,DZ,DZA,1994,0.004825141,3.60674e-4
Algeria,DZ,DZA,1995,0.016472352,0.001768954
Algeria,DZ,DZA,1996,0.040366216,0.001738533
Algeria,DZ,DZA,1997,0.059031014,0.010268463
Algeria,DZ,DZA,1998,0.060151043,0.020238555
Algeria,DZ,DZA,1999,0.237262911,0.199523843
Algeria,DZ,DZA,2000,0.279451045,0.491705679
Algeria,DZ,DZA,2001,0.320502702,0.646114017
Algeria,DZ,DZA,2002,1.423710128,1.59164126
Algeria,DZ,DZA,2003,4.51376415,2.195359731
Algeria,DZ,DZA,2004,15.0181054,4.634475088
Algeria,DZ,DZA,2005,41.45244865,5.843942092
Algeria,DZ,DZA,2006,62.80216467,7.375984956
Algeria,DZ,DZA,2007,81.10540402,9.451190626
Algeria,DZ,DZA,2008,78.19436226,10.18
Algeria,DZ,DZA,2009,92.99292417,11.23
Algeria,DZ,DZA,2010,91.42082361,12.5
Algeria,DZ,DZA,2011,97.46161442,14.9
Algeria,DZ,DZA,2012,100.7169538,18.2
Algeria,DZ,DZA,2013,103.9905106,22.5
Algeria,DZ,DZA,2014,111.7079111,29.5
Algeria,DZ,DZA,2015,109.3176407,38.2
Algeria,DZ,DZA,2016,116.6140394,42.94552688
Algeria,DZ,DZA,2017,111.4475314,47.69105515
Algeria,DZ,DZA,2018,112.4675177,49.03846808
Algeria,DZ,DZA,2019,106.3696091,57.9
Algeria,DZ,DZA,2020,104.842178,62.9
Algeria,DZ,DZA,2021,106.4528,NA
American Samoa,AS,ASM,1960,0,NA
American Samoa,AS,ASM,1961,NA,NA
American Samoa,AS,ASM,1962,NA,NA
American Samoa,AS,ASM,1963,NA,NA
American Samoa,AS,ASM,1964,NA,NA
American Samoa,AS,ASM,1965,0,NA
American Samoa,AS,ASM,1966,NA,NA
American Samoa,AS,ASM,1967,NA,NA
American Samoa,AS,ASM,1968,NA,NA
American Samoa,AS,ASM,1969,NA,NA
American Samoa,AS,ASM,1970,0,NA
American Samoa,AS,ASM,1971,NA,NA
American Samoa,AS,ASM,1972,NA,NA
American Samoa,AS,ASM,1973,NA,NA
American Samoa,AS,ASM,1974,NA,NA
American Samoa,AS,ASM,1975,0,NA
American Samoa,AS,ASM,1976,0,NA
American Samoa,AS,ASM,1977,0,NA
American Samoa,AS,ASM,1978,0,NA
American Samoa,AS,ASM,1979,0,NA
American Samoa,AS,ASM,1980,0,NA
American Samoa,AS,ASM,1981,0,NA
American Samoa,AS,ASM,1982,0,NA
American Samoa,AS,ASM,1983,0,NA
American Samoa,AS,ASM,1984,0,NA
American Samoa,AS,ASM,1985,0,NA
American Samoa,AS,ASM,1986,0,NA
American Samoa,AS,ASM,1987,NA,NA
American Samoa,AS,ASM,1988,NA,NA
American Samoa,AS,ASM,1989,NA,NA
American Samoa,AS,ASM,1990,0,0
American Samoa,AS,ASM,1991,0,0
American Samoa,AS,ASM,1992,1.397819402,0
American Samoa,AS,ASM,1993,1.758705593,0
American Samoa,AS,ASM,1994,2.29498164,0
American Samoa,AS,ASM,1995,2.340780135,0
American Samoa,AS,ASM,1996,2.385321101,NA
American Samoa,AS,ASM,1997,2.518982331,NA
American Samoa,AS,ASM,1998,2.650036217,NA
American Samoa,AS,ASM,1999,3.125325555,NA
American Samoa,AS,ASM,2000,3.420917053,NA
American Samoa,AS,ASM,2001,3.696591455,NA
American Samoa,AS,ASM,2002,3.499664816,NA
American Samoa,AS,ASM,2003,3.624439075,NA
American Samoa,AS,ASM,2004,3.904487558,NA
American Samoa,AS,ASM,2005,NA,NA
American Samoa,AS,ASM,2006,NA,NA
American Samoa,AS,ASM,2007,NA,NA
American Samoa,AS,ASM,2008,NA,NA
American Samoa,AS,ASM,2009,NA,NA
American Samoa,AS,ASM,2010,NA,NA
American Samoa,AS,ASM,2011,NA,NA
American Samoa,AS,ASM,2012,NA,NA
American Samoa,AS,ASM,2013,NA,NA
American Samoa,AS,ASM,2014,NA,NA
American Samoa,AS,ASM,2015,NA,NA
American Samoa,AS,ASM,2016,NA,NA
American Samoa,AS,ASM,2017,NA,NA
American Samoa,AS,ASM,2018,NA,NA
American Samoa,AS,ASM,2019,NA,NA
American Samoa,AS,ASM,2020,NA,NA
American Samoa,AS,ASM,2021,NA,NA
Andorra,AD,AND,1960,0,NA
Andorra,AD,AND,1961,NA,NA
Andorra,AD,AND,1962,NA,NA
Andorra,AD,AND,1963,NA,NA
Andorra,AD,AND,1964,NA,NA
Andorra,AD,AND,1965,0,NA
Andorra,AD,AND,1966,NA,NA
Andorra,AD,AND,1967,NA,NA
Andorra,AD,AND,1968,NA,NA
Andorra,AD,AND,1969,NA,NA
Andorra,AD,AND,1970,0,NA
Andorra,AD,AND,1971,NA,NA
Andorra,AD,AND,1972,NA,NA
Andorra,AD,AND,1973,NA,NA
Andorra,AD,AND,1974,NA,NA
Andorra,AD,AND,1975,0,NA
Andorra,AD,AND,1976,0,NA
Andorra,AD,AND,1977,0,NA
Andorra,AD,AND,1978,0,NA
Andorra,AD,AND,1979,0,NA
Andorra,AD,AND,1980,0,NA
Andorra,AD,AND,1981,0,NA
Andorra,AD,AND,1982,0,NA
Andorra,AD,AND,1983,0,NA
Andorra,AD,AND,1984,0,NA
Andorra,AD,AND,1985,0,NA
Andorra,AD,AND,1986,0,NA
Andorra,AD,AND,1987,0,NA
Andorra,AD,AND,1988,0,NA
Andorra,AD,AND,1989,0,NA
Andorra,AD,AND,1990,0,0
Andorra,AD,AND,1991,0,0
Andorra,AD,AND,1992,1.344203341,0
Andorra,AD,AND,1993,1.318547569,0
Andorra,AD,AND,1994,1.284466799,0
Andorra,AD,AND,1995,4.489257564,0
Andorra,AD,AND,1996,8.555349432,1.526601023
Andorra,AD,AND,1997,13.32364491,3.050175385
Andorra,AD,AND,1998,21.65649066,6.886209218
Andorra,AD,AND,1999,31.37613282,7.635686143
Andorra,AD,AND,2000,35.61832431,10.53883561
Andorra,AD,AND,2001,43.39280448,NA
Andorra,AD,AND,2002,46.28218157,11.26046872
Andorra,AD,AND,2003,70.21296747,13.54641288
Andorra,AD,AND,2004,75.86601328,26.83795439
Andorra,AD,AND,2005,80.87590509,37.60576622
Andorra,AD,AND,2006,86.01844926,48.936847
Andorra,AD,AND,2007,81.23912599,70.87
Andorra,AD,AND,2008,84.41522582,70.04
Andorra,AD,AND,2009,87.40318475,78.53
Andorra,AD,AND,2010,91.57706344,81
Andorra,AD,AND,2011,92.17208933,81
Andorra,AD,AND,2012,89.93550386,82.7
Andorra,AD,AND,2013,89.58187372,84.4
Andorra,AD,AND,2014,92.48694535,86.1
Andorra,AD,AND,2015,99.42853957,87.9
Andorra,AD,AND,2016,104.9517508,89.7
Andorra,AD,AND,2017,108.8046481,91.56746703
Andorra,AD,AND,2018,110.1329103,NA
Andorra,AD,AND,2019,115.1500465,NA
Andorra,AD,AND,2020,120.978121,NA
Andorra,AD,AND,2021,NA,NA
Angola,AO,AGO,1960,0,NA
Angola,AO,AGO,1961,NA,NA
Angola,AO,AGO,1962,NA,NA
Angola,AO,AGO,1963,NA,NA
Angola,AO,AGO,1964,NA,NA
Angola,AO,AGO,1965,0,NA
Angola,AO,AGO,1966,NA,NA
Angola,AO,AGO,1967,NA,NA
Angola,AO,AGO,1968,NA,NA
Angola,AO,AGO,1969,NA,NA
Angola,AO,AGO,1970,0,NA
Angola,AO,AGO,1971,NA,NA
Angola,AO,AGO,1972,NA,NA
Angola,AO,AGO,1973,NA,NA
Angola,AO,AGO,1974,NA,NA
Angola,AO,AGO,1975,0,NA
Angola,AO,AGO,1976,0,NA
Angola,AO,AGO,1977,0,NA
Angola,AO,AGO,1978,0,NA
Angola,AO,AGO,1979,0,NA
Angola,AO,AGO,1980,0,NA
Angola,AO,AGO,1981,0,NA
Angola,AO,AGO,1982,0,NA
Angola,AO,AGO,1983,0,NA
Angola,AO,AGO,1984,0,NA
Angola,AO,AGO,1985,0,NA
Angola,AO,AGO,1986,0,NA
Angola,AO,AGO,1987,0,NA
Angola,AO,AGO,1988,0,NA
Angola,AO,AGO,1989,0,NA
Angola,AO,AGO,1990,0,0
Angola,AO,AGO,1991,0,0
Angola,AO,AGO,1992,0,0
Angola,AO,AGO,1993,0.008436702,0
Angola,AO,AGO,1994,0.013549219,0
Angola,AO,AGO,1995,0.01433269,0
Angola,AO,AGO,1996,0.02292929,7.75929e-4
Angola,AO,AGO,1997,0.04742069,0.005673746
Angola,AO,AGO,1998,0.063903735,0.018453724
Angola,AO,AGO,1999,0.151221568,0.071964087
Angola,AO,AGO,2000,0.157410653,0.105045562
Angola,AO,AGO,2001,0.442697606,0.136013867
Angola,AO,AGO,2002,0.799262897,0.270376746
Angola,AO,AGO,2003,1.931104589,0.370682065
Angola,AO,AGO,2004,3.942225093,0.464814618
Angola,AO,AGO,2005,8.282974634,1.143366827
Angola,AO,AGO,2006,15.15012642,1.5
Angola,AO,AGO,2007,23.72841216,1.7
Angola,AO,AGO,2008,31.22582177,1.9
Angola,AO,AGO,2009,36.02958262,2.3
Angola,AO,AGO,2010,40.24692066,2.8
Angola,AO,AGO,2011,49.76776766,4.7
Angola,AO,AGO,2012,50.75814192,7.7
Angola,AO,AGO,2013,50.80964158,13
Angola,AO,AGO,2014,51.80029281,21.4
Angola,AO,AGO,2015,49.36244924,22
Angola,AO,AGO,2016,44.59350803,23.2
Angola,AO,AGO,2017,44.10644535,26
Angola,AO,AGO,2018,42.49094914,29
Angola,AO,AGO,2019,45.8377414,32.4
Angola,AO,AGO,2020,43.81009059,36
Angola,AO,AGO,2021,44.42373173,NA
Antigua and Barbuda,AG,ATG,1960,0,NA
Antigua and Barbuda,AG,ATG,1961,NA,NA
Antigua and Barbuda,AG,ATG,1962,NA,NA
Antigua and Barbuda,AG,ATG,1963,NA,NA
Antigua and Barbuda,AG,ATG,1964,NA,NA
Antigua and Barbuda,AG,ATG,1965,0,NA
Antigua and Barbuda,AG,ATG,1966,NA,NA
Antigua and Barbuda,AG,ATG,1967,NA,NA
Antigua and Barbuda,AG,ATG,1968,NA,NA
Antigua and Barbuda,AG,ATG,1969,NA,NA
Antigua and Barbuda,AG,ATG,1970,0,NA
Antigua and Barbuda,AG,ATG,1971,NA,NA
Antigua and Barbuda,AG,ATG,1972,NA,NA
Antigua and Barbuda,AG,ATG,1973,NA,NA
Antigua and Barbuda,AG,ATG,1974,NA,NA
Antigua and Barbuda,AG,ATG,1975,0,NA
Antigua and Barbuda,AG,ATG,1976,0,NA
Antigua and Barbuda,AG,ATG,1977,0,NA
Antigua and Barbuda,AG,ATG,1978,0,NA
Antigua and Barbuda,AG,ATG,1979,0,NA
Antigua and Barbuda,AG,ATG,1980,0,NA
Antigua and Barbuda,AG,ATG,1981,0,NA
Antigua and Barbuda,AG,ATG,1982,0,NA
Antigua and Barbuda,AG,ATG,1983,0,NA
Antigua and Barbuda,AG,ATG,1984,0,NA
Antigua and Barbuda,AG,ATG,1985,0,NA
Antigua and Barbuda,AG,ATG,1986,0,NA
Antigua and Barbuda,AG,ATG,1987,0,NA
Antigua and Barbuda,AG,ATG,1988,0,NA
Antigua and Barbuda,AG,ATG,1989,NA,NA
Antigua and Barbuda,AG,ATG,1990,0,0
Antigua and Barbuda,AG,ATG,1991,NA,0
Antigua and Barbuda,AG,ATG,1992,NA,0
Antigua and Barbuda,AG,ATG,1993,NA,0
Antigua and Barbuda,AG,ATG,1994,NA,0
Antigua and Barbuda,AG,ATG,1995,NA,2.200768802
Antigua and Barbuda,AG,ATG,1996,1.862517551,2.858449577
Antigua and Barbuda,AG,ATG,1997,1.965795164,3.480536838
Antigua and Barbuda,AG,ATG,1998,2.066912859,4.0717165
Antigua and Barbuda,AG,ATG,1999,11.51433874,5.300681138
Antigua and Barbuda,AG,ATG,2000,29.31183799,6.482225737
Antigua and Barbuda,AG,ATG,2001,32.80194187,8.899285515
Antigua and Barbuda,AG,ATG,2002,49.49154738,12.5
Antigua and Barbuda,AG,ATG,2003,59.04654558,17.22864878
Antigua and Barbuda,AG,ATG,2004,68.40551805,24.26654372
Antigua and Barbuda,AG,ATG,2005,107.67632,27
Antigua and Barbuda,AG,ATG,2006,136.1958564,30
Antigua and Barbuda,AG,ATG,2007,137.0232638,34
Antigua and Barbuda,AG,ATG,2008,164.0725036,38
Antigua and Barbuda,AG,ATG,2009,159.6103343,42
Antigua and Barbuda,AG,ATG,2010,196.009102,47
Antigua and Barbuda,AG,ATG,2011,202.940193,52
Antigua and Barbuda,AG,ATG,2012,145.2893674,58
Antigua and Barbuda,AG,ATG,2013,129.2224595,63.4
Antigua and Barbuda,AG,ATG,2014,134.5208212,67.78
Antigua and Barbuda,AG,ATG,2015,195.6860129,70
Antigua and Barbuda,AG,ATG,2016,198.754472,73
Antigua and Barbuda,AG,ATG,2017,201.933735,NA
Antigua and Barbuda,AG,ATG,2018,NA,NA
Antigua and Barbuda,AG,ATG,2019,199.7481436,NA
Antigua and Barbuda,AG,ATG,2020,198.5668652,NA
Antigua and Barbuda,AG,ATG,2021,NA,NA
Arab World,1A,ARB,1960,0,NA
Arab World,1A,ARB,1961,NA,NA
Arab World,1A,ARB,1962,NA,NA
Arab World,1A,ARB,1963,NA,NA
Arab World,1A,ARB,1964,NA,NA
Arab World,1A,ARB,1965,0,NA
Arab World,1A,ARB,1966,NA,NA
Arab World,1A,ARB,1967,NA,NA
Arab World,1A,ARB,1968,NA,NA
Arab World,1A,ARB,1969,NA,NA
Arab World,1A,ARB,1970,0,NA
Arab World,1A,ARB,1971,NA,NA
Arab World,1A,ARB,1972,NA,NA
Arab World,1A,ARB,1973,NA,NA
Arab World,1A,ARB,1974,NA,NA
Arab World,1A,ARB,1975,0,NA
Arab World,1A,ARB,1976,0,NA
Arab World,1A,ARB,1977,0,NA
Arab World,1A,ARB,1978,0,NA
Arab World,1A,ARB,1979,0,NA
Arab World,1A,ARB,1980,0,NA
Arab World,1A,ARB,1981,0,NA
Arab World,1A,ARB,1982,0.00139135029448582,NA
Arab World,1A,ARB,1983,0.00206452793552855,NA
Arab World,1A,ARB,1984,0.00277542509376027,NA
Arab World,1A,ARB,1985,0.00454385232052265,NA
Arab World,1A,ARB,1986,0.011489686324028,NA
Arab World,1A,ARB,1987,0.0174495848946617,NA
Arab World,1A,ARB,1988,0.0198658484390306,NA
Arab World,1A,ARB,1989,0.0288731721004244,NA
Arab World,1A,ARB,1990,0.0391611129825038,0
Arab World,1A,ARB,1991,0.0567169465116559,0
Arab World,1A,ARB,1992,0.0642451336720986,0
Arab World,1A,ARB,1993,0.0818781227277993,8.6463419722957e-4
Arab World,1A,ARB,1994,0.105305831302216,0.00287760143451145
Arab World,1A,ARB,1995,0.197651290165998,0.0146856685731192
Arab World,1A,ARB,1996,0.354623216561879,0.0402727667612479
Arab World,1A,ARB,1997,0.608151128959064,0.141948279814273
Arab World,1A,ARB,1998,0.928146209147479,0.283811604320554
Arab World,1A,ARB,1999,1.47667988359235,0.644800202411028
Arab World,1A,ARB,2000,3.14235571585315,1.21705641649358
Arab World,1A,ARB,2001,5.674469873018,1.6399570540869
Arab World,1A,ARB,2002,8.4137897725289,2.79782204919422
Arab World,1A,ARB,2003,11.4425320694818,3.77037813690713
Arab World,1A,ARB,2004,16.6252188547319,7.25012731787421
Arab World,1A,ARB,2005,26.4479394294001,8.61472994617376
Arab World,1A,ARB,2006,38.2910994488433,11.5893486742988
Arab World,1A,ARB,2007,51.6630400128938,14.3537690407378
Arab World,1A,ARB,2008,61.7078304449257,18.5565409803174
Arab World,1A,ARB,2009,74.4957914017245,21.5084930715263
Arab World,1A,ARB,2010,85.6094564648384,25.6809726220511
Arab World,1A,ARB,2011,94.4751848643954,27.5480357963057
Arab World,1A,ARB,2012,100.300841931146,30.7954873267533
Arab World,1A,ARB,2013,104.741398824987,33.9101316977464
Arab World,1A,ARB,2014,104.242109611802,37.6559500541718
Arab World,1A,ARB,2015,102.997439000868,41.548292282233
Arab World,1A,ARB,2016,100.424978952655,43.2098458803451
Arab World,1A,ARB,2017,98.1963031894915,48.8802035645088
Arab World,1A,ARB,2018,96.4014579839673,54.2036369354386
Arab World,1A,ARB,2019,94.9944320296639,60.3876496585507
Arab World,1A,ARB,2020,94.100027231302093,68.4971597475576
Arab World,1A,ARB,2021,97.1351677363859,NA
Argentina,AR,ARG,1960,0,NA
Argentina,AR,ARG,1961,NA,NA
Argentina,AR,ARG,1962,NA,NA
Argentina,AR,ARG,1963,NA,NA
Argentina,AR,ARG,1964,NA,NA
Argentina,AR,ARG,1965,0,NA
Argentina,AR,ARG,1966,NA,NA
Argentina,AR,ARG,1967,NA,NA
Argentina,AR,ARG,1968,NA,NA
Argentina,AR,ARG,1969,NA,NA
Argentina,AR,ARG,1970,0,NA
Argentina,AR,ARG,1971,NA,NA
Argentina,AR,ARG,1972,NA,NA
Argentina,AR,ARG,1973,NA,NA
Argentina,AR,ARG,1974,NA,NA
Argentina,AR,ARG,1975,0,NA
Argentina,AR,ARG,1976,0,NA
Argentina,AR,ARG,1977,0,NA
Argentina,AR,ARG,1978,0,NA
Argentina,AR,ARG,1979,0,NA
Argentina,AR,ARG,1980,0,NA
Argentina,AR,ARG,1981,0,NA
Argentina,AR,ARG,1982,0,NA
Argentina,AR,ARG,1983,0,NA
Argentina,AR,ARG,1984,0,NA
Argentina,AR,ARG,1985,0,NA
Argentina,AR,ARG,1986,0,NA
Argentina,AR,ARG,1987,0,NA
Argentina,AR,ARG,1988,0,NA
Argentina,AR,ARG,1989,0.007150459,NA
Argentina,AR,ARG,1990,0.036767345,0
Argentina,AR,ARG,1991,0.075515553,0
Argentina,AR,ARG,1992,0.13879172,0.002992874
Argentina,AR,ARG,1993,0.329148059,0.029527065
Argentina,AR,ARG,1994,0.6992523,0.043705951
Argentina,AR,ARG,1995,1.160057586,0.086277081
Argentina,AR,ARG,1996,1.884803688,0.141954704
Argentina,AR,ARG,1997,5.609433289,0.280339882
Argentina,AR,ARG,1998,7.371312411,0.83076668
Argentina,AR,ARG,1999,10.50082052,3.284481956
Argentina,AR,ARG,2000,17.5015229,7.038683086
Argentina,AR,ARG,2001,17.987466649999998,9.780807285
Argentina,AR,ARG,2002,17.33333812,10.88212438
Argentina,AR,ARG,2003,20.48748472,11.91369655
Argentina,AR,ARG,2004,34.94389378,16.03668411
Argentina,AR,ARG,2005,56.70883514,17.72058337
Argentina,AR,ARG,2006,79.81991978,20.9272021
Argentina,AR,ARG,2007,101.3182303,25.94663294
Argentina,AR,ARG,2008,115.4815533,28.11262348
Argentina,AR,ARG,2009,128.9999606,34
Argentina,AR,ARG,2010,138.8859542,45
Argentina,AR,ARG,2011,146.2467408,51
Argentina,AR,ARG,2012,153.3349717,55.8
Argentina,AR,ARG,2013,158.9154655,59.9
Argentina,AR,ARG,2014,142.9902363,64.7
Argentina,AR,ARG,2015,142.9639551,68.04306411
Argentina,AR,ARG,2016,145.9179567,70.96898082
Argentina,AR,ARG,2017,140.5014607,74.29490687
Argentina,AR,ARG,2018,131.9371685,77.7
Argentina,AR,ARG,2019,125.9409814,79.9
Argentina,AR,ARG,2020,121.6001889,85.5
Argentina,AR,ARG,2021,130.4550081,87.14829302
Armenia,AM,ARM,1960,0,NA
Armenia,AM,ARM,1961,NA,NA
Armenia,AM,ARM,1962,NA,NA
Armenia,AM,ARM,1963,NA,NA
Armenia,AM,ARM,1964,NA,NA
Armenia,AM,ARM,1965,0,NA
Armenia,AM,ARM,1966,NA,NA
Armenia,AM,ARM,1967,NA,NA
Armenia,AM,ARM,1968,NA,NA
Armenia,AM,ARM,1969,NA,NA
Armenia,AM,ARM,1970,0,NA
Armenia,AM,ARM,1971,NA,NA
Armenia,AM,ARM,1972,NA,NA
Armenia,AM,ARM,1973,NA,NA
Armenia,AM,ARM,1974,NA,NA
Armenia,AM,ARM,1975,0,NA
Armenia,AM,ARM,1976,0,NA
Armenia,AM,ARM,1977,0,NA
Armenia,AM,ARM,1978,0,NA
Armenia,AM,ARM,1979,0,NA
Armenia,AM,ARM,1980,0,NA
Armenia,AM,ARM,1981,0,NA
Armenia,AM,ARM,1982,0,NA
Armenia,AM,ARM,1983,0,NA
Armenia,AM,ARM,1984,0,NA
Armenia,AM,ARM,1985,0,NA
Armenia,AM,ARM,1986,0,NA
Armenia,AM,ARM,1987,0,NA
Armenia,AM,ARM,1988,0,NA
Armenia,AM,ARM,1989,0,NA
Armenia,AM,ARM,1990,0,0
Armenia,AM,ARM,1991,0,0
Armenia,AM,ARM,1992,0,0
Armenia,AM,ARM,1993,0,0
Armenia,AM,ARM,1994,0,0.009117014
Armenia,AM,ARM,1995,0,0.052743123
Armenia,AM,ARM,1996,0.009093946,0.094572902
Armenia,AM,ARM,1997,0.152838922,0.111650935
Armenia,AM,ARM,1998,0.241656509,0.128659478
Armenia,AM,ARM,1999,0.25455157899999997,0.970737757
Armenia,AM,ARM,2000,0.551865964,1.300470022
Armenia,AM,ARM,2001,0.814009232,1.631094667
Armenia,AM,ARM,2002,2.297846274,1.960405046
Armenia,AM,ARM,2003,3.708664629,4.575217225
Armenia,AM,ARM,2004,6.631634399,4.899008571
Armenia,AM,ARM,2005,10.43709632,5.252983352
Armenia,AM,ARM,2006,41.62457715,5.631787777
Armenia,AM,ARM,2007,62.45557755,6.021253397
Armenia,AM,ARM,2008,48.33377522,6.21
Armenia,AM,ARM,2009,73.92986395,15.3
Armenia,AM,ARM,2010,131.1938086,25
Armenia,AM,ARM,2011,109.6360981,32
Armenia,AM,ARM,2012,114.013624,37.5
Armenia,AM,ARM,2013,115.3337511,41.9
Armenia,AM,ARM,2014,119.696221,54.62280586
Armenia,AM,ARM,2015,120.3535058,59.10083377
Armenia,AM,ARM,2016,119.8452458,64.34602977
Armenia,AM,ARM,2017,122.3218158,64.74488433
Armenia,AM,ARM,2018,126.1831509,68.24505226
Armenia,AM,ARM,2019,128.2969735,66.54394969
Armenia,AM,ARM,2020,124.3508359,76.50770055
Armenia,AM,ARM,2021,128.961359,NA
Aruba,AW,ABW,1960,0,NA
Aruba,AW,ABW,1961,NA,NA
Aruba,AW,ABW,1962,NA,NA
Aruba,AW,ABW,1963,NA,NA
Aruba,AW,ABW,1964,NA,NA
Aruba,AW,ABW,1965,0,NA
Aruba,AW,ABW,1966,NA,NA
Aruba,AW,ABW,1967,NA,NA
Aruba,AW,ABW,1968,NA,NA
Aruba,AW,ABW,1969,NA,NA
Aruba,AW,ABW,1970,0,NA
Aruba,AW,ABW,1971,NA,NA
Aruba,AW,ABW,1972,NA,NA
Aruba,AW,ABW,1973,NA,NA
Aruba,AW,ABW,1974,NA,NA
Aruba,AW,ABW,1975,0,NA
Aruba,AW,ABW,1976,0,NA
Aruba,AW,ABW,1977,0,NA
Aruba,AW,ABW,1978,0,NA
Aruba,AW,ABW,1979,0,NA
Aruba,AW,ABW,1980,0,NA
Aruba,AW,ABW,1981,0,NA
Aruba,AW,ABW,1982,0,NA
Aruba,AW,ABW,1983,0,NA
Aruba,AW,ABW,1984,0,NA
Aruba,AW,ABW,1985,0,NA
Aruba,AW,ABW,1986,0,NA
Aruba,AW,ABW,1987,0,NA
Aruba,AW,ABW,1988,0,NA
Aruba,AW,ABW,1989,0,NA
Aruba,AW,ABW,1990,0,0
Aruba,AW,ABW,1991,0,0
Aruba,AW,ABW,1992,0.028493276,0
Aruba,AW,ABW,1993,NA,0
Aruba,AW,ABW,1994,NA,0
Aruba,AW,ABW,1995,2.22972096,0
Aruba,AW,ABW,1996,3.777528741,2.768382663
Aruba,AW,ABW,1997,4.155977424,NA
Aruba,AW,ABW,1998,6.377808073,NA
Aruba,AW,ABW,1999,13.81422174,4.506179098
Aruba,AW,ABW,2000,16.83482789,15.44282295
Aruba,AW,ABW,2001,58.44084243,17.1
Aruba,AW,ABW,2002,67.33419771,18.8
Aruba,AW,ABW,2003,75.45981165,20.8
Aruba,AW,ABW,2004,105.1838786,23
Aruba,AW,ABW,2005,109.4556693,25.4
Aruba,AW,ABW,2006,114.0409598,28
Aruba,AW,ABW,2007,117.3566698,30.9
Aruba,AW,ABW,2008,123.2764603,52
Aruba,AW,ABW,2009,129.0166512,58
Aruba,AW,ABW,2010,131.3507803,62
Aruba,AW,ABW,2011,NA,69
Aruba,AW,ABW,2012,132.2077719,74
Aruba,AW,ABW,2013,134.9144635,78.9
Aruba,AW,ABW,2014,134.8533699,83.78
Aruba,AW,ABW,2015,135.2427175,88.66122693
Aruba,AW,ABW,2016,NA,93.54245387
Aruba,AW,ABW,2017,NA,97.17
Aruba,AW,ABW,2018,NA,NA
Aruba,AW,ABW,2019,132.4665076,NA
Aruba,AW,ABW,2020,132.2887836,NA
Aruba,AW,ABW,2021,NA,NA
Australia,AU,AUS,1960,0,NA
Australia,AU,AUS,1961,NA,NA
Australia,AU,AUS,1962,NA,NA
Australia,AU,AUS,1963,NA,NA
Australia,AU,AUS,1964,NA,NA
Australia,AU,AUS,1965,0,NA
Australia,AU,AUS,1966,NA,NA
Australia,AU,AUS,1967,NA,NA
Australia,AU,AUS,1968,NA,NA
Australia,AU,AUS,1969,NA,NA
Australia,AU,AUS,1970,0,NA
Australia,AU,AUS,1971,NA,NA
Australia,AU,AUS,1972,NA,NA
Australia,AU,AUS,1973,NA,NA
Australia,AU,AUS,1974,NA,NA
Australia,AU,AUS,1975,0,NA
Australia,AU,AUS,1976,0,NA
Australia,AU,AUS,1977,0,NA
Australia,AU,AUS,1978,0,NA
Australia,AU,AUS,1979,0,NA
Australia,AU,AUS,1980,0,NA
Australia,AU,AUS,1981,0,NA
Australia,AU,AUS,1982,0,NA
Australia,AU,AUS,1983,0,NA
Australia,AU,AUS,1984,0,NA
Australia,AU,AUS,1985,0,NA
Australia,AU,AUS,1986,0,NA
Australia,AU,AUS,1987,0.027202978,NA
Australia,AU,AUS,1988,0.191348092,NA
Australia,AU,AUS,1989,0.562786918,NA
Australia,AU,AUS,1990,1.08483674,0.585094712
Australia,AU,AUS,1991,1.687554564,1.097203891
Australia,AU,AUS,1992,2.846098131,1.768764913
Australia,AU,AUS,1993,3.913447917,1.974611016
Australia,AU,AUS,1994,6.851813911,2.232101254
Australia,AU,AUS,1995,12.45348067,2.759654513
Australia,AU,AUS,1996,21.90881813,3.27524987
Australia,AU,AUS,1997,24.86658247,16.36935838
Australia,AU,AUS,1998,26.4384907,30.81323944
Australia,AU,AUS,1999,33.58883185,40.7837839
Australia,AU,AUS,2000,45.02059448,46.75611561
Australia,AU,AUS,2001,57.83415055,52.689266430000004
Australia,AU,AUS,2002,65.05494704,NA
Australia,AU,AUS,2003,72.83111188,NA
Australia,AU,AUS,2004,82.70993065,NA
Australia,AU,AUS,2005,91.31591136,63
Australia,AU,AUS,2006,96.54551735,66
Australia,AU,AUS,2007,102.0602734,69.45
Australia,AU,AUS,2008,104.1045379,71.67
Australia,AU,AUS,2009,102.4888541,74.25
Australia,AU,AUS,2010,102.1836974,76
Australia,AU,AUS,2011,106.4049909,79.48769771
Australia,AU,AUS,2012,107.0777947,79
Australia,AU,AUS,2013,107.910329,83.45349717
Australia,AU,AUS,2014,106.7765212,84
Australia,AU,AUS,2015,108.1853261,84.56051491
Australia,AU,AUS,2016,109.7343698,86.54
Australia,AU,AUS,2017,108.4165835,86.54504885
Australia,AU,AUS,2018,110.6519296,87.6
Australia,AU,AUS,2019,108.5886162,88.6
Australia,AU,AUS,2020,106.9417431,89.6
Australia,AU,AUS,2021,104.509498,NA
Austria,AT,AUT,1960,0,NA
Austria,AT,AUT,1961,NA,NA
Austria,AT,AUT,1962,NA,NA
Austria,AT,AUT,1963,NA,NA
Austria,AT,AUT,1964,NA,NA
Austria,AT,AUT,1965,0,NA
Austria,AT,AUT,1966,NA,NA
Austria,AT,AUT,1967,NA,NA
Austria,AT,AUT,1968,NA,NA
Austria,AT,AUT,1969,NA,NA
Austria,AT,AUT,1970,0,NA
Austria,AT,AUT,1971,NA,NA
Austria,AT,AUT,1972,NA,NA
Austria,AT,AUT,1973,NA,NA
Austria,AT,AUT,1974,NA,NA
Austria,AT,AUT,1975,0,NA
Austria,AT,AUT,1976,0,NA
Austria,AT,AUT,1977,0,NA
Austria,AT,AUT,1978,0,NA
Austria,AT,AUT,1979,0,NA
Austria,AT,AUT,1980,0,NA
Austria,AT,AUT,1981,0,NA
Austria,AT,AUT,1982,0,NA
Austria,AT,AUT,1983,0,NA
Austria,AT,AUT,1984,0,NA
Austria,AT,AUT,1985,0.129090886,NA
Austria,AT,AUT,1986,0.252456375,NA
Austria,AT,AUT,1987,0.346297993,NA
Austria,AT,AUT,1988,0.486618775,NA
Austria,AT,AUT,1989,0.665683123,NA
Austria,AT,AUT,1990,0.959768212,0.130369377
Austria,AT,AUT,1991,1.487975586,0.259081553
Austria,AT,AUT,1992,2.199426692,0.642817619
Austria,AT,AUT,1993,2.793816992,0.76534273
Austria,AT,AUT,1994,3.505812272,1.393422968
Austria,AT,AUT,1995,4.825981063,1.890210524
Austria,AT,AUT,1996,7.523308814,6.909162353
Austria,AT,AUT,1997,14.5561248,9.533974317
Austria,AT,AUT,1998,28.74798987,15.42121932
Austria,AT,AUT,1999,53.18724835,23.0443171
Austria,AT,AUT,2000,76.36296088,33.73013295
Austria,AT,AUT,2001,81.35950603,39.18545018
Austria,AT,AUT,2002,83.37673809,36.56
Austria,AT,AUT,2003,89.58013346,42.7
Austria,AT,AUT,2004,97.80672818,54.28
Austria,AT,AUT,2005,105.3234981,58
Austria,AT,AUT,2006,112.2552739,63.6
Austria,AT,AUT,2007,119.4976758,69.37
Austria,AT,AUT,2008,129.9823149,72.87
Austria,AT,AUT,2009,137.0500745,73.45
Austria,AT,AUT,2010,146.3739125,75.17
Austria,AT,AUT,2011,155.1932739,78.7399931
Austria,AT,AUT,2012,161.1931998,80.02999392
Austria,AT,AUT,2013,156.5179428,80.6188
Austria,AT,AUT,2014,151.5621925,80.99582496
Austria,AT,AUT,2015,155.8663134,83.94014193
Austria,AT,AUT,2016,126.8182509,84.32374257
Austria,AT,AUT,2017,123.4328495,87.93558659
Austria,AT,AUT,2018,124.2461975,87.47913723
Austria,AT,AUT,2019,120.7891044,87.75220479
Austria,AT,AUT,2020,120.3155961,87.52942813
Austria,AT,AUT,2021,121.9694798,92.52915104
Azerbaijan,AZ,AZE,1960,0,NA
Azerbaijan,AZ,AZE,1961,NA,NA
Azerbaijan,AZ,AZE,1962,NA,NA
Azerbaijan,AZ,AZE,1963,NA,NA
Azerbaijan,AZ,AZE,1964,NA,NA
Azerbaijan,AZ,AZE,1965,0,NA
Azerbaijan,AZ,AZE,1966,NA,NA
Azerbaijan,AZ,AZE,1967,NA,NA
Azerbaijan,AZ,AZE,1968,NA,NA
Azerbaijan,AZ,AZE,1969,NA,NA
Azerbaijan,AZ,AZE,1970,0,NA
Azerbaijan,AZ,AZE,1971,NA,NA
Azerbaijan,AZ,AZE,1972,NA,NA
Azerbaijan,AZ,AZE,1973,NA,NA
Azerbaijan,AZ,AZE,1974,NA,NA
Azerbaijan,AZ,AZE,1975,0,NA
Azerbaijan,AZ,AZE,1976,0,NA
Azerbaijan,AZ,AZE,1977,0,NA
Azerbaijan,AZ,AZE,1978,0,NA
Azerbaijan,AZ,AZE,1979,0,NA
Azerbaijan,AZ,AZE,1980,0,NA
Azerbaijan,AZ,AZE,1981,0,NA
Azerbaijan,AZ,AZE,1982,0,NA
Azerbaijan,AZ,AZE,1983,0,NA
Azerbaijan,AZ,AZE,1984,0,NA
Azerbaijan,AZ,AZE,1985,0,NA
Azerbaijan,AZ,AZE,1986,0,NA
Azerbaijan,AZ,AZE,1987,0,NA
Azerbaijan,AZ,AZE,1988,0,NA
Azerbaijan,AZ,AZE,1989,0,NA
Azerbaijan,AZ,AZE,1990,0,0
Azerbaijan,AZ,AZE,1991,0,0
Azerbaijan,AZ,AZE,1992,0,0
Azerbaijan,AZ,AZE,1993,0,0
Azerbaijan,AZ,AZE,1994,0.006392325,0.001431415
Azerbaijan,AZ,AZE,1995,0.076052086,0.002055556
Azerbaijan,AZ,AZE,1996,0.213860635,0.006354585
Azerbaijan,AZ,AZE,1997,0.499996125,0.025187933
Azerbaijan,AZ,AZE,1998,0.808347519,0.037485109
Azerbaijan,AZ,AZE,1999,4.56708367,0.099228942
Azerbaijan,AZ,AZE,2000,5.132877927,0.147757576
Azerbaijan,AZ,AZE,2001,8.814271586,0.305564638
Azerbaijan,AZ,AZE,2002,9.486239279,4.999713678
Azerbaijan,AZ,AZE,2003,12.49184326,NA
Azerbaijan,AZ,AZE,2004,17.02308418,NA
Azerbaijan,AZ,AZE,2005,25.90039991,8.030375356
Azerbaijan,AZ,AZE,2006,37.92497713,11.99217733
Azerbaijan,AZ,AZE,2007,50.89874753,14.54
Azerbaijan,AZ,AZE,2008,72.75801316,17.08
Azerbaijan,AZ,AZE,2009,85.05960989,27.4
Azerbaijan,AZ,AZE,2010,98.51590341,46
Azerbaijan,AZ,AZE,2011,108.1321708,50
Azerbaijan,AZ,AZE,2012,106.7431224,54.2
Azerbaijan,AZ,AZE,2013,105.3629953,73.00000137
Azerbaijan,AZ,AZE,2014,108.3211865,75.00001564
Azerbaijan,AZ,AZE,2015,108.4519054,77
Azerbaijan,AZ,AZE,2016,102.1325853,78.2
Azerbaijan,AZ,AZE,2017,100.550391,79
Azerbaijan,AZ,AZE,2018,101.8436601,79.79999549
Azerbaijan,AZ,AZE,2019,105.0577494,81.09999907
Azerbaijan,AZ,AZE,2020,100.577047,84.59999573
Azerbaijan,AZ,AZE,2021,104.8878056,NA
"Bahamas, The",BS,BHS,1960,0,NA
"Bahamas, The",BS,BHS,1961,NA,NA
"Bahamas, The",BS,BHS,1962,NA,NA
"Bahamas, The",BS,BHS,1963,NA,NA
"Bahamas, The",BS,BHS,1964,NA,NA
"Bahamas, The",BS,BHS,1965,0,NA
"Bahamas, The",BS,BHS,1966,NA,NA
"Bahamas, The",BS,BHS,1967,NA,NA
"Bahamas, The",BS,BHS,1968,NA,NA
"Bahamas, The",BS,BHS,1969,NA,NA
"Bahamas, The",BS,BHS,1970,0,NA
"Bahamas, The",BS,BHS,1971,NA,NA
"Bahamas, The",BS,BHS,1972,NA,NA
"Bahamas, The",BS,BHS,1973,NA,NA
"Bahamas, The",BS,BHS,1974,NA,NA
"Bahamas, The",BS,BHS,1975,0,NA
"Bahamas, The",BS,BHS,1976,0,NA
"Bahamas, The",BS,BHS,1977,0,NA
"Bahamas, The",BS,BHS,1978,0,NA
"Bahamas, The",BS,BHS,1979,0,NA
"Bahamas, The",BS,BHS,1980,0,NA
"Bahamas, The",BS,BHS,1981,0,NA
"Bahamas, The",BS,BHS,1982,0,NA
"Bahamas, The",BS,BHS,1983,0,NA
"Bahamas, The",BS,BHS,1984,0,NA
"Bahamas, The",BS,BHS,1985,0,NA
"Bahamas, The",BS,BHS,1986,0,NA
"Bahamas, The",BS,BHS,1987,0,NA
"Bahamas, The",BS,BHS,1988,0,NA
"Bahamas, The",BS,BHS,1989,0,NA
"Bahamas, The",BS,BHS,1990,0.710066167,0
"Bahamas, The",BS,BHS,1991,0.731730289,0
"Bahamas, The",BS,BHS,1992,0.922074099,0
"Bahamas, The",BS,BHS,1993,0.833206091,0
"Bahamas, The",BS,BHS,1994,NA,0
"Bahamas, The",BS,BHS,1995,1.36870147,0.960030721
"Bahamas, The",BS,BHS,1996,1.622656855,1.746950698
"Bahamas, The",BS,BHS,1997,1.998903827,1.362953903
"Bahamas, The",BS,BHS,1998,2.55930602,2.33559071
"Bahamas, The",BS,BHS,1999,4.96796473,3.764557822
"Bahamas, The",BS,BHS,2000,9.699274493,8
"Bahamas, The",BS,BHS,2001,18.37082026,11.8
"Bahamas, The",BS,BHS,2002,36.45457213,18
"Bahamas, The",BS,BHS,2003,36.10978168,20
"Bahamas, The",BS,BHS,2004,54.2152205,22
"Bahamas, The",BS,BHS,2005,65.48832101,25
"Bahamas, The",BS,BHS,2006,71.73598666,26
"Bahamas, The",BS,BHS,2007,104.5665509,27
"Bahamas, The",BS,BHS,2008,98.69209884,31.54
"Bahamas, The",BS,BHS,2009,97.4881608,33.88
"Bahamas, The",BS,BHS,2010,114.7626932,43
"Bahamas, The",BS,BHS,2011,79.05543061,65
"Bahamas, The",BS,BHS,2012,78.52149264,71.74820281
"Bahamas, The",BS,BHS,2013,74.41981071,72
"Bahamas, The",BS,BHS,2014,80.9089998,76.92
"Bahamas, The",BS,BHS,2015,79.24028134,78
"Bahamas, The",BS,BHS,2016,90.965109,80
"Bahamas, The",BS,BHS,2017,88.60207508,80.6
"Bahamas, The",BS,BHS,2018,96.71589874,83
"Bahamas, The",BS,BHS,2019,105.1785039,85
"Bahamas, The",BS,BHS,2020,114.6450432,87
"Bahamas, The",BS,BHS,2021,NA,NA
Bahrain,BH,BHR,1960,0,NA
Bahrain,BH,BHR,1961,NA,NA
Bahrain,BH,BHR,1962,NA,NA
Bahrain,BH,BHR,1963,NA,NA
Bahrain,BH,BHR,1964,NA,NA
Bahrain,BH,BHR,1965,0,NA
Bahrain,BH,BHR,1966,NA,NA
Bahrain,BH,BHR,1967,NA,NA
Bahrain,BH,BHR,1968,NA,NA
Bahrain,BH,BHR,1969,NA,NA
Bahrain,BH,BHR,1970,0,NA
Bahrain,BH,BHR,1971,NA,NA
Bahrain,BH,BHR,1972,NA,NA
Bahrain,BH,BHR,1973,NA,NA
Bahrain,BH,BHR,1974,NA,NA
Bahrain,BH,BHR,1975,0,NA
Bahrain,BH,BHR,1976,0,NA
Bahrain,BH,BHR,1977,0,NA
Bahrain,BH,BHR,1978,0,NA
Bahrain,BH,BHR,1979,0,NA
Bahrain,BH,BHR,1980,0,NA
Bahrain,BH,BHR,1981,0,NA
Bahrain,BH,BHR,1982,0,NA
Bahrain,BH,BHR,1983,0,NA
Bahrain,BH,BHR,1984,0,NA
Bahrain,BH,BHR,1985,0,NA
Bahrain,BH,BHR,1986,0.137273543,NA
Bahrain,BH,BHR,1987,0.366937869,NA
Bahrain,BH,BHR,1988,0.597100154,NA
Bahrain,BH,BHR,1989,0.849606974,NA
Bahrain,BH,BHR,1990,0.994746994,0
Bahrain,BH,BHR,1991,1.373514003,0
Bahrain,BH,BHR,1992,1.746352373,0
Bahrain,BH,BHR,1993,1.979935722,0
Bahrain,BH,BHR,1994,2.969385794,0
Bahrain,BH,BHR,1995,4.5029318,0.346205844
Bahrain,BH,BHR,1996,6.334195172,0.843254219
Bahrain,BH,BHR,1997,8.970155154,1.646299202
Bahrain,BH,BHR,1998,13.68999114,3.218202151
Bahrain,BH,BHR,1999,19.283577,4.720358118
Bahrain,BH,BHR,2000,28.91690398,6.153732546
Bahrain,BH,BHR,2001,41.02487207,15.03863425
Bahrain,BH,BHR,2002,51.98149465,18.05072089
Bahrain,BH,BHR,2003,56.93614954,21.55494499
Bahrain,BH,BHR,2004,77.96067195,21.45868051
Bahrain,BH,BHR,2005,85.05212763,21.30373351
Bahrain,BH,BHR,2006,93.45537498,28.24395243
Bahrain,BH,BHR,2007,107.2508102,32.91
Bahrain,BH,BHR,2008,129.7600831,51.95
Bahrain,BH,BHR,2009,118.8664576,53
Bahrain,BH,BHR,2010,129.1151861,55
Bahrain,BH,BHR,2011,139.7312217,76.9999665
Bahrain,BH,BHR,2012,173.3884708,88
Bahrain,BH,BHR,2013,175.1793056,90.0000397
Bahrain,BH,BHR,2014,177.6320346,90.50313348
Bahrain,BH,BHR,2015,184.9333623,93.4783008
Bahrain,BH,BHR,2016,212.4528521,97.9999807
Bahrain,BH,BHR,2017,162.3024312,95.87813575
Bahrain,BH,BHR,2018,140.7017898,98.64467258
Bahrain,BH,BHR,2019,128.4065325,99.70149256
Bahrain,BH,BHR,2020,119.86485,99.67105263
Bahrain,BH,BHR,2021,131.4487123,100
Bangladesh,BD,BGD,1960,0,NA
Bangladesh,BD,BGD,1961,NA,NA
Bangladesh,BD,BGD,1962,NA,NA
Bangladesh,BD,BGD,1963,NA,NA
Bangladesh,BD,BGD,1964,NA,NA
Bangladesh,BD,BGD,1965,0,NA
Bangladesh,BD,BGD,1966,NA,NA
Bangladesh,BD,BGD,1967,NA,NA
Bangladesh,BD,BGD,1968,NA,NA
Bangladesh,BD,BGD,1969,NA,NA
Bangladesh,BD,BGD,1970,0,NA
Bangladesh,BD,BGD,1971,NA,NA
Bangladesh,BD,BGD,1972,NA,NA
Bangladesh,BD,BGD,1973,NA,NA
Bangladesh,BD,BGD,1974,NA,NA
Bangladesh,BD,BGD,1975,0,NA
Bangladesh,BD,BGD,1976,0,NA
Bangladesh,BD,BGD,1977,0,NA
Bangladesh,BD,BGD,1978,0,NA
Bangladesh,BD,BGD,1979,0,NA
Bangladesh,BD,BGD,1980,0,NA
Bangladesh,BD,BGD,1981,0,NA
Bangladesh,BD,BGD,1982,0,NA
Bangladesh,BD,BGD,1983,0,NA
Bangladesh,BD,BGD,1984,0,NA
Bangladesh,BD,BGD,1985,0,NA
Bangladesh,BD,BGD,1986,0,NA
Bangladesh,BD,BGD,1987,0,NA
Bangladesh,BD,BGD,1988,0,NA
Bangladesh,BD,BGD,1989,0,NA
Bangladesh,BD,BGD,1990,0,0
Bangladesh,BD,BGD,1991,0,0
Bangladesh,BD,BGD,1992,2.24674e-4,0
Bangladesh,BD,BGD,1993,4.40844e-4,0
Bangladesh,BD,BGD,1994,9.54894e-4,0
Bangladesh,BD,BGD,1995,0.002122361,0
Bangladesh,BD,BGD,1996,0.003336757,NA
Bangladesh,BD,BGD,1997,0.021304625,7.51046e-4
Bangladesh,BD,BGD,1998,0.060313402,0.003684813
Bangladesh,BD,BGD,1999,0.117549767,0.036170407
Bangladesh,BD,BGD,2000,0.215955426,0.071039423
Bangladesh,BD,BGD,2001,0.394925259,0.129807974
Bangladesh,BD,BGD,2002,0.80140256,0.139920289
Bangladesh,BD,BGD,2003,0.999976513,0.163877665
Bangladesh,BD,BGD,2004,2.004154126,0.199036334
Bangladesh,BD,BGD,2005,6.386938172,0.241637326
Bangladesh,BD,BGD,2006,13.41312473,1
Bangladesh,BD,BGD,2007,23.84554569,1.8
Bangladesh,BD,BGD,2008,30.69701239,2.5
Bangladesh,BD,BGD,2009,35.00813289,3.1
Bangladesh,BD,BGD,2010,45.77354649,3.7
Bangladesh,BD,BGD,2011,56.1667898,4.5
Bangladesh,BD,BGD,2012,63.89610407,5
Bangladesh,BD,BGD,2013,75.66900657,6.63
Bangladesh,BD,BGD,2014,81.34459807,11.9
Bangladesh,BD,BGD,2015,83.23875309,12.9
Bangladesh,BD,BGD,2016,85.10324101,18.1
Bangladesh,BD,BGD,2017,93.29458051,19.8
Bangladesh,BD,BGD,2018,98.83168698,21.8
Bangladesh,BD,BGD,2019,100.0336994,23.8
Bangladesh,BD,BGD,2020,105.2911628,24.8
Bangladesh,BD,BGD,2021,106.8878332,NA
Barbados,BB,BRB,1960,0,NA
Barbados,BB,BRB,1961,NA,NA
Barbados,BB,BRB,1962,NA,NA
Barbados,BB,BRB,1963,NA,NA
Barbados,BB,BRB,1964,NA,NA
Barbados,BB,BRB,1965,0,NA
Barbados,BB,BRB,1966,NA,NA
Barbados,BB,BRB,1967,NA,NA
Barbados,BB,BRB,1968,NA,NA
Barbados,BB,BRB,1969,NA,NA
Barbados,BB,BRB,1970,0,NA
Barbados,BB,BRB,1971,NA,NA
Barbados,BB,BRB,1972,NA,NA
Barbados,BB,BRB,1973,NA,NA
Barbados,BB,BRB,1974,NA,NA
Barbados,BB,BRB,1975,0,NA
Barbados,BB,BRB,1976,0,NA
Barbados,BB,BRB,1977,0,NA
Barbados,BB,BRB,1978,0,NA
Barbados,BB,BRB,1979,0,NA
Barbados,BB,BRB,1980,0,NA
Barbados,BB,BRB,1981,0,NA
Barbados,BB,BRB,1982,0,NA
Barbados,BB,BRB,1983,0,NA
Barbados,BB,BRB,1984,0,NA
Barbados,BB,BRB,1985,0,NA
Barbados,BB,BRB,1986,0,NA
Barbados,BB,BRB,1987,0,NA
Barbados,BB,BRB,1988,0,NA
Barbados,BB,BRB,1989,0,NA
Barbados,BB,BRB,1990,0,0
Barbados,BB,BRB,1991,0.187353991,0
Barbados,BB,BRB,1992,0.305904416,0
Barbados,BB,BRB,1993,0.59771031,0
Barbados,BB,BRB,1994,1.133688941,0
Barbados,BB,BRB,1995,1.759027693,0.007752238
Barbados,BB,BRB,1996,2.390846062,0.389464214
Barbados,BB,BRB,1997,3.044175303,0.783428912
Barbados,BB,BRB,1998,4.551626827,1.970249237
Barbados,BB,BRB,1999,7.687852519,2.376247035
Barbados,BB,BRB,2000,10.75618631,3.973678355
Barbados,BB,BRB,2001,20.01341488,11.93645034
Barbados,BB,BRB,2002,36.47632809,27.83632242
Barbados,BB,BRB,2003,52.33664425,39.68962712
Barbados,BB,BRB,2004,74.53790432,49.8
Barbados,BB,BRB,2005,76.51487882,52.5
Barbados,BB,BRB,2006,87.68350676,55.3
Barbados,BB,BRB,2007,94.89839525,58.2
Barbados,BB,BRB,2008,105.8785556,61.4
Barbados,BB,BRB,2009,123.1084181,64.7
Barbados,BB,BRB,2010,127.4288252,65.1
Barbados,BB,BRB,2011,126.2920802,66.5
Barbados,BB,BRB,2012,126.4657963,71.2
Barbados,BB,BRB,2013,111.1400863,71.8
Barbados,BB,BRB,2014,110.077011,75.16
Barbados,BB,BRB,2015,120.3928324,76.11
Barbados,BB,BRB,2016,119.2209554,79.54939789
Barbados,BB,BRB,2017,118.0445365,81.76077839
Barbados,BB,BRB,2018,117.7476331,NA
Barbados,BB,BRB,2019,117.5408666,NA
Barbados,BB,BRB,2020,105.0970277,NA
Barbados,BB,BRB,2021,112.6006401,NA
Belarus,BY,BLR,1960,0,NA
Belarus,BY,BLR,1961,NA,NA
Belarus,BY,BLR,1962,NA,NA
Belarus,BY,BLR,1963,NA,NA
Belarus,BY,BLR,1964,NA,NA
Belarus,BY,BLR,1965,0,NA
Belarus,BY,BLR,1966,NA,NA
Belarus,BY,BLR,1967,NA,NA
Belarus,BY,BLR,1968,NA,NA
Belarus,BY,BLR,1969,NA,NA
Belarus,BY,BLR,1970,0,NA
Belarus,BY,BLR,1971,NA,NA
Belarus,BY,BLR,1972,NA,NA
Belarus,BY,BLR,1973,NA,NA
Belarus,BY,BLR,1974,NA,NA
Belarus,BY,BLR,1975,0,NA
Belarus,BY,BLR,1976,0,NA
Belarus,BY,BLR,1977,0,NA
Belarus,BY,BLR,1978,0,NA
Belarus,BY,BLR,1979,0,NA
Belarus,BY,BLR,1980,0,NA
Belarus,BY,BLR,1981,0,NA
Belarus,BY,BLR,1982,0,NA
Belarus,BY,BLR,1983,0,NA
Belarus,BY,BLR,1984,0,NA
Belarus,BY,BLR,1985,0,NA
Belarus,BY,BLR,1986,0,NA
Belarus,BY,BLR,1987,0,NA
Belarus,BY,BLR,1988,0,NA
Belarus,BY,BLR,1989,0,NA
Belarus,BY,BLR,1990,0,0
Belarus,BY,BLR,1991,0,0
Belarus,BY,BLR,1992,0,0
Belarus,BY,BLR,1993,0.00309146,0
Belarus,BY,BLR,1994,0.016457615,4.85951e-4
Belarus,BY,BLR,1995,0.056367534,0.002921254
Belarus,BY,BLR,1996,0.062741587,0.029298294
Belarus,BY,BLR,1997,0.07852187,0.049020891
Belarus,BY,BLR,1998,0.117354959,0.073868897
Belarus,BY,BLR,1999,0.22755487,0.494881245
Belarus,BY,BLR,2000,0.481188384,1.860398126
Belarus,BY,BLR,2001,1.356006073,4.300616022
Belarus,BY,BLR,2002,4.564502119,8.950971315
Belarus,BY,BLR,2003,11.10683042,NA
Belarus,BY,BLR,2004,22.39351493,NA
Belarus,BY,BLR,2005,41.26253389,NA
Belarus,BY,BLR,2006,60.35626399,16.2
Belarus,BY,BLR,2007,70.83258616,19.7
Belarus,BY,BLR,2008,83.04193393,23
Belarus,BY,BLR,2009,99.26716397,27.43
Belarus,BY,BLR,2010,106.1807277,31.8
Belarus,BY,BLR,2011,110.177396,39.64889566
Belarus,BY,BLR,2012,110.1376877,46.91
Belarus,BY,BLR,2013,114.686658,54.17
Belarus,BY,BLR,2014,117.6215475,59.02
Belarus,BY,BLR,2015,118.016106,62.23036091
Belarus,BY,BLR,2016,117.8382404,71.11304576
Belarus,BY,BLR,2017,117.5863907,74.43644541
Belarus,BY,BLR,2018,119.8449004,79.12988669
Belarus,BY,BLR,2019,120.1910673,82.78915209
Belarus,BY,BLR,2020,121.490553,85.08791245
Belarus,BY,BLR,2021,122.7801287,86.88841196
Belgium,BE,BEL,1960,0,NA
Belgium,BE,BEL,1961,NA,NA
Belgium,BE,BEL,1962,NA,NA
Belgium,BE,BEL,1963,NA,NA
Belgium,BE,BEL,1964,NA,NA
Belgium,BE,BEL,1965,0,NA
Belgium,BE,BEL,1966,NA,NA
Belgium,BE,BEL,1967,NA,NA
Belgium,BE,BEL,1968,NA,NA
Belgium,BE,BEL,1969,NA,NA
Belgium,BE,BEL,1970,0,NA
Belgium,BE,BEL,1971,NA,NA
Belgium,BE,BEL,1972,NA,NA
Belgium,BE,BEL,1973,NA,NA
Belgium,BE,BEL,1974,NA,NA
Belgium,BE,BEL,1975,0,NA
Belgium,BE,BEL,1976,0,NA
Belgium,BE,BEL,1977,0,NA
Belgium,BE,BEL,1978,0,NA
Belgium,BE,BEL,1979,0,NA
Belgium,BE,BEL,1980,0,NA
Belgium,BE,BEL,1981,0,NA
Belgium,BE,BEL,1982,0,NA
Belgium,BE,BEL,1983,0,NA
Belgium,BE,BEL,1984,0,NA
Belgium,BE,BEL,1985,0,NA
Belgium,BE,BEL,1986,0.038410913,NA
Belgium,BE,BEL,1987,0.07295796,NA
Belgium,BE,BEL,1988,0.193123711,NA
Belgium,BE,BEL,1989,0.30985683,NA
Belgium,BE,BEL,1990,0.430541108,0.00100674
Belgium,BE,BEL,1991,0.514865721,0.020072645
Belgium,BE,BEL,1992,0.613590337,0.100041027
Belgium,BE,BEL,1993,0.67475874,0.199446059
Belgium,BE,BEL,1994,1.271910668,0.69599469
Belgium,BE,BEL,1995,2.330395105,0.99166299
Belgium,BE,BEL,1996,4.72351216,2.968411647
Belgium,BE,BEL,1997,9.596319875,4.93808091
Belgium,BE,BEL,1998,17.23787063,7.886622701
Belgium,BE,BEL,1999,31.16718928,13.77221446
Belgium,BE,BEL,2000,54.8403395,29.43169169
Belgium,BE,BEL,2001,74.66106187,31.28839551
Belgium,BE,BEL,2002,78.23594997,46.33
Belgium,BE,BEL,2003,82.72811955,49.97
Belgium,BE,BEL,2004,87.33323948,53.86
Belgium,BE,BEL,2005,91.32561654,55.82
Belgium,BE,BEL,2006,93.04921348,59.72
Belgium,BE,BEL,2007,100.792448,64.44
Belgium,BE,BEL,2008,105.7332365,66
Belgium,BE,BEL,2009,109.0163124,70
Belgium,BE,BEL,2010,111.731029,75
Belgium,BE,BEL,2011,114.0583084,81.609996
Belgium,BE,BEL,2012,111.623776,80.71999055
Belgium,BE,BEL,2013,110.9153557,82.1702
Belgium,BE,BEL,2014,113.9396941,85
Belgium,BE,BEL,2015,113.5645872,85.05294175
Belgium,BE,BEL,2016,110.9039753,86.51647666
Belgium,BE,BEL,2017,99.76104331,87.67968082
Belgium,BE,BEL,2018,99.9891253,88.647343
Belgium,BE,BEL,2019,99.99135577,90.27542981
Belgium,BE,BEL,2020,99.72332827,91.52641629
Belgium,BE,BEL,2021,101.1083743,92.78867618
Belize,BZ,BLZ,1960,0,NA
Belize,BZ,BLZ,1961,NA,NA
Belize,BZ,BLZ,1962,NA,NA
Belize,BZ,BLZ,1963,NA,NA
Belize,BZ,BLZ,1964,NA,NA
Belize,BZ,BLZ,1965,0,NA
Belize,BZ,BLZ,1966,NA,NA
Belize,BZ,BLZ,1967,NA,NA
Belize,BZ,BLZ,1968,NA,NA
Belize,BZ,BLZ,1969,NA,NA
Belize,BZ,BLZ,1970,0,NA
Belize,BZ,BLZ,1971,NA,NA
Belize,BZ,BLZ,1972,NA,NA
Belize,BZ,BLZ,1973,NA,NA
Belize,BZ,BLZ,1974,NA,NA
Belize,BZ,BLZ,1975,0,NA
Belize,BZ,BLZ,1976,0,NA
Belize,BZ,BLZ,1977,0,NA
Belize,BZ,BLZ,1978,0,NA
Belize,BZ,BLZ,1979,0,NA
Belize,BZ,BLZ,1980,0,NA
Belize,BZ,BLZ,1981,0,NA
Belize,BZ,BLZ,1982,0,NA
Belize,BZ,BLZ,1983,0,NA
Belize,BZ,BLZ,1984,0,NA
Belize,BZ,BLZ,1985,0,NA
Belize,BZ,BLZ,1986,0,NA
Belize,BZ,BLZ,1987,0,NA
Belize,BZ,BLZ,1988,0,NA
Belize,BZ,BLZ,1989,0,NA
Belize,BZ,BLZ,1990,0,0
Belize,BZ,BLZ,1991,0,0
Belize,BZ,BLZ,1992,0,0
Belize,BZ,BLZ,1993,0.205997621,0
Belize,BZ,BLZ,1994,0.419321022,0
Belize,BZ,BLZ,1995,0.759987424,0.04539718
Belize,BZ,BLZ,1996,1.040792985,0.882807327
Belize,BZ,BLZ,1997,1.171718474,1.288582302
Belize,BZ,BLZ,1998,1.571760772,2.091516391
Belize,BZ,BLZ,1999,2.832000619,4.076740564
Belize,BZ,BLZ,2000,6.993169888,5.963835303
Belize,BZ,BLZ,2001,15.78194277,NA
Belize,BZ,BLZ,2002,20.2076668,5.684251214
Belize,BZ,BLZ,2003,22.88009758,NA
Belize,BZ,BLZ,2004,27.56055974,9.8
Belize,BZ,BLZ,2005,34.23985733,17
Belize,BZ,BLZ,2006,40.86877314,24
Belize,BZ,BLZ,2007,39.813038830000004,24.6
Belize,BZ,BLZ,2008,52.35432867,26.3
Belize,BZ,BLZ,2009,51.49536875,27.2
Belize,BZ,BLZ,2010,60.29102221,28.2
Belize,BZ,BLZ,2011,67.49054737,30.7
Belize,BZ,BLZ,2012,51.15513901,31
Belize,BZ,BLZ,2013,50.65885671,33.6
Belize,BZ,BLZ,2014,48.90232307,38.7
Belize,BZ,BLZ,2015,58.89499293,41.59
Belize,BZ,BLZ,2016,60.69172801,44.57574032
Belize,BZ,BLZ,2017,63.90324879,47.0826258
Belize,BZ,BLZ,2018,64.46818089,49.8
Belize,BZ,BLZ,2019,65.51587659,50.8
Belize,BZ,BLZ,2020,66.84898207,NA
Belize,BZ,BLZ,2021,NA,NA
Benin,BJ,BEN,1960,0,NA
Benin,BJ,BEN,1961,NA,NA
Benin,BJ,BEN,1962,NA,NA
Benin,BJ,BEN,1963,NA,NA
Benin,BJ,BEN,1964,NA,NA
Benin,BJ,BEN,1965,0,NA
Benin,BJ,BEN,1966,NA,NA
Benin,BJ,BEN,1967,NA,NA
Benin,BJ,BEN,1968,NA,NA
Benin,BJ,BEN,1969,NA,NA
Benin,BJ,BEN,1970,0,NA
Benin,BJ,BEN,1971,NA,NA
Benin,BJ,BEN,1972,NA,NA
Benin,BJ,BEN,1973,NA,NA
Benin,BJ,BEN,1974,NA,NA
Benin,BJ,BEN,1975,0,NA
Benin,BJ,BEN,1976,0,NA
Benin,BJ,BEN,1977,0,NA
Benin,BJ,BEN,1978,0,NA
Benin,BJ,BEN,1979,0,NA
Benin,BJ,BEN,1980,0,NA
Benin,BJ,BEN,1981,0,NA
Benin,BJ,BEN,1982,0,NA
Benin,BJ,BEN,1983,0,NA
Benin,BJ,BEN,1984,0,NA
Benin,BJ,BEN,1985,0,NA
Benin,BJ,BEN,1986,0,NA
Benin,BJ,BEN,1987,0,NA
Benin,BJ,BEN,1988,0,NA
Benin,BJ,BEN,1989,0,NA
Benin,BJ,BEN,1990,0,0
Benin,BJ,BEN,1991,0,0
Benin,BJ,BEN,1992,0,0
Benin,BJ,BEN,1993,0,0
Benin,BJ,BEN,1994,0,0
Benin,BJ,BEN,1995,0.017365389,0
Benin,BJ,BEN,1996,0.043634125,0.0016931
Benin,BJ,BEN,1997,0.067245695,0.024648796
Benin,BJ,BEN,1998,0.095471222,0.047877304
Benin,BJ,BEN,1999,0.107076743,0.154906741
Benin,BJ,BEN,2000,0.792738178,0.225247851
Benin,BJ,BEN,2001,1.733212794,0.36341789
Benin,BJ,BEN,2002,2.943708125,0.702945595
Benin,BJ,BEN,2003,3.083543364,0.951327115
Benin,BJ,BEN,2004,5.818213416,1.182540965
Benin,BJ,BEN,2005,7.316681103,1.271031439
Benin,BJ,BEN,2006,12.56424327,1.537854346
Benin,BJ,BEN,2007,23.72609786,1.79
Benin,BJ,BEN,2008,40.70486295,1.85
Benin,BJ,BEN,2009,54.87425803,2.24
Benin,BJ,BEN,2010,74.90081741,3.13
Benin,BJ,BEN,2011,79.83654762,4.148323066
Benin,BJ,BEN,2012,83.96026074,4.5
Benin,BJ,BEN,2013,93.39120338,4.9
Benin,BJ,BEN,2014,81.58793478,6
Benin,BJ,BEN,2015,85.22948043,11.25498791
Benin,BJ,BEN,2016,78.97356015,14.5
Benin,BJ,BEN,2017,75.65070229,18.7
Benin,BJ,BEN,2018,79.24062635,19
Benin,BJ,BEN,2019,84.21052161,22.4
Benin,BJ,BEN,2020,88.11818884,25.8
Benin,BJ,BEN,2021,97.96018203,NA
Bermuda,BM,BMU,1960,0,NA
Bermuda,BM,BMU,1961,NA,NA
Bermuda,BM,BMU,1962,NA,NA
Bermuda,BM,BMU,1963,NA,NA
Bermuda,BM,BMU,1964,NA,NA
Bermuda,BM,BMU,1965,0,NA
Bermuda,BM,BMU,1966,NA,NA
Bermuda,BM,BMU,1967,NA,NA
Bermuda,BM,BMU,1968,NA,NA
Bermuda,BM,BMU,1969,NA,NA
Bermuda,BM,BMU,1970,0,NA
Bermuda,BM,BMU,1971,NA,NA
Bermuda,BM,BMU,1972,NA,NA
Bermuda,BM,BMU,1973,NA,NA
Bermuda,BM,BMU,1974,NA,NA
Bermuda,BM,BMU,1975,0,NA
Bermuda,BM,BMU,1976,0,NA
Bermuda,BM,BMU,1977,0,NA
Bermuda,BM,BMU,1978,0,NA
Bermuda,BM,BMU,1979,0,NA
Bermuda,BM,BMU,1980,0,NA
Bermuda,BM,BMU,1981,0,NA
Bermuda,BM,BMU,1982,0,NA
Bermuda,BM,BMU,1983,0,NA
Bermuda,BM,BMU,1984,0,NA
Bermuda,BM,BMU,1985,0,NA
Bermuda,BM,BMU,1986,0,NA
Bermuda,BM,BMU,1987,NA,NA
Bermuda,BM,BMU,1988,NA,NA
Bermuda,BM,BMU,1989,1.304477246,NA
Bermuda,BM,BMU,1990,1.934922568,0
Bermuda,BM,BMU,1991,2.488163942,0
Bermuda,BM,BMU,1992,3.319502075,0
Bermuda,BM,BMU,1993,5.788219271,0
Bermuda,BM,BMU,1994,8.673365814,0
Bermuda,BM,BMU,1995,10.63482721,6.838163465
Bermuda,BM,BMU,1996,13.3355615,16.20246602
Bermuda,BM,BMU,1997,17.062115,24.18925674
Bermuda,BM,BMU,1998,20.74484761,32.10375935
Bermuda,BM,BMU,1999,20.99014447,39.94758876
Bermuda,BM,BMU,2000,21.18264327,42.94986002
Bermuda,BM,BMU,2001,21.58735813,47.5096999
Bermuda,BM,BMU,2002,48.27885869,52.03159737
Bermuda,BM,BMU,2003,64.03278479,56.52201218
Bermuda,BM,BMU,2004,78.10009563,60.99086701
Bermuda,BM,BMU,2005,83.73836526,65.44706579
Bermuda,BM,BMU,2006,95.2758402,69.89965516
Bermuda,BM,BMU,2007,109.2532776,74.35059403
Bermuda,BM,BMU,2008,124.88539,82.3
Bermuda,BM,BMU,2009,134.1688634,83.25
Bermuda,BM,BMU,2010,139.0136649,84.21
Bermuda,BM,BMU,2011,NA,88.336
Bermuda,BM,BMU,2012,143.1718062,91.29930452
Bermuda,BM,BMU,2013,148.4899065,95.3
Bermuda,BM,BMU,2014,93.90103386,96.8
Bermuda,BM,BMU,2015,60.17990625,98.32360965
Bermuda,BM,BMU,2016,101.3049407,98
Bermuda,BM,BMU,2017,102.721454,98.37
Bermuda,BM,BMU,2018,NA,NA
Bermuda,BM,BMU,2019,104.9959255,NA
Bermuda,BM,BMU,2020,106.2002186,NA
Bermuda,BM,BMU,2021,NA,NA
Bhutan,BT,BTN,1960,0,NA
Bhutan,BT,BTN,1961,NA,NA
Bhutan,BT,BTN,1962,NA,NA
Bhutan,BT,BTN,1963,NA,NA
Bhutan,BT,BTN,1964,NA,NA
Bhutan,BT,BTN,1965,0,NA
Bhutan,BT,BTN,1966,NA,NA
Bhutan,BT,BTN,1967,NA,NA
Bhutan,BT,BTN,1968,NA,NA
Bhutan,BT,BTN,1969,NA,NA
Bhutan,BT,BTN,1970,0,NA
Bhutan,BT,BTN,1971,NA,NA
Bhutan,BT,BTN,1972,NA,NA
Bhutan,BT,BTN,1973,NA,NA
Bhutan,BT,BTN,1974,NA,NA
Bhutan,BT,BTN,1975,0,NA
Bhutan,BT,BTN,1976,0,NA
Bhutan,BT,BTN,1977,0,NA
Bhutan,BT,BTN,1978,0,NA
Bhutan,BT,BTN,1979,0,NA
Bhutan,BT,BTN,1980,0,NA
Bhutan,BT,BTN,1981,0,NA
Bhutan,BT,BTN,1982,0,NA
Bhutan,BT,BTN,1983,0,NA
Bhutan,BT,BTN,1984,0,NA
Bhutan,BT,BTN,1985,0,NA
Bhutan,BT,BTN,1986,0,NA
Bhutan,BT,BTN,1987,0,NA
Bhutan,BT,BTN,1988,0,NA
Bhutan,BT,BTN,1989,0,NA
Bhutan,BT,BTN,1990,0,0
Bhutan,BT,BTN,1991,0,0
Bhutan,BT,BTN,1992,0,0
Bhutan,BT,BTN,1993,0,0
Bhutan,BT,BTN,1994,0,0
Bhutan,BT,BTN,1995,0,0
Bhutan,BT,BTN,1996,0,NA
Bhutan,BT,BTN,1997,0,NA
Bhutan,BT,BTN,1998,0,NA
Bhutan,BT,BTN,1999,0,0.137571514
Bhutan,BT,BTN,2000,0,0.400944447
Bhutan,BT,BTN,2001,0,0.864628564
Bhutan,BT,BTN,2002,0,1.675802584
Bhutan,BT,BTN,2003,0.35532683,2.436912399
Bhutan,BT,BTN,2004,2.94434846,3.156984196
Bhutan,BT,BTN,2005,5.427220223,3.847106745
Bhutan,BT,BTN,2006,12.19112973,4.518317258
Bhutan,BT,BTN,2007,21.92428559,5.92
Bhutan,BT,BTN,2008,36.74284546,6.55
Bhutan,BT,BTN,2009,48.58086395,7.17
Bhutan,BT,BTN,2010,55.89044047,13.6
Bhutan,BT,BTN,2011,67.8772798,14.4
Bhutan,BT,BTN,2012,77.77759289,15.6
Bhutan,BT,BTN,2013,74.68047217,22.4
Bhutan,BT,BTN,2014,84.81429524,30.3
Bhutan,BT,BTN,2015,90.91492505,39.8
Bhutan,BT,BTN,2016,93.14595832,41.77264453
Bhutan,BT,BTN,2017,96.62766062,46.2
Bhutan,BT,BTN,2018,92.31829061,49.5
Bhutan,BT,BTN,2019,95.0199294,53.5
Bhutan,BT,BTN,2020,96.4571149,53.5
Bhutan,BT,BTN,2021,100.0671395,85.636883889999993
Bolivia,BO,BOL,1960,0,NA
Bolivia,BO,BOL,1961,NA,NA
Bolivia,BO,BOL,1962,NA,NA
Bolivia,BO,BOL,1963,NA,NA
Bolivia,BO,BOL,1964,NA,NA
Bolivia,BO,BOL,1965,0,NA
Bolivia,BO,BOL,1966,NA,NA
Bolivia,BO,BOL,1967,NA,NA
Bolivia,BO,BOL,1968,NA,NA
Bolivia,BO,BOL,1969,NA,NA
Bolivia,BO,BOL,1970,0,NA
Bolivia,BO,BOL,1971,NA,NA
Bolivia,BO,BOL,1972,NA,NA
Bolivia,BO,BOL,1973,NA,NA
Bolivia,BO,BOL,1974,NA,NA
Bolivia,BO,BOL,1975,0,NA
Bolivia,BO,BOL,1976,0,NA
Bolivia,BO,BOL,1977,0,NA
Bolivia,BO,BOL,1978,0,NA
Bolivia,BO,BOL,1979,0,NA
Bolivia,BO,BOL,1980,0,NA
Bolivia,BO,BOL,1981,0,NA
Bolivia,BO,BOL,1982,0,NA
Bolivia,BO,BOL,1983,0,NA
Bolivia,BO,BOL,1984,0,NA
Bolivia,BO,BOL,1985,0,NA
Bolivia,BO,BOL,1986,0,NA
Bolivia,BO,BOL,1987,0,NA
Bolivia,BO,BOL,1988,0,NA
Bolivia,BO,BOL,1989,0,NA
Bolivia,BO,BOL,1990,0,0
Bolivia,BO,BOL,1991,0.004071835,0
Bolivia,BO,BOL,1992,0.020975279,0
Bolivia,BO,BOL,1993,0.035244269,0
Bolivia,BO,BOL,1994,0.052718307,0
Bolivia,BO,BOL,1995,0.092189324,0.066807568
Bolivia,BO,BOL,1996,0.418055648,0.196081174
Bolivia,BO,BOL,1997,1.455376388,0.447839036
Bolivia,BO,BOL,1998,2.887342571,0.626484062
Bolivia,BO,BOL,1999,4.980938617,0.981815187
Bolivia,BO,BOL,2000,6.780441344,1.442763585
Bolivia,BO,BOL,2001,8.917328029,2.120462534
Bolivia,BO,BOL,2002,11.49737045,3.117192947
Bolivia,BO,BOL,2003,14.11936214,3.508596401
Bolivia,BO,BOL,2004,19.53921968,4.439924601
Bolivia,BO,BOL,2005,25.82171069,5.227583957
Bolivia,BO,BOL,2006,30.13983939,6.200671255
Bolivia,BO,BOL,2007,33.51209002,10.49924432
Bolivia,BO,BOL,2008,50.99491498,12.5
Bolivia,BO,BOL,2009,64.31385416,16.8
Bolivia,BO,BOL,2010,70.22501607,22.4
Bolivia,BO,BOL,2011,80.34893557,30
Bolivia,BO,BOL,2012,89.81531826,35.34
Bolivia,BO,BOL,2013,97.04333351,36.99
Bolivia,BO,BOL,2014,95.72549681,34.6
Bolivia,BO,BOL,2015,91.63886556,37.49
Bolivia,BO,BOL,2016,89.7292164,39.6975146
Bolivia,BO,BOL,2017,95.86980372,43.83227607
Bolivia,BO,BOL,2018,98.61224848,44.2861422
Bolivia,BO,BOL,2019,99.24869117,47.47481911
Bolivia,BO,BOL,2020,98.89563329,59.94010155
Bolivia,BO,BOL,2021,99.62307127,NA
Bosnia and Herzegovina,BA,BIH,1960,0,NA
Bosnia and Herzegovina,BA,BIH,1961,NA,NA
Bosnia and Herzegovina,BA,BIH,1962,NA,NA
Bosnia and Herzegovina,BA,BIH,1963,NA,NA
Bosnia and Herzegovina,BA,BIH,1964,NA,NA
Bosnia and Herzegovina,BA,BIH,1965,0,NA
Bosnia and Herzegovina,BA,BIH,1966,NA,NA
Bosnia and Herzegovina,BA,BIH,1967,NA,NA
Bosnia and Herzegovina,BA,BIH,1968,NA,NA
Bosnia and Herzegovina,BA,BIH,1969,NA,NA
Bosnia and Herzegovina,BA,BIH,1970,0,NA
Bosnia and Herzegovina,BA,BIH,1971,NA,NA
Bosnia and Herzegovina,BA,BIH,1972,NA,NA
Bosnia and Herzegovina,BA,BIH,1973,NA,NA
Bosnia and Herzegovina,BA,BIH,1974,NA,NA
Bosnia and Herzegovina,BA,BIH,1975,0,NA
Bosnia and Herzegovina,BA,BIH,1976,0,NA
Bosnia and Herzegovina,BA,BIH,1977,0,NA
Bosnia and Herzegovina,BA,BIH,1978,0,NA
Bosnia and Herzegovina,BA,BIH,1979,0,NA
Bosnia and Herzegovina,BA,BIH,1980,0,NA
Bosnia and Herzegovina,BA,BIH,1981,0,NA
Bosnia and Herzegovina,BA,BIH,1982,0,NA
Bosnia and Herzegovina,BA,BIH,1983,0,NA
Bosnia and Herzegovina,BA,BIH,1984,0,NA
Bosnia and Herzegovina,BA,BIH,1985,0,NA
Bosnia and Herzegovina,BA,BIH,1986,0,NA
Bosnia and Herzegovina,BA,BIH,1987,0,NA
Bosnia and Herzegovina,BA,BIH,1988,0,NA
Bosnia and Herzegovina,BA,BIH,1989,0,NA
Bosnia and Herzegovina,BA,BIH,1990,0,0
Bosnia and Herzegovina,BA,BIH,1991,0,0
Bosnia and Herzegovina,BA,BIH,1992,0,0
Bosnia and Herzegovina,BA,BIH,1993,0,0
Bosnia and Herzegovina,BA,BIH,1994,0,0
Bosnia and Herzegovina,BA,BIH,1995,0,0
Bosnia and Herzegovina,BA,BIH,1996,0.03838526,0.015125563
Bosnia and Herzegovina,BA,BIH,1997,0.222345857,0.059425563
Bosnia and Herzegovina,BA,BIH,1998,0.611923183,0.14367106
Bosnia and Herzegovina,BA,BIH,1999,1.266718581,0.1943742
Bosnia and Herzegovina,BA,BIH,2000,2.234462297,1.08296075
Bosnia and Herzegovina,BA,BIH,2001,10.6011492,1.200526951
Bosnia and Herzegovina,BA,BIH,2002,17.834847,2.648267914
Bosnia and Herzegovina,BA,BIH,2003,25.68958952,3.965036834
Bosnia and Herzegovina,BA,BIH,2004,33.97269036,15.46897162
Bosnia and Herzegovina,BA,BIH,2005,38.94116621,21.326701
Bosnia and Herzegovina,BA,BIH,2006,46.5199604,25.12238569
Bosnia and Herzegovina,BA,BIH,2007,61.14023987,27.92
Bosnia and Herzegovina,BA,BIH,2008,80.6167888,34.66
Bosnia and Herzegovina,BA,BIH,2009,83.99816904,37.74
Bosnia and Herzegovina,BA,BIH,2010,81.61010714,42.75
Bosnia and Herzegovina,BA,BIH,2011,84.72248715,43.88768653
Bosnia and Herzegovina,BA,BIH,2012,91.37722507,45.06450043
Bosnia and Herzegovina,BA,BIH,2013,96.42745189,48.52131417
Bosnia and Herzegovina,BA,BIH,2014,97.76313417,49.91773243
Bosnia and Herzegovina,BA,BIH,2015,97.70724826,52.6
Bosnia and Herzegovina,BA,BIH,2016,97.78962053,60.25653543
Bosnia and Herzegovina,BA,BIH,2017,100.001686,64.89202051
Bosnia and Herzegovina,BA,BIH,2018,101.7919614,70.12013504
Bosnia and Herzegovina,BA,BIH,2019,111.7477784,69.94634763
Bosnia and Herzegovina,BA,BIH,2020,105.7638198,73.21175294
Bosnia and Herzegovina,BA,BIH,2021,113.9969422,75.67620138
Botswana,BW,BWA,1960,0,0
Botswana,BW,BWA,1961,NA,NA
Botswana,BW,BWA,1962,NA,NA
Botswana,BW,BWA,1963,NA,NA
Botswana,BW,BWA,1964,NA,NA
Botswana,BW,BWA,1965,0,0
Botswana,BW,BWA,1966,NA,NA
Botswana,BW,BWA,1967,NA,NA
Botswana,BW,BWA,1968,NA,NA
Botswana,BW,BWA,1969,NA,NA
Botswana,BW,BWA,1970,0,0
Botswana,BW,BWA,1971,NA,NA
Botswana,BW,BWA,1972,NA,NA
Botswana,BW,BWA,1973,NA,NA
Botswana,BW,BWA,1974,NA,NA
Botswana,BW,BWA,1975,0,0
Botswana,BW,BWA,1976,0,0
Botswana,BW,BWA,1977,0,0
Botswana,BW,BWA,1978,0,0
Botswana,BW,BWA,1979,0,0
Botswana,BW,BWA,1980,0,0
Botswana,BW,BWA,1981,0,0
Botswana,BW,BWA,1982,0,0
Botswana,BW,BWA,1983,0,0
Botswana,BW,BWA,1984,0,0
Botswana,BW,BWA,1985,0,0
Botswana,BW,BWA,1986,0,0
Botswana,BW,BWA,1987,0,0
Botswana,BW,BWA,1988,0,0
Botswana,BW,BWA,1989,0,0
Botswana,BW,BWA,1990,0,0
Botswana,BW,BWA,1991,0,0
Botswana,BW,BWA,1992,0,0
Botswana,BW,BWA,1993,0,0
Botswana,BW,BWA,1994,0,0
Botswana,BW,BWA,1995,0,0.064521041
Botswana,BW,BWA,1996,0,0.15745423
Botswana,BW,BWA,1997,0,0.30774685
Botswana,BW,BWA,1998,0.917437288,0.602400929
Botswana,BW,BWA,1999,5.438773013,1.122391474
Botswana,BW,BWA,2000,12.86577475,2.902666622
Botswana,BW,BWA,2001,18.8579569,3.430886787
Botswana,BW,BWA,2002,18.50918875,3.385922351
Botswana,BW,BWA,2003,24.3574915,3.345190174
Botswana,BW,BWA,2004,28.12351237,3.304889253
Botswana,BW,BWA,2005,29.78549847,3.262554036
Botswana,BW,BWA,2006,42.67477021,4.289932975
Botswana,BW,BWA,2007,58.55487888,5.28
Botswana,BW,BWA,2008,74.01864177,6.25
Botswana,BW,BWA,2009,91.46431156,6.15
Botswana,BW,BWA,2010,112.991905,6
Botswana,BW,BWA,2011,135.9050007,9
Botswana,BW,BWA,2012,141.6608709,16
Botswana,BW,BWA,2013,146.4312098,30
Botswana,BW,BWA,2014,150.8822868,36.74474744
Botswana,BW,BWA,2015,150.7621557,37.31205037
Botswana,BW,BWA,2016,139.8131113,39.36299738
Botswana,BW,BWA,2017,134.9211022,41.41379464
Botswana,BW,BWA,2018,137.9300386,58
Botswana,BW,BWA,2019,149.8882667,61
Botswana,BW,BWA,2020,150.3850531,64
Botswana,BW,BWA,2021,160.7369816,NA
Brazil,BR,BRA,1960,0,NA
Brazil,BR,BRA,1961,NA,NA
Brazil,BR,BRA,1962,NA,NA
Brazil,BR,BRA,1963,NA,NA
Brazil,BR,BRA,1964,NA,NA
Brazil,BR,BRA,1965,0,NA
Brazil,BR,BRA,1966,NA,NA
Brazil,BR,BRA,1967,NA,NA
Brazil,BR,BRA,1968,NA,NA
Brazil,BR,BRA,1969,NA,NA
Brazil,BR,BRA,1970,0,NA
Brazil,BR,BRA,1971,NA,NA
Brazil,BR,BRA,1972,NA,NA
Brazil,BR,BRA,1973,NA,NA
Brazil,BR,BRA,1974,NA,NA
Brazil,BR,BRA,1975,0,NA
Brazil,BR,BRA,1976,0,NA
Brazil,BR,BRA,1977,0,NA
Brazil,BR,BRA,1978,0,NA
Brazil,BR,BRA,1979,0,NA
Brazil,BR,BRA,1980,0,NA
Brazil,BR,BRA,1981,0,NA
Brazil,BR,BRA,1982,0,NA
Brazil,BR,BRA,1983,0,NA
Brazil,BR,BRA,1984,0,NA
Brazil,BR,BRA,1985,0,NA
Brazil,BR,BRA,1986,0,NA
Brazil,BR,BRA,1987,0,NA
Brazil,BR,BRA,1988,0,NA
Brazil,BR,BRA,1989,0,NA
Brazil,BR,BRA,1990,4.42582e-4,0
Brazil,BR,BRA,1991,0.004369477,0.003288171
Brazil,BR,BRA,1992,0.020525874,0.012946262
Brazil,BR,BRA,1993,0.114869348,0.025498253
Brazil,BR,BRA,1994,0.356570578,0.037672709
Brazil,BR,BRA,1995,0.786185011,0.105138168
Brazil,BR,BRA,1996,1.504575585,0.450789179
Brazil,BR,BRA,1997,2.69954844,0.786079155
Brazil,BR,BRA,1998,4.307896658,1.477874959
Brazil,BR,BRA,1999,8.665064415,2.038732184
Brazil,BR,BRA,2000,13.18455708,2.870685159
Brazil,BR,BRA,2001,16.13010807,4.528494869
Brazil,BR,BRA,2002,19.32713015,9.149425086
Brazil,BR,BRA,2003,25.39202175,13.2075861
Brazil,BR,BRA,2004,35.51552318,19.07367227
Brazil,BR,BRA,2005,46.15180215,21.02274725
Brazil,BR,BRA,2006,52.91720162,28.17838018
Brazil,BR,BRA,2007,63.4135915,30.88
Brazil,BR,BRA,2008,78.18528647,33.83
Brazil,BR,BRA,2009,87.07984742,39.22
Brazil,BR,BRA,2010,100.293596,40.65
Brazil,BR,BRA,2011,118.2517092,45.69
Brazil,BR,BRA,2012,124.1756934,48.56
Brazil,BR,BRA,2013,134.3929329,51.04
Brazil,BR,BRA,2014,137.9776265,54.55100188
Brazil,BR,BRA,2015,125.6477067,58.32795173
Brazil,BR,BRA,2016,117.9869738,60.87254007
Brazil,BR,BRA,2017,106.1217992,67.47128452
Brazil,BR,BRA,2018,99.64002652,70.43428254
Brazil,BR,BRA,2019,95.38505233,73.91244005
Brazil,BR,BRA,2020,96.54706819,81.34269353
Brazil,BR,BRA,2021,102.48887,NA
British Virgin Islands,VG,VGB,1960,0,NA
British Virgin Islands,VG,VGB,1961,NA,NA
British Virgin Islands,VG,VGB,1962,NA,NA
British Virgin Islands,VG,VGB,1963,NA,NA
British Virgin Islands,VG,VGB,1964,NA,NA
British Virgin Islands,VG,VGB,1965,0,NA
British Virgin Islands,VG,VGB,1966,NA,NA
British Virgin Islands,VG,VGB,1967,NA,NA
British Virgin Islands,VG,VGB,1968,NA,NA
British Virgin Islands,VG,VGB,1969,NA,NA
British Virgin Islands,VG,VGB,1970,0,NA
British Virgin Islands,VG,VGB,1971,NA,NA
British Virgin Islands,VG,VGB,1972,NA,NA
British Virgin Islands,VG,VGB,1973,NA,NA
British Virgin Islands,VG,VGB,1974,NA,NA
British Virgin Islands,VG,VGB,1975,0,NA
British Virgin Islands,VG,VGB,1976,0,NA
British Virgin Islands,VG,VGB,1977,0,NA
British Virgin Islands,VG,VGB,1978,0,NA
British Virgin Islands,VG,VGB,1979,0,NA
British Virgin Islands,VG,VGB,1980,0,NA
British Virgin Islands,VG,VGB,1981,0,NA
British Virgin Islands,VG,VGB,1982,0,NA
British Virgin Islands,VG,VGB,1983,0,NA
British Virgin Islands,VG,VGB,1984,0,NA
British Virgin Islands,VG,VGB,1985,0,NA
British Virgin Islands,VG,VGB,1986,NA,NA
British Virgin Islands,VG,VGB,1987,NA,NA
British Virgin Islands,VG,VGB,1988,NA,NA
British Virgin Islands,VG,VGB,1989,NA,NA
British Virgin Islands,VG,VGB,1990,0,0
British Virgin Islands,VG,VGB,1991,NA,0
British Virgin Islands,VG,VGB,1992,NA,0
British Virgin Islands,VG,VGB,1993,NA,0
British Virgin Islands,VG,VGB,1994,NA,0
British Virgin Islands,VG,VGB,1995,NA,0
British Virgin Islands,VG,VGB,1996,6.622516556,NA
British Virgin Islands,VG,VGB,1997,NA,NA
British Virgin Islands,VG,VGB,1998,NA,NA
British Virgin Islands,VG,VGB,1999,NA,NA
British Virgin Islands,VG,VGB,2000,NA,NA
British Virgin Islands,VG,VGB,2001,NA,NA
British Virgin Islands,VG,VGB,2002,37.5798572,18.88574127
British Virgin Islands,VG,VGB,2003,NA,NA
British Virgin Islands,VG,VGB,2004,NA,NA
British Virgin Islands,VG,VGB,2005,NA,NA
British Virgin Islands,VG,VGB,2006,NA,NA
British Virgin Islands,VG,VGB,2007,82.17220436,NA
British Virgin Islands,VG,VGB,2008,88.07198928,NA
British Virgin Islands,VG,VGB,2009,173.9054874,36
British Virgin Islands,VG,VGB,2010,172.4633474,37
British Virgin Islands,VG,VGB,2011,166.6440169,37.4
British Virgin Islands,VG,VGB,2012,171.3627247,37.6
British Virgin Islands,VG,VGB,2013,186.3628433,NA
British Virgin Islands,VG,VGB,2014,189.0304097,NA
British Virgin Islands,VG,VGB,2015,194.766056,NA
British Virgin Islands,VG,VGB,2016,133.4577491,77.70142968
British Virgin Islands,VG,VGB,2017,146.5169661,77.70426829
British Virgin Islands,VG,VGB,2018,131.7092467,NA
British Virgin Islands,VG,VGB,2019,129.1538713,NA
British Virgin Islands,VG,VGB,2020,113.7593012,NA
British Virgin Islands,VG,VGB,2021,NA,NA
Brunei Darussalam,BN,BRN,1960,0,NA
Brunei Darussalam,BN,BRN,1961,NA,NA
Brunei Darussalam,BN,BRN,1962,NA,NA
Brunei Darussalam,BN,BRN,1963,NA,NA
Brunei Darussalam,BN,BRN,1964,NA,NA
Brunei Darussalam,BN,BRN,1965,0,NA
Brunei Darussalam,BN,BRN,1966,NA,NA
Brunei Darussalam,BN,BRN,1967,NA,NA
Brunei Darussalam,BN,BRN,1968,NA,NA
Brunei Darussalam,BN,BRN,1969,NA,NA
Brunei Darussalam,BN,BRN,1970,0,NA
Brunei Darussalam,BN,BRN,1971,NA,NA
Brunei Darussalam,BN,BRN,1972,NA,NA
Brunei Darussalam,BN,BRN,1973,NA,NA
Brunei Darussalam,BN,BRN,1974,NA,NA
Brunei Darussalam,BN,BRN,1975,0,NA
Brunei Darussalam,BN,BRN,1976,0,NA
Brunei Darussalam,BN,BRN,1977,0,NA
Brunei Darussalam,BN,BRN,1978,0,NA
Brunei Darussalam,BN,BRN,1979,0,NA
Brunei Darussalam,BN,BRN,1980,0,NA
Brunei Darussalam,BN,BRN,1981,0,NA
Brunei Darussalam,BN,BRN,1982,0,NA
Brunei Darussalam,BN,BRN,1983,0,NA
Brunei Darussalam,BN,BRN,1984,0,NA
Brunei Darussalam,BN,BRN,1985,0,NA
Brunei Darussalam,BN,BRN,1986,0,NA
Brunei Darussalam,BN,BRN,1987,0,NA
Brunei Darussalam,BN,BRN,1988,0,NA
Brunei Darussalam,BN,BRN,1989,NA,NA
Brunei Darussalam,BN,BRN,1990,0.676521792,0
Brunei Darussalam,BN,BRN,1991,1.120951605,0
Brunei Darussalam,BN,BRN,1992,1.479006258,0
Brunei Darussalam,BN,BRN,1993,2.916621299,0
Brunei Darussalam,BN,BRN,1994,5.351515401,0
Brunei Darussalam,BN,BRN,1995,11.99644263,1.017080166
Brunei Darussalam,BN,BRN,1996,14.21442475,3.303349927
Brunei Darussalam,BN,BRN,1997,14.36712801,4.831057905
Brunei Darussalam,BN,BRN,1998,15.34552338,6.284742844
Brunei Darussalam,BN,BRN,1999,20.18070908,7.671041206
Brunei Darussalam,BN,BRN,2000,28.44941694,8.996284534
Brunei Darussalam,BN,BRN,2001,41.96767112,12.91776908
Brunei Darussalam,BN,BRN,2002,44.21967231,15.32987986
Brunei Darussalam,BN,BRN,2003,50.09673912,19.59500322
Brunei Darussalam,BN,BRN,2004,56.16529944,29.71560414
Brunei Darussalam,BN,BRN,2005,63.5094637,36.46639195
Brunei Darussalam,BN,BRN,2006,80.84590459,42.18634916
Brunei Darussalam,BN,BRN,2007,96.67060948,44.68
Brunei Darussalam,BN,BRN,2008,103.7155978,46
Brunei Darussalam,BN,BRN,2009,105.7828245,49
Brunei Darussalam,BN,BRN,2010,109.8603214,53
Brunei Darussalam,BN,BRN,2011,110.3746893,56
Brunei Darussalam,BN,BRN,2012,115.5191155,60.27306504
Brunei Darussalam,BN,BRN,2013,113.8721697,64.5
Brunei Darussalam,BN,BRN,2014,108.4957375,68.77
Brunei Darussalam,BN,BRN,2015,109.9533264,71.2
Brunei Darussalam,BN,BRN,2016,122.8780218,90
Brunei Darussalam,BN,BRN,2017,126.6006005,94.86669164
Brunei Darussalam,BN,BRN,2018,130.3207192,95
Brunei Darussalam,BN,BRN,2019,131.2182683,95
Brunei Darussalam,BN,BRN,2020,121.4758051,95
Brunei Darussalam,BN,BRN,2021,135.501254,NA
Bulgaria,BG,BGR,1960,0,NA
Bulgaria,BG,BGR,1961,NA,NA
Bulgaria,BG,BGR,1962,NA,NA
Bulgaria,BG,BGR,1963,NA,NA
Bulgaria,BG,BGR,1964,NA,NA
Bulgaria,BG,BGR,1965,0,NA
Bulgaria,BG,BGR,1966,NA,NA
Bulgaria,BG,BGR,1967,NA,NA
Bulgaria,BG,BGR,1968,NA,NA
Bulgaria,BG,BGR,1969,NA,NA
Bulgaria,BG,BGR,1970,0,NA
Bulgaria,BG,BGR,1971,NA,NA
Bulgaria,BG,BGR,1972,NA,NA
Bulgaria,BG,BGR,1973,NA,NA
Bulgaria,BG,BGR,1974,NA,NA
Bulgaria,BG,BGR,1975,0,NA
Bulgaria,BG,BGR,1976,0,NA
Bulgaria,BG,BGR,1977,0,NA
Bulgaria,BG,BGR,1978,0,NA
Bulgaria,BG,BGR,1979,0,NA
Bulgaria,BG,BGR,1980,0,NA
Bulgaria,BG,BGR,1981,0,NA
Bulgaria,BG,BGR,1982,0,NA
Bulgaria,BG,BGR,1983,0,NA
Bulgaria,BG,BGR,1984,0,NA
Bulgaria,BG,BGR,1985,0,NA
Bulgaria,BG,BGR,1986,0,NA
Bulgaria,BG,BGR,1987,0,NA
Bulgaria,BG,BGR,1988,0,NA
Bulgaria,BG,BGR,1989,0,NA
Bulgaria,BG,BGR,1990,0,0
Bulgaria,BG,BGR,1991,0,0
Bulgaria,BG,BGR,1992,0,0
Bulgaria,BG,BGR,1993,0.01161233,0.002339042
Bulgaria,BG,BGR,1994,0.076037034,0.019526669
Bulgaria,BG,BGR,1995,0.246768535,0.119665549
Bulgaria,BG,BGR,1996,0.316471968,0.725251167
Bulgaria,BG,BGR,1997,0.841450728,1.219813132
Bulgaria,BG,BGR,1998,1.542211607,1.844965121
Bulgaria,BG,BGR,1999,4.288006531,2.908154025
Bulgaria,BG,BGR,2000,9.113707955,5.370923469
Bulgaria,BG,BGR,2001,19.29093973,7.612297749
Bulgaria,BG,BGR,2002,32.5719108,9.08
Bulgaria,BG,BGR,2003,44.21550847,12.04
Bulgaria,BG,BGR,2004,60.13402386,18.13
Bulgaria,BG,BGR,2005,79.90716067,19.97
Bulgaria,BG,BGR,2006,106.2757886,27.09
Bulgaria,BG,BGR,2007,128.2216717,33.64
Bulgaria,BG,BGR,2008,135.8844328,39.67
Bulgaria,BG,BGR,2009,136.9375706,45
Bulgaria,BG,BGR,2010,134.3463722,46.23
Bulgaria,BG,BGR,2011,138.869183,47.97999305
Bulgaria,BG,BGR,2012,143.966837,51.89998767
Bulgaria,BG,BGR,2013,141.1194769,53.0615
Bulgaria,BG,BGR,2014,128.6861675,55.49
Bulgaria,BG,BGR,2015,125.7944108,56.65625161
Bulgaria,BG,BGR,2016,123.8462766,59.82554766
Bulgaria,BG,BGR,2017,118.8025553,63.41010138
Bulgaria,BG,BGR,2018,117.8397093,64.78201069
Bulgaria,BG,BGR,2019,115.3427025,67.94698094
Bulgaria,BG,BGR,2020,113.849275,70.16248359
Bulgaria,BG,BGR,2021,114.7677533,75.27144583
Burkina Faso,BF,BFA,1960,0,NA
Burkina Faso,BF,BFA,1961,NA,NA
Burkina Faso,BF,BFA,1962,NA,NA
Burkina Faso,BF,BFA,1963,NA,NA
Burkina Faso,BF,BFA,1964,NA,NA
Burkina Faso,BF,BFA,1965,0,NA
Burkina Faso,BF,BFA,1966,NA,NA
Burkina Faso,BF,BFA,1967,NA,NA
Burkina Faso,BF,BFA,1968,NA,NA
Burkina Faso,BF,BFA,1969,NA,NA
Burkina Faso,BF,BFA,1970,0,NA
Burkina Faso,BF,BFA,1971,NA,NA
Burkina Faso,BF,BFA,1972,NA,NA
Burkina Faso,BF,BFA,1973,NA,NA
Burkina Faso,BF,BFA,1974,NA,NA
Burkina Faso,BF,BFA,1975,0,NA
Burkina Faso,BF,BFA,1976,0,NA
Burkina Faso,BF,BFA,1977,0,NA
Burkina Faso,BF,BFA,1978,0,NA
Burkina Faso,BF,BFA,1979,0,NA
Burkina Faso,BF,BFA,1980,0,NA
Burkina Faso,BF,BFA,1981,0,NA
Burkina Faso,BF,BFA,1982,0,NA
Burkina Faso,BF,BFA,1983,0,NA
Burkina Faso,BF,BFA,1984,0,NA
Burkina Faso,BF,BFA,1985,0,NA
Burkina Faso,BF,BFA,1986,0,NA
Burkina Faso,BF,BFA,1987,0,NA
Burkina Faso,BF,BFA,1988,0,NA
Burkina Faso,BF,BFA,1989,0,NA
Burkina Faso,BF,BFA,1990,0,0
Burkina Faso,BF,BFA,1991,0,0
Burkina Faso,BF,BFA,1992,0,0
Burkina Faso,BF,BFA,1993,0,0
Burkina Faso,BF,BFA,1994,0,0
Burkina Faso,BF,BFA,1995,0,0
Burkina Faso,BF,BFA,1996,0.00494294,9.60519e-4
Burkina Faso,BF,BFA,1997,0.01379234,0.018686353
Burkina Faso,BF,BFA,1998,0.024372687,0.045423484
Burkina Faso,BF,BFA,1999,0.043663904,0.061780293
Burkina Faso,BF,BFA,2000,0.212448354,0.077080169
Burkina Faso,BF,BFA,2001,0.621938512,0.157732465
Burkina Faso,BF,BFA,2002,0.878804908,0.200992598
Burkina Faso,BF,BFA,2003,1.827192642,0.373440303
Burkina Faso,BF,BFA,2004,2.944665159,0.400295285
Burkina Faso,BF,BFA,2005,4.565784098,0.469914489
Burkina Faso,BF,BFA,2006,7.10106046,0.63270756399999994
Burkina Faso,BF,BFA,2007,12.59082932,0.75
Burkina Faso,BF,BFA,2008,19.89845318,0.92
Burkina Faso,BF,BFA,2009,24.43207428,1.13
Burkina Faso,BF,BFA,2010,35.41543025,2.4
Burkina Faso,BF,BFA,2011,46.27031874,3
Burkina Faso,BF,BFA,2012,58.29298367,3.725034916
Burkina Faso,BF,BFA,2013,63.73682215,5
Burkina Faso,BF,BFA,2014,68.76444495,6
Burkina Faso,BF,BFA,2015,77.18176266,8
Burkina Faso,BF,BFA,2016,79.91513371,12
Burkina Faso,BF,BFA,2017,90.47440751,16.8
Burkina Faso,BF,BFA,2018,94.83338248,17.4
Burkina Faso,BF,BFA,2019,97.19768463,9.27180601
Burkina Faso,BF,BFA,2020,102.7626369,22
Burkina Faso,BF,BFA,2021,111.6631328,NA
Burundi,BI,BDI,1960,0,0
Burundi,BI,BDI,1961,NA,NA
Burundi,BI,BDI,1962,NA,NA
Burundi,BI,BDI,1963,NA,NA
Burundi,BI,BDI,1964,NA,NA
Burundi,BI,BDI,1965,0,0
Burundi,BI,BDI,1966,NA,NA
Burundi,BI,BDI,1967,NA,NA
Burundi,BI,BDI,1968,NA,NA
Burundi,BI,BDI,1969,NA,NA
Burundi,BI,BDI,1970,0,0
Burundi,BI,BDI,1971,NA,NA
Burundi,BI,BDI,1972,NA,NA
Burundi,BI,BDI,1973,NA,NA
Burundi,BI,BDI,1974,NA,NA
Burundi,BI,BDI,1975,0,0
Burundi,BI,BDI,1976,0,0
Burundi,BI,BDI,1977,0,0
Burundi,BI,BDI,1978,0,0
Burundi,BI,BDI,1979,0,0
Burundi,BI,BDI,1980,0,0
Burundi,BI,BDI,1981,0,0
Burundi,BI,BDI,1982,0,0
Burundi,BI,BDI,1983,0,0
Burundi,BI,BDI,1984,0,0
Burundi,BI,BDI,1985,0,0
Burundi,BI,BDI,1986,0,0
Burundi,BI,BDI,1987,0,0
Burundi,BI,BDI,1988,0,0
Burundi,BI,BDI,1989,0,0
Burundi,BI,BDI,1990,0,0
Burundi,BI,BDI,1991,0,0
Burundi,BI,BDI,1992,0,0
Burundi,BI,BDI,1993,0.006354384,0
Burundi,BI,BDI,1994,0.006766423,0
Burundi,BI,BDI,1995,0.0095065,0
Burundi,BI,BDI,1996,0.009459562,8.03592e-4
Burundi,BI,BDI,1997,0.010449264,0.007979439
Burundi,BI,BDI,1998,0.010272826,0.015842776
Burundi,BI,BDI,1999,0.012944607,0.039204469
Burundi,BI,BDI,2000,0.258733033,0.077248447
Burundi,BI,BDI,2001,0.516817207,0.106001245
Burundi,BI,BDI,2002,0.782079785,0.118228412
Burundi,BI,BDI,2003,0.932829566,0.201273197
Burundi,BI,BDI,2004,1.412261168,0.349060462
Burundi,BI,BDI,2005,2.070680864,0.542142866
Burundi,BI,BDI,2006,2.611583155,0.65759259
Burundi,BI,BDI,2007,3.398531004,0.7
Burundi,BI,BDI,2008,5.805480455,0.81
Burundi,BI,BDI,2009,10.5719406,0.9
Burundi,BI,BDI,2010,18.38612295,1
Burundi,BI,BDI,2011,20.24788559,1.11
Burundi,BI,BDI,2012,22.94044018,1.219999945
Burundi,BI,BDI,2013,24.99444805,1.264218111
Burundi,BI,BDI,2014,30.42671535,1.4
Burundi,BI,BDI,2015,46.58923322,2
Burundi,BI,BDI,2016,49.13927197,2.2
Burundi,BI,BDI,2017,53.073037,2.660748535
Burundi,BI,BDI,2018,54.97002994,4.1
Burundi,BI,BDI,2019,55.00739463,6.2
Burundi,BI,BDI,2020,54.26373457,9.4
Burundi,BI,BDI,2021,61.67128229,NA
Cabo Verde,CV,CPV,1960,0,NA
Cabo Verde,CV,CPV,1961,NA,NA
Cabo Verde,CV,CPV,1962,NA,NA
Cabo Verde,CV,CPV,1963,NA,NA
Cabo Verde,CV,CPV,1964,NA,NA
Cabo Verde,CV,CPV,1965,0,NA
Cabo Verde,CV,CPV,1966,NA,NA
Cabo Verde,CV,CPV,1967,NA,NA
Cabo Verde,CV,CPV,1968,NA,NA
Cabo Verde,CV,CPV,1969,NA,NA
Cabo Verde,CV,CPV,1970,0,NA
Cabo Verde,CV,CPV,1971,NA,NA
Cabo Verde,CV,CPV,1972,NA,NA
Cabo Verde,CV,CPV,1973,NA,NA
Cabo Verde,CV,CPV,1974,NA,NA
Cabo Verde,CV,CPV,1975,0,NA
Cabo Verde,CV,CPV,1976,0,NA
Cabo Verde,CV,CPV,1977,0,NA
Cabo Verde,CV,CPV,1978,0,NA
Cabo Verde,CV,CPV,1979,0,NA
Cabo Verde,CV,CPV,1980,0,NA
Cabo Verde,CV,CPV,1981,0,NA
Cabo Verde,CV,CPV,1982,0,NA
Cabo Verde,CV,CPV,1983,0,NA
Cabo Verde,CV,CPV,1984,0,NA
Cabo Verde,CV,CPV,1985,0,NA
Cabo Verde,CV,CPV,1986,0,NA
Cabo Verde,CV,CPV,1987,0,NA
Cabo Verde,CV,CPV,1988,0,NA
Cabo Verde,CV,CPV,1989,0,NA
Cabo Verde,CV,CPV,1990,0,0
Cabo Verde,CV,CPV,1991,0,0
Cabo Verde,CV,CPV,1992,0,0
Cabo Verde,CV,CPV,1993,0,0
Cabo Verde,CV,CPV,1994,0,0
Cabo Verde,CV,CPV,1995,0,0
Cabo Verde,CV,CPV,1996,0,NA
Cabo Verde,CV,CPV,1997,0.004644099,0.24096792
Cabo Verde,CV,CPV,1998,0.231705489,0.472735008
Cabo Verde,CV,CPV,1999,1.794376227,1.159982461
Cabo Verde,CV,CPV,2000,4.305282476,1.822443852
Cabo Verde,CV,CPV,2001,6.761768228,2.685332713
Cabo Verde,CV,CPV,2002,9.075694534,3.518757175
Cabo Verde,CV,CPV,2003,11.11085653,4.324885391
Cabo Verde,CV,CPV,2004,13.51876247,5.31883207
Cabo Verde,CV,CPV,2005,16.58205297,6.074087107
Cabo Verde,CV,CPV,2006,21.82030292,6.808911008
Cabo Verde,CV,CPV,2007,30.15699421,8.28321982
Cabo Verde,CV,CPV,2008,54.40925194,14
Cabo Verde,CV,CPV,2009,56.36143961,21
Cabo Verde,CV,CPV,2010,71.34735962,30
Cabo Verde,CV,CPV,2011,75.14942533,32
Cabo Verde,CV,CPV,2012,79.66635697,34.74
Cabo Verde,CV,CPV,2013,92.50250028,37.5
Cabo Verde,CV,CPV,2014,112.3246581,40.26
Cabo Verde,CV,CPV,2015,110.7398862,42.68301416
Cabo Verde,CV,CPV,2016,107.8013016,50.32281787
Cabo Verde,CV,CPV,2017,108.3732481,57.16214635
Cabo Verde,CV,CPV,2018,106.8497659,59.5
Cabo Verde,CV,CPV,2019,103.232241,61.94339776
Cabo Verde,CV,CPV,2020,93.49323768,64.5
Cabo Verde,CV,CPV,2021,100.3820215,NA
Cambodia,KH,KHM,1960,0,NA
Cambodia,KH,KHM,1961,NA,NA
Cambodia,KH,KHM,1962,NA,NA
Cambodia,KH,KHM,1963,NA,NA
Cambodia,KH,KHM,1964,NA,NA
Cambodia,KH,KHM,1965,0,NA
Cambodia,KH,KHM,1966,NA,NA
Cambodia,KH,KHM,1967,NA,NA
Cambodia,KH,KHM,1968,NA,NA
Cambodia,KH,KHM,1969,NA,NA
Cambodia,KH,KHM,1970,0,NA
Cambodia,KH,KHM,1971,NA,NA
Cambodia,KH,KHM,1972,NA,NA
Cambodia,KH,KHM,1973,NA,NA
Cambodia,KH,KHM,1974,NA,NA
Cambodia,KH,KHM,1975,0,NA
Cambodia,KH,KHM,1976,0,NA
Cambodia,KH,KHM,1977,0,NA
Cambodia,KH,KHM,1978,0,NA
Cambodia,KH,KHM,1979,0,NA
Cambodia,KH,KHM,1980,0,NA
Cambodia,KH,KHM,1981,0,NA
Cambodia,KH,KHM,1982,0,NA
Cambodia,KH,KHM,1983,0,NA
Cambodia,KH,KHM,1984,0,NA
Cambodia,KH,KHM,1985,0,NA
Cambodia,KH,KHM,1986,0,NA
Cambodia,KH,KHM,1987,0,NA
Cambodia,KH,KHM,1988,0,NA
Cambodia,KH,KHM,1989,0,NA
Cambodia,KH,KHM,1990,0,0
Cambodia,KH,KHM,1991,0,0
Cambodia,KH,KHM,1992,0,0
Cambodia,KH,KHM,1993,0.046956377,0
Cambodia,KH,KHM,1994,0.096264199,0
Cambodia,KH,KHM,1995,0.12912646,0
Cambodia,KH,KHM,1996,0.206552816,NA
Cambodia,KH,KHM,1997,0.293538009,0.005844911
Cambodia,KH,KHM,1998,0.525705675,0.016324986
Cambodia,KH,KHM,1999,0.748944912,0.031969578
Cambodia,KH,KHM,2000,1.077223474,0.04702264
Cambodia,KH,KHM,2001,1.811108143,0.076956056
Cambodia,KH,KHM,2002,3.025049479,0.226983238
Cambodia,KH,KHM,2003,3.897398361,0.260570198
Cambodia,KH,KHM,2004,6.618588238,0.300436644
Cambodia,KH,KHM,2005,8.01716186,0.317321781
Cambodia,KH,KHM,2006,12.77398895,0.46835672
Cambodia,KH,KHM,2007,18.83599976,0.49
Cambodia,KH,KHM,2008,30.3860731,0.51
Cambodia,KH,KHM,2009,44.2788579,0.53
Cambodia,KH,KHM,2010,56.74623762,1.26
Cambodia,KH,KHM,2011,94.39487785,3.1
Cambodia,KH,KHM,2012,129.2052488,4.94
Cambodia,KH,KHM,2013,135.0996151,6
Cambodia,KH,KHM,2014,134.4568277,14
Cambodia,KH,KHM,2015,135.2392534,18
Cambodia,KH,KHM,2016,127.4626128,32.39845171
Cambodia,KH,KHM,2017,117.3225889,32.90027854
Cambodia,KH,KHM,2018,121.1658947,NA
Cambodia,KH,KHM,2019,132.1508925,NA
Cambodia,KH,KHM,2020,128.6026166,NA
Cambodia,KH,KHM,2021,119.9575768,NA
Cameroon,CM,CMR,1960,0,NA
Cameroon,CM,CMR,1961,NA,NA
Cameroon,CM,CMR,1962,NA,NA
Cameroon,CM,CMR,1963,NA,NA
Cameroon,CM,CMR,1964,NA,NA
Cameroon,CM,CMR,1965,0,NA
Cameroon,CM,CMR,1966,NA,NA
Cameroon,CM,CMR,1967,NA,NA
Cameroon,CM,CMR,1968,NA,NA
Cameroon,CM,CMR,1969,NA,NA
Cameroon,CM,CMR,1970,0,NA
Cameroon,CM,CMR,1971,NA,NA
Cameroon,CM,CMR,1972,NA,NA
Cameroon,CM,CMR,1973,NA,NA
Cameroon,CM,CMR,1974,NA,NA
Cameroon,CM,CMR,1975,0,NA
Cameroon,CM,CMR,1976,0,NA
Cameroon,CM,CMR,1977,0,NA
Cameroon,CM,CMR,1978,0,NA
Cameroon,CM,CMR,1979,0,NA
Cameroon,CM,CMR,1980,0,NA
Cameroon,CM,CMR,1981,0,NA
Cameroon,CM,CMR,1982,0,NA
Cameroon,CM,CMR,1983,0,NA
Cameroon,CM,CMR,1984,0,NA
Cameroon,CM,CMR,1985,0,NA
Cameroon,CM,CMR,1986,0,NA
Cameroon,CM,CMR,1987,0,NA
Cameroon,CM,CMR,1988,0,NA
Cameroon,CM,CMR,1989,0,NA
Cameroon,CM,CMR,1990,0,0
Cameroon,CM,CMR,1991,0,0
Cameroon,CM,CMR,1992,0,0
Cameroon,CM,CMR,1993,0,0
Cameroon,CM,CMR,1994,0.012452465,0
Cameroon,CM,CMR,1995,0.021193421,0
Cameroon,CM,CMR,1996,0.025782073,NA
Cameroon,CM,CMR,1997,0.030126572,0.006768744
Cameroon,CM,CMR,1998,0.034929378,0.013216341
Cameroon,CM,CMR,1999,0.040819178,0.129067581
Cameroon,CM,CMR,2000,0.684347856,0.252120078
Cameroon,CM,CMR,2001,2.693398217,0.277051322
Cameroon,CM,CMR,2002,4.408103213,0.360871584
Cameroon,CM,CMR,2003,6.585413547,0.587622611
Cameroon,CM,CMR,2004,9.107210028,0.976075415
Cameroon,CM,CMR,2005,13.03899105,1.402654226
Cameroon,CM,CMR,2006,17.66597472,2.028744791
Cameroon,CM,CMR,2007,24.85225346,2.93
Cameroon,CM,CMR,2008,32.81070684,3.4
Cameroon,CM,CMR,2009,41.43074942,3.84
Cameroon,CM,CMR,2010,43.44821591,4.3
Cameroon,CM,CMR,2011,51.28211222,5
Cameroon,CM,CMR,2012,62.32232653,7.5
Cameroon,CM,CMR,2013,72.41147607,10
Cameroon,CM,CMR,2014,76.4097583,16.21487223
Cameroon,CM,CMR,2015,78.91603165,18.3
Cameroon,CM,CMR,2016,78.93806963,20.6
Cameroon,CM,CMR,2017,82.54515063,23.20297197
Cameroon,CM,CMR,2018,73.59740879,29.7
Cameroon,CM,CMR,2019,83.00540281,33.5
Cameroon,CM,CMR,2020,84.36916915,37.8
Cameroon,CM,CMR,2021,82.51303705,NA
Canada,CA,CAN,1960,0,NA
Canada,CA,CAN,1961,NA,NA
Canada,CA,CAN,1962,NA,NA
Canada,CA,CAN,1963,NA,NA
Canada,CA,CAN,1964,NA,NA
Canada,CA,CAN,1965,0,NA
Canada,CA,CAN,1966,NA,NA
Canada,CA,CAN,1967,NA,NA
Canada,CA,CAN,1968,NA,NA
Canada,CA,CAN,1969,NA,NA
Canada,CA,CAN,1970,0,NA
Canada,CA,CAN,1971,NA,NA
Canada,CA,CAN,1972,NA,NA
Canada,CA,CAN,1973,NA,NA
Canada,CA,CAN,1974,NA,NA
Canada,CA,CAN,1975,0,NA
Canada,CA,CAN,1976,0,NA
Canada,CA,CAN,1977,0,NA
Canada,CA,CAN,1978,0,NA
Canada,CA,CAN,1979,0,NA
Canada,CA,CAN,1980,0,NA
Canada,CA,CAN,1981,0,NA
Canada,CA,CAN,1982,0,NA
Canada,CA,CAN,1983,0,NA
Canada,CA,CAN,1984,0,NA
Canada,CA,CAN,1985,0.046432581,NA
Canada,CA,CAN,1986,0.229743594,NA
Canada,CA,CAN,1987,0.37207101,NA
Canada,CA,CAN,1988,0.75566853,NA
Canada,CA,CAN,1989,1.266968346,NA
Canada,CA,CAN,1990,2.110719507,0.360999701
Canada,CA,CAN,1991,2.7692662,0.570385926
Canada,CA,CAN,1992,3.621504167,0.91598104
Canada,CA,CAN,1993,4.649694019,1.184557509
Canada,CA,CAN,1994,6.437896665,2.378693853
Canada,CA,CAN,1995,8.842031473,4.163525253
Canada,CA,CAN,1996,11.81927704,6.76023965
Canada,CA,CAN,1997,14.03819836,15.07235736
Canada,CA,CAN,1998,17.73439489,24.8974003
Canada,CA,CAN,1999,22.73384365,36.18644004
Canada,CA,CAN,2000,28.44217078,51.3
Canada,CA,CAN,2001,34.34855145,60.2
Canada,CA,CAN,2002,37.90258971,61.59329927
Canada,CA,CAN,2003,42.03425423,64.2
Canada,CA,CAN,2004,47.06742374,65.95596346
Canada,CA,CAN,2005,52.82047544,71.66
Canada,CA,CAN,2006,57.63302795,72.4
Canada,CA,CAN,2007,61.70384455,73.2
Canada,CA,CAN,2008,66.5065332,76.7
Canada,CA,CAN,2009,70.88158252,80.3
Canada,CA,CAN,2010,76.03888561,80.3
Canada,CA,CAN,2011,78.19708293,83
Canada,CA,CAN,2012,79.90342869,83
Canada,CA,CAN,2013,80.8813881,85.8
Canada,CA,CAN,2014,81.31427412,87.12
Canada,CA,CAN,2015,83.30038912,90
Canada,CA,CAN,2016,85.15367591,91.16
Canada,CA,CAN,2017,86.70104032,92.70137191
Canada,CA,CAN,2018,89.67401709,94.64
Canada,CA,CAN,2019,91.59004081,96.5
Canada,CA,CAN,2020,85.40841921,92.3
Canada,CA,CAN,2021,85.7633068,NA
Caribbean small states,S3,CSS,1960,0,NA
Caribbean small states,S3,CSS,1961,NA,NA
Caribbean small states,S3,CSS,1962,NA,NA
Caribbean small states,S3,CSS,1963,NA,NA
Caribbean small states,S3,CSS,1964,NA,NA
Caribbean small states,S3,CSS,1965,0,NA
Caribbean small states,S3,CSS,1966,NA,NA
Caribbean small states,S3,CSS,1967,NA,NA
Caribbean small states,S3,CSS,1968,NA,NA
Caribbean small states,S3,CSS,1969,NA,NA
Caribbean small states,S3,CSS,1970,0,NA
Caribbean small states,S3,CSS,1971,NA,NA
Caribbean small states,S3,CSS,1972,NA,NA
Caribbean small states,S3,CSS,1973,NA,NA
Caribbean small states,S3,CSS,1974,NA,NA
Caribbean small states,S3,CSS,1975,0,NA
Caribbean small states,S3,CSS,1976,0,NA
Caribbean small states,S3,CSS,1977,0,NA
Caribbean small states,S3,CSS,1978,0,NA
Caribbean small states,S3,CSS,1979,0,NA
Caribbean small states,S3,CSS,1980,0,NA
Caribbean small states,S3,CSS,1981,0,NA
Caribbean small states,S3,CSS,1982,0,NA
Caribbean small states,S3,CSS,1983,0,NA
Caribbean small states,S3,CSS,1984,0,NA
Caribbean small states,S3,CSS,1985,0,NA
Caribbean small states,S3,CSS,1986,0,NA
Caribbean small states,S3,CSS,1987,0,NA
Caribbean small states,S3,CSS,1988,0,NA
Caribbean small states,S3,CSS,1989,0,NA
Caribbean small states,S3,CSS,1990,0.0342036218195883,0
Caribbean small states,S3,CSS,1991,0.0962887363959265,0
Caribbean small states,S3,CSS,1992,0.226982572299784,0
Caribbean small states,S3,CSS,1993,0.398813624676915,0
Caribbean small states,S3,CSS,1994,0.617221576050646,0.0146062162632212
Caribbean small states,S3,CSS,1995,1.06783043446225,0.170904552939809
Caribbean small states,S3,CSS,1996,1.34111946700765,0.554797615341669
Caribbean small states,S3,CSS,1997,1.68921745181743,0.905159623377401
Caribbean small states,S3,CSS,1998,2.19984917850944,1.94598223850314
Caribbean small states,S3,CSS,1999,4.00748416644337,2.98136622734359
Caribbean small states,S3,CSS,2000,10.9395120749859,4.2752680129596
Caribbean small states,S3,CSS,2001,18.4174631429111,6.96507724135071
Caribbean small states,S3,CSS,2002,30.7773729085634,10.7297873765502
Caribbean small states,S3,CSS,2003,42.2512627414686,13.5802130937993
Caribbean small states,S3,CSS,2004,54.3684793738405,15.4668169704305
Caribbean small states,S3,CSS,2005,64.1209748266616,17.9976297321287
Caribbean small states,S3,CSS,2006,81.7286738209038,20.8812530892655
Caribbean small states,S3,CSS,2007,93.505342643875,24.5358967891163
Caribbean small states,S3,CSS,2008,102.663172310695,27.7220736914607
Caribbean small states,S3,CSS,2009,109.799589073113,31.9215550409585
Caribbean small states,S3,CSS,2010,113.298659079388,35.5878399306838
Caribbean small states,S3,CSS,2011,106.952457559565,42.3522788575112
Caribbean small states,S3,CSS,2012,103.287418981218,42.4185628339741
Caribbean small states,S3,CSS,2013,108.443511238168,44.8309100402725
Caribbean small states,S3,CSS,2014,110.747197740611,48.1403863342934
Caribbean small states,S3,CSS,2015,112.929407852343,50.2975026491105
Caribbean small states,S3,CSS,2016,116.765951776009,52.6077305066605
Caribbean small states,S3,CSS,2017,112.619387449486,57.9629420077796
Caribbean small states,S3,CSS,2018,111.099593889363,NA
Caribbean small states,S3,CSS,2019,114.180787697721,NA
Caribbean small states,S3,CSS,2020,112.853135645625,NA
Caribbean small states,S3,CSS,2021,116.593573874883,NA
Cayman Islands,KY,CYM,1960,0,NA
Cayman Islands,KY,CYM,1961,NA,NA
Cayman Islands,KY,CYM,1962,NA,NA
Cayman Islands,KY,CYM,1963,NA,NA
Cayman Islands,KY,CYM,1964,NA,NA
Cayman Islands,KY,CYM,1965,0,NA
Cayman Islands,KY,CYM,1966,NA,NA
Cayman Islands,KY,CYM,1967,NA,NA
Cayman Islands,KY,CYM,1968,NA,NA
Cayman Islands,KY,CYM,1969,NA,NA
Cayman Islands,KY,CYM,1970,0,NA
Cayman Islands,KY,CYM,1971,NA,NA
Cayman Islands,KY,CYM,1972,NA,NA
Cayman Islands,KY,CYM,1973,NA,NA
Cayman Islands,KY,CYM,1974,NA,NA
Cayman Islands,KY,CYM,1975,0,NA
Cayman Islands,KY,CYM,1976,0,NA
Cayman Islands,KY,CYM,1977,0,NA
Cayman Islands,KY,CYM,1978,0,NA
Cayman Islands,KY,CYM,1979,0,NA
Cayman Islands,KY,CYM,1980,0,NA
Cayman Islands,KY,CYM,1981,0,NA
Cayman Islands,KY,CYM,1982,0,NA
Cayman Islands,KY,CYM,1983,0,NA
Cayman Islands,KY,CYM,1984,0,NA
Cayman Islands,KY,CYM,1985,0,NA
Cayman Islands,KY,CYM,1986,0,NA
Cayman Islands,KY,CYM,1987,NA,NA
Cayman Islands,KY,CYM,1988,NA,NA
Cayman Islands,KY,CYM,1989,NA,NA
Cayman Islands,KY,CYM,1990,0,0
Cayman Islands,KY,CYM,1991,2.044623263,0
Cayman Islands,KY,CYM,1992,3.445269728,0
Cayman Islands,KY,CYM,1993,4.19468673,0
Cayman Islands,KY,CYM,1994,5.770577376,0
Cayman Islands,KY,CYM,1995,7.725138711,3.948967193
Cayman Islands,KY,CYM,1996,NA,NA
Cayman Islands,KY,CYM,1997,11.54894741,NA
Cayman Islands,KY,CYM,1998,13.99339577,NA
Cayman Islands,KY,CYM,1999,21.96109153,NA
Cayman Islands,KY,CYM,2000,26.98068486,NA
Cayman Islands,KY,CYM,2001,41.40887611,NA
Cayman Islands,KY,CYM,2002,44.75221406,NA
Cayman Islands,KY,CYM,2003,47.96862888,NA
Cayman Islands,KY,CYM,2004,74.63675308,NA
Cayman Islands,KY,CYM,2005,173.2296103,38.03438308
Cayman Islands,KY,CYM,2006,192.1227972,44.5
Cayman Islands,KY,CYM,2007,204.4373275,52
Cayman Islands,KY,CYM,2008,192.3067895,61
Cayman Islands,KY,CYM,2009,206.6442341,64.5
Cayman Islands,KY,CYM,2010,185.9821726,66
Cayman Islands,KY,CYM,2011,174.3981114,69.46594499
Cayman Islands,KY,CYM,2012,173.8199085,69.7
Cayman Islands,KY,CYM,2013,168.4120113,71.4
Cayman Islands,KY,CYM,2014,152.8861652,74.1
Cayman Islands,KY,CYM,2015,153.0823661,77
Cayman Islands,KY,CYM,2016,153.6543837,79
Cayman Islands,KY,CYM,2017,152.0202576,81.06769325
Cayman Islands,KY,CYM,2018,NA,NA
Cayman Islands,KY,CYM,2019,149.6960716,NA
Cayman Islands,KY,CYM,2020,148.5663349,NA
Cayman Islands,KY,CYM,2021,NA,NA
Central African Republic,CF,CAF,1960,0,NA
Central African Republic,CF,CAF,1961,NA,NA
Central African Republic,CF,CAF,1962,NA,NA
Central African Republic,CF,CAF,1963,NA,NA
Central African Republic,CF,CAF,1964,NA,NA
Central African Republic,CF,CAF,1965,0,NA
Central African Republic,CF,CAF,1966,NA,NA
Central African Republic,CF,CAF,1967,NA,NA
Central African Republic,CF,CAF,1968,NA,NA
Central African Republic,CF,CAF,1969,NA,NA
Central African Republic,CF,CAF,1970,0,NA
Central African Republic,CF,CAF,1971,NA,NA
Central African Republic,CF,CAF,1972,NA,NA
Central African Republic,CF,CAF,1973,NA,NA
Central African Republic,CF,CAF,1974,NA,NA
Central African Republic,CF,CAF,1975,0,NA
Central African Republic,CF,CAF,1976,0,NA
Central African Republic,CF,CAF,1977,0,NA
Central African Republic,CF,CAF,1978,0,NA
Central African Republic,CF,CAF,1979,0,NA
Central African Republic,CF,CAF,1980,0,NA
Central African Republic,CF,CAF,1981,0,NA
Central African Republic,CF,CAF,1982,0,NA
Central African Republic,CF,CAF,1983,0,NA
Central African Republic,CF,CAF,1984,0,NA
Central African Republic,CF,CAF,1985,0,NA
Central African Republic,CF,CAF,1986,0,NA
Central African Republic,CF,CAF,1987,0,NA
Central African Republic,CF,CAF,1988,0,NA
Central African Republic,CF,CAF,1989,0,NA
Central African Republic,CF,CAF,1990,0,0
Central African Republic,CF,CAF,1991,0,0
Central African Republic,CF,CAF,1992,0,0
Central African Republic,CF,CAF,1993,0,0
Central African Republic,CF,CAF,1994,0,0
Central African Republic,CF,CAF,1995,0.001342812,0
Central African Republic,CF,CAF,1996,0.031841169,0.005849503
Central African Republic,CF,CAF,1997,0.039612869,0.014270881
Central African Republic,CF,CAF,1998,0.045934475,0.027878201
Central African Republic,CF,CAF,1999,0.113860194,0.040894287
Central African Republic,CF,CAF,2000,0.132130231,0.053394174
Central African Republic,CF,CAF,2001,0.286102791,0.078543428
Central African Republic,CF,CAF,2002,0.320557832,0.128537117
Central African Republic,CF,CAF,2003,0.993334231,0.151563338
Central African Republic,CF,CAF,2004,1.458031298,0.223401395
Central African Republic,CF,CAF,2005,2.375954956,0.268195609
Central African Republic,CF,CAF,2006,2.561504041,0.311159173
Central African Republic,CF,CAF,2007,7.770417973,0.375815961
Central African Republic,CF,CAF,2008,12.75957623,1
Central African Republic,CF,CAF,2009,18.92065794,1.8
Central African Republic,CF,CAF,2010,21.01326011,2
Central African Republic,CF,CAF,2011,20.97293715,2.2
Central African Republic,CF,CAF,2012,23.94805613,2.4
Central African Republic,CF,CAF,2013,28.32525547,2.5
Central African Republic,CF,CAF,2014,24.08176823,2.7
Central African Republic,CF,CAF,2015,25.7814515,2.9
Central African Republic,CF,CAF,2016,25.45474491,3.1
Central African Republic,CF,CAF,2017,23.52311236,4
Central African Republic,CF,CAF,2018,25.10924907,5.1
Central African Republic,CF,CAF,2019,30.6238199,8.3
Central African Republic,CF,CAF,2020,34.26900891,10.4
Central African Republic,CF,CAF,2021,NA,NA
Central Europe and the Baltics,B8,CEB,1960,0,NA
Central Europe and the Baltics,B8,CEB,1961,NA,NA
Central Europe and the Baltics,B8,CEB,1962,NA,NA
Central Europe and the Baltics,B8,CEB,1963,NA,NA
Central Europe and the Baltics,B8,CEB,1964,NA,NA
Central Europe and the Baltics,B8,CEB,1965,0,NA
Central Europe and the Baltics,B8,CEB,1966,NA,NA
Central Europe and the Baltics,B8,CEB,1967,NA,NA
Central Europe and the Baltics,B8,CEB,1968,NA,NA
Central Europe and the Baltics,B8,CEB,1969,NA,NA
Central Europe and the Baltics,B8,CEB,1970,0,NA
Central Europe and the Baltics,B8,CEB,1971,NA,NA
Central Europe and the Baltics,B8,CEB,1972,NA,NA
Central Europe and the Baltics,B8,CEB,1973,NA,NA
Central Europe and the Baltics,B8,CEB,1974,NA,NA
Central Europe and the Baltics,B8,CEB,1975,0,NA
Central Europe and the Baltics,B8,CEB,1976,0,NA
Central Europe and the Baltics,B8,CEB,1977,0,NA
Central Europe and the Baltics,B8,CEB,1978,0,NA
Central Europe and the Baltics,B8,CEB,1979,0,NA
Central Europe and the Baltics,B8,CEB,1980,0,NA
Central Europe and the Baltics,B8,CEB,1981,0,NA
Central Europe and the Baltics,B8,CEB,1982,0,NA
Central Europe and the Baltics,B8,CEB,1983,0,NA
Central Europe and the Baltics,B8,CEB,1984,0,NA
Central Europe and the Baltics,B8,CEB,1985,0,NA
Central Europe and the Baltics,B8,CEB,1986,0,NA
Central Europe and the Baltics,B8,CEB,1987,0,NA
Central Europe and the Baltics,B8,CEB,1988,0,NA
Central Europe and the Baltics,B8,CEB,1989,0,NA
Central Europe and the Baltics,B8,CEB,1990,0.00261056682817441,0
Central Europe and the Baltics,B8,CEB,1991,0.011712864542566,0.00212268791678814
Central Europe and the Baltics,B8,CEB,1992,0.0409861753430625,0.0234971843218705
Central Europe and the Baltics,B8,CEB,1993,0.100145314041537,0.140449541495477
Central Europe and the Baltics,B8,CEB,1994,0.265133988712243,0.367720970383807
Central Europe and the Baltics,B8,CEB,1995,0.502357189330766,0.587826737869043
Central Europe and the Baltics,B8,CEB,1996,1.11078924064207,1.07002085831506
Central Europe and the Baltics,B8,CEB,1997,2.85223847693437,1.79447190881875
Central Europe and the Baltics,B8,CEB,1998,5.71859300651462,3.51458249194234
Central Europe and the Baltics,B8,CEB,1999,10.8961048326083,4.96572509041927
Central Europe and the Baltics,B8,CEB,2000,20.6738050964585,7.05543729111849
Central Europe and the Baltics,B8,CEB,2001,32.3962797065849,10.2402887077648
Central Europe and the Baltics,B8,CEB,2002,44.0470611702492,18.2645610199556
Central Europe and the Baltics,B8,CEB,2003,53.9585246760164,22.613612225965
Central Europe and the Baltics,B8,CEB,2004,67.6395983731625,29.2752073803138
Central Europe and the Baltics,B8,CEB,2005,82.057716489448,34.7751428190142
Central Europe and the Baltics,B8,CEB,2006,96.9548130511162,40.8344016365848
Central Europe and the Baltics,B8,CEB,2007,111.161228073277,45.3137669893418
Central Europe and the Baltics,B8,CEB,2008,119.094672426691,50.7054902471686
Central Europe and the Baltics,B8,CEB,2009,119.689348064331,55.1138437037061
Central Europe and the Baltics,B8,CEB,2010,121.74442149351,58.6002660853537
Central Europe and the Baltics,B8,CEB,2011,124.795725594432,59.1190792926196
Central Europe and the Baltics,B8,CEB,2012,129.359970635373,61.7140262966908
Central Europe and the Baltics,B8,CEB,2013,131.766589782834,63.4541012148942
Central Europe and the Baltics,B8,CEB,2014,130.864424519989,66.4752221974224
Central Europe and the Baltics,B8,CEB,2015,126.076137856759,67.3429671349962
Central Europe and the Baltics,B8,CEB,2016,124.997371413113,71.3428544464196
Central Europe and the Baltics,B8,CEB,2017,122.132128080483,73.4106382259526
Central Europe and the Baltics,B8,CEB,2018,119.829218463391,75.9768506229148
Central Europe and the Baltics,B8,CEB,2019,120.788794710806,78.7290722610023
Central Europe and the Baltics,B8,CEB,2020,121.617426753818,81.7802417682436
Central Europe and the Baltics,B8,CEB,2021,124.112156386123,84.7131489804761
Chad,TD,TCD,1960,0,NA
Chad,TD,TCD,1961,NA,NA
Chad,TD,TCD,1962,NA,NA
Chad,TD,TCD,1963,NA,NA
Chad,TD,TCD,1964,NA,NA
Chad,TD,TCD,1965,0,NA
Chad,TD,TCD,1966,NA,NA
Chad,TD,TCD,1967,NA,NA
Chad,TD,TCD,1968,NA,NA
Chad,TD,TCD,1969,NA,NA
Chad,TD,TCD,1970,0,NA
Chad,TD,TCD,1971,NA,NA
Chad,TD,TCD,1972,NA,NA
Chad,TD,TCD,1973,NA,NA
Chad,TD,TCD,1974,NA,NA
Chad,TD,TCD,1975,0,NA
Chad,TD,TCD,1976,0,NA
Chad,TD,TCD,1977,0,NA
Chad,TD,TCD,1978,0,NA
Chad,TD,TCD,1979,0,NA
Chad,TD,TCD,1980,0,NA
Chad,TD,TCD,1981,0,NA
Chad,TD,TCD,1982,0,NA
Chad,TD,TCD,1983,0,NA
Chad,TD,TCD,1984,0,NA
Chad,TD,TCD,1985,0,NA
Chad,TD,TCD,1986,0,NA
Chad,TD,TCD,1987,0,NA
Chad,TD,TCD,1988,0,NA
Chad,TD,TCD,1989,0,NA
Chad,TD,TCD,1990,0,0
Chad,TD,TCD,1991,0,0
Chad,TD,TCD,1992,0,0
Chad,TD,TCD,1993,0,0
Chad,TD,TCD,1994,0,0
Chad,TD,TCD,1995,0,0
Chad,TD,TCD,1996,0,NA
Chad,TD,TCD,1997,0,6.58168e-4
Chad,TD,TCD,1998,0,0.004268504
Chad,TD,TCD,1999,0,0.012321728
Chad,TD,TCD,2000,0.066592914,0.035707076
Chad,TD,TCD,2001,0.257647324,0.045934134
Chad,TD,TCD,2002,0.386949265,0.166069665
Chad,TD,TCD,2003,0.706800925,0.320308555
Chad,TD,TCD,2004,1.279450373,0.360920107
Chad,TD,TCD,2005,2.098948007,0.3992577
Chad,TD,TCD,2006,4.496482312,0.581045764
Chad,TD,TCD,2007,8.564571843,0.847224521
Chad,TD,TCD,2008,14.41614955,1.19
Chad,TD,TCD,2009,19.84424669,1.5
Chad,TD,TCD,2010,24.17292974,1.7
Chad,TD,TCD,2011,29.75922512,1.9
Chad,TD,TCD,2012,34.51442135,2.1
Chad,TD,TCD,2013,34.51103697,2.5
Chad,TD,TCD,2014,38.34059787,2.9
Chad,TD,TCD,2015,38.65410953,3.5
Chad,TD,TCD,2016,38.27772119,5.8
Chad,TD,TCD,2017,42.21562356,7.4
Chad,TD,TCD,2018,44.75798518,8
Chad,TD,TCD,2019,47.52838524,9.8
Chad,TD,TCD,2020,52.19169152,10.4
Chad,TD,TCD,2021,NA,NA
Channel Islands,JG,CHI,1960,NA,NA
Channel Islands,JG,CHI,1961,NA,NA
Channel Islands,JG,CHI,1962,NA,NA
Channel Islands,JG,CHI,1963,NA,NA
Channel Islands,JG,CHI,1964,NA,NA
Channel Islands,JG,CHI,1965,NA,NA
Channel Islands,JG,CHI,1966,NA,NA
Channel Islands,JG,CHI,1967,NA,NA
Channel Islands,JG,CHI,1968,NA,NA
Channel Islands,JG,CHI,1969,NA,NA
Channel Islands,JG,CHI,1970,NA,NA
Channel Islands,JG,CHI,1971,NA,NA
Channel Islands,JG,CHI,1972,NA,NA
Channel Islands,JG,CHI,1973,NA,NA
Channel Islands,JG,CHI,1974,NA,NA
Channel Islands,JG,CHI,1975,NA,NA
Channel Islands,JG,CHI,1976,NA,NA
Channel Islands,JG,CHI,1977,NA,NA
Channel Islands,JG,CHI,1978,NA,NA
Channel Islands,JG,CHI,1979,NA,NA
Channel Islands,JG,CHI,1980,NA,NA
Channel Islands,JG,CHI,1981,NA,NA
Channel Islands,JG,CHI,1982,NA,NA
Channel Islands,JG,CHI,1983,NA,NA
Channel Islands,JG,CHI,1984,NA,NA
Channel Islands,JG,CHI,1985,NA,NA
Channel Islands,JG,CHI,1986,NA,NA
Channel Islands,JG,CHI,1987,NA,NA
Channel Islands,JG,CHI,1988,NA,NA
Channel Islands,JG,CHI,1989,NA,NA
Channel Islands,JG,CHI,1990,NA,NA
Channel Islands,JG,CHI,1991,NA,NA
Channel Islands,JG,CHI,1992,NA,NA
Channel Islands,JG,CHI,1993,NA,NA
Channel Islands,JG,CHI,1994,NA,NA
Channel Islands,JG,CHI,1995,NA,NA
Channel Islands,JG,CHI,1996,NA,NA
Channel Islands,JG,CHI,1997,NA,NA
Channel Islands,JG,CHI,1998,NA,NA
Channel Islands,JG,CHI,1999,NA,NA
Channel Islands,JG,CHI,2000,NA,NA
Channel Islands,JG,CHI,2001,NA,NA
Channel Islands,JG,CHI,2002,NA,NA
Channel Islands,JG,CHI,2003,NA,NA
Channel Islands,JG,CHI,2004,NA,NA
Channel Islands,JG,CHI,2005,NA,NA
Channel Islands,JG,CHI,2006,NA,NA
Channel Islands,JG,CHI,2007,NA,NA
Channel Islands,JG,CHI,2008,NA,NA
Channel Islands,JG,CHI,2009,NA,NA
Channel Islands,JG,CHI,2010,NA,NA
Channel Islands,JG,CHI,2011,NA,NA
Channel Islands,JG,CHI,2012,NA,NA
Channel Islands,JG,CHI,2013,NA,NA
Channel Islands,JG,CHI,2014,NA,NA
Channel Islands,JG,CHI,2015,NA,NA
Channel Islands,JG,CHI,2016,NA,NA
Channel Islands,JG,CHI,2017,NA,NA
Channel Islands,JG,CHI,2018,NA,NA
Channel Islands,JG,CHI,2019,NA,NA
Channel Islands,JG,CHI,2020,NA,NA
Channel Islands,JG,CHI,2021,NA,NA
Chile,CL,CHL,1960,0,NA
Chile,CL,CHL,1961,NA,NA
Chile,CL,CHL,1962,NA,NA
Chile,CL,CHL,1963,NA,NA
Chile,CL,CHL,1964,NA,NA
Chile,CL,CHL,1965,0,NA
Chile,CL,CHL,1966,NA,NA
Chile,CL,CHL,1967,NA,NA
Chile,CL,CHL,1968,NA,NA
Chile,CL,CHL,1969,NA,NA
Chile,CL,CHL,1970,0,NA
Chile,CL,CHL,1971,NA,NA
Chile,CL,CHL,1972,NA,NA
Chile,CL,CHL,1973,NA,NA
Chile,CL,CHL,1974,NA,NA
Chile,CL,CHL,1975,0,NA
Chile,CL,CHL,1976,0,NA
Chile,CL,CHL,1977,0,NA
Chile,CL,CHL,1978,0,NA
Chile,CL,CHL,1979,0,NA
Chile,CL,CHL,1980,0,NA
Chile,CL,CHL,1981,0,NA
Chile,CL,CHL,1982,0,NA
Chile,CL,CHL,1983,0,NA
Chile,CL,CHL,1984,0,NA
Chile,CL,CHL,1985,0,NA
Chile,CL,CHL,1986,0,NA
Chile,CL,CHL,1987,0,NA
Chile,CL,CHL,1988,0,NA
Chile,CL,CHL,1989,0.037216408,NA
Chile,CL,CHL,1990,0.104332892,0
Chile,CL,CHL,1991,0.266451437,0
Chile,CL,CHL,1992,0.467541804,0.036548938
Chile,CL,CHL,1993,0.608541585,0.071783144
Chile,CL,CHL,1994,0.814113391,0.141084507
Chile,CL,CHL,1995,1.368639745,0.346980781
Chile,CL,CHL,1996,2.185860172,0.68347561
Chile,CL,CHL,1997,2.766776987,1.057092496
Chile,CL,CHL,1998,6.429716534,1.662322022
Chile,CL,CHL,1999,14.89605908,4.103419297
Chile,CL,CHL,2000,22.15717664,16.6
Chile,CL,CHL,2001,32.85744801,19.1
Chile,CL,CHL,2002,39.78841312,22.1
Chile,CL,CHL,2003,45.83031509,25.47377889
Chile,CL,CHL,2004,57.81873304,28.17791012
Chile,CL,CHL,2005,65.34385645,31.17534703
Chile,CL,CHL,2006,76.22360399,34.49775117
Chile,CL,CHL,2007,84.59985967,35.9
Chile,CL,CHL,2008,88.80729074,37.3
Chile,CL,CHL,2009,97.72343715,41.56
Chile,CL,CHL,2010,116.7493111,45
Chile,CL,CHL,2011,129.9394599,52.24960729
Chile,CL,CHL,2012,138.0537951,55.05
Chile,CL,CHL,2013,135.1310128,58
Chile,CL,CHL,2014,133.8868853,61.11
Chile,CL,CHL,2015,129.861175,76.62959195
Chile,CL,CHL,2016,128.8584324,83.55858602
Chile,CL,CHL,2017,125.28541,82.32748693
Chile,CL,CHL,2018,134.6365175,84.9
Chile,CL,CHL,2019,131.5774455,86.1
Chile,CL,CHL,2020,129.8851806,88.3
Chile,CL,CHL,2021,136.3134058,NA
China,CN,CHN,1960,0,NA
China,CN,CHN,1961,NA,NA
China,CN,CHN,1962,NA,NA
China,CN,CHN,1963,NA,NA
China,CN,CHN,1964,NA,NA
China,CN,CHN,1965,0,NA
China,CN,CHN,1966,NA,NA
China,CN,CHN,1967,NA,NA
China,CN,CHN,1968,NA,NA
China,CN,CHN,1969,NA,NA
China,CN,CHN,1970,0,NA
China,CN,CHN,1971,NA,NA
China,CN,CHN,1972,NA,NA
China,CN,CHN,1973,NA,NA
China,CN,CHN,1974,NA,NA
China,CN,CHN,1975,0,NA
China,CN,CHN,1976,0,NA
China,CN,CHN,1977,0,NA
China,CN,CHN,1978,0,NA
China,CN,CHN,1979,0,NA
China,CN,CHN,1980,0,NA
China,CN,CHN,1981,0,NA
China,CN,CHN,1982,0,NA
China,CN,CHN,1983,0,NA
China,CN,CHN,1984,0,NA
China,CN,CHN,1985,0,NA
China,CN,CHN,1986,0,NA
China,CN,CHN,1987,6.38e-5,NA
China,CN,CHN,1988,2.89186e-4,NA
China,CN,CHN,1989,8.64322e-4,NA
China,CN,CHN,1990,0.001587842,0
China,CN,CHN,1991,0.004061416,0
China,CN,CHN,1992,0.014946866,0
China,CN,CHN,1993,0.053350925,1.6868e-4
China,CN,CHN,1994,0.129878018,0.001168115
China,CN,CHN,1995,0.29791213,0.00495471
China,CN,CHN,1996,0.557926117,0.013081692
China,CN,CHN,1997,1.069072913,0.032394861
China,CN,CHN,1998,1.913884263,0.168540297
China,CN,CHN,1999,3.448689963,0.708187957
China,CN,CHN,2000,6.744724531,1.775913207
China,CN,CHN,2001,11.37860424,2.639650215
China,CN,CHN,2002,16.08250443,4.595704331
China,CN,CHN,2003,20.94488156,6.2
China,CN,CHN,2004,25.81891467,7.3
China,CN,CHN,2005,30.14865123,8.523257003
China,CN,CHN,2006,35.11253649,10.52315262
China,CN,CHN,2007,41.41509824,16
China,CN,CHN,2008,48.20785124,22.6
China,CN,CHN,2009,55.79864972,28.9
China,CN,CHN,2010,63.71521287,34.3
China,CN,CHN,2011,72.67381064,38.3
China,CN,CHN,2012,81.38349829,42.30011749
China,CN,CHN,2013,89.31856151,45.8
China,CN,CHN,2014,92.84598562,47.9
China,CN,CHN,2015,92.70071605,50.3
China,CN,CHN,2016,97.36386675,53.2
China,CN,CHN,2017,104.2265872,54.3
China,CN,CHN,2018,116.3882038,59.2
China,CN,CHN,2019,122.8132903,64.10983774
China,CN,CHN,2020,120.5961882,70.05275998
China,CN,CHN,2021,121.5140853,73.0532414
Colombia,CO,COL,1960,0,NA
Colombia,CO,COL,1961,NA,NA
Colombia,CO,COL,1962,NA,NA
Colombia,CO,COL,1963,NA,NA
Colombia,CO,COL,1964,NA,NA
Colombia,CO,COL,1965,0,NA
Colombia,CO,COL,1966,NA,NA
Colombia,CO,COL,1967,NA,NA
Colombia,CO,COL,1968,NA,NA
Colombia,CO,COL,1969,NA,NA
Colombia,CO,COL,1970,0,NA
Colombia,CO,COL,1971,NA,NA
Colombia,CO,COL,1972,NA,NA
Colombia,CO,COL,1973,NA,NA
Colombia,CO,COL,1974,NA,NA
Colombia,CO,COL,1975,0,NA
Colombia,CO,COL,1976,0,NA
Colombia,CO,COL,1977,0,NA
Colombia,CO,COL,1978,0,NA
Colombia,CO,COL,1979,0,NA
Colombia,CO,COL,1980,0,NA
Colombia,CO,COL,1981,0,NA
Colombia,CO,COL,1982,0,NA
Colombia,CO,COL,1983,0,NA
Colombia,CO,COL,1984,0,NA
Colombia,CO,COL,1985,0,NA
Colombia,CO,COL,1986,0,NA
Colombia,CO,COL,1987,0,NA
Colombia,CO,COL,1988,0,NA
Colombia,CO,COL,1989,0,NA
Colombia,CO,COL,1990,0,0
Colombia,CO,COL,1991,0,0
Colombia,CO,COL,1992,0,0
Colombia,CO,COL,1993,0,0
Colombia,CO,COL,1994,0.245938139,0.107173945
Colombia,CO,COL,1995,0.763384012,0.18804679
Colombia,CO,COL,1996,1.42730078,0.330017773
Colombia,CO,COL,1997,3.391517836,0.550521023
Colombia,CO,COL,1998,4.744384773,1.126225245
Colombia,CO,COL,1999,5.096626456,1.697730794
Colombia,CO,COL,2000,5.75492345,2.207532993
Colombia,CO,COL,2001,8.196373426,2.854199971
Colombia,CO,COL,2002,11.36250635,4.6
Colombia,CO,COL,2003,15.0671079,7.388923711
Colombia,CO,COL,2004,24.97241422,9.118690303
Colombia,CO,COL,2005,51.75155503,11.00726389
Colombia,CO,COL,2006,69.58309594,15.34167454
Colombia,CO,COL,2007,78.37404023,21.8
Colombia,CO,COL,2008,94.40706951,25.6
Colombia,CO,COL,2009,95.13853853,30
Colombia,CO,COL,2010,99.24479163,36.5
Colombia,CO,COL,2011,101.9676509,40.35091575
Colombia,CO,COL,2012,107.1729328,48.98
Colombia,CO,COL,2013,108.7745797,51.7
Colombia,CO,COL,2014,118.5362158,52.57
Colombia,CO,COL,2015,121.6634145,55.90497251
Colombia,CO,COL,2016,123.2204667,58.13649357
Colombia,CO,COL,2017,128.6822441,62.25988032
Colombia,CO,COL,2018,130.9211763,64.12637682
Colombia,CO,COL,2019,132.0713308,65.00690072
Colombia,CO,COL,2020,132.8719623,69.79
Colombia,CO,COL,2021,145.6931676,NA
Comoros,KM,COM,1960,0,NA
Comoros,KM,COM,1961,NA,NA
Comoros,KM,COM,1962,NA,NA
Comoros,KM,COM,1963,NA,NA
Comoros,KM,COM,1964,NA,NA
Comoros,KM,COM,1965,0,NA
Comoros,KM,COM,1966,NA,NA
Comoros,KM,COM,1967,NA,NA
Comoros,KM,COM,1968,NA,NA
Comoros,KM,COM,1969,NA,NA
Comoros,KM,COM,1970,0,NA
Comoros,KM,COM,1971,NA,NA
Comoros,KM,COM,1972,NA,NA
Comoros,KM,COM,1973,NA,NA
Comoros,KM,COM,1974,NA,NA
Comoros,KM,COM,1975,0,NA
Comoros,KM,COM,1976,0,NA
Comoros,KM,COM,1977,0,NA
Comoros,KM,COM,1978,0,NA
Comoros,KM,COM,1979,0,NA
Comoros,KM,COM,1980,0,NA
Comoros,KM,COM,1981,0,NA
Comoros,KM,COM,1982,0,NA
Comoros,KM,COM,1983,0,NA
Comoros,KM,COM,1984,0,NA
Comoros,KM,COM,1985,0,NA
Comoros,KM,COM,1986,0,NA
Comoros,KM,COM,1987,0,NA
Comoros,KM,COM,1988,0,NA
Comoros,KM,COM,1989,0,NA
Comoros,KM,COM,1990,0,0
Comoros,KM,COM,1991,0,0
Comoros,KM,COM,1992,0,0
Comoros,KM,COM,1993,0,0
Comoros,KM,COM,1994,0,0
Comoros,KM,COM,1995,0,0
Comoros,KM,COM,1996,0,NA
Comoros,KM,COM,1997,0,0
Comoros,KM,COM,1998,0,0.03787097
Comoros,KM,COM,1999,0,0.148162964
Comoros,KM,COM,2000,0,0.271740607
Comoros,KM,COM,2001,0,0.443068373
Comoros,KM,COM,2002,0,0.554869675
Comoros,KM,COM,2003,0.350797187,0.84818937
Comoros,KM,COM,2004,1.441614443,1.327327178
Comoros,KM,COM,2005,2.619106673,2
Comoros,KM,COM,2006,6.098819498,2.2
Comoros,KM,COM,2007,10.06710974,2.5
Comoros,KM,COM,2008,14.57432443,3
Comoros,KM,COM,2009,19.08129738,3.5
Comoros,KM,COM,2010,25.19389535,5.1
Comoros,KM,COM,2011,32.30080439,5.5
Comoros,KM,COM,2012,41.41555353,5.975296308
Comoros,KM,COM,2013,49.68601299,6.5
Comoros,KM,COM,2014,53.59551757,6.98
Comoros,KM,COM,2015,58.17265028,7.459161386
Comoros,KM,COM,2016,60.89111697,7.938322771
Comoros,KM,COM,2017,61.56441686,8.478170295
Comoros,KM,COM,2018,64.26561932,NA
Comoros,KM,COM,2019,72.72164109,NA
Comoros,KM,COM,2020,96.95013186,NA
Comoros,KM,COM,2021,103.8731734,NA
"Congo, Dem. Rep.",CD,COD,1960,0,NA
"Congo, Dem. Rep.",CD,COD,1961,NA,NA
"Congo, Dem. Rep.",CD,COD,1962,NA,NA
"Congo, Dem. Rep.",CD,COD,1963,NA,NA
"Congo, Dem. Rep.",CD,COD,1964,NA,NA
"Congo, Dem. Rep.",CD,COD,1965,0,NA
"Congo, Dem. Rep.",CD,COD,1966,NA,NA
"Congo, Dem. Rep.",CD,COD,1967,NA,NA
"Congo, Dem. Rep.",CD,COD,1968,NA,NA
"Congo, Dem. Rep.",CD,COD,1969,NA,NA
"Congo, Dem. Rep.",CD,COD,1970,0,NA
"Congo, Dem. Rep.",CD,COD,1971,NA,NA
"Congo, Dem. Rep.",CD,COD,1972,NA,NA
"Congo, Dem. Rep.",CD,COD,1973,NA,NA
"Congo, Dem. Rep.",CD,COD,1974,NA,NA
"Congo, Dem. Rep.",CD,COD,1975,0,NA
"Congo, Dem. Rep.",CD,COD,1976,0,NA
"Congo, Dem. Rep.",CD,COD,1977,0,NA
"Congo, Dem. Rep.",CD,COD,1978,0,NA
"Congo, Dem. Rep.",CD,COD,1979,0,NA
"Congo, Dem. Rep.",CD,COD,1980,0,NA
"Congo, Dem. Rep.",CD,COD,1981,0,NA
"Congo, Dem. Rep.",CD,COD,1982,0,NA
"Congo, Dem. Rep.",CD,COD,1983,0,NA
"Congo, Dem. Rep.",CD,COD,1984,0,NA
"Congo, Dem. Rep.",CD,COD,1985,0,NA
"Congo, Dem. Rep.",CD,COD,1986,0,NA
"Congo, Dem. Rep.",CD,COD,1987,0,NA
"Congo, Dem. Rep.",CD,COD,1988,0,NA
"Congo, Dem. Rep.",CD,COD,1989,0,NA
"Congo, Dem. Rep.",CD,COD,1990,0,0
"Congo, Dem. Rep.",CD,COD,1991,0,0
"Congo, Dem. Rep.",CD,COD,1992,NA,0
"Congo, Dem. Rep.",CD,COD,1993,NA,0
"Congo, Dem. Rep.",CD,COD,1994,NA,0
"Congo, Dem. Rep.",CD,COD,1995,0.019636928,0
"Congo, Dem. Rep.",CD,COD,1996,0.016319607,1.08207e-4
"Congo, Dem. Rep.",CD,COD,1997,0.019856233,2.11213e-4
"Congo, Dem. Rep.",CD,COD,1998,0.021788617,4.13065e-4
"Congo, Dem. Rep.",CD,COD,1999,0.025409066,0.001009076
"Congo, Dem. Rep.",CD,COD,2000,0.030853839,0.005902114
"Congo, Dem. Rep.",CD,COD,2001,0.29936142,0.011475782
"Congo, Dem. Rep.",CD,COD,2002,1.083967385,0.092790702
"Congo, Dem. Rep.",CD,COD,2003,2.342279923,0.134914837
"Congo, Dem. Rep.",CD,COD,2004,3.631670083,0.196208375
"Congo, Dem. Rep.",CD,COD,2005,4.856024853,0.238037799
"Congo, Dem. Rep.",CD,COD,2006,7.563115316,0.29605361
"Congo, Dem. Rep.",CD,COD,2007,10.93392469,0.37
"Congo, Dem. Rep.",CD,COD,2008,15.96412219,0.44
"Congo, Dem. Rep.",CD,COD,2009,14.71685523,0.56
"Congo, Dem. Rep.",CD,COD,2010,17.80407321,0.72
"Congo, Dem. Rep.",CD,COD,2011,22.78791578,1.2
"Congo, Dem. Rep.",CD,COD,2012,28.30039549,1.679961015
"Congo, Dem. Rep.",CD,COD,2013,38.4316525,2.2
"Congo, Dem. Rep.",CD,COD,2014,48.79683182,3
"Congo, Dem. Rep.",CD,COD,2015,47.996781060000004,3.799999507
"Congo, Dem. Rep.",CD,COD,2016,35.47706053,10.1
"Congo, Dem. Rep.",CD,COD,2017,41.97184654,8.619904916
"Congo, Dem. Rep.",CD,COD,2018,41.87818082,11.7
"Congo, Dem. Rep.",CD,COD,2019,41.29072644,12.5
"Congo, Dem. Rep.",CD,COD,2020,43.93861689,13.6
"Congo, Dem. Rep.",CD,COD,2021,NA,NA
"Congo, Rep.",CG,COG,1960,0,NA
"Congo, Rep.",CG,COG,1961,NA,NA
"Congo, Rep.",CG,COG,1962,NA,NA
"Congo, Rep.",CG,COG,1963,NA,NA
"Congo, Rep.",CG,COG,1964,NA,NA
"Congo, Rep.",CG,COG,1965,0,NA
"Congo, Rep.",CG,COG,1966,NA,NA
"Congo, Rep.",CG,COG,1967,NA,NA
"Congo, Rep.",CG,COG,1968,NA,NA
"Congo, Rep.",CG,COG,1969,NA,NA
"Congo, Rep.",CG,COG,1970,0,NA
"Congo, Rep.",CG,COG,1971,NA,NA
"Congo, Rep.",CG,COG,1972,NA,NA
"Congo, Rep.",CG,COG,1973,NA,NA
"Congo, Rep.",CG,COG,1974,NA,NA
"Congo, Rep.",CG,COG,1975,0,NA
"Congo, Rep.",CG,COG,1976,0,NA
"Congo, Rep.",CG,COG,1977,0,NA
"Congo, Rep.",CG,COG,1978,0,NA
"Congo, Rep.",CG,COG,1979,0,NA
"Congo, Rep.",CG,COG,1980,0,NA
"Congo, Rep.",CG,COG,1981,0,NA
"Congo, Rep.",CG,COG,1982,0,NA
"Congo, Rep.",CG,COG,1983,0,NA
"Congo, Rep.",CG,COG,1984,0,NA
"Congo, Rep.",CG,COG,1985,0,NA
"Congo, Rep.",CG,COG,1986,0,NA
"Congo, Rep.",CG,COG,1987,0,NA
"Congo, Rep.",CG,COG,1988,0,NA
"Congo, Rep.",CG,COG,1989,0,NA
"Congo, Rep.",CG,COG,1990,0,0
"Congo, Rep.",CG,COG,1991,0,0
"Congo, Rep.",CG,COG,1992,0,0
"Congo, Rep.",CG,COG,1993,0,0
"Congo, Rep.",CG,COG,1994,0,0
"Congo, Rep.",CG,COG,1995,0,0
"Congo, Rep.",CG,COG,1996,0.035503862,0.00352686
"Congo, Rep.",CG,COG,1997,NA,0.003469104
"Congo, Rep.",CG,COG,1998,0.115417379,0.003415143
"Congo, Rep.",CG,COG,1999,0.165746278,0.016791049
"Congo, Rep.",CG,COG,2000,2.233545946,0.026354732
"Congo, Rep.",CG,COG,2001,4.60956805,0.032223616
"Congo, Rep.",CG,COG,2002,6.658345236,0.157249517
"Congo, Rep.",CG,COG,2003,9.636012758,0.460014187
"Congo, Rep.",CG,COG,2004,10.82844201,1.07750493
"Congo, Rep.",CG,COG,2005,15.1978347,1.46342006
"Congo, Rep.",CG,COG,2006,24.06035366,2.007990079
"Congo, Rep.",CG,COG,2007,32.54611347,2.759704374
"Congo, Rep.",CG,COG,2008,44.18522878,4.287509903
"Congo, Rep.",CG,COG,2009,69.25404547,4.5
"Congo, Rep.",CG,COG,2010,83.79552057,5
"Congo, Rep.",CG,COG,2011,84.74201477,5.6
"Congo, Rep.",CG,COG,2012,90.87418742,6.106695024
"Congo, Rep.",CG,COG,2013,96.51404931,6.6
"Congo, Rep.",CG,COG,2014,99.70146791,7.11
"Congo, Rep.",CG,COG,2015,102.9937292,7.615974662
"Congo, Rep.",CG,COG,2016,104.5726633,8.121949323
"Congo, Rep.",CG,COG,2017,95.17463114,8.65
"Congo, Rep.",CG,COG,2018,91.89382514,NA
"Congo, Rep.",CG,COG,2019,88.76750847,NA
"Congo, Rep.",CG,COG,2020,85.75676575,NA
"Congo, Rep.",CG,COG,2021,95.2509045,NA
Costa Rica,CR,CRI,1960,0,NA
Costa Rica,CR,CRI,1961,NA,NA
Costa Rica,CR,CRI,1962,NA,NA
Costa Rica,CR,CRI,1963,NA,NA
Costa Rica,CR,CRI,1964,NA,NA
Costa Rica,CR,CRI,1965,0,NA
Costa Rica,CR,CRI,1966,NA,NA
Costa Rica,CR,CRI,1967,NA,NA
Costa Rica,CR,CRI,1968,NA,NA
Costa Rica,CR,CRI,1969,NA,NA
Costa Rica,CR,CRI,1970,0,NA
Costa Rica,CR,CRI,1971,NA,NA
Costa Rica,CR,CRI,1972,NA,NA
Costa Rica,CR,CRI,1973,NA,NA
Costa Rica,CR,CRI,1974,NA,NA
Costa Rica,CR,CRI,1975,0,NA
Costa Rica,CR,CRI,1976,0,NA
Costa Rica,CR,CRI,1977,0,NA
Costa Rica,CR,CRI,1978,0,NA
Costa Rica,CR,CRI,1979,0,NA
Costa Rica,CR,CRI,1980,0,NA
Costa Rica,CR,CRI,1981,0,NA
Costa Rica,CR,CRI,1982,0,NA
Costa Rica,CR,CRI,1983,0,NA
Costa Rica,CR,CRI,1984,0,NA
Costa Rica,CR,CRI,1985,0,NA
Costa Rica,CR,CRI,1986,0,NA
Costa Rica,CR,CRI,1987,0,NA
Costa Rica,CR,CRI,1988,0,NA
Costa Rica,CR,CRI,1989,0,NA
Costa Rica,CR,CRI,1990,0,0
Costa Rica,CR,CRI,1991,0,0
Costa Rica,CR,CRI,1992,0.090549498,0.001113325
Costa Rica,CR,CRI,1993,0.133113211,0.081509754
Costa Rica,CR,CRI,1994,0.200191909,0.279912479
Costa Rica,CR,CRI,1995,0.524790252,0.416829206
Costa Rica,CR,CRI,1996,1.272648304,0.84105704
Costa Rica,CR,CRI,1997,1.721843643,1.640221288
Costa Rica,CR,CRI,1998,2.846322652,2.666378698
Costa Rica,CR,CRI,1999,3.541727008,3.904323257
Costa Rica,CR,CRI,2000,5.31801431,5.800253023
Costa Rica,CR,CRI,2001,8.066274189,9.559482135
Costa Rica,CR,CRI,2002,12.18830827,19.89485113
Costa Rica,CR,CRI,2003,18.58131934,20.33361481
Costa Rica,CR,CRI,2004,21.70532355,20.79230671
Costa Rica,CR,CRI,2005,25.51746605,22.07
Costa Rica,CR,CRI,2006,32.97533765,25.1
Costa Rica,CR,CRI,2007,33.96875103,28.4
Costa Rica,CR,CRI,2008,41.90588862,32.29
Costa Rica,CR,CRI,2009,42.74082225,34.33
Costa Rica,CR,CRI,2010,67.68068898,36.5
Costa Rica,CR,CRI,2011,88.74215105,39.212196
Costa Rica,CR,CRI,2012,113.5432338,47.5
Costa Rica,CR,CRI,2013,148.4280298,45.96
Costa Rica,CR,CRI,2014,144.9214415,53
Costa Rica,CR,CRI,2015,153.9372109,59.76295014
Costa Rica,CR,CRI,2016,168.4594269,65.88044919
Costa Rica,CR,CRI,2017,177.0248638,71.58166462
Costa Rica,CR,CRI,2018,168.5386493,73.47972844
Costa Rica,CR,CRI,2019,168.1618485,81.20259644
Costa Rica,CR,CRI,2020,146.6370492,80.530186079999993
Costa Rica,CR,CRI,2021,152.0081561,82.74901607
Cote d'Ivoire,CI,CIV,1960,0,NA
Cote d'Ivoire,CI,CIV,1961,NA,NA
Cote d'Ivoire,CI,CIV,1962,NA,NA
Cote d'Ivoire,CI,CIV,1963,NA,NA
Cote d'Ivoire,CI,CIV,1964,NA,NA
Cote d'Ivoire,CI,CIV,1965,0,NA
Cote d'Ivoire,CI,CIV,1966,NA,NA
Cote d'Ivoire,CI,CIV,1967,NA,NA
Cote d'Ivoire,CI,CIV,1968,NA,NA
Cote d'Ivoire,CI,CIV,1969,NA,NA
Cote d'Ivoire,CI,CIV,1970,0,NA
Cote d'Ivoire,CI,CIV,1971,NA,NA
Cote d'Ivoire,CI,CIV,1972,NA,NA
Cote d'Ivoire,CI,CIV,1973,NA,NA
Cote d'Ivoire,CI,CIV,1974,NA,NA
Cote d'Ivoire,CI,CIV,1975,0,NA
Cote d'Ivoire,CI,CIV,1976,0,NA
Cote d'Ivoire,CI,CIV,1977,0,NA
Cote d'Ivoire,CI,CIV,1978,0,NA
Cote d'Ivoire,CI,CIV,1979,0,NA
Cote d'Ivoire,CI,CIV,1980,0,NA
Cote d'Ivoire,CI,CIV,1981,0,NA
Cote d'Ivoire,CI,CIV,1982,0,NA
Cote d'Ivoire,CI,CIV,1983,0,NA
Cote d'Ivoire,CI,CIV,1984,0,NA
Cote d'Ivoire,CI,CIV,1985,0,NA
Cote d'Ivoire,CI,CIV,1986,0,NA
Cote d'Ivoire,CI,CIV,1987,0,NA
Cote d'Ivoire,CI,CIV,1988,0,NA
Cote d'Ivoire,CI,CIV,1989,0,NA
Cote d'Ivoire,CI,CIV,1990,0,0
Cote d'Ivoire,CI,CIV,1991,0,0
Cote d'Ivoire,CI,CIV,1992,0,0
Cote d'Ivoire,CI,CIV,1993,0,0
Cote d'Ivoire,CI,CIV,1994,0,0
Cote d'Ivoire,CI,CIV,1995,0,2.00256e-4
Cote d'Ivoire,CI,CIV,1996,0.091479639,0.00840978
Cote d'Ivoire,CI,CIV,1997,0.234750142,0.018828361
Cote d'Ivoire,CI,CIV,1998,0.575143814,0.060974439
Cote d'Ivoire,CI,CIV,1999,1.573080065,0.118685917
Cote d'Ivoire,CI,CIV,2000,2.815245776,0.231461671
Cote d'Ivoire,CI,CIV,2001,4.224559171,0.395747702
Cote d'Ivoire,CI,CIV,2002,5.807871421,0.497929361
Cote d'Ivoire,CI,CIV,2003,7.069243308,0.758669629
Cote d'Ivoire,CI,CIV,2004,9.028529295,0.849282415
Cote d'Ivoire,CI,CIV,2005,12.38488336,1.039238205
Cote d'Ivoire,CI,CIV,2006,20.96219992,1.524900791
Cote d'Ivoire,CI,CIV,2007,37.68201154,1.8
Cote d'Ivoire,CI,CIV,2008,51.61432648,1.9
Cote d'Ivoire,CI,CIV,2009,63.76080738,2
Cote d'Ivoire,CI,CIV,2010,73.85896297,2.7
Cote d'Ivoire,CI,CIV,2011,80.43551999,2.9
Cote d'Ivoire,CI,CIV,2012,82.23056119,4.4
Cote d'Ivoire,CI,CIV,2013,86.2996605,6.6
Cote d'Ivoire,CI,CIV,2014,96.12542511,10
Cote d'Ivoire,CI,CIV,2015,107.6742335,16.7
Cote d'Ivoire,CI,CIV,2016,113.3711016,41.20781493
Cote d'Ivoire,CI,CIV,2017,127.7656655,43.83992085
Cote d'Ivoire,CI,CIV,2018,132.6110689,37.54653613
Cote d'Ivoire,CI,CIV,2019,142.9449473,36.28895457
Cote d'Ivoire,CI,CIV,2020,149.543339,NA
Cote d'Ivoire,CI,CIV,2021,162.1701041,NA
Croatia,HR,HRV,1960,0,NA
Croatia,HR,HRV,1961,NA,NA
Croatia,HR,HRV,1962,NA,NA
Croatia,HR,HRV,1963,NA,NA
Croatia,HR,HRV,1964,NA,NA
Croatia,HR,HRV,1965,0,NA
Croatia,HR,HRV,1966,NA,NA
Croatia,HR,HRV,1967,NA,NA
Croatia,HR,HRV,1968,NA,NA
Croatia,HR,HRV,1969,NA,NA
Croatia,HR,HRV,1970,0,NA
Croatia,HR,HRV,1971,NA,NA
Croatia,HR,HRV,1972,NA,NA
Croatia,HR,HRV,1973,NA,NA
Croatia,HR,HRV,1974,NA,NA
Croatia,HR,HRV,1975,0,NA
Croatia,HR,HRV,1976,0,NA
Croatia,HR,HRV,1977,0,NA
Croatia,HR,HRV,1978,0,NA
Croatia,HR,HRV,1979,0,NA
Croatia,HR,HRV,1980,0,NA
Croatia,HR,HRV,1981,0,NA
Croatia,HR,HRV,1982,0,NA
Croatia,HR,HRV,1983,0,NA
Croatia,HR,HRV,1984,0,NA
Croatia,HR,HRV,1985,0,NA
Croatia,HR,HRV,1986,0,NA
Croatia,HR,HRV,1987,0,NA
Croatia,HR,HRV,1988,0,NA
Croatia,HR,HRV,1989,0,NA
Croatia,HR,HRV,1990,0.004924384,0
Croatia,HR,HRV,1991,0.041675938,0
Croatia,HR,HRV,1992,0.131712739,0
Croatia,HR,HRV,1993,0.237500944,0.097213389
Croatia,HR,HRV,1994,0.449514112,0.268318997
Croatia,HR,HRV,1995,0.700796738,0.51402859
Croatia,HR,HRV,1996,1.364742106,0.858982368
Croatia,HR,HRV,1997,2.555942822,1.729609312
Croatia,HR,HRV,1998,3.916366162,3.273220279
Croatia,HR,HRV,1999,6.405622704,4.405359119
Croatia,HR,HRV,2000,22.71111332,6.644882544
Croatia,HR,HRV,2001,38.94150985,11.55857318
Croatia,HR,HRV,2002,51.5875105,17.76
Croatia,HR,HRV,2003,56.87562232,22.75
Croatia,HR,HRV,2004,63.81446431,30.91
Croatia,HR,HRV,2005,82.39191888,33.14
Croatia,HR,HRV,2006,99.49383823,37.98
Croatia,HR,HRV,2007,114.2786388,41.44
Croatia,HR,HRV,2008,103.6669395,44.24
Croatia,HR,HRV,2009,106.6836675,50.58
Croatia,HR,HRV,2010,112.8109576,56.55
Croatia,HR,HRV,2011,117.5396533,57.78997899
Croatia,HR,HRV,2012,114.7695513,61.93997315
Croatia,HR,HRV,2013,109.5654436,66.7476
Croatia,HR,HRV,2014,104.1405499,68.57
Croatia,HR,HRV,2015,103.7803054,69.84503592
Croatia,HR,HRV,2016,104.5124819,72.69726967
Croatia,HR,HRV,2017,102.9365288,67.09619204
Croatia,HR,HRV,2018,105.479914,75.29462599
Croatia,HR,HRV,2019,106.6565741,79.07978368
Croatia,HR,HRV,2020,106.805903,78.32093274
Croatia,HR,HRV,2021,108.4252864,81.25399889
Cuba,CU,CUB,1960,0,NA
Cuba,CU,CUB,1961,NA,NA
Cuba,CU,CUB,1962,NA,NA
Cuba,CU,CUB,1963,NA,NA
Cuba,CU,CUB,1964,NA,NA
Cuba,CU,CUB,1965,0,NA
Cuba,CU,CUB,1966,NA,NA
Cuba,CU,CUB,1967,NA,NA
Cuba,CU,CUB,1968,NA,NA
Cuba,CU,CUB,1969,NA,NA
Cuba,CU,CUB,1970,0,NA
Cuba,CU,CUB,1971,NA,NA
Cuba,CU,CUB,1972,NA,NA
Cuba,CU,CUB,1973,NA,NA
Cuba,CU,CUB,1974,NA,NA
Cuba,CU,CUB,1975,0,NA
Cuba,CU,CUB,1976,0,NA
Cuba,CU,CUB,1977,0,NA
Cuba,CU,CUB,1978,0,NA
Cuba,CU,CUB,1979,0,NA
Cuba,CU,CUB,1980,0,NA
Cuba,CU,CUB,1981,0,NA
Cuba,CU,CUB,1982,0,NA
Cuba,CU,CUB,1983,0,NA
Cuba,CU,CUB,1984,0,NA
Cuba,CU,CUB,1985,0,NA
Cuba,CU,CUB,1986,0,NA
Cuba,CU,CUB,1987,0,NA
Cuba,CU,CUB,1988,0,NA
Cuba,CU,CUB,1989,0,NA
Cuba,CU,CUB,1990,0,0
Cuba,CU,CUB,1991,0,0
Cuba,CU,CUB,1992,0.002169932,0
Cuba,CU,CUB,1993,0.004612149,0
Cuba,CU,CUB,1994,0.010581227,0
Cuba,CU,CUB,1995,0.017745518,9.17e-5
Cuba,CU,CUB,1996,0.022138038,0.031949001
Cuba,CU,CUB,1997,0.027222812,0.068220214
Cuba,CU,CUB,1998,0.036759914,0.226699199
Cuba,CU,CUB,1999,0.04639527,0.314690541
Cuba,CU,CUB,2000,0.058852179,0.541182549
Cuba,CU,CUB,2001,0.077016808,1.079751722
Cuba,CU,CUB,2002,0.159811267,3.770585038
Cuba,CU,CUB,2003,0.315700642,5.241269054
Cuba,CU,CUB,2004,0.675233985,8.407984759
Cuba,CU,CUB,2005,1.205162957,9.738062208
Cuba,CU,CUB,2006,1.356185222,11.15960131
Cuba,CU,CUB,2007,1.759130327,11.69
Cuba,CU,CUB,2008,2.941806353,12.94
Cuba,CU,CUB,2009,5.505147704,14.33
Cuba,CU,CUB,2010,8.883772062,15.9
Cuba,CU,CUB,2011,11.63974471,16.0172908
Cuba,CU,CUB,2012,14.86958951,21.2
Cuba,CU,CUB,2013,17.62738063,27.93
Cuba,CU,CUB,2014,22.33274085,29.07018437
Cuba,CU,CUB,2015,29.41249715,37.30509742
Cuba,CU,CUB,2016,35.16042833,42.97867519
Cuba,CU,CUB,2017,40.6988106,57.14840432
Cuba,CU,CUB,2018,47.43291193,62.67892362
Cuba,CU,CUB,2019,53.39569959,67.97080866
Cuba,CU,CUB,2020,58.95001353,74
Cuba,CU,CUB,2021,63.10466641,71.11907507
Curacao,CW,CUW,1960,NA,NA
Curacao,CW,CUW,1961,NA,NA
Curacao,CW,CUW,1962,NA,NA
Curacao,CW,CUW,1963,NA,NA
Curacao,CW,CUW,1964,NA,NA
Curacao,CW,CUW,1965,NA,NA
Curacao,CW,CUW,1966,NA,NA
Curacao,CW,CUW,1967,NA,NA
Curacao,CW,CUW,1968,NA,NA
Curacao,CW,CUW,1969,NA,NA
Curacao,CW,CUW,1970,NA,NA
Curacao,CW,CUW,1971,NA,NA
Curacao,CW,CUW,1972,NA,NA
Curacao,CW,CUW,1973,NA,NA
Curacao,CW,CUW,1974,NA,NA
Curacao,CW,CUW,1975,NA,NA
Curacao,CW,CUW,1976,NA,NA
Curacao,CW,CUW,1977,NA,NA
Curacao,CW,CUW,1978,NA,NA
Curacao,CW,CUW,1979,NA,NA
Curacao,CW,CUW,1980,NA,NA
Curacao,CW,CUW,1981,NA,NA
Curacao,CW,CUW,1982,NA,NA
Curacao,CW,CUW,1983,NA,NA
Curacao,CW,CUW,1984,NA,NA
Curacao,CW,CUW,1985,NA,NA
Curacao,CW,CUW,1986,NA,NA
Curacao,CW,CUW,1987,NA,NA
Curacao,CW,CUW,1988,NA,NA
Curacao,CW,CUW,1989,NA,NA
Curacao,CW,CUW,1990,NA,NA
Curacao,CW,CUW,1991,NA,NA
Curacao,CW,CUW,1992,NA,NA
Curacao,CW,CUW,1993,NA,NA
Curacao,CW,CUW,1994,NA,NA
Curacao,CW,CUW,1995,NA,NA
Curacao,CW,CUW,1996,NA,NA
Curacao,CW,CUW,1997,NA,NA
Curacao,CW,CUW,1998,NA,NA
Curacao,CW,CUW,1999,NA,NA
Curacao,CW,CUW,2000,NA,NA
Curacao,CW,CUW,2001,NA,NA
Curacao,CW,CUW,2002,NA,NA
Curacao,CW,CUW,2003,NA,NA
Curacao,CW,CUW,2004,NA,NA
Curacao,CW,CUW,2005,NA,NA
Curacao,CW,CUW,2006,NA,NA
Curacao,CW,CUW,2007,NA,NA
Curacao,CW,CUW,2008,NA,NA
Curacao,CW,CUW,2009,128.0791032,NA
Curacao,CW,CUW,2010,128.0110428,NA
Curacao,CW,CUW,2011,127.5963804,NA
Curacao,CW,CUW,2012,124.8578818,NA
Curacao,CW,CUW,2013,122.491212,NA
Curacao,CW,CUW,2014,114.6073501,NA
Curacao,CW,CUW,2015,112.3351733,NA
Curacao,CW,CUW,2016,109.3153878,61.85551074
Curacao,CW,CUW,2017,109.1299177,68.12721625
Curacao,CW,CUW,2018,100.9029785,NA
Curacao,CW,CUW,2019,95.40617378,NA
Curacao,CW,CUW,2020,96.14978234,NA
Curacao,CW,CUW,2021,NA,NA
Cyprus,CY,CYP,1960,0,NA
Cyprus,CY,CYP,1961,NA,NA
Cyprus,CY,CYP,1962,NA,NA
Cyprus,CY,CYP,1963,NA,NA
Cyprus,CY,CYP,1964,NA,NA
Cyprus,CY,CYP,1965,0,NA
Cyprus,CY,CYP,1966,NA,NA
Cyprus,CY,CYP,1967,NA,NA
Cyprus,CY,CYP,1968,NA,NA
Cyprus,CY,CYP,1969,NA,NA
Cyprus,CY,CYP,1970,0,NA
Cyprus,CY,CYP,1971,NA,NA
Cyprus,CY,CYP,1972,NA,NA
Cyprus,CY,CYP,1973,NA,NA
Cyprus,CY,CYP,1974,NA,NA
Cyprus,CY,CYP,1975,0,NA
Cyprus,CY,CYP,1976,0,NA
Cyprus,CY,CYP,1977,0,NA
Cyprus,CY,CYP,1978,0,NA
Cyprus,CY,CYP,1979,0,NA
Cyprus,CY,CYP,1980,0,NA
Cyprus,CY,CYP,1981,0,NA
Cyprus,CY,CYP,1982,0,NA
Cyprus,CY,CYP,1983,0,NA
Cyprus,CY,CYP,1984,0,NA
Cyprus,CY,CYP,1985,0,NA
Cyprus,CY,CYP,1986,0,NA
Cyprus,CY,CYP,1987,0,NA
Cyprus,CY,CYP,1988,0.030037547,NA
Cyprus,CY,CYP,1989,0.23753304,NA
Cyprus,CY,CYP,1990,0.544701415,0
Cyprus,CY,CYP,1991,0.862497899,0
Cyprus,CY,CYP,1992,1.594988536,0.05006043
Cyprus,CY,CYP,1993,2.44295302,0.056367481999999997
Cyprus,CY,CYP,1994,3.589671362,0.111034621
Cyprus,CY,CYP,1995,6.773274417,0.410120685
Cyprus,CY,CYP,1996,10.62299265,0.673343541
Cyprus,CY,CYP,1997,13.62085308,4.378272095
Cyprus,CY,CYP,1998,17.04920193,8.890539159
Cyprus,CY,CYP,1999,21.9622013,11.34239866
Cyprus,CY,CYP,2000,31.3009319,15.25539437
Cyprus,CY,CYP,2001,44.55776045,18.81875904
Cyprus,CY,CYP,2002,58.55863808,28.32
Cyprus,CY,CYP,2003,76.32480288,30.09
Cyprus,CY,CYP,2004,89.8,33.83
Cyprus,CY,CYP,2005,105.1751344,32.81
Cyprus,CY,CYP,2006,114.4986146,35.83
Cyprus,CY,CYP,2007,127.2941783,40.77
Cyprus,CY,CYP,2008,127.5867737,42.31
Cyprus,CY,CYP,2009,119.3408619,49.81
Cyprus,CY,CYP,2010,123.1330079,52.99
Cyprus,CY,CYP,2011,126.5596288,56.85989235
Cyprus,CY,CYP,2012,128.2983023,60.6898684
Cyprus,CY,CYP,2013,128.1609557,65.4548
Cyprus,CY,CYP,2014,131.1454545,69.33
Cyprus,CY,CYP,2015,130.9823176,71.71574092
Cyprus,CY,CYP,2016,132.6368741,75.9002054
Cyprus,CY,CYP,2017,136.1722981,80.74318897
Cyprus,CY,CYP,2018,137.0450965,84.43358252
Cyprus,CY,CYP,2019,139.994482,86.06362996
Cyprus,CY,CYP,2020,139.6351351,90.80194723
Cyprus,CY,CYP,2021,148.7380631,90.75966792
Czechia,CZ,CZE,1960,0,NA
Czechia,CZ,CZE,1961,NA,NA
Czechia,CZ,CZE,1962,NA,NA
Czechia,CZ,CZE,1963,NA,NA
Czechia,CZ,CZE,1964,NA,NA
Czechia,CZ,CZE,1965,0,NA
Czechia,CZ,CZE,1966,NA,NA
Czechia,CZ,CZE,1967,NA,NA
Czechia,CZ,CZE,1968,NA,NA
Czechia,CZ,CZE,1969,NA,NA
Czechia,CZ,CZE,1970,0,NA
Czechia,CZ,CZE,1971,NA,NA
Czechia,CZ,CZE,1972,NA,NA
Czechia,CZ,CZE,1973,NA,NA
Czechia,CZ,CZE,1974,NA,NA
Czechia,CZ,CZE,1975,0,NA
Czechia,CZ,CZE,1976,0,NA
Czechia,CZ,CZE,1977,0,NA
Czechia,CZ,CZE,1978,0,NA
Czechia,CZ,CZE,1979,0,NA
Czechia,CZ,CZE,1980,0,NA
Czechia,CZ,CZE,1981,0,NA
Czechia,CZ,CZE,1982,0,NA
Czechia,CZ,CZE,1983,0,NA
Czechia,CZ,CZE,1984,0,NA
Czechia,CZ,CZE,1985,0,NA
Czechia,CZ,CZE,1986,0,NA
Czechia,CZ,CZE,1987,0,NA
Czechia,CZ,CZE,1988,0,NA
Czechia,CZ,CZE,1989,0,NA
Czechia,CZ,CZE,1990,0,0
Czechia,CZ,CZE,1991,0.012054318,0
Czechia,CZ,CZE,1992,0.04510736,0
Czechia,CZ,CZE,1993,0.136089876,0.581319529
Czechia,CZ,CZE,1994,0.294817456,1.259217838
Czechia,CZ,CZE,1995,0.474218514,1.45357584
Czechia,CZ,CZE,1996,1.945627333,1.940378193
Czechia,CZ,CZE,1997,5.12050537,2.915698695
Czechia,CZ,CZE,1998,9.406584208,3.895906065
Czechia,CZ,CZE,1999,18.97282769,6.832802018
Czechia,CZ,CZE,2000,42.46343082,9.780527888
Czechia,CZ,CZE,2001,67.90775733,14.69717212
Czechia,CZ,CZE,2002,84.09878914,23.93
Czechia,CZ,CZE,2003,94.73699258,34.3
Czechia,CZ,CZE,2004,105.0830138,35.5
Czechia,CZ,CZE,2005,114.5500833,35.27
Czechia,CZ,CZE,2006,120.3922535,47.93
Czechia,CZ,CZE,2007,127.9633374,51.93
Czechia,CZ,CZE,2008,132.7750137,62.97
Czechia,CZ,CZE,2009,125.3428438,64.43
Czechia,CZ,CZE,2010,123.5968488,68.82
Czechia,CZ,CZE,2011,125.4499409,70.49
Czechia,CZ,CZE,2012,128.6444455,73.43000782
Czechia,CZ,CZE,2013,130.4791683,74.1104
Czechia,CZ,CZE,2014,132.2892387,74.23171164
Czechia,CZ,CZE,2015,118.34677,75.6688387
Czechia,CZ,CZE,2016,118.5935717,76.4811987
Czechia,CZ,CZE,2017,119.9885389,78.71917285
Czechia,CZ,CZE,2018,120.5956604,80.68816754
Czechia,CZ,CZE,2019,124.3382405,80.86694441
Czechia,CZ,CZE,2020,123.4438209,81.33889705
Czechia,CZ,CZE,2021,124.9188212,82.67062427
Denmark,DK,DNK,1960,0,NA
Denmark,DK,DNK,1961,NA,NA
Denmark,DK,DNK,1962,NA,NA
Denmark,DK,DNK,1963,NA,NA
Denmark,DK,DNK,1964,NA,NA
Denmark,DK,DNK,1965,0,NA
Denmark,DK,DNK,1966,NA,NA
Denmark,DK,DNK,1967,NA,NA
Denmark,DK,DNK,1968,NA,NA
Denmark,DK,DNK,1969,NA,NA
Denmark,DK,DNK,1970,0,NA
Denmark,DK,DNK,1971,NA,NA
Denmark,DK,DNK,1972,NA,NA
Denmark,DK,DNK,1973,NA,NA
Denmark,DK,DNK,1974,NA,NA
Denmark,DK,DNK,1975,0,NA
Denmark,DK,DNK,1976,0,NA
Denmark,DK,DNK,1977,0,NA
Denmark,DK,DNK,1978,0,NA
Denmark,DK,DNK,1979,0,NA
Denmark,DK,DNK,1980,0,NA
Denmark,DK,DNK,1981,0,NA
Denmark,DK,DNK,1982,0.140449493,NA
Denmark,DK,DNK,1983,0.314187293,NA
Denmark,DK,DNK,1984,0.597502906,NA
Denmark,DK,DNK,1985,0.900487005,NA
Denmark,DK,DNK,1986,1.125216799,NA
Denmark,DK,DNK,1987,1.511897858,NA
Denmark,DK,DNK,1988,1.979650444,NA
Denmark,DK,DNK,1989,2.411252199,NA
Denmark,DK,DNK,1990,2.881065749,0.097277268
Denmark,DK,DNK,1991,3.410855268,0.194056515
Denmark,DK,DNK,1992,4.078142483,0.386913951
Denmark,DK,DNK,1993,6.884952297,0.578329976
Denmark,DK,DNK,1994,9.657063946,1.34430775
Denmark,DK,DNK,1995,15.70646066,3.82565642
Denmark,DK,DNK,1996,25.04927694,5.714987841
Denmark,DK,DNK,1997,27.36235505,11.38200494
Denmark,DK,DNK,1998,36.44279893,22.66874615
Denmark,DK,DNK,1999,49.41084849,30.59204065
Denmark,DK,DNK,2000,62.98014008,39.17243086
Denmark,DK,DNK,2001,73.87336618,42.95752472
Denmark,DK,DNK,2002,83.24975361,64.25
Denmark,DK,DNK,2003,88.33925863,76.26
Denmark,DK,DNK,2004,95.40817928,80.93
Denmark,DK,DNK,2005,100.2371829,82.74
Denmark,DK,DNK,2006,106.7845773,86.65
Denmark,DK,DNK,2007,115.1153288,85.03
Denmark,DK,DNK,2008,119.1583628,85.02
Denmark,DK,DNK,2009,123.6540732,86.84
Denmark,DK,DNK,2010,115.672236,88.72
Denmark,DK,DNK,2011,128.6435512,89.81001339
Denmark,DK,DNK,2012,130.2054648,92.26001172
Denmark,DK,DNK,2013,124.9897251,94.6297
Denmark,DK,DNK,2014,126.7151649,95.99
Denmark,DK,DNK,2015,124.683046,96.33050162
Denmark,DK,DNK,2016,122.397232,96.96778525
Denmark,DK,DNK,2017,124.4641018,97.09936216
Denmark,DK,DNK,2018,125.1362568,97.31920437
Denmark,DK,DNK,2019,124.9761468,98.04643475
Denmark,DK,DNK,2020,124.4957422,96.54914573
Denmark,DK,DNK,2021,124.488832,98.8658506
Djibouti,DJ,DJI,1960,0,NA
Djibouti,DJ,DJI,1961,NA,NA
Djibouti,DJ,DJI,1962,NA,NA
Djibouti,DJ,DJI,1963,NA,NA
Djibouti,DJ,DJI,1964,NA,NA
Djibouti,DJ,DJI,1965,0,NA
Djibouti,DJ,DJI,1966,NA,NA
Djibouti,DJ,DJI,1967,NA,NA
Djibouti,DJ,DJI,1968,NA,NA
Djibouti,DJ,DJI,1969,NA,NA
Djibouti,DJ,DJI,1970,0,NA
Djibouti,DJ,DJI,1971,NA,NA
Djibouti,DJ,DJI,1972,NA,NA
Djibouti,DJ,DJI,1973,NA,NA
Djibouti,DJ,DJI,1974,NA,NA
Djibouti,DJ,DJI,1975,0,NA
Djibouti,DJ,DJI,1976,0,NA
Djibouti,DJ,DJI,1977,0,NA
Djibouti,DJ,DJI,1978,0,NA
Djibouti,DJ,DJI,1979,0,NA
Djibouti,DJ,DJI,1980,0,NA
Djibouti,DJ,DJI,1981,0,NA
Djibouti,DJ,DJI,1982,0,NA
Djibouti,DJ,DJI,1983,0,NA
Djibouti,DJ,DJI,1984,0,NA
Djibouti,DJ,DJI,1985,0,NA
Djibouti,DJ,DJI,1986,0,NA
Djibouti,DJ,DJI,1987,0,NA
Djibouti,DJ,DJI,1988,0,NA
Djibouti,DJ,DJI,1989,0,NA
Djibouti,DJ,DJI,1990,0,0
Djibouti,DJ,DJI,1991,0,0
Djibouti,DJ,DJI,1992,0,0
Djibouti,DJ,DJI,1993,0,0
Djibouti,DJ,DJI,1994,0,0
Djibouti,DJ,DJI,1995,0,0.01603083
Djibouti,DJ,DJI,1996,0.017063549,0.031166241
Djibouti,DJ,DJI,1997,0.03039896,0.082941498
Djibouti,DJ,DJI,1998,0.03165832,0.094696004
Djibouti,DJ,DJI,1999,0.038922892,0.105761909
Djibouti,DJ,DJI,2000,0.030995968,0.194500528
Djibouti,DJ,DJI,2001,0.391905838,0.343526263
Djibouti,DJ,DJI,2002,1.900832311,0.486971705
Djibouti,DJ,DJI,2003,2.852143634,0.625940229
Djibouti,DJ,DJI,2004,4.213482116,0.781317175
Djibouti,DJ,DJI,2005,5.30208386,0.95361144900000006
Djibouti,DJ,DJI,2006,5.291600645,1.270041159
Djibouti,DJ,DJI,2007,8.037369567,1.62
Djibouti,DJ,DJI,2008,12.78171814,2.26
Djibouti,DJ,DJI,2009,14.29093012,4
Djibouti,DJ,DJI,2010,18.01709967,6.5
Djibouti,DJ,DJI,2011,20.60703813,7
Djibouti,DJ,DJI,2012,22.2643708,9.4
Djibouti,DJ,DJI,2013,25.12191884,12.7
Djibouti,DJ,DJI,2014,29.0216422,17
Djibouti,DJ,DJI,2015,31.23947214,22.9
Djibouti,DJ,DJI,2016,33.73974603,30.8
Djibouti,DJ,DJI,2017,35.86235007,55.68140925
Djibouti,DJ,DJI,2018,37.36641575,58
Djibouti,DJ,DJI,2019,38.53522459,59
Djibouti,DJ,DJI,2020,39.81402662,59
Djibouti,DJ,DJI,2021,44.26176127,NA
Dominica,DM,DMA,1960,0,NA
Dominica,DM,DMA,1961,NA,NA
Dominica,DM,DMA,1962,NA,NA
Dominica,DM,DMA,1963,NA,NA
Dominica,DM,DMA,1964,NA,NA
Dominica,DM,DMA,1965,0,NA
Dominica,DM,DMA,1966,NA,NA
Dominica,DM,DMA,1967,NA,NA
Dominica,DM,DMA,1968,NA,NA
Dominica,DM,DMA,1969,NA,NA
Dominica,DM,DMA,1970,0,NA
Dominica,DM,DMA,1971,NA,NA
Dominica,DM,DMA,1972,NA,NA
Dominica,DM,DMA,1973,NA,NA
Dominica,DM,DMA,1974,NA,NA
Dominica,DM,DMA,1975,0,NA
Dominica,DM,DMA,1976,0,NA
Dominica,DM,DMA,1977,0,NA
Dominica,DM,DMA,1978,0,NA
Dominica,DM,DMA,1979,0,NA
Dominica,DM,DMA,1980,0,NA
Dominica,DM,DMA,1981,0,NA
Dominica,DM,DMA,1982,0,NA
Dominica,DM,DMA,1983,0,NA
Dominica,DM,DMA,1984,0,NA
Dominica,DM,DMA,1985,0,NA
Dominica,DM,DMA,1986,0,NA
Dominica,DM,DMA,1987,0,NA
Dominica,DM,DMA,1988,0,NA
Dominica,DM,DMA,1989,0,NA
Dominica,DM,DMA,1990,0,0
Dominica,DM,DMA,1991,0,0
Dominica,DM,DMA,1992,0,0
Dominica,DM,DMA,1993,0,0
Dominica,DM,DMA,1994,0,0
Dominica,DM,DMA,1995,0,0.548762737
Dominica,DM,DMA,1996,0.666512448,1.165518146
Dominica,DM,DMA,1997,0.804852275,NA
Dominica,DM,DMA,1998,0.942876208,2.925345191
Dominica,DM,DMA,1999,1.164517162,2.932164377
Dominica,DM,DMA,2000,1.755772101,8.814844198
Dominica,DM,DMA,2001,11.31294753,13.24522804
Dominica,DM,DMA,2002,17.83276201,18.42489277
Dominica,DM,DMA,2003,34.75351392,23.62041985
Dominica,DM,DMA,2004,61.01146207,30.31961309
Dominica,DM,DMA,2005,75.72006873,38.54364326
Dominica,DM,DMA,2006,104.0121032,39.3981743
Dominica,DM,DMA,2007,129.4074882,40.27446301
Dominica,DM,DMA,2008,132.3020558,41.16
Dominica,DM,DMA,2009,143.1977437,42.02
Dominica,DM,DMA,2010,153.5408334,47.45
Dominica,DM,DMA,2011,158.4533473,48.6
Dominica,DM,DMA,2012,158.6633376,49.8
Dominica,DM,DMA,2013,135.9745997,51
Dominica,DM,DMA,2014,106.5084834,57.5
Dominica,DM,DMA,2015,110.3533983,65
Dominica,DM,DMA,2016,111.9429183,67.03
Dominica,DM,DMA,2017,106.8562419,69.61966879
Dominica,DM,DMA,2018,108.4675882,NA
Dominica,DM,DMA,2019,109.3856751,NA
Dominica,DM,DMA,2020,105.5643526,NA
Dominica,DM,DMA,2021,NA,NA
Dominican Republic,DO,DOM,1960,0,NA
Dominican Republic,DO,DOM,1961,NA,NA
Dominican Republic,DO,DOM,1962,NA,NA
Dominican Republic,DO,DOM,1963,NA,NA
Dominican Republic,DO,DOM,1964,NA,NA
Dominican Republic,DO,DOM,1965,0,NA
Dominican Republic,DO,DOM,1966,NA,NA
Dominican Republic,DO,DOM,1967,NA,NA
Dominican Republic,DO,DOM,1968,NA,NA
Dominican Republic,DO,DOM,1969,NA,NA
Dominican Republic,DO,DOM,1970,0,NA
Dominican Republic,DO,DOM,1971,NA,NA
Dominican Republic,DO,DOM,1972,NA,NA
Dominican Republic,DO,DOM,1973,NA,NA
Dominican Republic,DO,DOM,1974,NA,NA
Dominican Republic,DO,DOM,1975,0,NA
Dominican Republic,DO,DOM,1976,0,NA
Dominican Republic,DO,DOM,1977,0,NA
Dominican Republic,DO,DOM,1978,0,NA
Dominican Republic,DO,DOM,1979,0,NA
Dominican Republic,DO,DOM,1980,0,NA
Dominican Republic,DO,DOM,1981,0,NA
Dominican Republic,DO,DOM,1982,0,NA
Dominican Republic,DO,DOM,1983,0,NA
Dominican Republic,DO,DOM,1984,0,NA
Dominican Republic,DO,DOM,1985,0,NA
Dominican Republic,DO,DOM,1986,0,NA
Dominican Republic,DO,DOM,1987,NA,NA
Dominican Republic,DO,DOM,1988,NA,NA
Dominican Republic,DO,DOM,1989,NA,NA
Dominican Republic,DO,DOM,1990,0.044410131,0
Dominican Republic,DO,DOM,1991,0.077008662,0
Dominican Republic,DO,DOM,1992,0.096804509,0
Dominican Republic,DO,DOM,1993,0.136799086,0
Dominican Republic,DO,DOM,1994,0.27175271,0
Dominican Republic,DO,DOM,1995,0.711318386,0.017233601
Dominican Republic,DO,DOM,1996,1.030251685,0.074987053
Dominican Republic,DO,DOM,1997,1.737308953,0.142687565
Dominican Republic,DO,DOM,1998,2.528143136,0.233914189
Dominican Republic,DO,DOM,1999,5.045953253,1.104743874
Dominican Republic,DO,DOM,2000,8.259550168,3.704692356
Dominican Republic,DO,DOM,2001,14.65078025,4.429390697
Dominican Republic,DO,DOM,2002,19.33586664,6.823725733
Dominican Republic,DO,DOM,2003,23.45233979,7.898392937
Dominican Republic,DO,DOM,2004,28.02197735,8.865553461
Dominican Republic,DO,DOM,2005,39.53497786,11.48319778
Dominican Republic,DO,DOM,2006,49.60766544,14.84492837
Dominican Republic,DO,DOM,2007,58.63367597,17.66
Dominican Republic,DO,DOM,2008,75.71692085,20.82
Dominican Republic,DO,DOM,2009,89.44610736,27.72
Dominican Republic,DO,DOM,2010,90.967736,31.4
Dominican Republic,DO,DOM,2011,88.56030809,38
Dominican Republic,DO,DOM,2012,89.06690359,42.32
Dominican Republic,DO,DOM,2013,90.581508349999993,45.9
Dominican Republic,DO,DOM,2014,80.75708159,49.58
Dominican Republic,DO,DOM,2015,84.54150519,54.21576634
Dominican Republic,DO,DOM,2016,82.71721586,63.87086474
Dominican Republic,DO,DOM,2017,82.36053386,67.57124533
Dominican Republic,DO,DOM,2018,83.02096599,74.82204836
Dominican Republic,DO,DOM,2019,82.22940664,75.8
Dominican Republic,DO,DOM,2020,81.72601454,76.9
Dominican Republic,DO,DOM,2021,87.56486177,NA
Early-demographic dividend,V2,EAR,1960,0,NA
Early-demographic dividend,V2,EAR,1961,NA,NA
Early-demographic dividend,V2,EAR,1962,NA,NA
Early-demographic dividend,V2,EAR,1963,NA,NA
Early-demographic dividend,V2,EAR,1964,NA,NA
Early-demographic dividend,V2,EAR,1965,0,NA
Early-demographic dividend,V2,EAR,1966,NA,NA
Early-demographic dividend,V2,EAR,1967,NA,NA
Early-demographic dividend,V2,EAR,1968,NA,NA
Early-demographic dividend,V2,EAR,1969,NA,NA
Early-demographic dividend,V2,EAR,1970,0,NA
Early-demographic dividend,V2,EAR,1971,NA,NA
Early-demographic dividend,V2,EAR,1972,NA,NA
Early-demographic dividend,V2,EAR,1973,NA,NA
Early-demographic dividend,V2,EAR,1974,NA,NA
Early-demographic dividend,V2,EAR,1975,0,NA
Early-demographic dividend,V2,EAR,1976,0,NA
Early-demographic dividend,V2,EAR,1977,0,NA
Early-demographic dividend,V2,EAR,1978,0,NA
Early-demographic dividend,V2,EAR,1979,0,NA
Early-demographic dividend,V2,EAR,1980,0,NA
Early-demographic dividend,V2,EAR,1981,0,NA
Early-demographic dividend,V2,EAR,1982,0,NA
Early-demographic dividend,V2,EAR,1983,0,NA
Early-demographic dividend,V2,EAR,1984,9.99232132751669e-5,NA
Early-demographic dividend,V2,EAR,1985,1.13086798609228e-4,NA
Early-demographic dividend,V2,EAR,1986,3.00018754855997e-4,NA
Early-demographic dividend,V2,EAR,1987,8.40373538160302e-4,NA
Early-demographic dividend,V2,EAR,1988,0.00146136338498369,NA
Early-demographic dividend,V2,EAR,1989,0.00279192553692049,NA
Early-demographic dividend,V2,EAR,1990,0.00917692452066033,2.60640455923781e-4
Early-demographic dividend,V2,EAR,1991,0.0189034068248068,0.00100268300993308
Early-demographic dividend,V2,EAR,1992,0.0340284620637237,0.00242608508734499
Early-demographic dividend,V2,EAR,1993,0.0530337928299853,0.00558955545686455
Early-demographic dividend,V2,EAR,1994,0.101562960424445,0.0116752613824915
Early-demographic dividend,V2,EAR,1995,0.182155353798309,0.0409270617574541
Early-demographic dividend,V2,EAR,1996,0.342219760793594,0.0807981320297936
Early-demographic dividend,V2,EAR,1997,0.644347324457574,0.163242999183605
Early-demographic dividend,V2,EAR,1998,1.03712834561539,0.34241108256208
Early-demographic dividend,V2,EAR,1999,1.86316806056433,0.61076342499688
Early-demographic dividend,V2,EAR,2000,3.24430164437991,1.22864084631417
Early-demographic dividend,V2,EAR,2001,4.60939203040537,1.68223517666145
Early-demographic dividend,V2,EAR,2002,5.98268276626973,2.82617827214833
Early-demographic dividend,V2,EAR,2003,8.2076558173003,3.40167245788165
Early-demographic dividend,V2,EAR,2004,11.5179522356562,4.21604395320019
Early-demographic dividend,V2,EAR,2005,17.0282128105078,4.88424732460871
Early-demographic dividend,V2,EAR,2006,24.9702237619871,5.76282042967904
Early-demographic dividend,V2,EAR,2007,34.2682424050269,7.32827572615161
Early-demographic dividend,V2,EAR,2008,44.6062128063009,8.49037598709249
Early-demographic dividend,V2,EAR,2009,54.9461722824844,9.67766243615875
Early-demographic dividend,V2,EAR,2010,67.2044861265385,12.7905077238797
Early-demographic dividend,V2,EAR,2011,76.459606823449107,15.3433641912323
Early-demographic dividend,V2,EAR,2012,78.608696214951,17.0745849373151
Early-demographic dividend,V2,EAR,2013,82.2483902385732,18.962083176027
Early-demographic dividend,V2,EAR,2014,85.1998067528163,21.4347535381453
Early-demographic dividend,V2,EAR,2015,88.0498058781388,24.440150475125
Early-demographic dividend,V2,EAR,2016,93.9590434686905,27.1462055575582
Early-demographic dividend,V2,EAR,2017,96.361931180447,30.4018383005217
Early-demographic dividend,V2,EAR,2018,95.7211773558608,33.1591374263682
Early-demographic dividend,V2,EAR,2019,95.8716795910494,39.1629691107855
Early-demographic dividend,V2,EAR,2020,95.4993290478485,48.0761148219069
Early-demographic dividend,V2,EAR,2021,99.5304577225866,NA
East Asia & Pacific,Z4,EAS,1960,0,NA
East Asia & Pacific,Z4,EAS,1961,NA,NA
East Asia & Pacific,Z4,EAS,1962,NA,NA
East Asia & Pacific,Z4,EAS,1963,NA,NA
East Asia & Pacific,Z4,EAS,1964,NA,NA
East Asia & Pacific,Z4,EAS,1965,0,NA
East Asia & Pacific,Z4,EAS,1966,NA,NA
East Asia & Pacific,Z4,EAS,1967,NA,NA
East Asia & Pacific,Z4,EAS,1968,NA,NA
East Asia & Pacific,Z4,EAS,1969,NA,NA
East Asia & Pacific,Z4,EAS,1970,0,NA
East Asia & Pacific,Z4,EAS,1971,NA,NA
East Asia & Pacific,Z4,EAS,1972,NA,NA
East Asia & Pacific,Z4,EAS,1973,NA,NA
East Asia & Pacific,Z4,EAS,1974,NA,NA
East Asia & Pacific,Z4,EAS,1975,0,NA
East Asia & Pacific,Z4,EAS,1976,0,NA
East Asia & Pacific,Z4,EAS,1977,0,NA
East Asia & Pacific,Z4,EAS,1978,0,NA
East Asia & Pacific,Z4,EAS,1979,0,NA
East Asia & Pacific,Z4,EAS,1980,0,NA
East Asia & Pacific,Z4,EAS,1981,8.38211297084685e-4,NA
East Asia & Pacific,Z4,EAS,1982,0.00122935323345165,NA
East Asia & Pacific,Z4,EAS,1983,0.00166070611338332,NA
East Asia & Pacific,Z4,EAS,1984,0.00266233992868115,NA
East Asia & Pacific,Z4,EAS,1985,0.00418145742560049,NA
East Asia & Pacific,Z4,EAS,1986,0.00748051009606595,NA
East Asia & Pacific,Z4,EAS,1987,0.0129560660825268,NA
East Asia & Pacific,Z4,EAS,1988,0.0238417433972933,NA
East Asia & Pacific,Z4,EAS,1989,0.0502886149770024,NA
East Asia & Pacific,Z4,EAS,1990,0.0895482765674809,0.00734823950366306
East Asia & Pacific,Z4,EAS,1991,0.147175861698378,0.0151383659256689
East Asia & Pacific,Z4,EAS,1992,0.214791627054844,0.0317650350172052
East Asia & Pacific,Z4,EAS,1993,0.315469476924249,0.0630624390343124
East Asia & Pacific,Z4,EAS,1994,0.582144782115248,0.109100272329644
East Asia & Pacific,Z4,EAS,1995,1.25901097268449,0.195088682953454
East Asia & Pacific,Z4,EAS,1996,2.4966431753582,0.471907394561889
East Asia & Pacific,Z4,EAS,1997,3.75600986787221,1.09402129914577
East Asia & Pacific,Z4,EAS,1998,5.33481984754079,1.90245757483111
East Asia & Pacific,Z4,EAS,1999,7.87453027692208,3.44265071535308
East Asia & Pacific,Z4,EAS,2000,11.4647836198787,5.63798367692007
East Asia & Pacific,Z4,EAS,2001,15.9045115763296,7.31672738237629
East Asia & Pacific,Z4,EAS,2002,20.4320451290257,9.06451819738841
East Asia & Pacific,Z4,EAS,2003,24.8641321094214,10.6115698324313
East Asia & Pacific,Z4,EAS,2004,29.7558348609352,12.6660213096383
East Asia & Pacific,Z4,EAS,2005,34.2366583597866,14.7308561173454
East Asia & Pacific,Z4,EAS,2006,39.6644119110779,16.6757061814561
East Asia & Pacific,Z4,EAS,2007,48.2513956231179,20.8088442353852
East Asia & Pacific,Z4,EAS,2008,57.3340585755902,25.2751196624669
East Asia & Pacific,Z4,EAS,2009,65.1814267902432,29.5132515434884
East Asia & Pacific,Z4,EAS,2010,73.9770106724883,34.2289324762407
East Asia & Pacific,Z4,EAS,2011,83.5200185131569,37.3541291277533
East Asia & Pacific,Z4,EAS,2012,91.8441602467353,40.4039241799915
East Asia & Pacific,Z4,EAS,2013,98.425588404076,43.2619699298617
East Asia & Pacific,Z4,EAS,2014,103.473045520977,46.0587041746942
East Asia & Pacific,Z4,EAS,2015,104.105473039955,48.8624168529049
East Asia & Pacific,Z4,EAS,2016,110.214723391869,52.2352593289579
East Asia & Pacific,Z4,EAS,2017,116.306796483143,54.3752169092727
East Asia & Pacific,Z4,EAS,2018,122.307726586419,59.3869176163843
East Asia & Pacific,Z4,EAS,2019,128.530454196647,63.9465317002964
East Asia & Pacific,Z4,EAS,2020,126.556190037445,69.0748188770452
East Asia & Pacific,Z4,EAS,2021,129.389280046184,73.1355895626711
East Asia & Pacific (excluding high income),4E,EAP,1960,0,NA
East Asia & Pacific (excluding high income),4E,EAP,1961,NA,NA
East Asia & Pacific (excluding high income),4E,EAP,1962,NA,NA
East Asia & Pacific (excluding high income),4E,EAP,1963,NA,NA
East Asia & Pacific (excluding high income),4E,EAP,1964,NA,NA
East Asia & Pacific (excluding high income),4E,EAP,1965,0,NA
East Asia & Pacific (excluding high income),4E,EAP,1966,NA,NA
East Asia & Pacific (excluding high income),4E,EAP,1967,NA,NA
East Asia & Pacific (excluding high income),4E,EAP,1968,NA,NA
East Asia & Pacific (excluding high income),4E,EAP,1969,NA,NA
East Asia & Pacific (excluding high income),4E,EAP,1970,0,NA
East Asia & Pacific (excluding high income),4E,EAP,1971,NA,NA
East Asia & Pacific (excluding high income),4E,EAP,1972,NA,NA
East Asia & Pacific (excluding high income),4E,EAP,1973,NA,NA
East Asia & Pacific (excluding high income),4E,EAP,1974,NA,NA
East Asia & Pacific (excluding high income),4E,EAP,1975,0,NA
East Asia & Pacific (excluding high income),4E,EAP,1976,0,NA
East Asia & Pacific (excluding high income),4E,EAP,1977,0,NA
East Asia & Pacific (excluding high income),4E,EAP,1978,0,NA
East Asia & Pacific (excluding high income),4E,EAP,1979,0,NA
East Asia & Pacific (excluding high income),4E,EAP,1980,0,NA
East Asia & Pacific (excluding high income),4E,EAP,1981,0,NA
East Asia & Pacific (excluding high income),4E,EAP,1982,0,NA
East Asia & Pacific (excluding high income),4E,EAP,1983,0,NA
East Asia & Pacific (excluding high income),4E,EAP,1984,1.20226925922204e-4,NA
East Asia & Pacific (excluding high income),4E,EAP,1985,1.38443019861888e-4,NA
East Asia & Pacific (excluding high income),4E,EAP,1986,0.00107278150500658,NA
East Asia & Pacific (excluding high income),4E,EAP,1987,0.0019745902282062,NA
East Asia & Pacific (excluding high income),4E,EAP,1988,0.00365282181863049,NA
East Asia & Pacific (excluding high income),4E,EAP,1989,0.00641796271808725,NA
East Asia & Pacific (excluding high income),4E,EAP,1990,0.0114989044147444,0
East Asia & Pacific (excluding high income),4E,EAP,1991,0.0218979131097017,1.77932607552532e-6
East Asia & Pacific (excluding high income),4E,EAP,1992,0.0432711410910526,2.33696835967041e-5
East Asia & Pacific (excluding high income),4E,EAP,1993,0.0922757277336321,8.74949946340419e-4
East Asia & Pacific (excluding high income),4E,EAP,1994,0.184600130592428,0.00364507811232744
East Asia & Pacific (excluding high income),4E,EAP,1995,0.386541907345069,0.0119200580362413
East Asia & Pacific (excluding high income),4E,EAP,1996,0.67809750974489,0.0338077118690688
East Asia & Pacific (excluding high income),4E,EAP,1997,1.12781397557159,0.094710332976236
East Asia & Pacific (excluding high income),4E,EAP,1998,1.74706757613723,0.324281152975068
East Asia & Pacific (excluding high income),4E,EAP,1999,3.01013445815625,0.85290564761046
East Asia & Pacific (excluding high income),4E,EAP,2000,5.76202538207311,1.89206827505398
East Asia & Pacific (excluding high income),4E,EAP,2001,9.82782145293251,2.77906316527428
East Asia & Pacific (excluding high income),4E,EAP,2002,14.178053530672,4.40207398289962
East Asia & Pacific (excluding high income),4E,EAP,2003,18.6218717249716,5.75384687141817
East Asia & Pacific (excluding high income),4E,EAP,2004,23.7203562542877,6.87450148277054
East Asia & Pacific (excluding high income),4E,EAP,2005,28.3203235635964,8.31294615731524
East Asia & Pacific (excluding high income),4E,EAP,2006,33.9907473420328,10.1669418655612
East Asia & Pacific (excluding high income),4E,EAP,2007,42.8008360358523,14.3659625209233
East Asia & Pacific (excluding high income),4E,EAP,2008,52.6462163597651,19.2288455782332
East Asia & Pacific (excluding high income),4E,EAP,2009,60.9282572826076,23.7212486874798
East Asia & Pacific (excluding high income),4E,EAP,2010,70.208080002339,28.9159054067187
East Asia & Pacific (excluding high income),4E,EAP,2011,80.1755609580392,32.3378010961006
East Asia & Pacific (excluding high income),4E,EAP,2012,88.9548670566141,35.6916864340249
East Asia & Pacific (excluding high income),4E,EAP,2013,95.9201668703046,38.257882381854
East Asia & Pacific (excluding high income),4E,EAP,2014,100.976940975173,41.1713473674279
East Asia & Pacific (excluding high income),4E,EAP,2015,101.51251481677,44.1188770145273
East Asia & Pacific (excluding high income),4E,EAP,2016,107.879616292969,47.6525541033024
East Asia & Pacific (excluding high income),4E,EAP,2017,114.29740003326,50.0552532006907
East Asia & Pacific (excluding high income),4E,EAP,2018,120.388492509008,55.7320146058142
East Asia & Pacific (excluding high income),4E,EAP,2019,126.854447608719,60.5497308151206
East Asia & Pacific (excluding high income),4E,EAP,2020,124.183294539947,66.4158746172715
East Asia & Pacific (excluding high income),4E,EAP,2021,126.923077493776,72.3953961642717
East Asia & Pacific (IDA & IBRD countries),T4,TEA,1960,0,NA
East Asia & Pacific (IDA & IBRD countries),T4,TEA,1961,NA,NA
East Asia & Pacific (IDA & IBRD countries),T4,TEA,1962,NA,NA
East Asia & Pacific (IDA & IBRD countries),T4,TEA,1963,NA,NA
East Asia & Pacific (IDA & IBRD countries),T4,TEA,1964,NA,NA
East Asia & Pacific (IDA & IBRD countries),T4,TEA,1965,0,NA
East Asia & Pacific (IDA & IBRD countries),T4,TEA,1966,NA,NA
East Asia & Pacific (IDA & IBRD countries),T4,TEA,1967,NA,NA
East Asia & Pacific (IDA & IBRD countries),T4,TEA,1968,NA,NA
East Asia & Pacific (IDA & IBRD countries),T4,TEA,1969,NA,NA
East Asia & Pacific (IDA & IBRD countries),T4,TEA,1970,0,NA
East Asia & Pacific (IDA & IBRD countries),T4,TEA,1971,NA,NA
East Asia & Pacific (IDA & IBRD countries),T4,TEA,1972,NA,NA
East Asia & Pacific (IDA & IBRD countries),T4,TEA,1973,NA,NA
East Asia & Pacific (IDA & IBRD countries),T4,TEA,1974,NA,NA
East Asia & Pacific (IDA & IBRD countries),T4,TEA,1975,0,NA
East Asia & Pacific (IDA & IBRD countries),T4,TEA,1976,0,NA
East Asia & Pacific (IDA & IBRD countries),T4,TEA,1977,0,NA
East Asia & Pacific (IDA & IBRD countries),T4,TEA,1978,0,NA
East Asia & Pacific (IDA & IBRD countries),T4,TEA,1979,0,NA
East Asia & Pacific (IDA & IBRD countries),T4,TEA,1980,0,NA
East Asia & Pacific (IDA & IBRD countries),T4,TEA,1981,0,NA
East Asia & Pacific (IDA & IBRD countries),T4,TEA,1982,0,NA
East Asia & Pacific (IDA & IBRD countries),T4,TEA,1983,0,NA
East Asia & Pacific (IDA & IBRD countries),T4,TEA,1984,1.21823405632709e-4,NA
East Asia & Pacific (IDA & IBRD countries),T4,TEA,1985,1.40295990983021e-4,NA
East Asia & Pacific (IDA & IBRD countries),T4,TEA,1986,0.00108694941045106,NA
East Asia & Pacific (IDA & IBRD countries),T4,TEA,1987,0.00200051563353079,NA
East Asia & Pacific (IDA & IBRD countries),T4,TEA,1988,0.00370061535377161,NA
East Asia & Pacific (IDA & IBRD countries),T4,TEA,1989,0.00650169619431804,NA
East Asia & Pacific (IDA & IBRD countries),T4,TEA,1990,0.0116487596387499,0
East Asia & Pacific (IDA & IBRD countries),T4,TEA,1991,0.0221831860126453,1.8024948232561e-6
East Asia & Pacific (IDA & IBRD countries),T4,TEA,1992,0.0437933349075813,2.36745293990459e-5
East Asia & Pacific (IDA & IBRD countries),T4,TEA,1993,0.0934383826003796,8.86395214654447e-4
East Asia & Pacific (IDA & IBRD countries),T4,TEA,1994,0.18697920236832,0.00369290931439659
East Asia & Pacific (IDA & IBRD countries),T4,TEA,1995,0.391578578721572,0.0120766559468346
East Asia & Pacific (IDA & IBRD countries),T4,TEA,1996,0.686963183724536,0.0338077118690688
East Asia & Pacific (IDA & IBRD countries),T4,TEA,1997,1.14257418983634,0.0959866028300416
East Asia & Pacific (IDA & IBRD countries),T4,TEA,1998,1.76992058808844,0.328631508382432
East Asia & Pacific (IDA & IBRD countries),T4,TEA,1999,3.04946249664452,0.864039264095182
East Asia & Pacific (IDA & IBRD countries),T4,TEA,2000,5.83717736234857,1.91735171674583
East Asia & Pacific (IDA & IBRD countries),T4,TEA,2001,9.95567168404757,2.81515384761642
East Asia & Pacific (IDA & IBRD countries),T4,TEA,2002,14.3618897757779,4.45901842619512
East Asia & Pacific (IDA & IBRD countries),T4,TEA,2003,18.8626449730796,5.82819761367453
East Asia & Pacific (IDA & IBRD countries),T4,TEA,2004,24.026659013196,6.96321551491921
East Asia & Pacific (IDA & IBRD countries),T4,TEA,2005,28.6845714190938,8.42001224035933
East Asia & Pacific (IDA & IBRD countries),T4,TEA,2006,34.4267316663862,10.297524743406
East Asia & Pacific (IDA & IBRD countries),T4,TEA,2007,43.3479184862917,14.5495856391645
East Asia & Pacific (IDA & IBRD countries),T4,TEA,2008,53.3166122088424,19.4736751392307
East Asia & Pacific (IDA & IBRD countries),T4,TEA,2009,61.697463326788,24.0220802784506
East Asia & Pacific (IDA & IBRD countries),T4,TEA,2010,71.0725019935395,29.2810420774095
East Asia & Pacific (IDA & IBRD countries),T4,TEA,2011,81.1327438033427,32.7444260742306
East Asia & Pacific (IDA & IBRD countries),T4,TEA,2012,89.9824899417363,36.1383467724071
East Asia & Pacific (IDA & IBRD countries),T4,TEA,2013,96.9950982616019,38.7347318202187
East Asia & Pacific (IDA & IBRD countries),T4,TEA,2014,102.093043213241,41.1713473674279
East Asia & Pacific (IDA & IBRD countries),T4,TEA,2015,102.611340393091,44.1188770145273
East Asia & Pacific (IDA & IBRD countries),T4,TEA,2016,109.037540546064,47.6525541033024
East Asia & Pacific (IDA & IBRD countries),T4,TEA,2017,115.522413622652,50.0553228022824
East Asia & Pacific (IDA & IBRD countries),T4,TEA,2018,120.388492509008,55.7320146058142
East Asia & Pacific (IDA & IBRD countries),T4,TEA,2019,128.210852577809,60.5497308151206
East Asia & Pacific (IDA & IBRD countries),T4,TEA,2020,125.424425454223,66.4158746172715
East Asia & Pacific (IDA & IBRD countries),T4,TEA,2021,126.923077493776,72.3953961642717
Ecuador,EC,ECU,1960,0,NA
Ecuador,EC,ECU,1961,NA,NA
Ecuador,EC,ECU,1962,NA,NA
Ecuador,EC,ECU,1963,NA,NA
Ecuador,EC,ECU,1964,NA,NA
Ecuador,EC,ECU,1965,0,NA
Ecuador,EC,ECU,1966,NA,NA
Ecuador,EC,ECU,1967,NA,NA
Ecuador,EC,ECU,1968,NA,NA
Ecuador,EC,ECU,1969,NA,NA
Ecuador,EC,ECU,1970,0,NA
Ecuador,EC,ECU,1971,NA,NA
Ecuador,EC,ECU,1972,NA,NA
Ecuador,EC,ECU,1973,NA,NA
Ecuador,EC,ECU,1974,NA,NA
Ecuador,EC,ECU,1975,0,NA
Ecuador,EC,ECU,1976,0,NA
Ecuador,EC,ECU,1977,0,NA
Ecuador,EC,ECU,1978,0,NA
Ecuador,EC,ECU,1979,0,NA
Ecuador,EC,ECU,1980,0,NA
Ecuador,EC,ECU,1981,0,NA
Ecuador,EC,ECU,1982,0,NA
Ecuador,EC,ECU,1983,0,NA
Ecuador,EC,ECU,1984,0,NA
Ecuador,EC,ECU,1985,0,NA
Ecuador,EC,ECU,1986,0,NA
Ecuador,EC,ECU,1987,0,NA
Ecuador,EC,ECU,1988,0,NA
Ecuador,EC,ECU,1989,0,NA
Ecuador,EC,ECU,1990,0,0
Ecuador,EC,ECU,1991,0,0
Ecuador,EC,ECU,1992,0,0.005118035
Ecuador,EC,ECU,1993,0,0.016400751
Ecuador,EC,ECU,1994,0.166730527,0.034833586
Ecuador,EC,ECU,1995,0.470346789,0.043833641
Ecuador,EC,ECU,1996,0.507667711,0.086161276
Ecuador,EC,ECU,1997,1.055277857,0.110217959
Ecuador,EC,ECU,1998,1.990312216,0.125272771
Ecuador,EC,ECU,1999,3.087202545,0.823371634
Ecuador,EC,ECU,2000,3.819053045,1.462188536
Ecuador,EC,ECU,2001,6.688339072,2.670443674
Ecuador,EC,ECU,2002,11.94176277,4.260796915
Ecuador,EC,ECU,2003,18.02968067,4.460228345
Ecuador,EC,ECU,2004,26.1860424,4.834442638
Ecuador,EC,ECU,2005,45.36184863,5.994255161
Ecuador,EC,ECU,2006,60.56829501,7.2
Ecuador,EC,ECU,2007,69.74523844,10.8
Ecuador,EC,ECU,2008,80.60041815,18.8
Ecuador,EC,ECU,2009,89.81868124,24.6
Ecuador,EC,ECU,2010,98.60665932,29.03
Ecuador,EC,ECU,2011,100.6233672,31.36680836
Ecuador,EC,ECU,2012,106.2830299,35.13514645
Ecuador,EC,ECU,2013,105.7445117,40.27912194
Ecuador,EC,ECU,2014,104.0590503,45.59039067
Ecuador,EC,ECU,2015,79.92016129,48.94043379
Ecuador,EC,ECU,2016,84.44422411,54.06292473
Ecuador,EC,ECU,2017,87.74901563,55.8
Ecuador,EC,ECU,2018,92.69594524,57.5
Ecuador,EC,ECU,2019,91.40531396,59.2
Ecuador,EC,ECU,2020,88.04208636,70.7
Ecuador,EC,ECU,2021,94.33558884,NA
"Egypt, Arab Rep.",EG,EGY,1960,0,NA
"Egypt, Arab Rep.",EG,EGY,1961,NA,NA
"Egypt, Arab Rep.",EG,EGY,1962,NA,NA
"Egypt, Arab Rep.",EG,EGY,1963,NA,NA
"Egypt, Arab Rep.",EG,EGY,1964,NA,NA
"Egypt, Arab Rep.",EG,EGY,1965,0,NA
"Egypt, Arab Rep.",EG,EGY,1966,NA,NA
"Egypt, Arab Rep.",EG,EGY,1967,NA,NA
"Egypt, Arab Rep.",EG,EGY,1968,NA,NA
"Egypt, Arab Rep.",EG,EGY,1969,NA,NA
"Egypt, Arab Rep.",EG,EGY,1970,0,NA
"Egypt, Arab Rep.",EG,EGY,1971,NA,NA
"Egypt, Arab Rep.",EG,EGY,1972,NA,NA
"Egypt, Arab Rep.",EG,EGY,1973,NA,NA
"Egypt, Arab Rep.",EG,EGY,1974,NA,NA
"Egypt, Arab Rep.",EG,EGY,1975,0,NA
"Egypt, Arab Rep.",EG,EGY,1976,0,NA
"Egypt, Arab Rep.",EG,EGY,1977,0,NA
"Egypt, Arab Rep.",EG,EGY,1978,0,NA
"Egypt, Arab Rep.",EG,EGY,1979,0,NA
"Egypt, Arab Rep.",EG,EGY,1980,0,NA
"Egypt, Arab Rep.",EG,EGY,1981,0,NA
"Egypt, Arab Rep.",EG,EGY,1982,0,NA
"Egypt, Arab Rep.",EG,EGY,1983,0,NA
"Egypt, Arab Rep.",EG,EGY,1984,0,NA
"Egypt, Arab Rep.",EG,EGY,1985,0,NA
"Egypt, Arab Rep.",EG,EGY,1986,0,NA
"Egypt, Arab Rep.",EG,EGY,1987,0.004971488,NA
"Egypt, Arab Rep.",EG,EGY,1988,0.005563695,NA
"Egypt, Arab Rep.",EG,EGY,1989,0.006489636,NA
"Egypt, Arab Rep.",EG,EGY,1990,0.006991219,0
"Egypt, Arab Rep.",EG,EGY,1991,0.007677735,0
"Egypt, Arab Rep.",EG,EGY,1992,0.008189815,0
"Egypt, Arab Rep.",EG,EGY,1993,0.011203574000000001,9.75791e-4
"Egypt, Arab Rep.",EG,EGY,1994,0.011741777,0.00638327
"Egypt, Arab Rep.",EG,EGY,1995,0.011482554,0.031319638
"Egypt, Arab Rep.",EG,EGY,1996,0.011239195,0.061466899
"Egypt, Arab Rep.",EG,EGY,1997,0.09758824,0.090480245
"Egypt, Arab Rep.",EG,EGY,1998,0.132638847,0.147987377
"Egypt, Arab Rep.",EG,EGY,1999,0.688011068,0.290445278
"Egypt, Arab Rep.",EG,EGY,2000,1.905385844,0.641265038
"Egypt, Arab Rep.",EG,EGY,2001,3.834779135,0.838945611
"Egypt, Arab Rep.",EG,EGY,2002,6.041770251,2.719999715
"Egypt, Arab Rep.",EG,EGY,2003,7.632012197,4.037885107
"Egypt, Arab Rep.",EG,EGY,2004,9.85915998,11.92
"Egypt, Arab Rep.",EG,EGY,2005,17.23622961,12.75
"Egypt, Arab Rep.",EG,EGY,2006,22.32566002,13.66
"Egypt, Arab Rep.",EG,EGY,2007,36.60195613,16.03
"Egypt, Arab Rep.",EG,EGY,2008,49.2417787,18.01
"Egypt, Arab Rep.",EG,EGY,2009,64.73864816,20
"Egypt, Arab Rep.",EG,EGY,2010,80.98458549,21.6
"Egypt, Arab Rep.",EG,EGY,2011,93.52589069,25.6
"Egypt, Arab Rep.",EG,EGY,2012,106.0920672,26.4
"Egypt, Arab Rep.",EG,EGY,2013,106.775786,29.4
"Egypt, Arab Rep.",EG,EGY,2014,99.71097052,33.89460391
"Egypt, Arab Rep.",EG,EGY,2015,96.20599379,37.81938343
"Egypt, Arab Rep.",EG,EGY,2016,98.00309829,41.24806709
"Egypt, Arab Rep.",EG,EGY,2017,101.1482612,44.95020425
"Egypt, Arab Rep.",EG,EGY,2018,90.40274284,46.92433677
"Egypt, Arab Rep.",EG,EGY,2019,90.26837878,57.2828664
"Egypt, Arab Rep.",EG,EGY,2020,88.73336258,71.91420097
"Egypt, Arab Rep.",EG,EGY,2021,94.68027811,NA
El Salvador,SV,SLV,1960,0,NA
El Salvador,SV,SLV,1961,NA,NA
El Salvador,SV,SLV,1962,NA,NA
El Salvador,SV,SLV,1963,NA,NA
El Salvador,SV,SLV,1964,NA,NA
El Salvador,SV,SLV,1965,0,NA
El Salvador,SV,SLV,1966,NA,NA
El Salvador,SV,SLV,1967,NA,NA
El Salvador,SV,SLV,1968,NA,NA
El Salvador,SV,SLV,1969,NA,NA
El Salvador,SV,SLV,1970,0,NA
El Salvador,SV,SLV,1971,NA,NA
El Salvador,SV,SLV,1972,NA,NA
El Salvador,SV,SLV,1973,NA,NA
El Salvador,SV,SLV,1974,NA,NA
El Salvador,SV,SLV,1975,0,NA
El Salvador,SV,SLV,1976,0,NA
El Salvador,SV,SLV,1977,0,NA
El Salvador,SV,SLV,1978,0,NA
El Salvador,SV,SLV,1979,0,NA
El Salvador,SV,SLV,1980,0,NA
El Salvador,SV,SLV,1981,0,NA
El Salvador,SV,SLV,1982,0,NA
El Salvador,SV,SLV,1983,0,NA
El Salvador,SV,SLV,1984,0,NA
El Salvador,SV,SLV,1985,0,NA
El Salvador,SV,SLV,1986,0,NA
El Salvador,SV,SLV,1987,0,NA
El Salvador,SV,SLV,1988,0,NA
El Salvador,SV,SLV,1989,0,NA
El Salvador,SV,SLV,1990,0,0
El Salvador,SV,SLV,1991,0,0
El Salvador,SV,SLV,1992,0,0
El Salvador,SV,SLV,1993,0.028982486,0
El Salvador,SV,SLV,1994,0.085507948,0
El Salvador,SV,SLV,1995,0.234421373,0
El Salvador,SV,SLV,1996,0.401404831,0.086389580999999993
El Salvador,SV,SLV,1997,0.68741209,0.256960679
El Salvador,SV,SLV,1998,2.32985669,0.425253672
El Salvador,SV,SLV,1999,8.632305466,0.845428741
El Salvador,SV,SLV,2000,12.48015854,1.177397269
El Salvador,SV,SLV,2001,14.32478944,1.5
El Salvador,SV,SLV,2002,14.78584826,1.9
El Salvador,SV,SLV,2003,19.07779987,2.5
El Salvador,SV,SLV,2004,30.36254883,3.2
El Salvador,SV,SLV,2005,39.94412219,4.2
El Salvador,SV,SLV,2006,63.82719114,5.5
El Salvador,SV,SLV,2007,101.542819,6.11
El Salvador,SV,SLV,2008,114.5449835,10.08
El Salvador,SV,SLV,2009,124.2162448,12.11
El Salvador,SV,SLV,2010,125.9452597,15.9
El Salvador,SV,SLV,2011,135.5007081,18.9
El Salvador,SV,SLV,2012,140.3764699,20.32138772
El Salvador,SV,SLV,2013,145.3672715,23.1093
El Salvador,SV,SLV,2014,148.0522346,24.76171215
El Salvador,SV,SLV,2015,149.7999219,26.80260496
El Salvador,SV,SLV,2016,154.1835626,28.99707305
El Salvador,SV,SLV,2017,151.2456887,33.8207289
El Salvador,SV,SLV,2018,150.3024373,43.8
El Salvador,SV,SLV,2019,165.5481968,50.49119319
El Salvador,SV,SLV,2020,158.1030557,54.60137027
El Salvador,SV,SLV,2021,175.3370318,NA
Equatorial Guinea,GQ,GNQ,1960,0,NA
Equatorial Guinea,GQ,GNQ,1961,NA,NA
Equatorial Guinea,GQ,GNQ,1962,NA,NA
Equatorial Guinea,GQ,GNQ,1963,NA,NA
Equatorial Guinea,GQ,GNQ,1964,NA,NA
Equatorial Guinea,GQ,GNQ,1965,0,NA
Equatorial Guinea,GQ,GNQ,1966,NA,NA
Equatorial Guinea,GQ,GNQ,1967,NA,NA
Equatorial Guinea,GQ,GNQ,1968,NA,NA
Equatorial Guinea,GQ,GNQ,1969,NA,NA
Equatorial Guinea,GQ,GNQ,1970,0,NA
Equatorial Guinea,GQ,GNQ,1971,NA,NA
Equatorial Guinea,GQ,GNQ,1972,NA,NA
Equatorial Guinea,GQ,GNQ,1973,NA,NA
Equatorial Guinea,GQ,GNQ,1974,NA,NA
Equatorial Guinea,GQ,GNQ,1975,0,NA
Equatorial Guinea,GQ,GNQ,1976,0,NA
Equatorial Guinea,GQ,GNQ,1977,0,NA
Equatorial Guinea,GQ,GNQ,1978,0,NA
Equatorial Guinea,GQ,GNQ,1979,0,NA
Equatorial Guinea,GQ,GNQ,1980,0,NA
Equatorial Guinea,GQ,GNQ,1981,0,NA
Equatorial Guinea,GQ,GNQ,1982,0,NA
Equatorial Guinea,GQ,GNQ,1983,0,NA
Equatorial Guinea,GQ,GNQ,1984,0,NA
Equatorial Guinea,GQ,GNQ,1985,0,NA
Equatorial Guinea,GQ,GNQ,1986,0,NA
Equatorial Guinea,GQ,GNQ,1987,0,NA
Equatorial Guinea,GQ,GNQ,1988,0,NA
Equatorial Guinea,GQ,GNQ,1989,0,NA
Equatorial Guinea,GQ,GNQ,1990,0,0
Equatorial Guinea,GQ,GNQ,1991,0,0
Equatorial Guinea,GQ,GNQ,1992,0,0
Equatorial Guinea,GQ,GNQ,1993,0,0
Equatorial Guinea,GQ,GNQ,1994,0,0
Equatorial Guinea,GQ,GNQ,1995,0,0
Equatorial Guinea,GQ,GNQ,1996,0.010470791,NA
Equatorial Guinea,GQ,GNQ,1997,0.049540103,0.041462292
Equatorial Guinea,GQ,GNQ,1998,0.04716277,0.094423774
Equatorial Guinea,GQ,GNQ,1999,0.091599138,0.097415945
Equatorial Guinea,GQ,GNQ,2000,0.729951517,0.132354665
Equatorial Guinea,GQ,GNQ,2001,2.085447746,0.165260423
Equatorial Guinea,GQ,GNQ,2002,4.243379003,0.321197997
Equatorial Guinea,GQ,GNQ,2003,5.255286628,0.520524272
Equatorial Guinea,GQ,GNQ,2004,7.490727351,0.843930285
Equatorial Guinea,GQ,GNQ,2005,11.20586174,1.149789671
Equatorial Guinea,GQ,GNQ,2006,13.25354698,1.279193596
Equatorial Guinea,GQ,GNQ,2007,15.80921024,1.557123059
Equatorial Guinea,GQ,GNQ,2008,18.09096135,1.82
Equatorial Guinea,GQ,GNQ,2009,19.16285166,2.13
Equatorial Guinea,GQ,GNQ,2010,36.48069846,6
Equatorial Guinea,GQ,GNQ,2011,41.83688803,11.5
Equatorial Guinea,GQ,GNQ,2012,41.97904554,13.94318219
Equatorial Guinea,GQ,GNQ,2013,41.06167415,16.4
Equatorial Guinea,GQ,GNQ,2014,39.88162291,18.86
Equatorial Guinea,GQ,GNQ,2015,39.5951515,21.3199999
Equatorial Guinea,GQ,GNQ,2016,41.14939522,23.7799999
Equatorial Guinea,GQ,GNQ,2017,39.02359836,26.239999
Equatorial Guinea,GQ,GNQ,2018,39.35997262,NA
Equatorial Guinea,GQ,GNQ,2019,39.72876266,NA
Equatorial Guinea,GQ,GNQ,2020,40.41229311,NA
Equatorial Guinea,GQ,GNQ,2021,NA,NA
Eritrea,ER,ERI,1960,0,NA
Eritrea,ER,ERI,1961,NA,NA
Eritrea,ER,ERI,1962,NA,NA
Eritrea,ER,ERI,1963,NA,NA
Eritrea,ER,ERI,1964,NA,NA
Eritrea,ER,ERI,1965,0,NA
Eritrea,ER,ERI,1966,NA,NA
Eritrea,ER,ERI,1967,NA,NA
Eritrea,ER,ERI,1968,NA,NA
Eritrea,ER,ERI,1969,NA,NA
Eritrea,ER,ERI,1970,0,NA
Eritrea,ER,ERI,1971,NA,NA
Eritrea,ER,ERI,1972,NA,NA
Eritrea,ER,ERI,1973,NA,NA
Eritrea,ER,ERI,1974,NA,NA
Eritrea,ER,ERI,1975,0,NA
Eritrea,ER,ERI,1976,0,NA
Eritrea,ER,ERI,1977,0,NA
Eritrea,ER,ERI,1978,0,NA
Eritrea,ER,ERI,1979,0,NA
Eritrea,ER,ERI,1980,0,NA
Eritrea,ER,ERI,1981,0,NA
Eritrea,ER,ERI,1982,0,NA
Eritrea,ER,ERI,1983,0,NA
Eritrea,ER,ERI,1984,0,NA
Eritrea,ER,ERI,1985,0,NA
Eritrea,ER,ERI,1986,0,NA
Eritrea,ER,ERI,1987,0,NA
Eritrea,ER,ERI,1988,0,NA
Eritrea,ER,ERI,1989,0,NA
Eritrea,ER,ERI,1990,0,0
Eritrea,ER,ERI,1991,0,0
Eritrea,ER,ERI,1992,0,0
Eritrea,ER,ERI,1993,0,0
Eritrea,ER,ERI,1994,0,0
Eritrea,ER,ERI,1995,0,0
Eritrea,ER,ERI,1996,0,0
Eritrea,ER,ERI,1997,0,0.009017718
Eritrea,ER,ERI,1998,0,0.008774236
Eritrea,ER,ERI,1999,0,0.025495028
Eritrea,ER,ERI,2000,0,0.136711941
Eritrea,ER,ERI,2001,0,0.157815289
Eritrea,ER,ERI,2002,0,0.227090138
Eritrea,ER,ERI,2003,0,NA
Eritrea,ER,ERI,2004,0.723814211,NA
Eritrea,ER,ERI,2005,1.428030619,NA
Eritrea,ER,ERI,2006,2.152569379,NA
Eritrea,ER,ERI,2007,2.882541262,0.41
Eritrea,ER,ERI,2008,3.614071427,0.47
Eritrea,ER,ERI,2009,4.576365938,0.54
Eritrea,ER,ERI,2010,5.88599329,0.61
Eritrea,ER,ERI,2011,7.542750431,0.7
Eritrea,ER,ERI,2012,9.385825968,0.8
Eritrea,ER,ERI,2013,10.76469944,0.9
Eritrea,ER,ERI,2014,12.55933262,0.99
Eritrea,ER,ERI,2015,14.22153134,1.083733116
Eritrea,ER,ERI,2016,15.03586023,1.17711872
Eritrea,ER,ERI,2017,20.45963226,1.30890698
Eritrea,ER,ERI,2018,NA,NA
Eritrea,ER,ERI,2019,37.46979694,NA
Eritrea,ER,ERI,2020,50.64867425,NA
Eritrea,ER,ERI,2021,NA,NA
Estonia,EE,EST,1960,0,NA
Estonia,EE,EST,1961,NA,NA
Estonia,EE,EST,1962,NA,NA
Estonia,EE,EST,1963,NA,NA
Estonia,EE,EST,1964,NA,NA
Estonia,EE,EST,1965,0,NA
Estonia,EE,EST,1966,NA,NA
Estonia,EE,EST,1967,NA,NA
Estonia,EE,EST,1968,NA,NA
Estonia,EE,EST,1969,NA,NA
Estonia,EE,EST,1970,0,NA
Estonia,EE,EST,1971,NA,NA
Estonia,EE,EST,1972,NA,NA
Estonia,EE,EST,1973,NA,NA
Estonia,EE,EST,1974,NA,NA
Estonia,EE,EST,1975,0,NA
Estonia,EE,EST,1976,0,NA
Estonia,EE,EST,1977,0,NA
Estonia,EE,EST,1978,0,NA
Estonia,EE,EST,1979,0,NA
Estonia,EE,EST,1980,0,NA
Estonia,EE,EST,1981,0,NA
Estonia,EE,EST,1982,0,NA
Estonia,EE,EST,1983,0,NA
Estonia,EE,EST,1984,0,NA
Estonia,EE,EST,1985,0,NA
Estonia,EE,EST,1986,0,NA
Estonia,EE,EST,1987,0,NA
Estonia,EE,EST,1988,0,NA
Estonia,EE,EST,1989,0,NA
Estonia,EE,EST,1990,0,0
Estonia,EE,EST,1991,0.036407139,0
Estonia,EE,EST,1992,0.162167672,0.065484797
Estonia,EE,EST,1993,0.480179948,0.300711282
Estonia,EE,EST,1994,0.933370468,1.159750913
Estonia,EE,EST,1995,2.096126379,2.778968489
Estonia,EE,EST,1996,4.8443196,3.525111129
Estonia,EE,EST,1997,10.14428522,5.706276548
Estonia,EE,EST,1998,17.50349184,10.79603483
Estonia,EE,EST,1999,27.57396163,14.50089724
Estonia,EE,EST,2000,39.87466327,28.57695381
Estonia,EE,EST,2001,46.91659552,31.52748977
Estonia,EE,EST,2002,63.87575766,41.52
Estonia,EE,EST,2003,76.62301373,45.32
Estonia,EE,EST,2004,92.165096,53.2
Estonia,EE,EST,2005,106.6908203,61.45
Estonia,EE,EST,2006,123.1669202,63.51
Estonia,EE,EST,2007,125.4573787,66.19
Estonia,EE,EST,2008,121.4997483,70.58
Estonia,EE,EST,2009,117.6827879,72.5
Estonia,EE,EST,2010,124.1280928,74.1
Estonia,EE,EST,2011,136.0581244,76.5
Estonia,EE,EST,2012,151.1890235,78.38992593
Estonia,EE,EST,2013,146.2404646,80.0043
Estonia,EE,EST,2014,144.352489,84.24152803
Estonia,EE,EST,2015,144.7940413,88.4097035
Estonia,EE,EST,2016,144.227031,87.24023275
Estonia,EE,EST,2017,144.5430113,88.10245687
Estonia,EE,EST,2018,145.5233453,89.35700777
Estonia,EE,EST,2019,147.0228833,90.2289282
Estonia,EE,EST,2020,144.8567221,89.05828666
Estonia,EE,EST,2021,149.0807939,91.03626943
Eswatini,SZ,SWZ,1960,0,NA
Eswatini,SZ,SWZ,1961,NA,NA
Eswatini,SZ,SWZ,1962,NA,NA
Eswatini,SZ,SWZ,1963,NA,NA
Eswatini,SZ,SWZ,1964,NA,NA
Eswatini,SZ,SWZ,1965,0,NA
Eswatini,SZ,SWZ,1966,NA,NA
Eswatini,SZ,SWZ,1967,NA,NA
Eswatini,SZ,SWZ,1968,NA,NA
Eswatini,SZ,SWZ,1969,NA,NA
Eswatini,SZ,SWZ,1970,0,NA
Eswatini,SZ,SWZ,1971,NA,NA
Eswatini,SZ,SWZ,1972,NA,NA
Eswatini,SZ,SWZ,1973,NA,NA
Eswatini,SZ,SWZ,1974,NA,NA
Eswatini,SZ,SWZ,1975,0,NA
Eswatini,SZ,SWZ,1976,0,NA
Eswatini,SZ,SWZ,1977,0,NA
Eswatini,SZ,SWZ,1978,0,NA
Eswatini,SZ,SWZ,1979,0,NA
Eswatini,SZ,SWZ,1980,0,NA
Eswatini,SZ,SWZ,1981,0,NA
Eswatini,SZ,SWZ,1982,0,NA
Eswatini,SZ,SWZ,1983,0,NA
Eswatini,SZ,SWZ,1984,0,NA
Eswatini,SZ,SWZ,1985,0,NA
Eswatini,SZ,SWZ,1986,0,NA
Eswatini,SZ,SWZ,1987,0,NA
Eswatini,SZ,SWZ,1988,0,NA
Eswatini,SZ,SWZ,1989,0,NA
Eswatini,SZ,SWZ,1990,0,0
Eswatini,SZ,SWZ,1991,0,0
Eswatini,SZ,SWZ,1992,0,0
Eswatini,SZ,SWZ,1993,0,0
Eswatini,SZ,SWZ,1994,0,0
Eswatini,SZ,SWZ,1995,0,0.00103175
Eswatini,SZ,SWZ,1996,0,0.050399009
Eswatini,SZ,SWZ,1997,0,0.088545986
Eswatini,SZ,SWZ,1998,0.46758818,0.096099605
Eswatini,SZ,SWZ,1999,1.374745917,0.4707176
Eswatini,SZ,SWZ,2000,3.202341397,0.926191777
Eswatini,SZ,SWZ,2001,5.281372312,1.28159005
Eswatini,SZ,SWZ,2002,6.471204567,1.816203807
Eswatini,SZ,SWZ,2003,8.027978923,2.437073851
Eswatini,SZ,SWZ,2004,13.60526345,3.228685073
Eswatini,SZ,SWZ,2005,18.65870065,3.696961073
Eswatini,SZ,SWZ,2006,23.19679699,3.696538789
Eswatini,SZ,SWZ,2007,35.05509184,4.1
Eswatini,SZ,SWZ,2008,48.780405,6.85
Eswatini,SZ,SWZ,2009,60.68503936,8.94
Eswatini,SZ,SWZ,2010,65.98679904,11.04
Eswatini,SZ,SWZ,2011,69.34685278,18.13
Eswatini,SZ,SWZ,2012,72.42830048,20.78178258
Eswatini,SZ,SWZ,2013,79.85199214,24.7
Eswatini,SZ,SWZ,2014,81.43072216,25
Eswatini,SZ,SWZ,2015,82.98528312,25.64304231
Eswatini,SZ,SWZ,2016,87.08788612,28.57
Eswatini,SZ,SWZ,2017,91.36782498,30.3
Eswatini,SZ,SWZ,2018,NA,NA
Eswatini,SZ,SWZ,2019,100.5460781,NA
Eswatini,SZ,SWZ,2020,105.2805434,NA
Eswatini,SZ,SWZ,2021,NA,NA
Ethiopia,ET,ETH,1960,0,NA
Ethiopia,ET,ETH,1961,NA,NA
Ethiopia,ET,ETH,1962,NA,NA
Ethiopia,ET,ETH,1963,NA,NA
Ethiopia,ET,ETH,1964,NA,NA
Ethiopia,ET,ETH,1965,0,NA
Ethiopia,ET,ETH,1966,NA,NA
Ethiopia,ET,ETH,1967,NA,NA
Ethiopia,ET,ETH,1968,NA,NA
Ethiopia,ET,ETH,1969,NA,NA
Ethiopia,ET,ETH,1970,0,NA
Ethiopia,ET,ETH,1971,NA,NA
Ethiopia,ET,ETH,1972,NA,NA
Ethiopia,ET,ETH,1973,NA,NA
Ethiopia,ET,ETH,1974,NA,NA
Ethiopia,ET,ETH,1975,0,NA
Ethiopia,ET,ETH,1976,0,NA
Ethiopia,ET,ETH,1977,0,NA
Ethiopia,ET,ETH,1978,0,NA
Ethiopia,ET,ETH,1979,0,NA
Ethiopia,ET,ETH,1980,0,NA
Ethiopia,ET,ETH,1981,0,NA
Ethiopia,ET,ETH,1982,0,NA
Ethiopia,ET,ETH,1983,0,NA
Ethiopia,ET,ETH,1984,0,NA
Ethiopia,ET,ETH,1985,0,NA
Ethiopia,ET,ETH,1986,0,NA
Ethiopia,ET,ETH,1987,0,NA
Ethiopia,ET,ETH,1988,0,NA
Ethiopia,ET,ETH,1989,0,NA
Ethiopia,ET,ETH,1990,0,0
Ethiopia,ET,ETH,1991,0,0
Ethiopia,ET,ETH,1992,0,0
Ethiopia,ET,ETH,1993,0,0
Ethiopia,ET,ETH,1994,0,0
Ethiopia,ET,ETH,1995,0,1.75e-5
Ethiopia,ET,ETH,1996,0,0.001703448
Ethiopia,ET,ETH,1997,0,0.00496672
Ethiopia,ET,ETH,1998,0,0.009663517
Ethiopia,ET,ETH,1999,0.010356869,0.012541599
Ethiopia,ET,ETH,2000,0.026490386,0.015263767
Ethiopia,ET,ETH,2001,0.03984414,0.037162381
Ethiopia,ET,ETH,2002,0.070869174,0.072402262
Ethiopia,ET,ETH,2003,0.070144615,0.105811659
Ethiopia,ET,ETH,2004,0.206549642,0.155334521
Ethiopia,ET,ETH,2005,0.530050753,0.219659819
Ethiopia,ET,ETH,2006,1.087575079,0.310592657
Ethiopia,ET,ETH,2007,1.473846619,0.37
Ethiopia,ET,ETH,2008,2.316967875,0.45
Ethiopia,ET,ETH,2009,4.670250336,0.54
Ethiopia,ET,ETH,2010,7.680602493,0.75
Ethiopia,ET,ETH,2011,15.38551239,1.1
Ethiopia,ET,ETH,2012,21.72960388,2.9
Ethiopia,ET,ETH,2013,26.41709068,4.6
Ethiopia,ET,ETH,2014,30.56740707,7.7
Ethiopia,ET,ETH,2015,41.29095943,13.85517556
Ethiopia,ET,ETH,2016,48.64890266,15.36692386
Ethiopia,ET,ETH,2017,36.59958437,18.61805145
Ethiopia,ET,ETH,2018,NA,20
Ethiopia,ET,ETH,2019,36.73307203,22
Ethiopia,ET,ETH,2020,37.97222807,24
Ethiopia,ET,ETH,2021,NA,16.6981031
Euro area,XC,EMU,1960,0,NA
Euro area,XC,EMU,1961,NA,NA
Euro area,XC,EMU,1962,NA,NA
Euro area,XC,EMU,1963,NA,NA
Euro area,XC,EMU,1964,NA,NA
Euro area,XC,EMU,1965,0,NA
Euro area,XC,EMU,1966,NA,NA
Euro area,XC,EMU,1967,NA,NA
Euro area,XC,EMU,1968,NA,NA
Euro area,XC,EMU,1969,NA,NA
Euro area,XC,EMU,1970,0,NA
Euro area,XC,EMU,1971,NA,NA
Euro area,XC,EMU,1972,NA,NA
Euro area,XC,EMU,1973,NA,NA
Euro area,XC,EMU,1974,NA,NA
Euro area,XC,EMU,1975,0,NA
Euro area,XC,EMU,1976,0,NA
Euro area,XC,EMU,1977,0,NA
Euro area,XC,EMU,1978,0,NA
Euro area,XC,EMU,1979,0,NA
Euro area,XC,EMU,1980,0.00783403328057716,NA
Euro area,XC,EMU,1981,0.00939815177474083,NA
Euro area,XC,EMU,1982,0.011225334853348,NA
Euro area,XC,EMU,1983,0.0159664436826905,NA
Euro area,XC,EMU,1984,0.0207490358910532,NA
Euro area,XC,EMU,1985,0.0338740704141301,NA
Euro area,XC,EMU,1986,0.0553485334629497,NA
Euro area,XC,EMU,1987,0.0901830209273506,NA
Euro area,XC,EMU,1988,0.15513578704562,NA
Euro area,XC,EMU,1989,0.254230681907261,NA
Euro area,XC,EMU,1990,0.441299532261343,0.0726351179661415
Euro area,XC,EMU,1991,0.720910460399113,0.160417203915975
Euro area,XC,EMU,1992,1.0462488179754,0.311488527975332
Euro area,XC,EMU,1993,1.61780795131169,0.459325344738023
Euro area,XC,EMU,1994,2.52796913498029,0.829143023761186
Euro area,XC,EMU,1995,4.14484760716119,1.66729909592862
Euro area,XC,EMU,1996,7.23161719860711,2.87856699970476
Euro area,XC,EMU,1997,12.6526756636881,5.09444021365788
Euro area,XC,EMU,1998,22.0538512470805,7.99792240737067
Euro area,XC,EMU,1999,37.931180341238,15.1986295142739
Euro area,XC,EMU,2000,59.5078895777704,22.4740885951831
Euro area,XC,EMU,2001,72.1308435190482,27.3121305264591
Euro area,XC,EMU,2002,77.0552482787054,35.1013016261097
Euro area,XC,EMU,2003,83.1518120856863,42.0126090048341
Euro area,XC,EMU,2004,89.9332063914091,47.3736061251911
Euro area,XC,EMU,2005,99.051574690037,51.1518825534568
Euro area,XC,EMU,2006,107.162881265774,54.8416233808392
Euro area,XC,EMU,2007,117.134522022221,61.2933671301128
Euro area,XC,EMU,2008,122.278517102598,64.7652750618427
Euro area,XC,EMU,2009,121.414379172252,67.0755917359501
Euro area,XC,EMU,2010,117.459990687116,70.9978093737337
Euro area,XC,EMU,2011,120.433717559859,71.9869726911287
Euro area,XC,EMU,2012,121.81777940014,74.0951705993693
Euro area,XC,EMU,2013,122.871355444205,75.8397673883295
Euro area,XC,EMU,2014,121.213502588037,77.0884578635575
Euro area,XC,EMU,2015,120.548936091263,77.4959155474625
Euro area,XC,EMU,2016,121.606874736494,77.9942346239735
Euro area,XC,EMU,2017,123.036869025329,79.6720363514538
Euro area,XC,EMU,2018,122.711037661914,83.0026189038934
Euro area,XC,EMU,2019,122.238489438171,83.4011398227369
Euro area,XC,EMU,2020,121.617236643168,85.313258311285
Euro area,XC,EMU,2021,124.682632892688,87.1751106641765
Europe & Central Asia,Z7,ECS,1960,0,NA
Europe & Central Asia,Z7,ECS,1961,NA,NA
Europe & Central Asia,Z7,ECS,1962,NA,NA
Europe & Central Asia,Z7,ECS,1963,NA,NA
Europe & Central Asia,Z7,ECS,1964,NA,NA
Europe & Central Asia,Z7,ECS,1965,0,NA
Europe & Central Asia,Z7,ECS,1966,NA,NA
Europe & Central Asia,Z7,ECS,1967,NA,NA
Europe & Central Asia,Z7,ECS,1968,NA,NA
Europe & Central Asia,Z7,ECS,1969,NA,NA
Europe & Central Asia,Z7,ECS,1970,0,NA
Europe & Central Asia,Z7,ECS,1971,NA,NA
Europe & Central Asia,Z7,ECS,1972,NA,NA
Europe & Central Asia,Z7,ECS,1973,NA,NA
Europe & Central Asia,Z7,ECS,1974,NA,NA
Europe & Central Asia,Z7,ECS,1975,0,NA
Europe & Central Asia,Z7,ECS,1976,0,NA
Europe & Central Asia,Z7,ECS,1977,0,NA
Europe & Central Asia,Z7,ECS,1978,0,NA
Europe & Central Asia,Z7,ECS,1979,0,NA
Europe & Central Asia,Z7,ECS,1980,0.00300000830479301,NA
Europe & Central Asia,Z7,ECS,1981,0.00638648121041208,NA
Europe & Central Asia,Z7,ECS,1982,0.010013843514000101,NA
Europe & Central Asia,Z7,ECS,1983,0.0155509973808551,NA
Europe & Central Asia,Z7,ECS,1984,0.0239524755746834,NA
Europe & Central Asia,Z7,ECS,1985,0.0419023116923622,NA
Europe & Central Asia,Z7,ECS,1986,0.0688240595501274,NA
Europe & Central Asia,Z7,ECS,1987,0.116448948666354,NA
Europe & Central Asia,Z7,ECS,1988,0.192079523861066,NA
Europe & Central Asia,Z7,ECS,1989,0.301543481919249,NA
Europe & Central Asia,Z7,ECS,1990,0.415286198842037,0.0480308340883355
Europe & Central Asia,Z7,ECS,1991,0.565037071186595,0.101867513050175
Europe & Central Asia,Z7,ECS,1992,0.745036912627818,0.180602240019337
Europe & Central Asia,Z7,ECS,1993,1.10392417583795,0.279651313439346
Europe & Central Asia,Z7,ECS,1994,1.79608903751347,0.524234488939336
Europe & Central Asia,Z7,ECS,1995,2.84802411304229,0.989489638618395
Europe & Central Asia,Z7,ECS,1996,4.48034773551412,1.8340968855601
Europe & Central Asia,Z7,ECS,1997,7.18857489924677,3.34219650806855
Europe & Central Asia,Z7,ECS,1998,12.2777552621195,5.41187556498978
Europe & Central Asia,Z7,ECS,1999,21.3318462342289,9.20225391496979
Europe & Central Asia,Z7,ECS,2000,34.1426870167349,13.1269849570893
Europe & Central Asia,Z7,ECS,2001,42.0345809507666,16.3362483570308
Europe & Central Asia,Z7,ECS,2002,47.700404904333,22.9568093040894
Europe & Central Asia,Z7,ECS,2003,55.1982757002256,28.2521619505244
Europe & Central Asia,Z7,ECS,2004,66.2863854507076,32.2374688266742
Europe & Central Asia,Z7,ECS,2005,81.2101936296506,35.0943891993223
Europe & Central Asia,Z7,ECS,2006,94.7728462804817,37.9534456390782
Europe & Central Asia,Z7,ECS,2007,106.502951626028,43.5552221324845
Europe & Central Asia,Z7,ECS,2008,115.166753219299,48.1045726393721
Europe & Central Asia,Z7,ECS,2009,119.526196384206,52.678193291119
Europe & Central Asia,Z7,ECS,2010,120.330730781447,57.0121575556724
Europe & Central Asia,Z7,ECS,2011,120.443939487647,60.2131684407736
Europe & Central Asia,Z7,ECS,2012,122.578365415616,63.9070061071758
Europe & Central Asia,Z7,ECS,2013,125.059373627102,66.2677683139019
Europe & Central Asia,Z7,ECS,2014,124.878330839041,68.931767516003
Europe & Central Asia,Z7,ECS,2015,124.309043741395,69.9749041036482
Europe & Central Asia,Z7,ECS,2016,124.124706144797,72.359298921561
Europe & Central Asia,Z7,ECS,2017,124.351534880485,74.5064348537643
Europe & Central Asia,Z7,ECS,2018,123.771043790156,79.055719644171
Europe & Central Asia,Z7,ECS,2019,126.158401916501,81.3725807595586
Europe & Central Asia,Z7,ECS,2020,125.25201490545,83.8185166682133
Europe & Central Asia,Z7,ECS,2021,128.749251177972,86.5336269623246
Europe & Central Asia (excluding high income),7E,ECA,1960,0,NA
Europe & Central Asia (excluding high income),7E,ECA,1961,NA,NA
Europe & Central Asia (excluding high income),7E,ECA,1962,NA,NA
Europe & Central Asia (excluding high income),7E,ECA,1963,NA,NA
Europe & Central Asia (excluding high income),7E,ECA,1964,NA,NA
Europe & Central Asia (excluding high income),7E,ECA,1965,0,NA
Europe & Central Asia (excluding high income),7E,ECA,1966,NA,NA
Europe & Central Asia (excluding high income),7E,ECA,1967,NA,NA
Europe & Central Asia (excluding high income),7E,ECA,1968,NA,NA
Europe & Central Asia (excluding high income),7E,ECA,1969,NA,NA
Europe & Central Asia (excluding high income),7E,ECA,1970,0,NA
Europe & Central Asia (excluding high income),7E,ECA,1971,NA,NA
Europe & Central Asia (excluding high income),7E,ECA,1972,NA,NA
Europe & Central Asia (excluding high income),7E,ECA,1973,NA,NA
Europe & Central Asia (excluding high income),7E,ECA,1974,NA,NA
Europe & Central Asia (excluding high income),7E,ECA,1975,0,NA
Europe & Central Asia (excluding high income),7E,ECA,1976,0,NA
Europe & Central Asia (excluding high income),7E,ECA,1977,0,NA
Europe & Central Asia (excluding high income),7E,ECA,1978,0,NA
Europe & Central Asia (excluding high income),7E,ECA,1979,0,NA
Europe & Central Asia (excluding high income),7E,ECA,1980,0,NA
Europe & Central Asia (excluding high income),7E,ECA,1981,0,NA
Europe & Central Asia (excluding high income),7E,ECA,1982,0,NA
Europe & Central Asia (excluding high income),7E,ECA,1983,0,NA
Europe & Central Asia (excluding high income),7E,ECA,1984,0,NA
Europe & Central Asia (excluding high income),7E,ECA,1985,0,NA
Europe & Central Asia (excluding high income),7E,ECA,1986,1.07153903197137e-4,NA
Europe & Central Asia (excluding high income),7E,ECA,1987,0.00148130529409879,NA
Europe & Central Asia (excluding high income),7E,ECA,1988,0.00282937760041248,NA
Europe & Central Asia (excluding high income),7E,ECA,1989,0.00444211882809229,NA
Europe & Central Asia (excluding high income),7E,ECA,1990,0.0089809086943995,0
Europe & Central Asia (excluding high income),7E,ECA,1991,0.013493667418717,0
Europe & Central Asia (excluding high income),7E,ECA,1992,0.018804539170227,2.78225611639976e-4
Europe & Central Asia (excluding high income),7E,ECA,1993,0.0267277774585553,0.00706564121554316
Europe & Central Asia (excluding high income),7E,ECA,1994,0.0603753212121792,0.0327918657110009
Europe & Central Asia (excluding high income),7E,ECA,1995,0.16086720641136,0.0848575629955409
Europe & Central Asia (excluding high income),7E,ECA,1996,0.314195321796795,0.185724699922932
Europe & Central Asia (excluding high income),7E,ECA,1997,0.652010171724635,0.354782057494208
Europe & Central Asia (excluding high income),7E,ECA,1998,1.3155282082947,0.574485807653625
Europe & Central Asia (excluding high income),7E,ECA,1999,2.98360525598389,1.0064637582031
Europe & Central Asia (excluding high income),7E,ECA,2000,6.1392893785861,1.87179008075963
Europe & Central Asia (excluding high income),7E,ECA,2001,9.44935219990344,2.77987659018968
Europe & Central Asia (excluding high income),7E,ECA,2002,14.480901575127,4.9289376510154
Europe & Central Asia (excluding high income),7E,ECA,2003,22.6161993549387,7.19901646841153
Europe & Central Asia (excluding high income),7E,ECA,2004,38.668497077706,10.4491075259066
Europe & Central Asia (excluding high income),7E,ECA,2005,60.4550331052222,11.8939992952503
Europe & Central Asia (excluding high income),7E,ECA,2006,80.1090369842562,14.422095640026
Europe & Central Asia (excluding high income),7E,ECA,2007,94.2543757827221,19.893802753713
Europe & Central Asia (excluding high income),7E,ECA,2008,107.477484106824,25.3509711277993
Europe & Central Asia (excluding high income),7E,ECA,2009,117.747208557564,32.0535892384425
Europe & Central Asia (excluding high income),7E,ECA,2010,122.590769118708,37.6240274424484
Europe & Central Asia (excluding high income),7E,ECA,2011,119.283034495202,43.9415482599017
Europe & Central Asia (excluding high income),7E,ECA,2012,121.786578473076,49.7631886640834
Europe & Central Asia (excluding high income),7E,ECA,2013,125.930201437244,52.8780807132712
Europe & Central Asia (excluding high income),7E,ECA,2014,127.044617794266,56.9436215156924
Europe & Central Asia (excluding high income),7E,ECA,2015,127.581193215172,58.8212467976054
Europe & Central Asia (excluding high income),7E,ECA,2016,126.952039407919,62.5126953591601
Europe & Central Asia (excluding high income),7E,ECA,2017,127.130640479093,66.3139711013535
Europe & Central Asia (excluding high income),7E,ECA,2018,126.71423964091,73.031972697112
Europe & Central Asia (excluding high income),7E,ECA,2019,131.980181605416,77.026755154476
Europe & Central Asia (excluding high income),7E,ECA,2020,130.6982364331,80.0630379066834
Europe & Central Asia (excluding high income),7E,ECA,2021,134.899596026662,85.4311395130952
Europe & Central Asia (IDA & IBRD countries),T7,TEC,1960,0,NA
Europe & Central Asia (IDA & IBRD countries),T7,TEC,1961,NA,NA
Europe & Central Asia (IDA & IBRD countries),T7,TEC,1962,NA,NA
Europe & Central Asia (IDA & IBRD countries),T7,TEC,1963,NA,NA
Europe & Central Asia (IDA & IBRD countries),T7,TEC,1964,NA,NA
Europe & Central Asia (IDA & IBRD countries),T7,TEC,1965,0,NA
Europe & Central Asia (IDA & IBRD countries),T7,TEC,1966,NA,NA
Europe & Central Asia (IDA & IBRD countries),T7,TEC,1967,NA,NA
Europe & Central Asia (IDA & IBRD countries),T7,TEC,1968,NA,NA
Europe & Central Asia (IDA & IBRD countries),T7,TEC,1969,NA,NA
Europe & Central Asia (IDA & IBRD countries),T7,TEC,1970,0,NA
Europe & Central Asia (IDA & IBRD countries),T7,TEC,1971,NA,NA
Europe & Central Asia (IDA & IBRD countries),T7,TEC,1972,NA,NA
Europe & Central Asia (IDA & IBRD countries),T7,TEC,1973,NA,NA
Europe & Central Asia (IDA & IBRD countries),T7,TEC,1974,NA,NA
Europe & Central Asia (IDA & IBRD countries),T7,TEC,1975,0,NA
Europe & Central Asia (IDA & IBRD countries),T7,TEC,1976,0,NA
Europe & Central Asia (IDA & IBRD countries),T7,TEC,1977,0,NA
Europe & Central Asia (IDA & IBRD countries),T7,TEC,1978,0,NA
Europe & Central Asia (IDA & IBRD countries),T7,TEC,1979,0,NA
Europe & Central Asia (IDA & IBRD countries),T7,TEC,1980,0,NA
Europe & Central Asia (IDA & IBRD countries),T7,TEC,1981,0,NA
Europe & Central Asia (IDA & IBRD countries),T7,TEC,1982,0,NA
Europe & Central Asia (IDA & IBRD countries),T7,TEC,1983,0,NA
Europe & Central Asia (IDA & IBRD countries),T7,TEC,1984,0,NA
Europe & Central Asia (IDA & IBRD countries),T7,TEC,1985,0,NA
Europe & Central Asia (IDA & IBRD countries),T7,TEC,1986,9.00158069159909e-5,NA
Europe & Central Asia (IDA & IBRD countries),T7,TEC,1987,0.00124561484623931,NA
Europe & Central Asia (IDA & IBRD countries),T7,TEC,1988,0.00238177759773306,NA
Europe & Central Asia (IDA & IBRD countries),T7,TEC,1989,0.00374316355558741,NA
Europe & Central Asia (IDA & IBRD countries),T7,TEC,1990,0.00763146208077961,0
Europe & Central Asia (IDA & IBRD countries),T7,TEC,1991,0.0118683990106256,4.72386045460879e-4
Europe & Central Asia (IDA & IBRD countries),T7,TEC,1992,0.0178927912007257,0.00493506962730956
Europe & Central Asia (IDA & IBRD countries),T7,TEC,1993,0.0291461500447447,0.0189748332121404
Europe & Central Asia (IDA & IBRD countries),T7,TEC,1994,0.0659219694584531,0.0671962144495823
Europe & Central Asia (IDA & IBRD countries),T7,TEC,1995,0.163677847677076,0.139804192040064
Europe & Central Asia (IDA & IBRD countries),T7,TEC,1996,0.335901009112562,0.298718443413076
Europe & Central Asia (IDA & IBRD countries),T7,TEC,1997,0.817310779347505,0.535307742765141
Europe & Central Asia (IDA & IBRD countries),T7,TEC,1998,1.75869179559755,1.01751089946996
Europe & Central Asia (IDA & IBRD countries),T7,TEC,1999,3.84117709516312,1.5292879792585
Europe & Central Asia (IDA & IBRD countries),T7,TEC,2000,7.60929247166759,2.49890467085291
Europe & Central Asia (IDA & IBRD countries),T7,TEC,2001,11.6598194145568,3.60470064928487
Europe & Central Asia (IDA & IBRD countries),T7,TEC,2002,17.2685197418913,6.61026813946281
Europe & Central Asia (IDA & IBRD countries),T7,TEC,2003,25.5049023033631,9.12232175199336
Europe & Central Asia (IDA & IBRD countries),T7,TEC,2004,41.2384702354248,12.9250947066374
Europe & Central Asia (IDA & IBRD countries),T7,TEC,2005,62.1449170147877,15.0176218643342
Europe & Central Asia (IDA & IBRD countries),T7,TEC,2006,81.4649389328274,17.80240609988
Europe & Central Asia (IDA & IBRD countries),T7,TEC,2007,95.7997878406211,23.0267435544169
Europe & Central Asia (IDA & IBRD countries),T7,TEC,2008,108.538527350352,28.3021224398018
Europe & Central Asia (IDA & IBRD countries),T7,TEC,2009,117.730406754684,34.7986628818817
Europe & Central Asia (IDA & IBRD countries),T7,TEC,2010,122.284842739145,40.0674086171014
Europe & Central Asia (IDA & IBRD countries),T7,TEC,2011,120.028710531338,45.4618961178133
Europe & Central Asia (IDA & IBRD countries),T7,TEC,2012,122.918504822013,50.7910236892913
Europe & Central Asia (IDA & IBRD countries),T7,TEC,2013,127.108381947864,53.729481459667
Europe & Central Asia (IDA & IBRD countries),T7,TEC,2014,128.02998454354,57.7567826908073
Europe & Central Asia (IDA & IBRD countries),T7,TEC,2015,128.037170242556,59.57277787784
Europe & Central Asia (IDA & IBRD countries),T7,TEC,2016,127.150697722037,63.3908386343976
Europe & Central Asia (IDA & IBRD countries),T7,TEC,2017,126.651900362259,67.0237933089931
Europe & Central Asia (IDA & IBRD countries),T7,TEC,2018,125.923969889567,73.3435698801773
Europe & Central Asia (IDA & IBRD countries),T7,TEC,2019,130.554191235204,77.1943903120854
Europe & Central Asia (IDA & IBRD countries),T7,TEC,2020,129.683642405935,80.2476038215867
Europe & Central Asia (IDA & IBRD countries),T7,TEC,2021,133.690973828857,85.2728079765725
European Union,EU,EUU,1960,0,NA
European Union,EU,EUU,1961,NA,NA
European Union,EU,EUU,1962,NA,NA
European Union,EU,EUU,1963,NA,NA
European Union,EU,EUU,1964,NA,NA
European Union,EU,EUU,1965,0,NA
European Union,EU,EUU,1966,NA,NA
European Union,EU,EUU,1967,NA,NA
European Union,EU,EUU,1968,NA,NA
European Union,EU,EUU,1969,NA,NA
European Union,EU,EUU,1970,0,NA
European Union,EU,EUU,1971,NA,NA
European Union,EU,EUU,1972,NA,NA
European Union,EU,EUU,1973,NA,NA
European Union,EU,EUU,1974,NA,NA
European Union,EU,EUU,1975,0,NA
European Union,EU,EUU,1976,0,NA
European Union,EU,EUU,1977,0,NA
European Union,EU,EUU,1978,0,NA
European Union,EU,EUU,1979,0,NA
European Union,EU,EUU,1980,0.00579149352725699,NA
European Union,EU,EUU,1981,0.0119485692417994,NA
European Union,EU,EUU,1982,0.0167255625136933,NA
European Union,EU,EUU,1983,0.0254687629942514,NA
European Union,EU,EUU,1984,0.039242328268717,NA
European Union,EU,EUU,1985,0.0559822440159081,NA
European Union,EU,EUU,1986,0.0820603092875373,NA
European Union,EU,EUU,1987,0.127028049936202,NA
European Union,EU,EUU,1988,0.197481721574,NA
European Union,EU,EUU,1989,0.301306146193778,NA
European Union,EU,EUU,1990,0.472776473894437,0.0668585536740946
European Union,EU,EUU,1991,0.713770302037714,0.145456992731138
European Union,EU,EUU,1992,0.989914807127396,0.272237810035721
European Union,EU,EUU,1993,1.48919322633998,0.415227505187147
European Union,EU,EUU,1994,2.37967230908285,0.785176807045666
European Union,EU,EUU,1995,3.85473911370665,1.51438516763724
European Union,EU,EUU,1996,6.51310131031301,2.62316872089431
European Union,EU,EUU,1997,11.0840644606607,4.79962944239201
European Union,EU,EUU,1998,19.0245694467997,7.68877294472352
European Union,EU,EUU,1999,32.385042602724,13.633009541561
European Union,EU,EUU,2000,51.0821329798508,19.6563978609869
European Union,EU,EUU,2001,63.3627709663753,24.1363027449433
European Union,EU,EUU,2002,69.8249572899489,32.1346119415683
European Union,EU,EUU,2003,76.761165714664,38.6023062919444
European Union,EU,EUU,2004,84.8593193937906,44.1830194770041
European Union,EU,EUU,2005,94.962592506809,48.296636850964
European Union,EU,EUU,2006,104.625555699473,52.5527155034139
European Union,EU,EUU,2007,115.471230001761,58.2357565251181
European Union,EU,EUU,2008,121.351082181506,62.2281273430898
European Union,EU,EUU,2009,120.982530176415,64.9694111716314
European Union,EU,EUU,2010,118.362121389741,68.6686214271688
European Union,EU,EUU,2011,121.505164700888,69.6348211328312
European Union,EU,EUU,2012,123.536569078095,71.8285879616531
European Union,EU,EUU,2013,124.928116565766,73.5875965192457
European Union,EU,EUU,2014,123.561956130038,75.1709468103437
European Union,EU,EUU,2015,121.827779366561,75.6587201893086
European Union,EU,EUU,2016,122.1922182244,76.9099741593507
European Union,EU,EUU,2017,122.55683721261,78.7026900523248
European Union,EU,EUU,2018,121.955286915766,81.7418205830803
European Union,EU,EUU,2019,121.803630773764,82.7518160628508
European Union,EU,EUU,2020,121.488031695167,84.7839134373744
European Union,EU,EUU,2021,124.224505874089,86.7269197424394
Faroe Islands,FO,FRO,1960,0,NA
Faroe Islands,FO,FRO,1961,NA,NA
Faroe Islands,FO,FRO,1962,NA,NA
Faroe Islands,FO,FRO,1963,NA,NA
Faroe Islands,FO,FRO,1964,NA,NA
Faroe Islands,FO,FRO,1965,0,NA
Faroe Islands,FO,FRO,1966,NA,NA
Faroe Islands,FO,FRO,1967,NA,NA
Faroe Islands,FO,FRO,1968,NA,NA
Faroe Islands,FO,FRO,1969,NA,NA
Faroe Islands,FO,FRO,1970,0,NA
Faroe Islands,FO,FRO,1971,NA,NA
Faroe Islands,FO,FRO,1972,NA,NA
Faroe Islands,FO,FRO,1973,NA,NA
Faroe Islands,FO,FRO,1974,NA,NA
Faroe Islands,FO,FRO,1975,0,NA
Faroe Islands,FO,FRO,1976,0,NA
Faroe Islands,FO,FRO,1977,0,NA
Faroe Islands,FO,FRO,1978,0,NA
Faroe Islands,FO,FRO,1979,0,NA
Faroe Islands,FO,FRO,1980,0,NA
Faroe Islands,FO,FRO,1981,0,NA
Faroe Islands,FO,FRO,1982,0,NA
Faroe Islands,FO,FRO,1983,0,NA
Faroe Islands,FO,FRO,1984,0,NA
Faroe Islands,FO,FRO,1985,0,NA
Faroe Islands,FO,FRO,1986,0,NA
Faroe Islands,FO,FRO,1987,0,NA
Faroe Islands,FO,FRO,1988,0,NA
Faroe Islands,FO,FRO,1989,NA,NA
Faroe Islands,FO,FRO,1990,0,0
Faroe Islands,FO,FRO,1991,3.052766503,0
Faroe Islands,FO,FRO,1992,3.734376698,0
Faroe Islands,FO,FRO,1993,3.559073976,0
Faroe Islands,FO,FRO,1994,4.441322426,0
Faroe Islands,FO,FRO,1995,5.839516037,0
Faroe Islands,FO,FRO,1996,7.397254067,2.318786811
Faroe Islands,FO,FRO,1997,10.56499461,4.601297566
Faroe Islands,FO,FRO,1998,14.52357071,11.33786848
Faroe Islands,FO,FRO,1999,23.80594208,22.29753835
Faroe Islands,FO,FRO,2000,37.16819974,32.91639236
Faroe Islands,FO,FRO,2001,52.95058925,43.24698352
Faroe Islands,FO,FRO,2002,74.20374682,53.29922183
Faroe Islands,FO,FRO,2003,80.23717083,58.91264097
Faroe Islands,FO,FRO,2004,86.05722145,66.53359947
Faroe Islands,FO,FRO,2005,87.03719042,67.90263174
Faroe Islands,FO,FRO,2006,103.4193695,69.35944512
Faroe Islands,FO,FRO,2007,107.8718829,75.98
Faroe Islands,FO,FRO,2008,113.3213526,75.57
Faroe Islands,FO,FRO,2009,117.6836193,75.18
Faroe Islands,FO,FRO,2010,122.7969428,75.2
Faroe Islands,FO,FRO,2011,120.8510726,80.7321728
Faroe Islands,FO,FRO,2012,121.3465036,85.33518924
Faroe Islands,FO,FRO,2013,119.2758891,90
Faroe Islands,FO,FRO,2014,120.2583361,93.3
Faroe Islands,FO,FRO,2015,109.0072927,94.2
Faroe Islands,FO,FRO,2016,110.0747475,95.10868167
Faroe Islands,FO,FRO,2017,112.7194903,97.58195894
Faroe Islands,FO,FRO,2018,111.4552056,NA
Faroe Islands,FO,FRO,2019,106.3427565,NA
Faroe Islands,FO,FRO,2020,112.9695698,NA
Faroe Islands,FO,FRO,2021,NA,NA
Fiji,FJ,FJI,1960,0,NA
Fiji,FJ,FJI,1961,NA,NA
Fiji,FJ,FJI,1962,NA,NA
Fiji,FJ,FJI,1963,NA,NA
Fiji,FJ,FJI,1964,NA,NA
Fiji,FJ,FJI,1965,0,NA
Fiji,FJ,FJI,1966,NA,NA
Fiji,FJ,FJI,1967,NA,NA
Fiji,FJ,FJI,1968,NA,NA
Fiji,FJ,FJI,1969,NA,NA
Fiji,FJ,FJI,1970,0,NA
Fiji,FJ,FJI,1971,NA,NA
Fiji,FJ,FJI,1972,NA,NA
Fiji,FJ,FJI,1973,NA,NA
Fiji,FJ,FJI,1974,NA,NA
Fiji,FJ,FJI,1975,0,NA
Fiji,FJ,FJI,1976,0,NA
Fiji,FJ,FJI,1977,0,NA
Fiji,FJ,FJI,1978,0,NA
Fiji,FJ,FJI,1979,0,NA
Fiji,FJ,FJI,1980,0,NA
Fiji,FJ,FJI,1981,0,NA
Fiji,FJ,FJI,1982,0,NA
Fiji,FJ,FJI,1983,0,NA
Fiji,FJ,FJI,1984,0,NA
Fiji,FJ,FJI,1985,0,NA
Fiji,FJ,FJI,1986,0,NA
Fiji,FJ,FJI,1987,0,NA
Fiji,FJ,FJI,1988,0,NA
Fiji,FJ,FJI,1989,0,NA
Fiji,FJ,FJI,1990,0,0
Fiji,FJ,FJI,1991,0,0
Fiji,FJ,FJI,1992,0,0
Fiji,FJ,FJI,1993,0,0.006678447
Fiji,FJ,FJI,1994,0.139098942,0.007907399
Fiji,FJ,FJI,1995,0.277691525,0.009115343
Fiji,FJ,FJI,1996,0.464510168,0.064437142
Fiji,FJ,FJI,1997,0.646306359,0.223454842
Fiji,FJ,FJI,1998,0.98286377,0.633167865
Fiji,FJ,FJI,1999,2.839370335,0.942462063
Fiji,FJ,FJI,2000,6.613389901,1.496854734
Fiji,FJ,FJI,2001,9.61976418,1.857978594
Fiji,FJ,FJI,2002,10.57782704,6.1526497000000004
Fiji,FJ,FJI,2003,12.80219409,6.725434738
Fiji,FJ,FJI,2004,16.40602104,7.4129434850000004
Fiji,FJ,FJI,2005,23.43060654,8.453636634
Fiji,FJ,FJI,2006,32.23490884,9.6000384
Fiji,FJ,FJI,2007,59.51262452,10.89783105
Fiji,FJ,FJI,2008,66.90977217,13
Fiji,FJ,FJI,2009,71.0020047,17
Fiji,FJ,FJI,2010,77.10374847,20
Fiji,FJ,FJI,2011,80.03487627,28
Fiji,FJ,FJI,2012,94.26491588,33.74235675
Fiji,FJ,FJI,2013,101.8559247,35.2
Fiji,FJ,FJI,2014,95.6983704,37.4
Fiji,FJ,FJI,2015,105.3150894,42.5
Fiji,FJ,FJI,2016,113.7541364,49.42
Fiji,FJ,FJI,2017,112.502149,65.78
Fiji,FJ,FJI,2018,110.4466178,68.9
Fiji,FJ,FJI,2019,112.143753,NA
Fiji,FJ,FJI,2020,107.7223274,NA
Fiji,FJ,FJI,2021,NA,NA
Finland,FI,FIN,1960,0,NA
Finland,FI,FIN,1961,NA,NA
Finland,FI,FIN,1962,NA,NA
Finland,FI,FIN,1963,NA,NA
Finland,FI,FIN,1964,NA,NA
Finland,FI,FIN,1965,0,NA
Finland,FI,FIN,1966,NA,NA
Finland,FI,FIN,1967,NA,NA
Finland,FI,FIN,1968,NA,NA
Finland,FI,FIN,1969,NA,NA
Finland,FI,FIN,1970,0,NA
Finland,FI,FIN,1971,NA,NA
Finland,FI,FIN,1972,NA,NA
Finland,FI,FIN,1973,NA,NA
Finland,FI,FIN,1974,NA,NA
Finland,FI,FIN,1975,0,NA
Finland,FI,FIN,1976,0,NA
Finland,FI,FIN,1977,0,NA
Finland,FI,FIN,1978,0,NA
Finland,FI,FIN,1979,0,NA
Finland,FI,FIN,1980,0.491315051,NA
Finland,FI,FIN,1981,0.589141447,NA
Finland,FI,FIN,1982,0.701905441,NA
Finland,FI,FIN,1983,0.869611241,NA
Finland,FI,FIN,1984,1.065397067,NA
Finland,FI,FIN,1985,1.379775304,NA
Finland,FI,FIN,1986,1.734384239,NA
Finland,FI,FIN,1987,2.146314325,NA
Finland,FI,FIN,1988,2.793051012,NA
Finland,FI,FIN,1989,3.827817408,NA
Finland,FI,FIN,1990,5.171356119,0.40108767
Finland,FI,FIN,1991,6.365103571,1.397439332
Finland,FI,FIN,1992,7.655924957,1.88687977
Finland,FI,FIN,1993,9.65486751,2.568461349
Finland,FI,FIN,1994,13.27633542,4.915098554
Finland,FI,FIN,1995,20.34333586,13.90030389
Finland,FI,FIN,1996,29.30898832,16.78007526
Finland,FI,FIN,1997,42.07389889,19.4586828
Finland,FI,FIN,1998,55.22384208,25.45252493
Finland,FI,FIN,1999,63.37118775,32.29509229
Finland,FI,FIN,2000,72.03389585,37.24846174
Finland,FI,FIN,2001,80.48545471,43.10536335
Finland,FI,FIN,2002,86.85104553,62.43
Finland,FI,FIN,2003,91.0634187,69.22
Finland,FI,FIN,2004,95.40676122,72.39
Finland,FI,FIN,2005,100.4561318,74.48
Finland,FI,FIN,2006,107.6667458,79.66
Finland,FI,FIN,2007,114.9623281,80.78
Finland,FI,FIN,2008,128.5441388,83.67
Finland,FI,FIN,2009,144.2267619,82.49
Finland,FI,FIN,2010,156.4343557,86.89
Finland,FI,FIN,2011,165.9191643,88.70999491
Finland,FI,FIN,2012,172.1508026,89.87999797
Finland,FI,FIN,2013,136.2635488,91.5144
Finland,FI,FIN,2014,139.2050448,86.53039275
Finland,FI,FIN,2015,134.9804296,86.42213333
Finland,FI,FIN,2016,131.3887581,87.70364996
Finland,FI,FIN,2017,129.9894338,87.46892907
Finland,FI,FIN,2018,129.6355826,88.88996
Finland,FI,FIN,2019,129.4929527,89.60738511
Finland,FI,FIN,2020,128.7646479,92.17027106
Finland,FI,FIN,2021,129.1548109,92.80806082
Fragile and conflict affected situations,F1,FCS,1960,0,NA
Fragile and conflict affected situations,F1,FCS,1961,NA,NA
Fragile and conflict affected situations,F1,FCS,1962,NA,NA
Fragile and conflict affected situations,F1,FCS,1963,NA,NA
Fragile and conflict affected situations,F1,FCS,1964,NA,NA
Fragile and conflict affected situations,F1,FCS,1965,0,NA
Fragile and conflict affected situations,F1,FCS,1966,NA,NA
Fragile and conflict affected situations,F1,FCS,1967,NA,NA
Fragile and conflict affected situations,F1,FCS,1968,NA,NA
Fragile and conflict affected situations,F1,FCS,1969,NA,NA
Fragile and conflict affected situations,F1,FCS,1970,0,NA
Fragile and conflict affected situations,F1,FCS,1971,NA,NA
Fragile and conflict affected situations,F1,FCS,1972,NA,NA
Fragile and conflict affected situations,F1,FCS,1973,NA,NA
Fragile and conflict affected situations,F1,FCS,1974,NA,NA
Fragile and conflict affected situations,F1,FCS,1975,0,NA
Fragile and conflict affected situations,F1,FCS,1976,0,NA
Fragile and conflict affected situations,F1,FCS,1977,0,NA
Fragile and conflict affected situations,F1,FCS,1978,0,NA
Fragile and conflict affected situations,F1,FCS,1979,0,NA
Fragile and conflict affected situations,F1,FCS,1980,0,NA
Fragile and conflict affected situations,F1,FCS,1981,0,NA
Fragile and conflict affected situations,F1,FCS,1982,0,NA
Fragile and conflict affected situations,F1,FCS,1983,0,NA
Fragile and conflict affected situations,F1,FCS,1984,0,NA
Fragile and conflict affected situations,F1,FCS,1985,0,NA
Fragile and conflict affected situations,F1,FCS,1986,0,NA
Fragile and conflict affected situations,F1,FCS,1987,0,NA
Fragile and conflict affected situations,F1,FCS,1988,3.97865308598799e-4,NA
Fragile and conflict affected situations,F1,FCS,1989,7.96281929994528e-4,NA
Fragile and conflict affected situations,F1,FCS,1990,0.0015594559143291499,0
Fragile and conflict affected situations,F1,FCS,1991,0.00343327533793337,0
Fragile and conflict affected situations,F1,FCS,1992,0.0174351201970267,5.01625167374242e-4
Fragile and conflict affected situations,F1,FCS,1993,0.0419609758935661,0.00179773151134446
Fragile and conflict affected situations,F1,FCS,1994,0.0721560937813466,0.00364232029724114
Fragile and conflict affected situations,F1,FCS,1995,0.106910998753315,0.00975594700796676
Fragile and conflict affected situations,F1,FCS,1996,0.156557623307378,0.0290520337146699
Fragile and conflict affected situations,F1,FCS,1997,0.283902233256304,0.0625144927237421
Fragile and conflict affected situations,F1,FCS,1998,0.483596747468179,0.141631957315084
Fragile and conflict affected situations,F1,FCS,1999,0.85276650567238,0.24384641827493
Fragile and conflict affected situations,F1,FCS,2000,1.31154790300662,0.375604984566804
Fragile and conflict affected situations,F1,FCS,2001,1.9440552609599,0.446954215790821
Fragile and conflict affected situations,F1,FCS,2002,2.65164836190124,0.702289696391148
Fragile and conflict affected situations,F1,FCS,2003,3.91172698918828,1.07011561971677
Fragile and conflict affected situations,F1,FCS,2004,7.03610217179915,1.45196424651681
Fragile and conflict affected situations,F1,FCS,2005,12.7055302834483,2.32940521004834
Fragile and conflict affected situations,F1,FCS,2006,21.3929956610983,3.19073904562327
Fragile and conflict affected situations,F1,FCS,2007,27.0178100739421,4.35618356359567
Fragile and conflict affected situations,F1,FCS,2008,34.2155781875498,5.24312003007731
Fragile and conflict affected situations,F1,FCS,2009,39.0447580241192,6.7112500908147
Fragile and conflict affected situations,F1,FCS,2010,43.5424441631119,8.3950762176876
Fragile and conflict affected situations,F1,FCS,2011,48.9325840595911,9.7796699805879
Fragile and conflict affected situations,F1,FCS,2012,55.5318991194058,11.7864133017904
Fragile and conflict affected situations,F1,FCS,2013,62.0672250247243,13.6287714739953
Fragile and conflict affected situations,F1,FCS,2014,68.2941540266998,15.8263008356209
Fragile and conflict affected situations,F1,FCS,2015,71.9836005579809,18.4967130711308
Fragile and conflict affected situations,F1,FCS,2016,70.4958230905442,21.3632845833755
Fragile and conflict affected situations,F1,FCS,2017,67.6926286021164,24.407789007348
Fragile and conflict affected situations,F1,FCS,2018,76.7811211750666,26.5865349324227
Fragile and conflict affected situations,F1,FCS,2019,74.4290047620922,28.5226005903433
Fragile and conflict affected situations,F1,FCS,2020,75.9069462824013,29.8177553184609
Fragile and conflict affected situations,F1,FCS,2021,NA,NA
France,FR,FRA,1960,0,NA
France,FR,FRA,1961,NA,NA
France,FR,FRA,1962,NA,NA
France,FR,FRA,1963,NA,NA
France,FR,FRA,1964,NA,NA
France,FR,FRA,1965,0,NA
France,FR,FRA,1966,NA,NA
France,FR,FRA,1967,NA,NA
France,FR,FRA,1968,NA,NA
France,FR,FRA,1969,NA,NA
France,FR,FRA,1970,0,NA
France,FR,FRA,1971,NA,NA
France,FR,FRA,1972,NA,NA
France,FR,FRA,1973,NA,NA
France,FR,FRA,1974,NA,NA
France,FR,FRA,1975,0,NA
France,FR,FRA,1976,0,NA
France,FR,FRA,1977,0,NA
France,FR,FRA,1978,0,NA
France,FR,FRA,1979,0,NA
France,FR,FRA,1980,0,NA
France,FR,FRA,1981,0,NA
France,FR,FRA,1982,0,NA
France,FR,FRA,1983,0,NA
France,FR,FRA,1984,0,NA
France,FR,FRA,1985,0,NA
France,FR,FRA,1986,0.016353137,NA
France,FR,FRA,1987,0.070512065,NA
France,FR,FRA,1988,0.175870865,NA
France,FR,FRA,1989,0.317607558,NA
France,FR,FRA,1990,0.502012864,0.052777862
France,FR,FRA,1991,0.662015306,0.140113895
France,FR,FRA,1992,0.767972059,0.279049463
France,FR,FRA,1993,1.002563689,0.590619383
France,FR,FRA,1994,1.542895357,0.899867425
France,FR,FRA,1995,2.268352438,1.637947245
France,FR,FRA,1996,4.273801074,2.584033979
France,FR,FRA,1997,10.05768321,4.255003872
France,FR,FRA,1998,19.30102205,6.319778722
France,FR,FRA,1999,36.73125788,9.125317889
France,FR,FRA,2000,49.52209267,14.30792394
France,FR,FRA,2001,62.69176131,26.32590355
France,FR,FRA,2002,64.98819173,30.18
France,FR,FRA,2003,69.81954372,36.14
France,FR,FRA,2004,74.1060681,39.15
France,FR,FRA,2005,79.471056720000007,42.87
France,FR,FRA,2006,84.8042036,46.87
France,FR,FRA,2007,90.2635957,66.09
France,FR,FRA,2008,93.92587863,70.68
France,FR,FRA,2009,93.27577006,71.58
France,FR,FRA,2010,92.53807461,77.28
France,FR,FRA,2011,95.28593331,77.81999899
France,FR,FRA,2012,98.71349646,81.44
France,FR,FRA,2013,99.98234788,81.9198
France,FR,FRA,2014,102.8881154,83.75
France,FR,FRA,2015,104.4996731,78.00603771
France,FR,FRA,2016,105.5973124,79.26981132
France,FR,FRA,2017,107.5983841,80.50245972
France,FR,FRA,2018,109.5588076,82.04318678
France,FR,FRA,2019,111.8637727,83.33974409
France,FR,FRA,2020,112.8271405,84.8
France,FR,FRA,2021,NA,86.09548575
French Polynesia,PF,PYF,1960,0,NA
French Polynesia,PF,PYF,1961,NA,NA
French Polynesia,PF,PYF,1962,NA,NA
French Polynesia,PF,PYF,1963,NA,NA
French Polynesia,PF,PYF,1964,NA,NA
French Polynesia,PF,PYF,1965,0,NA
French Polynesia,PF,PYF,1966,NA,NA
French Polynesia,PF,PYF,1967,NA,NA
French Polynesia,PF,PYF,1968,NA,NA
French Polynesia,PF,PYF,1969,NA,NA
French Polynesia,PF,PYF,1970,0,NA
French Polynesia,PF,PYF,1971,NA,NA
French Polynesia,PF,PYF,1972,NA,NA
French Polynesia,PF,PYF,1973,NA,NA
French Polynesia,PF,PYF,1974,NA,NA
French Polynesia,PF,PYF,1975,0,NA
French Polynesia,PF,PYF,1976,0,NA
French Polynesia,PF,PYF,1977,0,NA
French Polynesia,PF,PYF,1978,0,NA
French Polynesia,PF,PYF,1979,0,NA
French Polynesia,PF,PYF,1980,0,NA
French Polynesia,PF,PYF,1981,0,NA
French Polynesia,PF,PYF,1982,0,NA
French Polynesia,PF,PYF,1983,0,NA
French Polynesia,PF,PYF,1984,0,NA
French Polynesia,PF,PYF,1985,0,NA
French Polynesia,PF,PYF,1986,0,NA
French Polynesia,PF,PYF,1987,0,NA
French Polynesia,PF,PYF,1988,0,NA
French Polynesia,PF,PYF,1989,0,NA
French Polynesia,PF,PYF,1990,0,0
French Polynesia,PF,PYF,1991,0,0
French Polynesia,PF,PYF,1992,0,0
French Polynesia,PF,PYF,1993,0,0
French Polynesia,PF,PYF,1994,0,0
French Polynesia,PF,PYF,1995,0.496876161,0
French Polynesia,PF,PYF,1996,1.156091484,0.090971944
French Polynesia,PF,PYF,1997,2.270369317,0.21438525
French Polynesia,PF,PYF,1998,4.553651567,1.316164696
French Polynesia,PF,PYF,1999,8.884576272,3.448900232
French Polynesia,PF,PYF,2000,15.90103895,6.357063545
French Polynesia,PF,PYF,2001,26.3870864,6.251588946
French Polynesia,PF,PYF,2002,20.16300195,8.200216486
French Polynesia,PF,PYF,2003,22.83677595,14.12429379
French Polynesia,PF,PYF,2004,35.93728943,17.88453743
French Polynesia,PF,PYF,2005,44.27064119,21.54218547
French Polynesia,PF,PYF,2006,55.29263262,25.10796425
French Polynesia,PF,PYF,2007,62.85435944,28.59
French Polynesia,PF,PYF,2008,66.70492376,33.87
French Polynesia,PF,PYF,2009,73.77737944,44.6
French Polynesia,PF,PYF,2010,76.07439356,49
French Polynesia,PF,PYF,2011,78.11228156,49
French Polynesia,PF,PYF,2012,79.41859978,52.87663059
French Polynesia,PF,PYF,2013,84.50276358,56.8
French Polynesia,PF,PYF,2014,88.01199146,60.68
French Polynesia,PF,PYF,2015,91.96228756,64.56020975
French Polynesia,PF,PYF,2016,95.42450484,68.44041949
French Polynesia,PF,PYF,2017,97.4239296,72.70389531
French Polynesia,PF,PYF,2018,101.7025866,NA
French Polynesia,PF,PYF,2019,106.1000877,NA
French Polynesia,PF,PYF,2020,110.9565448,NA
French Polynesia,PF,PYF,2021,106.2118461,NA
Gabon,GA,GAB,1960,0,NA
Gabon,GA,GAB,1961,NA,NA
Gabon,GA,GAB,1962,NA,NA
Gabon,GA,GAB,1963,NA,NA
Gabon,GA,GAB,1964,NA,NA
Gabon,GA,GAB,1965,0,NA
Gabon,GA,GAB,1966,NA,NA
Gabon,GA,GAB,1967,NA,NA
Gabon,GA,GAB,1968,NA,NA
Gabon,GA,GAB,1969,NA,NA
Gabon,GA,GAB,1970,0,NA
Gabon,GA,GAB,1971,NA,NA
Gabon,GA,GAB,1972,NA,NA
Gabon,GA,GAB,1973,NA,NA
Gabon,GA,GAB,1974,NA,NA
Gabon,GA,GAB,1975,0,NA
Gabon,GA,GAB,1976,0,NA
Gabon,GA,GAB,1977,0,NA
Gabon,GA,GAB,1978,0,NA
Gabon,GA,GAB,1979,0,NA
Gabon,GA,GAB,1980,0,NA
Gabon,GA,GAB,1981,0,NA
Gabon,GA,GAB,1982,0,NA
Gabon,GA,GAB,1983,0,NA
Gabon,GA,GAB,1984,0,NA
Gabon,GA,GAB,1985,0,NA
Gabon,GA,GAB,1986,0,NA
Gabon,GA,GAB,1987,0,NA
Gabon,GA,GAB,1988,0,NA
Gabon,GA,GAB,1989,0,NA
Gabon,GA,GAB,1990,0,0
Gabon,GA,GAB,1991,0,0
Gabon,GA,GAB,1992,0.026989357,0
Gabon,GA,GAB,1993,0.11263481,0
Gabon,GA,GAB,1994,0.236007136,0
Gabon,GA,GAB,1995,0.356517678,0
Gabon,GA,GAB,1996,0.590995488,0
Gabon,GA,GAB,1997,0.805217129,0.047999009
Gabon,GA,GAB,1998,0.801268275,0.17012488
Gabon,GA,GAB,1999,0.716574627,0.249009564
Gabon,GA,GAB,2000,9.427032802,1.216140618
Gabon,GA,GAB,2001,11.48026542,1.347620222
Gabon,GA,GAB,2002,20.81611632,1.939530106
Gabon,GA,GAB,2003,21.76439606,2.659586594
Gabon,GA,GAB,2004,34.53274622,2.9790698
Gabon,GA,GAB,2005,50.51520448,4.89326475
Gabon,GA,GAB,2006,59.76483727,5.489200803
Gabon,GA,GAB,2007,75.43035307,5.767004576
Gabon,GA,GAB,2008,81.2511172,7.5
Gabon,GA,GAB,2009,87.69054551,9.5
Gabon,GA,GAB,2010,94.09124513,13
Gabon,GA,GAB,2011,133.7222567,18
Gabon,GA,GAB,2012,139.2563313,24
Gabon,GA,GAB,2013,144.3166585,30.53803344
Gabon,GA,GAB,2014,149.1076363,38.07120929
Gabon,GA,GAB,2015,139.0944715,45.78453653
Gabon,GA,GAB,2016,142.0035222,48.05227375
Gabon,GA,GAB,2017,124.4381055,50.32012015
Gabon,GA,GAB,2018,133.692425,59.6
Gabon,GA,GAB,2019,133.4416659,61
Gabon,GA,GAB,2020,133.0177927,62
Gabon,GA,GAB,2021,134.3173247,NA
"Gambia, The",GM,GMB,1960,0,NA
"Gambia, The",GM,GMB,1961,NA,NA
"Gambia, The",GM,GMB,1962,NA,NA
"Gambia, The",GM,GMB,1963,NA,NA
"Gambia, The",GM,GMB,1964,NA,NA
"Gambia, The",GM,GMB,1965,0,NA
"Gambia, The",GM,GMB,1966,NA,NA
"Gambia, The",GM,GMB,1967,NA,NA
"Gambia, The",GM,GMB,1968,NA,NA
"Gambia, The",GM,GMB,1969,NA,NA
"Gambia, The",GM,GMB,1970,0,NA
"Gambia, The",GM,GMB,1971,NA,NA
"Gambia, The",GM,GMB,1972,NA,NA
"Gambia, The",GM,GMB,1973,NA,NA
"Gambia, The",GM,GMB,1974,NA,NA
"Gambia, The",GM,GMB,1975,0,NA
"Gambia, The",GM,GMB,1976,0,NA
"Gambia, The",GM,GMB,1977,0,NA
"Gambia, The",GM,GMB,1978,0,NA
"Gambia, The",GM,GMB,1979,0,NA
"Gambia, The",GM,GMB,1980,0,NA
"Gambia, The",GM,GMB,1981,0,NA
"Gambia, The",GM,GMB,1982,0,NA
"Gambia, The",GM,GMB,1983,0,NA
"Gambia, The",GM,GMB,1984,0,NA
"Gambia, The",GM,GMB,1985,0,NA
"Gambia, The",GM,GMB,1986,0,NA
"Gambia, The",GM,GMB,1987,0,NA
"Gambia, The",GM,GMB,1988,0,NA
"Gambia, The",GM,GMB,1989,0,NA
"Gambia, The",GM,GMB,1990,0,0
"Gambia, The",GM,GMB,1991,0,0
"Gambia, The",GM,GMB,1992,0.018098713,0
"Gambia, The",GM,GMB,1993,0.039116364,0
"Gambia, The",GM,GMB,1994,0.067336605,0
"Gambia, The",GM,GMB,1995,0.116088572,0.009217541
"Gambia, The",GM,GMB,1996,0.242050865,0.03550736
"Gambia, The",GM,GMB,1997,0.359452757,0.051311347
"Gambia, The",GM,GMB,1998,0.372219506,0.206094461
"Gambia, The",GM,GMB,1999,0.380021754,0.715827015
"Gambia, The",GM,GMB,2000,0.389554649,0.921794919
"Gambia, The",GM,GMB,2001,3.723345651,1.336791166
"Gambia, The",GM,GMB,2002,6.569339709,1.796779883
"Gambia, The",GM,GMB,2003,9.532279824,2.436781193
"Gambia, The",GM,GMB,2004,10.85456434,3.308003478
"Gambia, The",GM,GMB,2005,14.90500901,3.799001139
"Gambia, The",GM,GMB,2006,23.62802651,5.237691158
"Gambia, The",GM,GMB,2007,45.34980506,6.205037419
"Gambia, The",GM,GMB,2008,64.05433107,6.88
"Gambia, The",GM,GMB,2009,69.90366425,7.63
"Gambia, The",GM,GMB,2010,76.31064253,9.2
"Gambia, The",GM,GMB,2011,70.12083803,10.8703
"Gambia, The",GM,GMB,2012,74.05049165,12.44922872
"Gambia, The",GM,GMB,2013,87.01025804,14
"Gambia, The",GM,GMB,2014,104.3248597,15.56
"Gambia, The",GM,GMB,2015,120.5286503,18.2
"Gambia, The",GM,GMB,2016,122.480565,21.4
"Gambia, The",GM,GMB,2017,124.5599874,25.1
"Gambia, The",GM,GMB,2018,130.1227936,32.6
"Gambia, The",GM,GMB,2019,103.0224594,34.5
"Gambia, The",GM,GMB,2020,104.038819,36.5
"Gambia, The",GM,GMB,2021,NA,NA
Georgia,GE,GEO,1960,0,NA
Georgia,GE,GEO,1961,NA,NA
Georgia,GE,GEO,1962,NA,NA
Georgia,GE,GEO,1963,NA,NA
Georgia,GE,GEO,1964,NA,NA
Georgia,GE,GEO,1965,0,NA
Georgia,GE,GEO,1966,NA,NA
Georgia,GE,GEO,1967,NA,NA
Georgia,GE,GEO,1968,NA,NA
Georgia,GE,GEO,1969,NA,NA
Georgia,GE,GEO,1970,0,NA
Georgia,GE,GEO,1971,NA,NA
Georgia,GE,GEO,1972,NA,NA
Georgia,GE,GEO,1973,NA,NA
Georgia,GE,GEO,1974,NA,NA
Georgia,GE,GEO,1975,0,NA
Georgia,GE,GEO,1976,0,NA
Georgia,GE,GEO,1977,0,NA
Georgia,GE,GEO,1978,0,NA
Georgia,GE,GEO,1979,0,NA
Georgia,GE,GEO,1980,0,NA
Georgia,GE,GEO,1981,0,NA
Georgia,GE,GEO,1982,0,NA
Georgia,GE,GEO,1983,0,NA
Georgia,GE,GEO,1984,0,NA
Georgia,GE,GEO,1985,0,NA
Georgia,GE,GEO,1986,0,NA
Georgia,GE,GEO,1987,0,NA
Georgia,GE,GEO,1988,0,NA
Georgia,GE,GEO,1989,0,NA
Georgia,GE,GEO,1990,0,0
Georgia,GE,GEO,1991,0,0
Georgia,GE,GEO,1992,0,0
Georgia,GE,GEO,1993,0,0
Georgia,GE,GEO,1994,0,0
Georgia,GE,GEO,1995,0.003075235,0.011836885
Georgia,GE,GEO,1996,0.048306419,0.040065419
Georgia,GE,GEO,1997,0.646547265,0.060930333
Georgia,GE,GEO,1998,1.327902213,0.102830957
Georgia,GE,GEO,1999,3.03204005,0.416343567
Georgia,GE,GEO,2000,4.565841659,0.484746299
Georgia,GE,GEO,2001,7.270558782,0.992344436
Georgia,GE,GEO,2002,12.40096348,1.58787563
Georgia,GE,GEO,2003,17.70171672,2.558816481
Georgia,GE,GEO,2004,21.07481837,3.886221354
Georgia,GE,GEO,2005,29.64539372,6.079457629
Georgia,GE,GEO,2006,43.31330978,7.526876845
Georgia,GE,GEO,2007,66.54893036,8.26
Georgia,GE,GEO,2008,71.0129242,10.01
Georgia,GE,GEO,2009,73.58891886,20.07
Georgia,GE,GEO,2010,103.6856197,26.9
Georgia,GE,GEO,2011,115.9271542,31.52
Georgia,GE,GEO,2012,123.5053186,36.94
Georgia,GE,GEO,2013,131.8829896,43.3
Georgia,GE,GEO,2014,143.0956472,44
Georgia,GE,GEO,2015,147.1900215,47.56975964
Georgia,GE,GEO,2016,146.6908947,58.45928961
Georgia,GE,GEO,2017,145.8786023,59.7055046
Georgia,GE,GEO,2018,144.7181513,62.7179082
Georgia,GE,GEO,2019,142.7295197,68.84670565
Georgia,GE,GEO,2020,135.4280451,72.53158402
Georgia,GE,GEO,2021,137.4024875,76.4427093
Germany,DE,DEU,1960,0,NA
Germany,DE,DEU,1961,NA,NA
Germany,DE,DEU,1962,NA,NA
Germany,DE,DEU,1963,NA,NA
Germany,DE,DEU,1964,NA,NA
Germany,DE,DEU,1965,0,NA
Germany,DE,DEU,1966,NA,NA
Germany,DE,DEU,1967,NA,NA
Germany,DE,DEU,1968,NA,NA
Germany,DE,DEU,1969,NA,NA
Germany,DE,DEU,1970,0,NA
Germany,DE,DEU,1971,NA,NA
Germany,DE,DEU,1972,NA,NA
Germany,DE,DEU,1973,NA,NA
Germany,DE,DEU,1974,NA,NA
Germany,DE,DEU,1975,0,NA
Germany,DE,DEU,1976,0,NA
Germany,DE,DEU,1977,0,NA
Germany,DE,DEU,1978,0,NA
Germany,DE,DEU,1979,0,NA
Germany,DE,DEU,1980,0,NA
Germany,DE,DEU,1981,0,NA
Germany,DE,DEU,1982,0,NA
Germany,DE,DEU,1983,0,NA
Germany,DE,DEU,1984,0,NA
Germany,DE,DEU,1985,0.001391057,NA
Germany,DE,DEU,1986,0.030589939,NA
Germany,DE,DEU,1987,0.06242341,NA
Germany,DE,DEU,1988,0.125848762,NA
Germany,DE,DEU,1989,0.207331963,NA
Germany,DE,DEU,1990,0.343465197,0.125892223
Germany,DE,DEU,1991,0.666964587,0.250274153
Germany,DE,DEU,1992,1.211756918,0.43528529
Germany,DE,DEU,1993,2.20218591,0.463635096
Germany,DE,DEU,1994,3.079172276,0.922541043
Germany,DE,DEU,1995,4.59177788,1.837737754
Germany,DE,DEU,1996,6.779755664,3.054805234
Germany,DE,DEU,1997,10.1625708,6.711087477
Germany,DE,DEU,1998,17.06605986,9.877852428
Germany,DE,DEU,1999,28.74800454,20.84598264
Germany,DE,DEU,2000,59.10608068,30.2163466
Germany,DE,DEU,2001,68.85395013,31.65093942
Germany,DE,DEU,2002,72.60008929,48.82
Germany,DE,DEU,2003,79.65893192,55.9
Germany,DE,DEU,2004,87.76291359,64.73
Germany,DE,DEU,2005,97.6097572,68.71
Germany,DE,DEU,2006,105.5115846,72.16
Germany,DE,DEU,2007,118.5370597,75.16
Germany,DE,DEU,2008,129.9265409,78
Germany,DE,DEU,2009,129.2138879,79
Germany,DE,DEU,2010,108.6995416,82
Germany,DE,DEU,2011,111.6386991,81.26999954
Germany,DE,DEU,2012,113.3108833,82.34999847
Germany,DE,DEU,2013,122.4697309,84.17
Germany,DE,DEU,2014,121.5873792,86.19
Germany,DE,DEU,2015,117.4073504,87.58979935
Germany,DE,DEU,2016,125.6749823,84.16520664
Germany,DE,DEU,2017,132.7695384,84.3941537
Germany,DE,DEU,2018,129.6794748,87.03711209
Germany,DE,DEU,2019,128.9265144,88.13451691
Germany,DE,DEU,2020,128.8867207,89.81294133
Germany,DE,DEU,2021,127.5648538,91.43060973
Ghana,GH,GHA,1960,0,NA
Ghana,GH,GHA,1961,NA,NA
Ghana,GH,GHA,1962,NA,NA
Ghana,GH,GHA,1963,NA,NA
Ghana,GH,GHA,1964,NA,NA
Ghana,GH,GHA,1965,0,NA
Ghana,GH,GHA,1966,NA,NA
Ghana,GH,GHA,1967,NA,NA
Ghana,GH,GHA,1968,NA,NA
Ghana,GH,GHA,1969,NA,NA
Ghana,GH,GHA,1970,0,NA
Ghana,GH,GHA,1971,NA,NA
Ghana,GH,GHA,1972,NA,NA
Ghana,GH,GHA,1973,NA,NA
Ghana,GH,GHA,1974,NA,NA
Ghana,GH,GHA,1975,0,NA
Ghana,GH,GHA,1976,0,NA
Ghana,GH,GHA,1977,0,NA
Ghana,GH,GHA,1978,0,NA
Ghana,GH,GHA,1979,0,NA
Ghana,GH,GHA,1980,0,NA
Ghana,GH,GHA,1981,0,NA
Ghana,GH,GHA,1982,0,NA
Ghana,GH,GHA,1983,0,NA
Ghana,GH,GHA,1984,0,NA
Ghana,GH,GHA,1985,0,NA
Ghana,GH,GHA,1986,0,NA
Ghana,GH,GHA,1987,0,NA
Ghana,GH,GHA,1988,0,NA
Ghana,GH,GHA,1989,0,NA
Ghana,GH,GHA,1990,0,0
Ghana,GH,GHA,1991,0,0
Ghana,GH,GHA,1992,0.002462819,0
Ghana,GH,GHA,1993,0.010466464,0
Ghana,GH,GHA,1994,0.019576484,0
Ghana,GH,GHA,1995,0.035552754,3.47918e-4
Ghana,GH,GHA,1996,0.071542215,0.005648763
Ghana,GH,GHA,1997,0.119695381,0.027537542
Ghana,GH,GHA,1998,0.223102599,0.032240443
Ghana,GH,GHA,1999,0.365160156,0.104895466
Ghana,GH,GHA,2000,0.661284924,0.153615298
Ghana,GH,GHA,2001,1.207180166,0.20000806
Ghana,GH,GHA,2002,1.863228278,0.830284034
Ghana,GH,GHA,2003,3.729709922,1.193057911
Ghana,GH,GHA,2004,7.737449309,1.716797704
Ghana,GH,GHA,2005,12.77755372,1.831197461
Ghana,GH,GHA,2006,22.5435531,2.723175973
Ghana,GH,GHA,2007,32.07335231,3.85
Ghana,GH,GHA,2008,47.56387659,4.27
Ghana,GH,GHA,2009,60.55492814,5.44
Ghana,GH,GHA,2010,68.18041285,7.8
Ghana,GH,GHA,2011,80.76734585,9
Ghana,GH,GHA,2012,95.38200979,10.6
Ghana,GH,GHA,2013,101.8197062,15
Ghana,GH,GHA,2014,107.6762148,19
Ghana,GH,GHA,2015,121.2582209,23
Ghana,GH,GHA,2016,129.6091402,28
Ghana,GH,GHA,2017,121.6049315,37.88415262
Ghana,GH,GHA,2018,132.601312,43
Ghana,GH,GHA,2019,129.6132895,22.0732
Ghana,GH,GHA,2020,125.7336966,58
Ghana,GH,GHA,2021,123.2115092,68.6
Gibraltar,GI,GIB,1960,0,NA
Gibraltar,GI,GIB,1961,NA,NA
Gibraltar,GI,GIB,1962,NA,NA
Gibraltar,GI,GIB,1963,NA,NA
Gibraltar,GI,GIB,1964,NA,NA
Gibraltar,GI,GIB,1965,0,NA
Gibraltar,GI,GIB,1966,NA,NA
Gibraltar,GI,GIB,1967,NA,NA
Gibraltar,GI,GIB,1968,NA,NA
Gibraltar,GI,GIB,1969,NA,NA
Gibraltar,GI,GIB,1970,0,NA
Gibraltar,GI,GIB,1971,NA,NA
Gibraltar,GI,GIB,1972,NA,NA
Gibraltar,GI,GIB,1973,NA,NA
Gibraltar,GI,GIB,1974,NA,NA
Gibraltar,GI,GIB,1975,0,NA
Gibraltar,GI,GIB,1976,0,NA
Gibraltar,GI,GIB,1977,0,NA
Gibraltar,GI,GIB,1978,0,NA
Gibraltar,GI,GIB,1979,0,NA
Gibraltar,GI,GIB,1980,0,NA
Gibraltar,GI,GIB,1981,0,NA
Gibraltar,GI,GIB,1982,0,NA
Gibraltar,GI,GIB,1983,0,NA
Gibraltar,GI,GIB,1984,0,NA
Gibraltar,GI,GIB,1985,0,NA
Gibraltar,GI,GIB,1986,0,NA
Gibraltar,GI,GIB,1987,0,NA
Gibraltar,GI,GIB,1988,0,NA
Gibraltar,GI,GIB,1989,0,NA
Gibraltar,GI,GIB,1990,0,0
Gibraltar,GI,GIB,1991,0,0
Gibraltar,GI,GIB,1992,0,0
Gibraltar,GI,GIB,1993,0,0
Gibraltar,GI,GIB,1994,0,0
Gibraltar,GI,GIB,1995,2.407704655,0
Gibraltar,GI,GIB,1996,3.644829217,NA
Gibraltar,GI,GIB,1997,5.877231171,2.662907268
Gibraltar,GI,GIB,1998,8.847155884,4.183794329
Gibraltar,GI,GIB,1999,13.17205272,5.936978297
Gibraltar,GI,GIB,2000,20.03532677,19.13163812
Gibraltar,GI,GIB,2001,35.3414379,21.17110944
Gibraltar,GI,GIB,2002,43.62182705,23.67023975
Gibraltar,GI,GIB,2003,56.18176036,28.32577979
Gibraltar,GI,GIB,2004,64.04791754,32.88608261
Gibraltar,GI,GIB,2005,68.5965153,39.07013088
Gibraltar,GI,GIB,2006,74.35698111,45.29864751
Gibraltar,GI,GIB,2007,80.01066809,51.61
Gibraltar,GI,GIB,2008,85.53194289,58
Gibraltar,GI,GIB,2009,92.80290739,65.07
Gibraltar,GI,GIB,2010,95.96315015,65
Gibraltar,GI,GIB,2011,102.5204252,65
Gibraltar,GI,GIB,2012,108.0534826,65.017
Gibraltar,GI,GIB,2013,NA,NA
Gibraltar,GI,GIB,2014,117.0960187,NA
Gibraltar,GI,GIB,2015,127.4323493,NA
Gibraltar,GI,GIB,2016,126.3196684,94.44447158
Gibraltar,GI,GIB,2017,125.8665113,NA
Gibraltar,GI,GIB,2018,125.7197991,NA
Gibraltar,GI,GIB,2019,124.0232523,NA
Gibraltar,GI,GIB,2020,108.3465819,NA
Gibraltar,GI,GIB,2021,NA,NA
Greece,GR,GRC,1960,0,NA
Greece,GR,GRC,1961,NA,NA
Greece,GR,GRC,1962,NA,NA
Greece,GR,GRC,1963,NA,NA
Greece,GR,GRC,1964,NA,NA
Greece,GR,GRC,1965,0,NA
Greece,GR,GRC,1966,NA,NA
Greece,GR,GRC,1967,NA,NA
Greece,GR,GRC,1968,NA,NA
Greece,GR,GRC,1969,NA,NA
Greece,GR,GRC,1970,0,NA
Greece,GR,GRC,1971,NA,NA
Greece,GR,GRC,1972,NA,NA
Greece,GR,GRC,1973,NA,NA
Greece,GR,GRC,1974,NA,NA
Greece,GR,GRC,1975,0,NA
Greece,GR,GRC,1976,0,NA
Greece,GR,GRC,1977,0,NA
Greece,GR,GRC,1978,0,NA
Greece,GR,GRC,1979,0,NA
Greece,GR,GRC,1980,0,NA
Greece,GR,GRC,1981,0,NA
Greece,GR,GRC,1982,0,NA
Greece,GR,GRC,1983,0,NA
Greece,GR,GRC,1984,0,NA
Greece,GR,GRC,1985,0,NA
Greece,GR,GRC,1986,0,NA
Greece,GR,GRC,1987,0,NA
Greece,GR,GRC,1988,0,NA
Greece,GR,GRC,1989,0,NA
Greece,GR,GRC,1990,0,0
Greece,GR,GRC,1991,0,0.048788803
Greece,GR,GRC,1992,0,0.048291602
Greece,GR,GRC,1993,0.454397431,0.191062242
Greece,GR,GRC,1994,1.436968369,0.378174312
Greece,GR,GRC,1995,2.544760045,0.749616477
Greece,GR,GRC,1996,4.924190605,1.395360779
Greece,GR,GRC,1997,8.622311493,1.849634688
Greece,GR,GRC,1998,18.71204971,3.221821786
Greece,GR,GRC,1999,35.51072407,6.877292144
Greece,GR,GRC,2000,53.74474015,9.138837308
Greece,GR,GRC,2001,71.92567824,10.93502581
Greece,GR,GRC,2002,83.93784195,14.67
Greece,GR,GRC,2003,80.43033577,17.8
Greece,GR,GRC,2004,83.88897436,21.42
Greece,GR,GRC,2005,92.32414639,24
Greece,GR,GRC,2006,98.86308353,32.25
Greece,GR,GRC,2007,110.849938,35.88
Greece,GR,GRC,2008,124.6144893,38.2
Greece,GR,GRC,2009,120.2577704,42.4
Greece,GR,GRC,2010,111.4098039,44.4
Greece,GR,GRC,2011,110.2070802,51.64999517
Greece,GR,GRC,2012,121.8599599,55.06999344
Greece,GR,GRC,2013,114.697312,59.8663
Greece,GR,GRC,2014,111.7981465,63.21
Greece,GR,GRC,2015,116.2863558,66.83495949
Greece,GR,GRC,2016,116.6439809,69.08791547
Greece,GR,GRC,2017,120.9954184,69.89297065
Greece,GR,GRC,2018,114.4592115,72.23837339
Greece,GR,GRC,2019,112.370475,75.67120669
Greece,GR,GRC,2020,108.5687131,78.11584474
Greece,GR,GRC,2021,110.0393141,78.49426371
Greenland,GL,GRL,1960,0,NA
Greenland,GL,GRL,1961,NA,NA
Greenland,GL,GRL,1962,NA,NA
Greenland,GL,GRL,1963,NA,NA
Greenland,GL,GRL,1964,NA,NA
Greenland,GL,GRL,1965,0,NA
Greenland,GL,GRL,1966,NA,NA
Greenland,GL,GRL,1967,NA,NA
Greenland,GL,GRL,1968,NA,NA
Greenland,GL,GRL,1969,NA,NA
Greenland,GL,GRL,1970,0,NA
Greenland,GL,GRL,1971,NA,NA
Greenland,GL,GRL,1972,NA,NA
Greenland,GL,GRL,1973,NA,NA
Greenland,GL,GRL,1974,NA,NA
Greenland,GL,GRL,1975,0,NA
Greenland,GL,GRL,1976,0,NA
Greenland,GL,GRL,1977,0,NA
Greenland,GL,GRL,1978,0,NA
Greenland,GL,GRL,1979,0,NA
Greenland,GL,GRL,1980,0,NA
Greenland,GL,GRL,1981,0,NA
Greenland,GL,GRL,1982,0,NA
Greenland,GL,GRL,1983,0,NA
Greenland,GL,GRL,1984,0,NA
Greenland,GL,GRL,1985,0,NA
Greenland,GL,GRL,1986,0,NA
Greenland,GL,GRL,1987,0,NA
Greenland,GL,GRL,1988,0,NA
Greenland,GL,GRL,1989,0,NA
Greenland,GL,GRL,1990,0,0
Greenland,GL,GRL,1991,0,0
Greenland,GL,GRL,1992,0.30706795,0
Greenland,GL,GRL,1993,0.78624255,0
Greenland,GL,GRL,1994,1.73070018,0.064712121
Greenland,GL,GRL,1995,3.678210368,0.053940342
Greenland,GL,GRL,1996,7.365975697,1.796719191
Greenland,GL,GRL,1997,11.55835355,7.954504682
Greenland,GL,GRL,1998,15.85624432,14.65444717
Greenland,GL,GRL,1999,24.09902684,21.60261331
Greenland,GL,GRL,2000,26.90089705,31.74781123
Greenland,GL,GRL,2001,28.16656617,35.46413689
Greenland,GL,GRL,2002,35.22319455,44.15478903
Greenland,GL,GRL,2003,52.44147511,54.53425983
Greenland,GL,GRL,2004,68.64031231,56.09901476
Greenland,GL,GRL,2005,81.70583789,57.7034045
Greenland,GL,GRL,2006,94.87599233,59.36168727
Greenland,GL,GRL,2007,117.091063,61.07
Greenland,GL,GRL,2008,98.65318675,62.82
Greenland,GL,GRL,2009,94.73087417,62.83
Greenland,GL,GRL,2010,101.7710422,63
Greenland,GL,GRL,2011,104.3597214,64
Greenland,GL,GRL,2012,105.7936974,64.8960101
Greenland,GL,GRL,2013,107.685999,65.8
Greenland,GL,GRL,2014,108.6645696,66.7
Greenland,GL,GRL,2015,109.1351487,67.60044348
Greenland,GL,GRL,2016,NA,68.50087368
Greenland,GL,GRL,2017,111.4289801,69.48246178
Greenland,GL,GRL,2018,109.767392,NA
Greenland,GL,GRL,2019,110.2358263,NA
Greenland,GL,GRL,2020,117.7274837,NA
Greenland,GL,GRL,2021,118.4236261,NA
Grenada,GD,GRD,1960,0,0
Grenada,GD,GRD,1961,NA,NA
Grenada,GD,GRD,1962,NA,NA
Grenada,GD,GRD,1963,NA,NA
Grenada,GD,GRD,1964,NA,NA
Grenada,GD,GRD,1965,0,0
Grenada,GD,GRD,1966,NA,NA
Grenada,GD,GRD,1967,NA,NA
Grenada,GD,GRD,1968,NA,NA
Grenada,GD,GRD,1969,NA,NA
Grenada,GD,GRD,1970,0,0
Grenada,GD,GRD,1971,NA,NA
Grenada,GD,GRD,1972,NA,NA
Grenada,GD,GRD,1973,NA,NA
Grenada,GD,GRD,1974,NA,NA
Grenada,GD,GRD,1975,0,0
Grenada,GD,GRD,1976,0,0
Grenada,GD,GRD,1977,0,0
Grenada,GD,GRD,1978,0,0
Grenada,GD,GRD,1979,0,0
Grenada,GD,GRD,1980,0,0
Grenada,GD,GRD,1981,0,0
Grenada,GD,GRD,1982,0,0
Grenada,GD,GRD,1983,0,0
Grenada,GD,GRD,1984,0,0
Grenada,GD,GRD,1985,0,0
Grenada,GD,GRD,1986,0,0
Grenada,GD,GRD,1987,0,0
Grenada,GD,GRD,1988,0,0
Grenada,GD,GRD,1989,0,0
Grenada,GD,GRD,1990,0.151443254,0
Grenada,GD,GRD,1991,0.147356603,0
Grenada,GD,GRD,1992,0.179136975,0
Grenada,GD,GRD,1993,0.276002466,0
Grenada,GD,GRD,1994,0.339232752,0
Grenada,GD,GRD,1995,0.384393619,0
Grenada,GD,GRD,1996,0.543654503,0.298032982
Grenada,GD,GRD,1997,0.924697768,0.990883868
Grenada,GD,GRD,1998,1.327683616,1.484854484
Grenada,GD,GRD,1999,1.883471879,2.473166147
Grenada,GD,GRD,2000,4.002531834,4.063907991
Grenada,GD,GRD,2001,5.942410317,5.128103982
Grenada,GD,GRD,2002,6.978592085,14.75884055
Grenada,GD,GRD,2003,38.89369137,18.64518218
Grenada,GD,GRD,2004,39.54947222,19.57062058
Grenada,GD,GRD,2005,42.50004535,20.48780488
Grenada,GD,GRD,2006,41.61981475,21.39599117
Grenada,GD,GRD,2007,45.98881181,22.29
Grenada,GD,GRD,2008,53.36332438,23.18
Grenada,GD,GRD,2009,101.0366446,24.05
Grenada,GD,GRD,2010,106.9335929,27
Grenada,GD,GRD,2011,105.1662925,30
Grenada,GD,GRD,2012,112.0781282,32
Grenada,GD,GRD,2013,113.7286759,35
Grenada,GD,GRD,2014,99.30407215,51.6
Grenada,GD,GRD,2015,100.6614557,52.5
Grenada,GD,GRD,2016,99.17226548,53.3
Grenada,GD,GRD,2017,93.59659279,54.2
Grenada,GD,GRD,2018,97.44168486,55.1
Grenada,GD,GRD,2019,94.670969,56
Grenada,GD,GRD,2020,98.65521619,56.9
Grenada,GD,GRD,2021,NA,NA
Guam,GU,GUM,1960,0,NA
Guam,GU,GUM,1961,NA,NA
Guam,GU,GUM,1962,NA,NA
Guam,GU,GUM,1963,NA,NA
Guam,GU,GUM,1964,NA,NA
Guam,GU,GUM,1965,0,NA
Guam,GU,GUM,1966,NA,NA
Guam,GU,GUM,1967,NA,NA
Guam,GU,GUM,1968,NA,NA
Guam,GU,GUM,1969,NA,NA
Guam,GU,GUM,1970,0,NA
Guam,GU,GUM,1971,NA,NA
Guam,GU,GUM,1972,NA,NA
Guam,GU,GUM,1973,NA,NA
Guam,GU,GUM,1974,NA,NA
Guam,GU,GUM,1975,0,NA
Guam,GU,GUM,1976,0,NA
Guam,GU,GUM,1977,0,NA
Guam,GU,GUM,1978,0,NA
Guam,GU,GUM,1979,0,NA
Guam,GU,GUM,1980,0,NA
Guam,GU,GUM,1981,0,NA
Guam,GU,GUM,1982,0,NA
Guam,GU,GUM,1983,0,NA
Guam,GU,GUM,1984,0,NA
Guam,GU,GUM,1985,0,NA
Guam,GU,GUM,1986,0,NA
Guam,GU,GUM,1987,0,NA
Guam,GU,GUM,1988,0,NA
Guam,GU,GUM,1989,0,NA
Guam,GU,GUM,1990,0,0
Guam,GU,GUM,1991,0.616033935,0
Guam,GU,GUM,1992,0.908690884,0
Guam,GU,GUM,1993,1.3102837,0
Guam,GU,GUM,1994,2.771878086,0.34845391
Guam,GU,GUM,1995,3.307927032,0.659530909
Guam,GU,GUM,1996,3.811218894,1.356106888
Guam,GU,GUM,1997,3.675889328,2.344571647
Guam,GU,GUM,1998,8.210057752,4.50128419
Guam,GU,GUM,1999,12.6266612,8.497176323
Guam,GU,GUM,2000,16.98004844,16.11312704
Guam,GU,GUM,2001,20.18275922,25.38022753
Guam,GU,GUM,2002,43.3680688,31.19229426
Guam,GU,GUM,2003,48.84169293,33.71668179
Guam,GU,GUM,2004,59.75464013,36.16178784
Guam,GU,GUM,2005,NA,38.55987756
Guam,GU,GUM,2006,NA,43.851443
Guam,GU,GUM,2007,NA,46.15047362
Guam,GU,GUM,2008,NA,48.41870215
Guam,GU,GUM,2009,NA,50.64202838
Guam,GU,GUM,2010,NA,54.04
Guam,GU,GUM,2011,NA,57.7
Guam,GU,GUM,2012,NA,61.53415931
Guam,GU,GUM,2013,NA,65.4
Guam,GU,GUM,2014,NA,69.27
Guam,GU,GUM,2015,NA,73.13999995
Guam,GU,GUM,2016,NA,77.00999989
Guam,GU,GUM,2017,NA,80.50546556
Guam,GU,GUM,2018,NA,NA
Guam,GU,GUM,2019,NA,NA
Guam,GU,GUM,2020,NA,NA
Guam,GU,GUM,2021,NA,NA
Guatemala,GT,GTM,1960,0,NA
Guatemala,GT,GTM,1961,NA,NA
Guatemala,GT,GTM,1962,NA,NA
Guatemala,GT,GTM,1963,NA,NA
Guatemala,GT,GTM,1964,NA,NA
Guatemala,GT,GTM,1965,0,NA
Guatemala,GT,GTM,1966,NA,NA
Guatemala,GT,GTM,1967,NA,NA
Guatemala,GT,GTM,1968,NA,NA
Guatemala,GT,GTM,1969,NA,NA
Guatemala,GT,GTM,1970,0,NA
Guatemala,GT,GTM,1971,NA,NA
Guatemala,GT,GTM,1972,NA,NA
Guatemala,GT,GTM,1973,NA,NA
Guatemala,GT,GTM,1974,NA,NA
Guatemala,GT,GTM,1975,0,NA
Guatemala,GT,GTM,1976,0,NA
Guatemala,GT,GTM,1977,0,NA
Guatemala,GT,GTM,1978,0,NA
Guatemala,GT,GTM,1979,0,NA
Guatemala,GT,GTM,1980,0,NA
Guatemala,GT,GTM,1981,0,NA
Guatemala,GT,GTM,1982,0,NA
Guatemala,GT,GTM,1983,0,NA
Guatemala,GT,GTM,1984,0,NA
Guatemala,GT,GTM,1985,0,NA
Guatemala,GT,GTM,1986,0,NA
Guatemala,GT,GTM,1987,0,NA
Guatemala,GT,GTM,1988,0,NA
Guatemala,GT,GTM,1989,0,NA
Guatemala,GT,GTM,1990,0.003225174,0
Guatemala,GT,GTM,1991,0.01308744,0
Guatemala,GT,GTM,1992,0.022356507,0
Guatemala,GT,GTM,1993,0.030411311,0
Guatemala,GT,GTM,1994,0.103636274,0
Guatemala,GT,GTM,1995,0.289479296,0.002998005
Guatemala,GT,GTM,1996,0.408387918,0.019534871
Guatemala,GT,GTM,1997,0.588645184,0.095476021
Guatemala,GT,GTM,1998,0.996465318,0.466590444
Guatemala,GT,GTM,1999,2.946742985,0.592652945
Guatemala,GT,GTM,2000,7.300943584,0.712332905
Guatemala,GT,GTM,2001,9.546360896,1.738201782
Guatemala,GT,GTM,2002,12.83241236,3.39174627
Guatemala,GT,GTM,2003,16.18690866,4.548854908
Guatemala,GT,GTM,2004,24.65101557,5.1
Guatemala,GT,GTM,2005,34.34196966,5.7
Guatemala,GT,GTM,2006,53.52317101,6.5
Guatemala,GT,GTM,2007,86.86504525,7.3
Guatemala,GT,GTM,2008,106.9329547,8.3
Guatemala,GT,GTM,2009,121.3756936,9.3
Guatemala,GT,GTM,2010,124.2372253,10.5
Guatemala,GT,GTM,2011,131.3187407,12.3
Guatemala,GT,GTM,2012,137.4052058,16
Guatemala,GT,GTM,2013,140.8080978,19.7
Guatemala,GT,GTM,2014,107.624353,23.4
Guatemala,GT,GTM,2015,113.250852,28.80594156
Guatemala,GT,GTM,2016,112.1141459,34.50932609
Guatemala,GT,GTM,2017,120.555015,37.9
Guatemala,GT,GTM,2018,121.4676927,41.5
Guatemala,GT,GTM,2019,122.0257077,44.40104984
Guatemala,GT,GTM,2020,117.4393951,49.97
Guatemala,GT,GTM,2021,125.6487512,50.84164945
Guinea,GN,GIN,1960,0,NA
Guinea,GN,GIN,1961,NA,NA
Guinea,GN,GIN,1962,NA,NA
Guinea,GN,GIN,1963,NA,NA
Guinea,GN,GIN,1964,NA,NA
Guinea,GN,GIN,1965,0,NA
Guinea,GN,GIN,1966,NA,NA
Guinea,GN,GIN,1967,NA,NA
Guinea,GN,GIN,1968,NA,NA
Guinea,GN,GIN,1969,NA,NA
Guinea,GN,GIN,1970,0,NA
Guinea,GN,GIN,1971,NA,NA
Guinea,GN,GIN,1972,NA,NA
Guinea,GN,GIN,1973,NA,NA
Guinea,GN,GIN,1974,NA,NA
Guinea,GN,GIN,1975,0,NA
Guinea,GN,GIN,1976,0,NA
Guinea,GN,GIN,1977,0,NA
Guinea,GN,GIN,1978,0,NA
Guinea,GN,GIN,1979,0,NA
Guinea,GN,GIN,1980,0,NA
Guinea,GN,GIN,1981,0,NA
Guinea,GN,GIN,1982,0,NA
Guinea,GN,GIN,1983,0,NA
Guinea,GN,GIN,1984,0,NA
Guinea,GN,GIN,1985,0,NA
Guinea,GN,GIN,1986,0,NA
Guinea,GN,GIN,1987,0,NA
Guinea,GN,GIN,1988,0,NA
Guinea,GN,GIN,1989,0,NA
Guinea,GN,GIN,1990,0,0
Guinea,GN,GIN,1991,0,0
Guinea,GN,GIN,1992,0,0
Guinea,GN,GIN,1993,5.96075e-4,0
Guinea,GN,GIN,1994,0.01118132,1.38318e-4
Guinea,GN,GIN,1995,0.012720352,6.68589e-4
Guinea,GN,GIN,1996,0.012364775,0.001948942
Guinea,GN,GIN,1997,0.036568544,0.003803109
Guinea,GN,GIN,1998,0.269838956,0.006203369
Guinea,GN,GIN,1999,0.308040578,0.060808919
Guinea,GN,GIN,2000,0.505123746,0.095424924
Guinea,GN,GIN,2001,0.659150668,0.175541868
Guinea,GN,GIN,2002,1.05822129,0.402022749
Guinea,GN,GIN,2003,1.271053027,0.450960371
Guinea,GN,GIN,2004,1.7285941949999999,0.508819332
Guinea,GN,GIN,2005,2.067807907,0.542254181
Guinea,GN,GIN,2006,NA,0.637492123
Guinea,GN,GIN,2007,20.94880928,0.780025279
Guinea,GN,GIN,2008,28.11922757,0.92
Guinea,GN,GIN,2009,34.81576235,0.94
Guinea,GN,GIN,2010,38.94563268,1
Guinea,GN,GIN,2011,46.16948108,2
Guinea,GN,GIN,2012,51.76438441,3.1
Guinea,GN,GIN,2013,67.26532573,4.5
Guinea,GN,GIN,2014,76.6188968,6.4
Guinea,GN,GIN,2015,92.58559996,9.2
Guinea,GN,GIN,2016,93.11888331,13.1
Guinea,GN,GIN,2017,95.58208181,18.7
Guinea,GN,GIN,2018,95.6840313,21.83002304
Guinea,GN,GIN,2019,99.96476034,23
Guinea,GN,GIN,2020,104.466802,26
Guinea,GN,GIN,2021,NA,NA
Guinea-Bissau,GW,GNB,1960,0,NA
Guinea-Bissau,GW,GNB,1961,NA,NA
Guinea-Bissau,GW,GNB,1962,NA,NA
Guinea-Bissau,GW,GNB,1963,NA,NA
Guinea-Bissau,GW,GNB,1964,NA,NA
Guinea-Bissau,GW,GNB,1965,0,NA
Guinea-Bissau,GW,GNB,1966,NA,NA
Guinea-Bissau,GW,GNB,1967,NA,NA
Guinea-Bissau,GW,GNB,1968,NA,NA
Guinea-Bissau,GW,GNB,1969,NA,NA
Guinea-Bissau,GW,GNB,1970,0,NA
Guinea-Bissau,GW,GNB,1971,NA,NA
Guinea-Bissau,GW,GNB,1972,NA,NA
Guinea-Bissau,GW,GNB,1973,NA,NA
Guinea-Bissau,GW,GNB,1974,NA,NA
Guinea-Bissau,GW,GNB,1975,0,NA
Guinea-Bissau,GW,GNB,1976,0,NA
Guinea-Bissau,GW,GNB,1977,0,NA
Guinea-Bissau,GW,GNB,1978,0,NA
Guinea-Bissau,GW,GNB,1979,0,NA
Guinea-Bissau,GW,GNB,1980,0,NA
Guinea-Bissau,GW,GNB,1981,0,NA
Guinea-Bissau,GW,GNB,1982,0,NA
Guinea-Bissau,GW,GNB,1983,0,NA
Guinea-Bissau,GW,GNB,1984,0,NA
Guinea-Bissau,GW,GNB,1985,0,NA
Guinea-Bissau,GW,GNB,1986,0,NA
Guinea-Bissau,GW,GNB,1987,0,NA
Guinea-Bissau,GW,GNB,1988,0,NA
Guinea-Bissau,GW,GNB,1989,0,NA
Guinea-Bissau,GW,GNB,1990,0,0
Guinea-Bissau,GW,GNB,1991,0,0
Guinea-Bissau,GW,GNB,1992,0,0
Guinea-Bissau,GW,GNB,1993,0,0
Guinea-Bissau,GW,GNB,1994,0,0
Guinea-Bissau,GW,GNB,1995,0,0
Guinea-Bissau,GW,GNB,1996,0,NA
Guinea-Bissau,GW,GNB,1997,0,0.016389063
Guinea-Bissau,GW,GNB,1998,0,0.024060421
Guinea-Bissau,GW,GNB,1999,0,0.117702448
Guinea-Bissau,GW,GNB,2000,0,0.230103171
Guinea-Bissau,GW,GNB,2001,0,0.299569145
Guinea-Bissau,GW,GNB,2002,0,1.022993234
Guinea-Bissau,GW,GNB,2003,0.096910052,1.354197478
Guinea-Bissau,GW,GNB,2004,2.928785183,1.808142203
Guinea-Bissau,GW,GNB,2005,7.162721523,1.901365316
Guinea-Bissau,GW,GNB,2006,11.12586734,2.057196705
Guinea-Bissau,GW,GNB,2007,20.42111664,2.206302237
Guinea-Bissau,GW,GNB,2008,33.60290131,2.354888711
Guinea-Bissau,GW,GNB,2009,36.69109924,2.303280592
Guinea-Bissau,GW,GNB,2010,43.22079861,2.45
Guinea-Bissau,GW,GNB,2011,45.53301799,2.672
Guinea-Bissau,GW,GNB,2012,63.48291934,2.893990621
Guinea-Bissau,GW,GNB,2013,55.36194016,3.1
Guinea-Bissau,GW,GNB,2014,63.57432905,3.32
Guinea-Bissau,GW,GNB,2015,69.23136263,6.1
Guinea-Bissau,GW,GNB,2016,70.0898639,13.8
Guinea-Bissau,GW,GNB,2017,76.32738349,14.8
Guinea-Bissau,GW,GNB,2018,76.91042128,15.7
Guinea-Bissau,GW,GNB,2019,80.71131758,19.4
Guinea-Bissau,GW,GNB,2020,94.94153271,22.9
Guinea-Bissau,GW,GNB,2021,108.5305095,NA
Guyana,GY,GUY,1960,0,NA
Guyana,GY,GUY,1961,NA,NA
Guyana,GY,GUY,1962,NA,NA
Guyana,GY,GUY,1963,NA,NA
Guyana,GY,GUY,1964,NA,NA
Guyana,GY,GUY,1965,0,NA
Guyana,GY,GUY,1966,NA,NA
Guyana,GY,GUY,1967,NA,NA
Guyana,GY,GUY,1968,NA,NA
Guyana,GY,GUY,1969,NA,NA
Guyana,GY,GUY,1970,0,NA
Guyana,GY,GUY,1971,NA,NA
Guyana,GY,GUY,1972,NA,NA
Guyana,GY,GUY,1973,NA,NA
Guyana,GY,GUY,1974,NA,NA
Guyana,GY,GUY,1975,0,NA
Guyana,GY,GUY,1976,0,NA
Guyana,GY,GUY,1977,0,NA
Guyana,GY,GUY,1978,0,NA
Guyana,GY,GUY,1979,0,NA
Guyana,GY,GUY,1980,0,NA
Guyana,GY,GUY,1981,0,NA
Guyana,GY,GUY,1982,0,NA
Guyana,GY,GUY,1983,0,NA
Guyana,GY,GUY,1984,0,NA
Guyana,GY,GUY,1985,0,NA
Guyana,GY,GUY,1986,0,NA
Guyana,GY,GUY,1987,0,NA
Guyana,GY,GUY,1988,0,NA
Guyana,GY,GUY,1989,0,NA
Guyana,GY,GUY,1990,0,0
Guyana,GY,GUY,1991,0,0
Guyana,GY,GUY,1992,0.112886209,0
Guyana,GY,GUY,1993,0.13771616,0
Guyana,GY,GUY,1994,0.166901031,0
Guyana,GY,GUY,1995,0.16536094,0
Guyana,GY,GUY,1996,0.159242008,0.065854115
Guyana,GY,GUY,1997,0.185378656,0.131828033
Guyana,GY,GUY,1998,0.192151141,0.26408811
Guyana,GY,GUY,1999,0.371365173,0.4
Guyana,GY,GUY,2000,5.247341746,0.6
Guyana,GY,GUY,2001,9.913004567,1
Guyana,GY,GUY,2002,10.44291644,1.5
Guyana,GY,GUY,2003,18.1385607,2.4
Guyana,GY,GUY,2004,22.57372203,3.7
Guyana,GY,GUY,2005,37.03628626,5.7
Guyana,GY,GUY,2006,52.74491111,8.9
Guyana,GY,GUY,2007,71.21732245,13.8
Guyana,GY,GUY,2008,59.37399722,18.2
Guyana,GY,GUY,2009,65.0286586,23.9
Guyana,GY,GUY,2010,74.9261965,29.9
Guyana,GY,GUY,2011,71.04752563,30
Guyana,GY,GUY,2012,73.53118288,30.5
Guyana,GY,GUY,2013,74.26012148,31
Guyana,GY,GUY,2014,75.47512698,32
Guyana,GY,GUY,2015,71.86433405,34
Guyana,GY,GUY,2016,77.02134274,35.66
Guyana,GY,GUY,2017,84.27229801,37.32583679
Guyana,GY,GUY,2018,NA,NA
Guyana,GY,GUY,2019,97.40182509,NA
Guyana,GY,GUY,2020,107.375546,NA
Guyana,GY,GUY,2021,NA,NA
Haiti,HT,HTI,1960,0,NA
Haiti,HT,HTI,1961,NA,NA
Haiti,HT,HTI,1962,NA,NA
Haiti,HT,HTI,1963,NA,NA
Haiti,HT,HTI,1964,NA,NA
Haiti,HT,HTI,1965,0,NA
Haiti,HT,HTI,1966,NA,NA
Haiti,HT,HTI,1967,NA,NA
Haiti,HT,HTI,1968,NA,NA
Haiti,HT,HTI,1969,NA,NA
Haiti,HT,HTI,1970,0,NA
Haiti,HT,HTI,1971,NA,NA
Haiti,HT,HTI,1972,NA,NA
Haiti,HT,HTI,1973,NA,NA
Haiti,HT,HTI,1974,NA,NA
Haiti,HT,HTI,1975,0,NA
Haiti,HT,HTI,1976,0,NA
Haiti,HT,HTI,1977,0,NA
Haiti,HT,HTI,1978,0,NA
Haiti,HT,HTI,1979,0,NA
Haiti,HT,HTI,1980,0,NA
Haiti,HT,HTI,1981,0,NA
Haiti,HT,HTI,1982,0,NA
Haiti,HT,HTI,1983,0,NA
Haiti,HT,HTI,1984,0,NA
Haiti,HT,HTI,1985,0,NA
Haiti,HT,HTI,1986,0,NA
Haiti,HT,HTI,1987,0,NA
Haiti,HT,HTI,1988,0,NA
Haiti,HT,HTI,1989,0,NA
Haiti,HT,HTI,1990,0,0
Haiti,HT,HTI,1991,0,0
Haiti,HT,HTI,1992,0,0
Haiti,HT,HTI,1993,0,0
Haiti,HT,HTI,1994,0,0
Haiti,HT,HTI,1995,0,0
Haiti,HT,HTI,1996,0,0.007484253
Haiti,HT,HTI,1997,0,NA
Haiti,HT,HTI,1998,0.124055688,0.023999477
Haiti,HT,HTI,1999,0.304545982,0.070658478
Haiti,HT,HTI,2000,0.65787711,0.231270715
Haiti,HT,HTI,2001,1.074987359,0.340832326
Haiti,HT,HTI,2002,1.616339623,0.893432988
Haiti,HT,HTI,2003,3.63131075,1.647358346
Haiti,HT,HTI,2004,4.463543451,5.401261908
Haiti,HT,HTI,2005,5.489524687,6.376201635
Haiti,HT,HTI,2006,12.95016947,6.796000481
Haiti,HT,HTI,2007,26.53695122,7.2
Haiti,HT,HTI,2008,33.41949994,7.6
Haiti,HT,HTI,2009,37.48983366,8.1
Haiti,HT,HTI,2010,40.63851231,8.37
Haiti,HT,HTI,2011,42.19277033,9
Haiti,HT,HTI,2012,60.29503373,9.8
Haiti,HT,HTI,2013,69.77932224,10.6
Haiti,HT,HTI,2014,65.00990133,11.4
Haiti,HT,HTI,2015,69.10420223,14.2
Haiti,HT,HTI,2016,60.7065734,22.8
Haiti,HT,HTI,2017,58.04608514,27.2
Haiti,HT,HTI,2018,59.95845963,32.47362713
Haiti,HT,HTI,2019,61.31820274,33.3
Haiti,HT,HTI,2020,64.73094691,34.5
Haiti,HT,HTI,2021,NA,NA
Heavily indebted poor countries (HIPC),XE,HPC,1960,0,NA
Heavily indebted poor countries (HIPC),XE,HPC,1961,NA,NA
Heavily indebted poor countries (HIPC),XE,HPC,1962,NA,NA
Heavily indebted poor countries (HIPC),XE,HPC,1963,NA,NA
Heavily indebted poor countries (HIPC),XE,HPC,1964,NA,NA
Heavily indebted poor countries (HIPC),XE,HPC,1965,0,NA
Heavily indebted poor countries (HIPC),XE,HPC,1966,NA,NA
Heavily indebted poor countries (HIPC),XE,HPC,1967,NA,NA
Heavily indebted poor countries (HIPC),XE,HPC,1968,NA,NA
Heavily indebted poor countries (HIPC),XE,HPC,1969,NA,NA
Heavily indebted poor countries (HIPC),XE,HPC,1970,0,NA
Heavily indebted poor countries (HIPC),XE,HPC,1971,NA,NA
Heavily indebted poor countries (HIPC),XE,HPC,1972,NA,NA
Heavily indebted poor countries (HIPC),XE,HPC,1973,NA,NA
Heavily indebted poor countries (HIPC),XE,HPC,1974,NA,NA
Heavily indebted poor countries (HIPC),XE,HPC,1975,0,NA
Heavily indebted poor countries (HIPC),XE,HPC,1976,0,NA
Heavily indebted poor countries (HIPC),XE,HPC,1977,0,NA
Heavily indebted poor countries (HIPC),XE,HPC,1978,0,NA
Heavily indebted poor countries (HIPC),XE,HPC,1979,0,NA
Heavily indebted poor countries (HIPC),XE,HPC,1980,0,NA
Heavily indebted poor countries (HIPC),XE,HPC,1981,0,NA
Heavily indebted poor countries (HIPC),XE,HPC,1982,0,NA
Heavily indebted poor countries (HIPC),XE,HPC,1983,0,NA
Heavily indebted poor countries (HIPC),XE,HPC,1984,0,NA
Heavily indebted poor countries (HIPC),XE,HPC,1985,0,NA
Heavily indebted poor countries (HIPC),XE,HPC,1986,0,NA
Heavily indebted poor countries (HIPC),XE,HPC,1987,0,NA
Heavily indebted poor countries (HIPC),XE,HPC,1988,0,NA
Heavily indebted poor countries (HIPC),XE,HPC,1989,0,NA
Heavily indebted poor countries (HIPC),XE,HPC,1990,0,0
Heavily indebted poor countries (HIPC),XE,HPC,1991,8.02653113613924e-5,0
Heavily indebted poor countries (HIPC),XE,HPC,1992,8.80735013536292e-4,0
Heavily indebted poor countries (HIPC),XE,HPC,1993,0.00188207356137606,0
Heavily indebted poor countries (HIPC),XE,HPC,1994,0.00421231785477979,2.96613657184205e-4
Heavily indebted poor countries (HIPC),XE,HPC,1995,0.01039347956532,0.00253041665133762
Heavily indebted poor countries (HIPC),XE,HPC,1996,0.0271214743404187,0.00895856113272171
Heavily indebted poor countries (HIPC),XE,HPC,1997,0.0662767675975743,0.0244815608325283
Heavily indebted poor countries (HIPC),XE,HPC,1998,0.145324218662089,0.0447615667953897
Heavily indebted poor countries (HIPC),XE,HPC,1999,0.285186731034092,0.10255838788538
Heavily indebted poor countries (HIPC),XE,HPC,2000,0.604080719435819,0.166352362628798
Heavily indebted poor countries (HIPC),XE,HPC,2001,1.08529265223088,0.241747305268075
Heavily indebted poor countries (HIPC),XE,HPC,2002,1.70308733228242,0.397878366019733
Heavily indebted poor countries (HIPC),XE,HPC,2003,2.77603078902884,0.610217895246537
Heavily indebted poor countries (HIPC),XE,HPC,2004,4.28125762508617,0.900968414152609
Heavily indebted poor countries (HIPC),XE,HPC,2005,6.39214217230166,1.17934642896491
Heavily indebted poor countries (HIPC),XE,HPC,2006,10.7625195669399,1.50058628876907
Heavily indebted poor countries (HIPC),XE,HPC,2007,16.7191532210902,2.25018331149781
Heavily indebted poor countries (HIPC),XE,HPC,2008,24.7812280685377,2.21014079199186
Heavily indebted poor countries (HIPC),XE,HPC,2009,30.8388736618464,2.71750272265
Heavily indebted poor countries (HIPC),XE,HPC,2010,36.8359881370093,3.37818291622162
Heavily indebted poor countries (HIPC),XE,HPC,2011,44.5982205032201,3.98218890162645
Heavily indebted poor countries (HIPC),XE,HPC,2012,50.4639096972381,4.96572872503075
Heavily indebted poor countries (HIPC),XE,HPC,2013,56.480357263253,6.0194609894188
Heavily indebted poor countries (HIPC),XE,HPC,2014,61.7538177854788,7.8852559383024
Heavily indebted poor countries (HIPC),XE,HPC,2015,66.5572239977314,10.5563687959414
Heavily indebted poor countries (HIPC),XE,HPC,2016,65.09246540567,14.1091704960813
Heavily indebted poor countries (HIPC),XE,HPC,2017,65.1418315273652,16.7349000479708
Heavily indebted poor countries (HIPC),XE,HPC,2018,72.1348174763781,20.1896396531432
Heavily indebted poor countries (HIPC),XE,HPC,2019,68.07600400906,20.9964735211398
Heavily indebted poor countries (HIPC),XE,HPC,2020,70.7402627242816,24.1173369090496
Heavily indebted poor countries (HIPC),XE,HPC,2021,NA,NA
High income,XD,,1960,0,NA
High income,XD,,1961,NA,NA
High income,XD,,1962,NA,NA
High income,XD,,1963,NA,NA
High income,XD,,1964,NA,NA
High income,XD,,1965,0,NA
High income,XD,,1966,NA,NA
High income,XD,,1967,NA,NA
High income,XD,,1968,NA,NA
High income,XD,,1969,NA,NA
High income,XD,,1970,0,NA
High income,XD,,1971,NA,NA
High income,XD,,1972,NA,NA
High income,XD,,1973,NA,NA
High income,XD,,1974,NA,NA
High income,XD,,1975,0,NA
High income,XD,,1976,0,NA
High income,XD,,1977,0,NA
High income,XD,,1978,0,NA
High income,XD,,1979,0,NA
High income,XD,,1980,0.00250824996647111,NA
High income,XD,,1981,0.00886069200562725,NA
High income,XD,,1982,0.014043232841251,NA
High income,XD,,1983,0.0216093074931272,NA
High income,XD,,1984,0.0365889444837832,NA
High income,XD,,1985,0.0843232095163319,NA
High income,XD,,1986,0.147743102994416,NA
High income,XD,,1987,0.25577191934842,NA
High income,XD,,1988,0.429859247195818,NA
High income,XD,,1989,0.723879355357937,NA
High income,XD,,1990,1.06213988677968,0.252426772807943
High income,XD,,1991,1.51217263868801,0.409708681720825
High income,XD,,1992,2.10334813986643,0.652760238632107
High income,XD,,1993,2.99955588264894,0.931623645517459
High income,XD,,1994,4.7101838583049,1.87985156445074
High income,XD,,1995,7.44343552157477,3.53379882176994
High income,XD,,1996,11.6130796289325,6.49787455188324
High income,XD,,1997,16.4129984293003,10.2587416145249
High income,XD,,1998,23.613849868377,15.4454684995964
High income,XD,,1999,34.6783232472955,22.3034407061741
High income,XD,,2000,48.3778679214645,29.9173947534029
High income,XD,,2001,57.2150160804429,35.8847311138684
High income,XD,,2002,62.8177151246425,44.1838180593954
High income,XD,,2003,68.8854796594341,48.8651157937945
High income,XD,,2004,75.8169782140605,54.0776745762775
High income,XD,,2005,83.269287819572,57.848215238626
High income,XD,,2006,91.0502878248835,60.5691342702117
High income,XD,,2007,99.5988562093918,65.9329617252788
High income,XD,,2008,104.315070047554,68.0846558571468
High income,XD,,2009,107.409607987172,69.3805161900813
High income,XD,,2010,109.29046620464,71.5037356009419
High income,XD,,2011,113.033740854331,72.0647876786243
High income,XD,,2012,115.339864413696,74.8253365128307
High income,XD,,2013,117.076530145698,76.2294092984109
High income,XD,,2014,118.46061989028,77.9240383539479
High income,XD,,2015,118.724838362326,79.397408181896
High income,XD,,2016,119.512878046918,83.7596951371777
High income,XD,,2017,119.368779388551,85.3465287360182
High income,XD,,2018,120.647430907339,86.8756534373995
High income,XD,,2019,121.956579268192,88.3213419947054
High income,XD,,2020,121.898843293026,89.4307953233464
High income,XD,,2021,124.613347507934,NA
Honduras,HN,HND,1960,0,NA
Honduras,HN,HND,1961,NA,NA
Honduras,HN,HND,1962,NA,NA
Honduras,HN,HND,1963,NA,NA
Honduras,HN,HND,1964,NA,NA
Honduras,HN,HND,1965,0,NA
Honduras,HN,HND,1966,NA,NA
Honduras,HN,HND,1967,NA,NA
Honduras,HN,HND,1968,NA,NA
Honduras,HN,HND,1969,NA,NA
Honduras,HN,HND,1970,0,NA
Honduras,HN,HND,1971,NA,NA
Honduras,HN,HND,1972,NA,NA
Honduras,HN,HND,1973,NA,NA
Honduras,HN,HND,1974,NA,NA
Honduras,HN,HND,1975,0,NA
Honduras,HN,HND,1976,0,NA
Honduras,HN,HND,1977,0,NA
Honduras,HN,HND,1978,0,NA
Honduras,HN,HND,1979,0,NA
Honduras,HN,HND,1980,0,NA
Honduras,HN,HND,1981,0,NA
Honduras,HN,HND,1982,0,NA
Honduras,HN,HND,1983,0,NA
Honduras,HN,HND,1984,0,NA
Honduras,HN,HND,1985,0,NA
Honduras,HN,HND,1986,0,NA
Honduras,HN,HND,1987,0,NA
Honduras,HN,HND,1988,0,NA
Honduras,HN,HND,1989,0,NA
Honduras,HN,HND,1990,0,0
Honduras,HN,HND,1991,0,0
Honduras,HN,HND,1992,0,0
Honduras,HN,HND,1993,0,0
Honduras,HN,HND,1994,0,0
Honduras,HN,HND,1995,0,0.036775252
Honduras,HN,HND,1996,0.038667793,0.043711246
Honduras,HN,HND,1997,0.234810173,0.170996468
Honduras,HN,HND,1998,0.553155193,0.301247214
Honduras,HN,HND,1999,1.213271137,0.573575476
Honduras,HN,HND,2000,2.332543405,1.203855999
Honduras,HN,HND,2001,3.475194439,1.415281931
Honduras,HN,HND,2002,4.651172067,2.597402597
Honduras,HN,HND,2003,5.267541253,4.8
Honduras,HN,HND,2004,9.578248846,5.6
Honduras,HN,HND,2005,16.94021888,6.5
Honduras,HN,HND,2006,28.93089914,7.8
Honduras,HN,HND,2007,52.80906136,9.4
Honduras,HN,HND,2008,76.65862687,9.6
Honduras,HN,HND,2009,101.3706519,9.8
Honduras,HN,HND,2010,112.473642,11.09
Honduras,HN,HND,2011,93.50217756,15.9
Honduras,HN,HND,2012,83.82310291,18.12
Honduras,HN,HND,2013,86.68153462,17.8
Honduras,HN,HND,2014,84.63214651,23
Honduras,HN,HND,2015,86.59296148,27.1
Honduras,HN,HND,2016,82.79219153,29.5
Honduras,HN,HND,2017,85.52647898,31.7
Honduras,HN,HND,2018,77.49076112,36
Honduras,HN,HND,2019,75.91082245,39.38835219
Honduras,HN,HND,2020,68.76918576,42.05
Honduras,HN,HND,2021,73.55959801,NA
"Hong Kong SAR, China",HK,HKG,1960,0,NA
"Hong Kong SAR, China",HK,HKG,1961,NA,NA
"Hong Kong SAR, China",HK,HKG,1962,NA,NA
"Hong Kong SAR, China",HK,HKG,1963,NA,NA
"Hong Kong SAR, China",HK,HKG,1964,NA,NA
"Hong Kong SAR, China",HK,HKG,1965,0,NA
"Hong Kong SAR, China",HK,HKG,1966,NA,NA
"Hong Kong SAR, China",HK,HKG,1967,NA,NA
"Hong Kong SAR, China",HK,HKG,1968,NA,NA
"Hong Kong SAR, China",HK,HKG,1969,NA,NA
"Hong Kong SAR, China",HK,HKG,1970,0,NA
"Hong Kong SAR, China",HK,HKG,1971,NA,NA
"Hong Kong SAR, China",HK,HKG,1972,NA,NA
"Hong Kong SAR, China",HK,HKG,1973,NA,NA
"Hong Kong SAR, China",HK,HKG,1974,NA,NA
"Hong Kong SAR, China",HK,HKG,1975,0,NA
"Hong Kong SAR, China",HK,HKG,1976,0,NA
"Hong Kong SAR, China",HK,HKG,1977,0,NA
"Hong Kong SAR, China",HK,HKG,1978,0,NA
"Hong Kong SAR, China",HK,HKG,1979,0,NA
"Hong Kong SAR, China",HK,HKG,1980,0,NA
"Hong Kong SAR, China",HK,HKG,1981,0,NA
"Hong Kong SAR, China",HK,HKG,1982,0,NA
"Hong Kong SAR, China",HK,HKG,1983,0,NA
"Hong Kong SAR, China",HK,HKG,1984,0.018749164,NA
"Hong Kong SAR, China",HK,HKG,1985,0.08130562,NA
"Hong Kong SAR, China",HK,HKG,1986,0.18205680900000001,NA
"Hong Kong SAR, China",HK,HKG,1987,0.502999624,NA
"Hong Kong SAR, China",HK,HKG,1988,0.905108994,NA
"Hong Kong SAR, China",HK,HKG,1989,1.550452413,NA
"Hong Kong SAR, China",HK,HKG,1990,2.293573739,0
"Hong Kong SAR, China",HK,HKG,1991,3.201919423,0.120955444
"Hong Kong SAR, China",HK,HKG,1992,3.883758885,0.849527883
"Hong Kong SAR, China",HK,HKG,1993,4.775897697,1.334568031
"Hong Kong SAR, China",HK,HKG,1994,7.859394197,2.784198266
"Hong Kong SAR, China",HK,HKG,1995,12.78653153,3.218635643
"Hong Kong SAR, China",HK,HKG,1996,21.50269269,4.748838672
"Hong Kong SAR, China",HK,HKG,1997,34.61854216,10.51875705
"Hong Kong SAR, China",HK,HKG,1998,48.4928334,14.54597958
"Hong Kong SAR, China",HK,HKG,1999,64.36421516,21.23068197
"Hong Kong SAR, China",HK,HKG,2000,80.92687851,27.82776068
"Hong Kong SAR, China",HK,HKG,2001,84.92721209,38.67140323
"Hong Kong SAR, China",HK,HKG,2002,93.38396667,43.08238303
"Hong Kong SAR, China",HK,HKG,2003,106.7196538,52.20004335
"Hong Kong SAR, China",HK,HKG,2004,118.7675155,56.39988039
"Hong Kong SAR, China",HK,HKG,2005,123.1715467,56.9
"Hong Kong SAR, China",HK,HKG,2006,135.6800871,60.8
"Hong Kong SAR, China",HK,HKG,2007,153.562659,64.8
"Hong Kong SAR, China",HK,HKG,2008,164.2416608,66.7
"Hong Kong SAR, China",HK,HKG,2009,177.5601144,69.4
"Hong Kong SAR, China",HK,HKG,2010,193.3943064,72
"Hong Kong SAR, China",HK,HKG,2011,213.1309854,72.2
"Hong Kong SAR, China",HK,HKG,2012,226.5330395,72.9
"Hong Kong SAR, China",HK,HKG,2013,232.6098087,74.2
"Hong Kong SAR, China",HK,HKG,2014,230.6723731,79.86627043
"Hong Kong SAR, China",HK,HKG,2015,226.0108938,84.94835296
"Hong Kong SAR, China",HK,HKG,2016,236.4865739,87.47941467
"Hong Kong SAR, China",HK,HKG,2017,246.5284142,89.41594465
"Hong Kong SAR, China",HK,HKG,2018,265.9712453,90.50739533
"Hong Kong SAR, China",HK,HKG,2019,286.2244771,91.74340039
"Hong Kong SAR, China",HK,HKG,2020,291.4989659,92.41313602
"Hong Kong SAR, China",HK,HKG,2021,319.4262572,93.08715788
Hungary,HU,HUN,1960,0,NA
Hungary,HU,HUN,1961,NA,NA
Hungary,HU,HUN,1962,NA,NA
Hungary,HU,HUN,1963,NA,NA
Hungary,HU,HUN,1964,NA,NA
Hungary,HU,HUN,1965,0,NA
Hungary,HU,HUN,1966,NA,NA
Hungary,HU,HUN,1967,NA,NA
Hungary,HU,HUN,1968,NA,NA
Hungary,HU,HUN,1969,NA,NA
Hungary,HU,HUN,1970,0,NA
Hungary,HU,HUN,1971,NA,NA
Hungary,HU,HUN,1972,NA,NA
Hungary,HU,HUN,1973,NA,NA
Hungary,HU,HUN,1974,NA,NA
Hungary,HU,HUN,1975,0,NA
Hungary,HU,HUN,1976,0,NA
Hungary,HU,HUN,1977,0,NA
Hungary,HU,HUN,1978,0,NA
Hungary,HU,HUN,1979,0,NA
Hungary,HU,HUN,1980,0,NA
Hungary,HU,HUN,1981,0,NA
Hungary,HU,HUN,1982,0,NA
Hungary,HU,HUN,1983,0,NA
Hungary,HU,HUN,1984,0,NA
Hungary,HU,HUN,1985,0,NA
Hungary,HU,HUN,1986,0,NA
Hungary,HU,HUN,1987,0,NA
Hungary,HU,HUN,1988,0,NA
Hungary,HU,HUN,1989,0,NA
Hungary,HU,HUN,1990,0.025491543,0
Hungary,HU,HUN,1991,0.081708017,0.00338263
Hungary,HU,HUN,1992,0.224608151,0.048353421
Hungary,HU,HUN,1993,0.441345432,0.193414395
Hungary,HU,HUN,1994,1.382653252,0.483580975
Hungary,HU,HUN,1995,2.566046652,0.677486054
Hungary,HU,HUN,1996,4.589519791,0.969239536
Hungary,HU,HUN,1997,6.861470978,1.942449872
Hungary,HU,HUN,1998,10.42936893,3.894643278
Hungary,HU,HUN,1999,15.91507583,5.857840749
Hungary,HU,HUN,2000,30.15352299,6.999676351
Hungary,HU,HUN,2001,48.8057768,14.5285543
Hungary,HU,HUN,2002,67.85414098,16.67
Hungary,HU,HUN,2003,78.51885074,21.63
Hungary,HU,HUN,2004,86.45494989,27.74
Hungary,HU,HUN,2005,92.51973936,38.97
Hungary,HU,HUN,2006,99.09176258,47.06
Hungary,HU,HUN,2007,109.8470378,53.3
Hungary,HU,HUN,2008,121.954914,61
Hungary,HU,HUN,2009,117.8236573,62
Hungary,HU,HUN,2010,120.2766945,65
Hungary,HU,HUN,2011,117.4485123,68.01998789
Hungary,HU,HUN,2012,116.7030517,70.57999815
Hungary,HU,HUN,2013,117.1374199,72.6439
Hungary,HU,HUN,2014,118.8347046,75.65319745
Hungary,HU,HUN,2015,100.5722734,72.83473703
Hungary,HU,HUN,2016,101.3947585,79.25941213
Hungary,HU,HUN,2017,101.5946158,76.75054712
Hungary,HU,HUN,2018,102.7165638,76.07436064
Hungary,HU,HUN,2019,105.1259564,80.37169361
Hungary,HU,HUN,2020,105.9697831,84.77115202
Hungary,HU,HUN,2021,105.549731,88.64083466
IBRD only,XF,IBD,1960,0,NA
IBRD only,XF,IBD,1961,NA,NA
IBRD only,XF,IBD,1962,NA,NA
IBRD only,XF,IBD,1963,NA,NA
IBRD only,XF,IBD,1964,NA,NA
IBRD only,XF,IBD,1965,0,NA
IBRD only,XF,IBD,1966,NA,NA
IBRD only,XF,IBD,1967,NA,NA
IBRD only,XF,IBD,1968,NA,NA
IBRD only,XF,IBD,1969,NA,NA
IBRD only,XF,IBD,1970,0,NA
IBRD only,XF,IBD,1971,NA,NA
IBRD only,XF,IBD,1972,NA,NA
IBRD only,XF,IBD,1973,NA,NA
IBRD only,XF,IBD,1974,NA,NA
IBRD only,XF,IBD,1975,0,NA
IBRD only,XF,IBD,1976,0,NA
IBRD only,XF,IBD,1977,0,NA
IBRD only,XF,IBD,1978,0,NA
IBRD only,XF,IBD,1979,0,NA
IBRD only,XF,IBD,1980,0,NA
IBRD only,XF,IBD,1981,0,NA
IBRD only,XF,IBD,1982,0,NA
IBRD only,XF,IBD,1983,0,NA
IBRD only,XF,IBD,1984,5.61680239037302e-5,NA
IBRD only,XF,IBD,1985,6.43759477428476e-5,NA
IBRD only,XF,IBD,1986,5.12318166486461e-4,NA
IBRD only,XF,IBD,1987,0.00116468377569527,NA
IBRD only,XF,IBD,1988,0.00220031861960882,NA
IBRD only,XF,IBD,1989,0.00427593508769706,NA
IBRD only,XF,IBD,1990,0.00970106119350331,0
IBRD only,XF,IBD,1991,0.0196471773934861,4.9105834652384e-4
IBRD only,XF,IBD,1992,0.0392626370204042,0.00229533181758218
IBRD only,XF,IBD,1993,0.0764578747660213,0.00670638048236839
IBRD only,XF,IBD,1994,0.159496233189629,0.0182004669636584
IBRD only,XF,IBD,1995,0.315771155346681,0.049998569260974
IBRD only,XF,IBD,1996,0.55922612476076,0.110945721050859
IBRD only,XF,IBD,1997,1.02282715427399,0.21949607586446299
IBRD only,XF,IBD,1998,1.67179753950654,0.494747367857642
IBRD only,XF,IBD,1999,3.02399885070224,0.968305162297439
IBRD only,XF,IBD,2000,5.45886445654072,1.86574125363598
IBRD only,XF,IBD,2001,8.48114619490452,2.68143396937958
IBRD only,XF,IBD,2002,11.7240888388127,4.48283650672369
IBRD only,XF,IBD,2003,15.8307617104956,5.75814813968873
IBRD only,XF,IBD,2004,21.6614006513444,7.37542957653549
IBRD only,XF,IBD,2005,29.1507211601658,8.67395313163942
IBRD only,XF,IBD,2006,37.648198908612,10.5092010396724
IBRD only,XF,IBD,2007,47.0712514218144,13.7071206041276
IBRD only,XF,IBD,2008,57.4470261937653,17.1219544429935
IBRD only,XF,IBD,2009,67.7136359584295,20.7145563913462
IBRD only,XF,IBD,2010,78.8200228979895,24.9933218198908
IBRD only,XF,IBD,2011,87.562836539418,28.5820218603738
IBRD only,XF,IBD,2012,91.7932297545289,31.5794284981936
IBRD only,XF,IBD,2013,96.5572449265785,34.0240283115379
IBRD only,XF,IBD,2014,99.2800946597091,36.2761654020308
IBRD only,XF,IBD,2015,99.8232007021631,39.0845660333674
IBRD only,XF,IBD,2016,104.321989554104,42.1187642658342
IBRD only,XF,IBD,2017,107.479890502585,44.9571535463677
IBRD only,XF,IBD,2018,108.84133756833,48.6207296057256
IBRD only,XF,IBD,2019,111.38892965771,54.4686361024496
IBRD only,XF,IBD,2020,109.973139522515,62.4073744408798
IBRD only,XF,IBD,2021,112.030256538111,NA
Iceland,IS,ISL,1960,0,NA
Iceland,IS,ISL,1961,NA,NA
Iceland,IS,ISL,1962,NA,NA
Iceland,IS,ISL,1963,NA,NA
Iceland,IS,ISL,1964,NA,NA
Iceland,IS,ISL,1965,0,NA
Iceland,IS,ISL,1966,NA,NA
Iceland,IS,ISL,1967,NA,NA
Iceland,IS,ISL,1968,NA,NA
Iceland,IS,ISL,1969,NA,NA
Iceland,IS,ISL,1970,0,NA
Iceland,IS,ISL,1971,NA,NA
Iceland,IS,ISL,1972,NA,NA
Iceland,IS,ISL,1973,NA,NA
Iceland,IS,ISL,1974,NA,NA
Iceland,IS,ISL,1975,0,NA
Iceland,IS,ISL,1976,0,NA
Iceland,IS,ISL,1977,0,NA
Iceland,IS,ISL,1978,0,NA
Iceland,IS,ISL,1979,0,NA
Iceland,IS,ISL,1980,0,NA
Iceland,IS,ISL,1981,0,NA
Iceland,IS,ISL,1982,0,NA
Iceland,IS,ISL,1983,0,NA
Iceland,IS,ISL,1984,0,NA
Iceland,IS,ISL,1985,0,NA
Iceland,IS,ISL,1986,1.085647834,NA
Iceland,IS,ISL,1987,2.035507576,NA
Iceland,IS,ISL,1988,2.608466011,NA
Iceland,IS,ISL,1989,3.119245027,NA
Iceland,IS,ISL,1990,3.92519773,0
Iceland,IS,ISL,1991,4.99591071,0.505129002
Iceland,IS,ISL,1992,5.837435218,1.53916008
Iceland,IS,ISL,1993,6.596017156,2.667825265
Iceland,IS,ISL,1994,8.205496124,6.794811784
Iceland,IS,ISL,1995,11.53724022,11.2158757
Iceland,IS,ISL,1996,17.39083586,14.80647932
Iceland,IS,ISL,1997,24.08938811,27.47886875
Iceland,IS,ISL,1998,38.01884901,36.2642065
Iceland,IS,ISL,1999,62.17501243,41.29456671
Iceland,IS,ISL,2000,76.3499158,44.47053382
Iceland,IS,ISL,2001,86.99086377,49.39299537
Iceland,IS,ISL,2002,90.49333213,79.12
Iceland,IS,ISL,2003,96.50415285,83.14
Iceland,IS,ISL,2004,99.21603503,83.88
Iceland,IS,ISL,2005,95.31357313,87
Iceland,IS,ISL,2006,99.29358371,89.51
Iceland,IS,ISL,2007,104.5678573,90.6
Iceland,IS,ISL,2008,106.0453551,91
Iceland,IS,ISL,2009,106.5605395,93
Iceland,IS,ISL,2010,107.1447195,93.39
Iceland,IS,ISL,2011,107.764655,94.8196868
Iceland,IS,ISL,2012,109.7000115,96.20979955
Iceland,IS,ISL,2013,109.9498803,96.5468
Iceland,IS,ISL,2014,112.9417905,98.16
Iceland,IS,ISL,2015,115.9665922,98.2
Iceland,IS,ISL,2016,119.6434051,98.2400163
Iceland,IS,ISL,2017,116.7618266,98.25520119
Iceland,IS,ISL,2018,116.5506905,99.01095399
Iceland,IS,ISL,2019,114.5997217,99.50494117
Iceland,IS,ISL,2020,114.9221778,99
Iceland,IS,ISL,2021,118.0741761,99.68701957
IDA & IBRD total,ZT,IBT,1960,0,NA
IDA & IBRD total,ZT,IBT,1961,NA,NA
IDA & IBRD total,ZT,IBT,1962,NA,NA
IDA & IBRD total,ZT,IBT,1963,NA,NA
IDA & IBRD total,ZT,IBT,1964,NA,NA
IDA & IBRD total,ZT,IBT,1965,0,NA
IDA & IBRD total,ZT,IBT,1966,NA,NA
IDA & IBRD total,ZT,IBT,1967,NA,NA
IDA & IBRD total,ZT,IBT,1968,NA,NA
IDA & IBRD total,ZT,IBT,1969,NA,NA
IDA & IBRD total,ZT,IBT,1970,0,NA
IDA & IBRD total,ZT,IBT,1971,NA,NA
IDA & IBRD total,ZT,IBT,1972,NA,NA
IDA & IBRD total,ZT,IBT,1973,NA,NA
IDA & IBRD total,ZT,IBT,1974,NA,NA
IDA & IBRD total,ZT,IBT,1975,0,NA
IDA & IBRD total,ZT,IBT,1976,0,NA
IDA & IBRD total,ZT,IBT,1977,0,NA
IDA & IBRD total,ZT,IBT,1978,0,NA
IDA & IBRD total,ZT,IBT,1979,0,NA
IDA & IBRD total,ZT,IBT,1980,0,NA
IDA & IBRD total,ZT,IBT,1981,0,NA
IDA & IBRD total,ZT,IBT,1982,0,NA
IDA & IBRD total,ZT,IBT,1983,0,NA
IDA & IBRD total,ZT,IBT,1984,4.56939135140611e-5,NA
IDA & IBRD total,ZT,IBT,1985,5.22120258194731e-5,NA
IDA & IBRD total,ZT,IBT,1986,4.15214301635788e-4,NA
IDA & IBRD total,ZT,IBT,1987,9.42514398586693e-4,NA
IDA & IBRD total,ZT,IBT,1988,0.00177774058660666,NA
IDA & IBRD total,ZT,IBT,1989,0.00344889558109576,NA
IDA & IBRD total,ZT,IBT,1990,0.00786355366882702,0
IDA & IBRD total,ZT,IBT,1991,0.01599754217316,3.94845663591017e-4
IDA & IBRD total,ZT,IBT,1992,0.0321932610635681,0.00184162124427049
IDA & IBRD total,ZT,IBT,1993,0.0626804261724524,0.00536856798423887
IDA & IBRD total,ZT,IBT,1994,0.130164936188598,0.0145616356405852
IDA & IBRD total,ZT,IBT,1995,0.254272308887023,0.0399964191611886
IDA & IBRD total,ZT,IBT,1996,0.449218246849471,0.0937697294946562
IDA & IBRD total,ZT,IBT,1997,0.820453991321722,0.180399811756634
IDA & IBRD total,ZT,IBT,1998,1.33955537022189,0.403058603404815
IDA & IBRD total,ZT,IBT,1999,2.4197680287194,0.780804770596441
IDA & IBRD total,ZT,IBT,2000,4.36481073102605,1.55928525664945
IDA & IBRD total,ZT,IBT,2001,6.8039894319323,2.18536406076434
IDA & IBRD total,ZT,IBT,2002,9.45962957741757,3.66326558927596
IDA & IBRD total,ZT,IBT,2003,12.8212352159441,4.77435920039702
IDA & IBRD total,ZT,IBT,2004,17.7421369499352,6.11630351434204
IDA & IBRD total,ZT,IBT,2005,24.2322964889993,7.22575566905944
IDA & IBRD total,ZT,IBT,2006,32.247803824562,8.83114572499135
IDA & IBRD total,ZT,IBT,2007,41.158832118714,11.4011584705288
IDA & IBRD total,ZT,IBT,2008,51.2311202665705,14.1492919453203
IDA & IBRD total,ZT,IBT,2009,60.380463059315296,17.0528140655198
IDA & IBRD total,ZT,IBT,2010,70.2841739936745,20.5800384296761
IDA & IBRD total,ZT,IBT,2011,78.5650302853946,23.4537552496225
IDA & IBRD total,ZT,IBT,2012,83.1318195904714,25.9619442035359
IDA & IBRD total,ZT,IBT,2013,88.1507432358041,28.0849936076296
IDA & IBRD total,ZT,IBT,2014,91.5560163931953,30.3743250801155
IDA & IBRD total,ZT,IBT,2015,92.7401701454902,33.0227494212479
IDA & IBRD total,ZT,IBT,2016,96.2999472296498,35.8701043583841
IDA & IBRD total,ZT,IBT,2017,98.7470159573924,38.5475476053933
IDA & IBRD total,ZT,IBT,2018,102.063765618967,42.2768638627868
IDA & IBRD total,ZT,IBT,2019,103.534423184,47.1477842920943
IDA & IBRD total,ZT,IBT,2020,103.118919406813,54.0458492614158
IDA & IBRD total,ZT,IBT,2021,107.664978016184,NA
IDA blend,XH,IDB,1960,0,NA
IDA blend,XH,IDB,1961,NA,NA
IDA blend,XH,IDB,1962,NA,NA
IDA blend,XH,IDB,1963,NA,NA
IDA blend,XH,IDB,1964,NA,NA
IDA blend,XH,IDB,1965,0,NA
IDA blend,XH,IDB,1966,NA,NA
IDA blend,XH,IDB,1967,NA,NA
IDA blend,XH,IDB,1968,NA,NA
IDA blend,XH,IDB,1969,NA,NA
IDA blend,XH,IDB,1970,0,NA
IDA blend,XH,IDB,1971,NA,NA
IDA blend,XH,IDB,1972,NA,NA
IDA blend,XH,IDB,1973,NA,NA
IDA blend,XH,IDB,1974,NA,NA
IDA blend,XH,IDB,1975,0,NA
IDA blend,XH,IDB,1976,0,NA
IDA blend,XH,IDB,1977,0,NA
IDA blend,XH,IDB,1978,0,NA
IDA blend,XH,IDB,1979,0,NA
IDA blend,XH,IDB,1980,0,NA
IDA blend,XH,IDB,1981,0,NA
IDA blend,XH,IDB,1982,0,NA
IDA blend,XH,IDB,1983,0,NA
IDA blend,XH,IDB,1984,0,NA
IDA blend,XH,IDB,1985,0,NA
IDA blend,XH,IDB,1986,0,NA
IDA blend,XH,IDB,1987,0,NA
IDA blend,XH,IDB,1988,0,NA
IDA blend,XH,IDB,1989,0,NA
IDA blend,XH,IDB,1990,7.55735867962277e-4,0
IDA blend,XH,IDB,1991,0.00296325869068751,0
IDA blend,XH,IDB,1992,0.00495560335810474,0
IDA blend,XH,IDB,1993,0.0088071169078158,1.70914747735936e-5
IDA blend,XH,IDB,1994,0.0139550299132886,7.93879129639754e-5
IDA blend,XH,IDB,1995,0.0205257121714887,8.05484258999381e-4
IDA blend,XH,IDB,1996,0.0322753451230063,0.00709212038600417
IDA blend,XH,IDB,1997,0.0579166441726953,0.0254592146061934
IDA blend,XH,IDB,1998,0.0855227650963084,0.0431499209115174
IDA blend,XH,IDB,1999,0.16224939574548,0.0753420955296496
IDA blend,XH,IDB,2000,0.283670181482085,NA
IDA blend,XH,IDB,2001,0.726829875302365,0.73926374644698
IDA blend,XH,IDB,2002,1.56255653164829,1.45667224165685
IDA blend,XH,IDB,2003,2.41420965592073,2.8012499545251
IDA blend,XH,IDB,2004,4.91247389792505,3.59492267336225
IDA blend,XH,IDB,2005,9.72447139317613,4.50970452353962
IDA blend,XH,IDB,2006,19.1895795280112,5.51705527552858
IDA blend,XH,IDB,2007,29.2716926131864,6.25819041579428
IDA blend,XH,IDB,2008,42.5217006524648,6.9732724422041
IDA blend,XH,IDB,2009,48.246841329885,7.93000028481373
IDA blend,XH,IDB,2010,54.1924762243004,9.3239548038468
IDA blend,XH,IDB,2011,58.9866006267509,10.5320323708447
IDA blend,XH,IDB,2012,64.3943100928564,12.0663144588568
IDA blend,XH,IDB,2013,68.735682524369,14.1351516907338
IDA blend,XH,IDB,2014,71.7167134125623,16.3846026462495
IDA blend,XH,IDB,2015,72.0114383036271,18.7707591461053
IDA blend,XH,IDB,2016,74.0285385701814,20.1659409244707
IDA blend,XH,IDB,2017,73.6950920258879,22.007631640488
IDA blend,XH,IDB,2018,79.4230928956989,25.2643768794272
IDA blend,XH,IDB,2019,85.1709057988231,27.9103266733848
IDA blend,XH,IDB,2020,89.9265565239833,32.8013632143061
IDA blend,XH,IDB,2021,90.6357247585798,NA
IDA only,XI,IDX,1960,0,NA
IDA only,XI,IDX,1961,NA,NA
IDA only,XI,IDX,1962,NA,NA
IDA only,XI,IDX,1963,NA,NA
IDA only,XI,IDX,1964,NA,NA
IDA only,XI,IDX,1965,0,NA
IDA only,XI,IDX,1966,NA,NA
IDA only,XI,IDX,1967,NA,NA
IDA only,XI,IDX,1968,NA,NA
IDA only,XI,IDX,1969,NA,NA
IDA only,XI,IDX,1970,0,NA
IDA only,XI,IDX,1971,NA,NA
IDA only,XI,IDX,1972,NA,NA
IDA only,XI,IDX,1973,NA,NA
IDA only,XI,IDX,1974,NA,NA
IDA only,XI,IDX,1975,0,NA
IDA only,XI,IDX,1976,0,NA
IDA only,XI,IDX,1977,0,NA
IDA only,XI,IDX,1978,0,NA
IDA only,XI,IDX,1979,0,NA
IDA only,XI,IDX,1980,0,NA
IDA only,XI,IDX,1981,0,NA
IDA only,XI,IDX,1982,0,NA
IDA only,XI,IDX,1983,0,NA
IDA only,XI,IDX,1984,0,NA
IDA only,XI,IDX,1985,0,NA
IDA only,XI,IDX,1986,0,NA
IDA only,XI,IDX,1987,0,NA
IDA only,XI,IDX,1988,0,NA
IDA only,XI,IDX,1989,0,NA
IDA only,XI,IDX,1990,0,0
IDA only,XI,IDX,1991,0,0
IDA only,XI,IDX,1992,6.45494498251538e-4,0
IDA only,XI,IDX,1993,0.00273800426272552,0
IDA only,XI,IDX,1994,0.00556536640089171,1.92944239130433e-4
IDA only,XI,IDX,1995,0.00994189433371752,9.0790256934043e-4
IDA only,XI,IDX,1996,0.0195611772855027,NA
IDA only,XI,IDX,1997,0.0387704478227861,0.0141970441600731
IDA only,XI,IDX,1998,0.0864277212578266,0.0306364263919095
IDA only,XI,IDX,1999,0.172946389043474,0.0730110491155733
IDA only,XI,IDX,2000,0.37240627088465,0.135062456083746
IDA only,XI,IDX,2001,0.712360355001984,0.201357409053312
IDA only,XI,IDX,2002,1.24402203778927,0.354368007376876
IDA only,XI,IDX,2003,2.08968969021308,0.536924197205117
IDA only,XI,IDX,2004,3.51323577071167,0.761082726879858
IDA only,XI,IDX,2005,5.93019620883648,1.03135474987577
IDA only,XI,IDX,2006,10.7836617072076,1.48194772607251
IDA only,XI,IDX,2007,17.2395886895156,2.3166298799908698
IDA only,XI,IDX,2008,24.5037501358373,2.55075322689787
IDA only,XI,IDX,2009,30.2613807440499,3.1516464592581
IDA only,XI,IDX,2010,37.1401416154844,4.02523789159058
IDA only,XI,IDX,2011,45.4675400086464,4.72829242129932
IDA only,XI,IDX,2012,51.7245171405178,5.64583687809397
IDA only,XI,IDX,2013,58.7335746515861,6.77054332618893
IDA only,XI,IDX,2014,65.9592471708742,9.44519027835956
IDA only,XI,IDX,2015,70.9322305106544,11.8163354542522
IDA only,XI,IDX,2016,71.4219004887398,15.6895201609884
IDA only,XI,IDX,2017,72.5807047413013,18.4744642114569
IDA only,XI,IDX,2018,81.1144161738144,21.1832927680432
IDA only,XI,IDX,2019,78.8662095835306,22.5031628915336
IDA only,XI,IDX,2020,80.6310197210537,25.1613163621795
IDA only,XI,IDX,2021,NA,NA
IDA total,XG,IDA,1960,0,NA
IDA total,XG,IDA,1961,NA,NA
IDA total,XG,IDA,1962,NA,NA
IDA total,XG,IDA,1963,NA,NA
IDA total,XG,IDA,1964,NA,NA
IDA total,XG,IDA,1965,0,NA
IDA total,XG,IDA,1966,NA,NA
IDA total,XG,IDA,1967,NA,NA
IDA total,XG,IDA,1968,NA,NA
IDA total,XG,IDA,1969,NA,NA
IDA total,XG,IDA,1970,0,NA
IDA total,XG,IDA,1971,NA,NA
IDA total,XG,IDA,1972,NA,NA
IDA total,XG,IDA,1973,NA,NA
IDA total,XG,IDA,1974,NA,NA
IDA total,XG,IDA,1975,0,NA
IDA total,XG,IDA,1976,0,NA
IDA total,XG,IDA,1977,0,NA
IDA total,XG,IDA,1978,0,NA
IDA total,XG,IDA,1979,0,NA
IDA total,XG,IDA,1980,0,NA
IDA total,XG,IDA,1981,0,NA
IDA total,XG,IDA,1982,0,NA
IDA total,XG,IDA,1983,0,NA
IDA total,XG,IDA,1984,0,NA
IDA total,XG,IDA,1985,0,NA
IDA total,XG,IDA,1986,0,NA
IDA total,XG,IDA,1987,0,NA
IDA total,XG,IDA,1988,0,NA
IDA total,XG,IDA,1989,0,NA
IDA total,XG,IDA,1990,2.55491042773954e-4,0
IDA total,XG,IDA,1991,0.00100249038705866,0
IDA total,XG,IDA,1992,0.00216989259446277,0
IDA total,XG,IDA,1993,0.00488203484365462,5.78694890939269e-6
IDA total,XG,IDA,1994,0.00853354434383454,1.54489316863372e-4
IDA total,XG,IDA,1995,0.0135233365595441,8.73187538240338e-4
IDA total,XG,IDA,1996,0.0238694189967203,0.00593224148897597
IDA total,XG,IDA,1997,0.0452309984984425,0.0183766212538932
IDA total,XG,IDA,1998,0.0861202770702365,0.0351954523582879
IDA total,XG,IDA,1999,0.169308363800632,0.0738185171400411
IDA total,XG,IDA,2000,0.342159524111797,0.155979127893332
IDA total,XG,IDA,2001,0.717304405109161,0.385153127904667
IDA total,XG,IDA,2002,1.35284400714513,0.731529430451149
IDA total,XG,IDA,2003,2.20060969853223,1.31262162489505
IDA total,XG,IDA,2004,3.99364675519444,1.7317945020849
IDA total,XG,IDA,2005,7.23082205028086,2.22578728937187
IDA total,XG,IDA,2006,13.6859340523903,2.9124693116957
IDA total,XG,IDA,2007,21.3447226906133,3.66317842172923
IDA total,XG,IDA,2008,30.657812767075,4.10067895850976
IDA total,XG,IDA,2009,36.4121085597141,4.82853223692192
IDA total,XG,IDA,2010,42.9365405701731,5.90349062985561
IDA total,XG,IDA,2011,50.0705372081356,6.76800587354559
IDA total,XG,IDA,2012,56.0361014314853,7.90171143060177
IDA total,XG,IDA,2013,62.1353717761274,9.33728967389771
IDA total,XG,IDA,2014,67.9157135530783,11.8619509257951
IDA total,XG,IDA,2015,71.2983171611021,14.2348428906706
IDA total,XG,IDA,2016,72.3038084171601,17.2039884636155
IDA total,XG,IDA,2017,72.9567555938915,19.6653860176004
IDA total,XG,IDA,2018,80.4911942097731,22.6208224554795
IDA total,XG,IDA,2019,80.9843329075496,24.4352757609845
IDA total,XG,IDA,2020,83.7476321355626,27.9681342703118
IDA total,XG,IDA,2021,91.4563497282817,NA
India,IN,IND,1960,0,NA
India,IN,IND,1961,NA,NA
India,IN,IND,1962,NA,NA
India,IN,IND,1963,NA,NA
India,IN,IND,1964,NA,NA
India,IN,IND,1965,0,NA
India,IN,IND,1966,NA,NA
India,IN,IND,1967,NA,NA
India,IN,IND,1968,NA,NA
India,IN,IND,1969,NA,NA
India,IN,IND,1970,0,NA
India,IN,IND,1971,NA,NA
India,IN,IND,1972,NA,NA
India,IN,IND,1973,NA,NA
India,IN,IND,1974,NA,NA
India,IN,IND,1975,0,NA
India,IN,IND,1976,0,NA
India,IN,IND,1977,0,NA
India,IN,IND,1978,0,NA
India,IN,IND,1979,0,NA
India,IN,IND,1980,0,NA
India,IN,IND,1981,0,NA
India,IN,IND,1982,0,NA
India,IN,IND,1983,0,NA
India,IN,IND,1984,0,NA
India,IN,IND,1985,0,NA
India,IN,IND,1986,0,NA
India,IN,IND,1987,0,NA
India,IN,IND,1988,0,NA
India,IN,IND,1989,0,NA
India,IN,IND,1990,0,0
India,IN,IND,1991,0,0
India,IN,IND,1992,0,1.11308e-4
India,IN,IND,1993,0,2.18176e-4
India,IN,IND,1994,0,0.001069562
India,IN,IND,1995,0.007952054,0.026228879
India,IN,IND,1996,0.033354344,0.046333977
India,IN,IND,1997,0.08797845,0.070767849
India,IN,IND,1998,0.11703148,0.139027329
India,IN,IND,1999,0.181096675,0.273224277
India,IN,IND,2000,0.337578456,0.52753245
India,IN,IND,2001,0.606133118,0.660146377
India,IN,IND,2002,1.183633404,1.537875582
India,IN,IND,2003,3.014994095,1.686489971
India,IN,IND,2004,4.595760598,1.976136492
India,IN,IND,2005,7.806770983,2.388075
India,IN,IND,2006,14.16357152,2.805499865
India,IN,IND,2007,19.63701843,3.95
India,IN,IND,2008,28.74616679,4.38
India,IN,IND,2009,42.91212541,5.12
India,IN,IND,2010,60.63048058,7.5
India,IN,IND,2011,71.07565334,10.07
India,IN,IND,2012,67.84853606,11.1
India,IN,IND,2013,68.6455143,12.3
India,IN,IND,2014,72.21351677,13.5
India,IN,IND,2015,75.67324414,14.9
India,IN,IND,2016,84.25058892,16.5
India,IN,IND,2017,86.31708801,18.2
India,IN,IND,2018,85.90350833,20.08130004
India,IN,IND,2019,83.25286162,29.4
India,IN,IND,2020,82.621059,43
India,IN,IND,2021,81.98893361,NA
Indonesia,ID,IDN,1960,0,NA
Indonesia,ID,IDN,1961,NA,NA
Indonesia,ID,IDN,1962,NA,NA
Indonesia,ID,IDN,1963,NA,NA
Indonesia,ID,IDN,1964,NA,NA
Indonesia,ID,IDN,1965,0,NA
Indonesia,ID,IDN,1966,NA,NA
Indonesia,ID,IDN,1967,NA,NA
Indonesia,ID,IDN,1968,NA,NA
Indonesia,ID,IDN,1969,NA,NA
Indonesia,ID,IDN,1970,0,NA
Indonesia,ID,IDN,1971,NA,NA
Indonesia,ID,IDN,1972,NA,NA
Indonesia,ID,IDN,1973,NA,NA
Indonesia,ID,IDN,1974,NA,NA
Indonesia,ID,IDN,1975,0,NA
Indonesia,ID,IDN,1976,0,NA
Indonesia,ID,IDN,1977,0,NA
Indonesia,ID,IDN,1978,0,NA
Indonesia,ID,IDN,1979,0,NA
Indonesia,ID,IDN,1980,0,NA
Indonesia,ID,IDN,1981,0,NA
Indonesia,ID,IDN,1982,0,NA
Indonesia,ID,IDN,1983,0,NA
Indonesia,ID,IDN,1984,0.001078038,NA
Indonesia,ID,IDN,1985,0.001223825,NA
Indonesia,ID,IDN,1986,0.002678921,NA
Indonesia,ID,IDN,1987,0.003666018,NA
Indonesia,ID,IDN,1988,0.005127077,NA
Indonesia,ID,IDN,1989,0.007224398,NA
Indonesia,ID,IDN,1990,0.009934131,0
Indonesia,ID,IDN,1991,0.013232541,0
Indonesia,ID,IDN,1992,0.018851452,0
Indonesia,ID,IDN,1993,0.027870427,0
Indonesia,ID,IDN,1994,0.040026977,0.001059744
Indonesia,ID,IDN,1995,0.106310098,0.026109477
Indonesia,ID,IDN,1996,0.279339729,0.056623989
Indonesia,ID,IDN,1997,0.447726102,0.194910264
Indonesia,ID,IDN,1998,0.512769723,0.255306646
Indonesia,ID,IDN,1999,1.052607358,0.444415936
Indonesia,ID,IDN,2000,1.714058712,0.925563864
Indonesia,ID,IDN,2001,3.003488464,2.018613859
Indonesia,ID,IDN,2002,5.31540109,2.134135733
Indonesia,ID,IDN,2003,8.290855733,2.38701978
Indonesia,ID,IDN,2004,13.42692564,2.600285876
Indonesia,ID,IDN,2005,20.5021492,3.602024763
Indonesia,ID,IDN,2006,27.52533357,4.764813134
Indonesia,ID,IDN,2007,39.76307645,5.786274729
Indonesia,ID,IDN,2008,59.08224127,7.917479385
Indonesia,ID,IDN,2009,67.92102195,6.92
Indonesia,ID,IDN,2010,86.58861927,10.92
Indonesia,ID,IDN,2011,101.095073,12.28
Indonesia,ID,IDN,2012,112.6850884,14.52
Indonesia,ID,IDN,2013,123.6702315,14.94
Indonesia,ID,IDN,2014,127.0667453,17.14
Indonesia,ID,IDN,2015,130.8216306,22.0627426
Indonesia,ID,IDN,2016,147.24962,25.4473537
Indonesia,ID,IDN,2017,164.5351584,32.33580625
Indonesia,ID,IDN,2018,119.6084851,39.90463864
Indonesia,ID,IDN,2019,126.5946679,47.69064898
Indonesia,ID,IDN,2020,130.8110952,53.72649449
Indonesia,ID,IDN,2021,133.6505363,62.10447802
"Iran, Islamic Rep.",IR,IRN,1960,0,NA
"Iran, Islamic Rep.",IR,IRN,1961,NA,NA
"Iran, Islamic Rep.",IR,IRN,1962,NA,NA
"Iran, Islamic Rep.",IR,IRN,1963,NA,NA
"Iran, Islamic Rep.",IR,IRN,1964,NA,NA
"Iran, Islamic Rep.",IR,IRN,1965,0,NA
"Iran, Islamic Rep.",IR,IRN,1966,NA,NA
"Iran, Islamic Rep.",IR,IRN,1967,NA,NA
"Iran, Islamic Rep.",IR,IRN,1968,NA,NA
"Iran, Islamic Rep.",IR,IRN,1969,NA,NA
"Iran, Islamic Rep.",IR,IRN,1970,0,NA
"Iran, Islamic Rep.",IR,IRN,1971,NA,NA
"Iran, Islamic Rep.",IR,IRN,1972,NA,NA
"Iran, Islamic Rep.",IR,IRN,1973,NA,NA
"Iran, Islamic Rep.",IR,IRN,1974,NA,NA
"Iran, Islamic Rep.",IR,IRN,1975,0,NA
"Iran, Islamic Rep.",IR,IRN,1976,0,NA
"Iran, Islamic Rep.",IR,IRN,1977,0,NA
"Iran, Islamic Rep.",IR,IRN,1978,0,NA
"Iran, Islamic Rep.",IR,IRN,1979,0,NA
"Iran, Islamic Rep.",IR,IRN,1980,0,NA
"Iran, Islamic Rep.",IR,IRN,1981,0,NA
"Iran, Islamic Rep.",IR,IRN,1982,0,NA
"Iran, Islamic Rep.",IR,IRN,1983,0,NA
"Iran, Islamic Rep.",IR,IRN,1984,0,NA
"Iran, Islamic Rep.",IR,IRN,1985,0,NA
"Iran, Islamic Rep.",IR,IRN,1986,0,NA
"Iran, Islamic Rep.",IR,IRN,1987,0,NA
"Iran, Islamic Rep.",IR,IRN,1988,0,NA
"Iran, Islamic Rep.",IR,IRN,1989,0,NA
"Iran, Islamic Rep.",IR,IRN,1990,0,0
"Iran, Islamic Rep.",IR,IRN,1991,0,0
"Iran, Islamic Rep.",IR,IRN,1992,0,0
"Iran, Islamic Rep.",IR,IRN,1993,0,0
"Iran, Islamic Rep.",IR,IRN,1994,0.015336976,4.08332e-4
"Iran, Islamic Rep.",IR,IRN,1995,0.026156838,0.004179752
"Iran, Islamic Rep.",IR,IRN,1996,0.097351589,0.01582608
"Iran, Islamic Rep.",IR,IRN,1997,0.382426321,0.046756094
"Iran, Islamic Rep.",IR,IRN,1998,0.614505622,0.099815221
"Iran, Islamic Rep.",IR,IRN,1999,0.760728883,0.378569095
"Iran, Islamic Rep.",IR,IRN,2000,1.468615549,0.93419002
"Iran, Islamic Rep.",IR,IRN,2001,3.130645166,1.484221332
"Iran, Islamic Rep.",IR,IRN,2002,3.385178367,4.626175115
"Iran, Islamic Rep.",IR,IRN,2003,5.076729131,6.933721953
"Iran, Islamic Rep.",IR,IRN,2004,7.34948591,7.49
"Iran, Islamic Rep.",IR,IRN,2005,12.12624458,8.1
"Iran, Islamic Rep.",IR,IRN,2006,21.58558393,8.76
"Iran, Islamic Rep.",IR,IRN,2007,41.16460119,9.47
"Iran, Islamic Rep.",IR,IRN,2008,58.64831136,12.02
"Iran, Islamic Rep.",IR,IRN,2009,70.71192328,13.8
"Iran, Islamic Rep.",IR,IRN,2010,71.71155568,15.9
"Iran, Islamic Rep.",IR,IRN,2011,73.40951664,19
"Iran, Islamic Rep.",IR,IRN,2012,75.21235295,22.73
"Iran, Islamic Rep.",IR,IRN,2013,83.15971256,29.95
"Iran, Islamic Rep.",IR,IRN,2014,86.15521571,39.35
"Iran, Islamic Rep.",IR,IRN,2015,90.74220792,45.33497615
"Iran, Islamic Rep.",IR,IRN,2016,96.65573395,53.22677167
"Iran, Islamic Rep.",IR,IRN,2017,103.0079578,64.04397362
"Iran, Islamic Rep.",IR,IRN,2018,103.6264522,70.200565
"Iran, Islamic Rep.",IR,IRN,2019,136.3859613,72.45090477
"Iran, Islamic Rep.",IR,IRN,2020,146.2076628,75.56986637
"Iran, Islamic Rep.",IR,IRN,2021,154.5542763,78.59573507
Iraq,IQ,IRQ,1960,0,NA
Iraq,IQ,IRQ,1961,NA,NA
Iraq,IQ,IRQ,1962,NA,NA
Iraq,IQ,IRQ,1963,NA,NA
Iraq,IQ,IRQ,1964,NA,NA
Iraq,IQ,IRQ,1965,0,NA
Iraq,IQ,IRQ,1966,NA,NA
Iraq,IQ,IRQ,1967,NA,NA
Iraq,IQ,IRQ,1968,NA,NA
Iraq,IQ,IRQ,1969,NA,NA
Iraq,IQ,IRQ,1970,0,NA
Iraq,IQ,IRQ,1971,NA,NA
Iraq,IQ,IRQ,1972,NA,NA
Iraq,IQ,IRQ,1973,NA,NA
Iraq,IQ,IRQ,1974,NA,NA
Iraq,IQ,IRQ,1975,0,NA
Iraq,IQ,IRQ,1976,0,NA
Iraq,IQ,IRQ,1977,0,NA
Iraq,IQ,IRQ,1978,0,NA
Iraq,IQ,IRQ,1979,0,NA
Iraq,IQ,IRQ,1980,0,NA
Iraq,IQ,IRQ,1981,0,NA
Iraq,IQ,IRQ,1982,0,NA
Iraq,IQ,IRQ,1983,0,NA
Iraq,IQ,IRQ,1984,0,NA
Iraq,IQ,IRQ,1985,0,NA
Iraq,IQ,IRQ,1986,0,NA
Iraq,IQ,IRQ,1987,0,NA
Iraq,IQ,IRQ,1988,0,NA
Iraq,IQ,IRQ,1989,0,NA
Iraq,IQ,IRQ,1990,0,0
Iraq,IQ,IRQ,1991,0,0
Iraq,IQ,IRQ,1992,0,0
Iraq,IQ,IRQ,1993,0,0
Iraq,IQ,IRQ,1994,0,0
Iraq,IQ,IRQ,1995,0,0
Iraq,IQ,IRQ,1996,0,NA
Iraq,IQ,IRQ,1997,0,NA
Iraq,IQ,IRQ,1998,0,NA
Iraq,IQ,IRQ,1999,0,NA
Iraq,IQ,IRQ,2000,0,NA
Iraq,IQ,IRQ,2001,0,0.1
Iraq,IQ,IRQ,2002,0.076174971,0.5
Iraq,IQ,IRQ,2003,0.295542957,0.6
Iraq,IQ,IRQ,2004,2.060379308,0.9
Iraq,IQ,IRQ,2005,5.341708352,0.9
Iraq,IQ,IRQ,2006,32.33065128,0.952344244
Iraq,IQ,IRQ,2007,48.92113772,0.93
Iraq,IQ,IRQ,2008,59.99305711,1
Iraq,IQ,IRQ,2009,66.4163539,1.06
Iraq,IQ,IRQ,2010,74.41068611,2.5
Iraq,IQ,IRQ,2011,78.81571413,5
Iraq,IQ,IRQ,2012,79.00911537,7.1
Iraq,IQ,IRQ,2013,91.45533767,9.2
Iraq,IQ,IRQ,2014,89.8045005,13.21
Iraq,IQ,IRQ,2015,88.87962046,16.8
Iraq,IQ,IRQ,2016,86.43095061,37.67
Iraq,IQ,IRQ,2017,84.33798585,49.35999889
Iraq,IQ,IRQ,2018,89.9894631,43.3
Iraq,IQ,IRQ,2019,89.56113197,44.32634655
Iraq,IQ,IRQ,2020,88.05916556,NA
Iraq,IQ,IRQ,2021,86.48289808,NA
Ireland,IE,IRL,1960,0,NA
Ireland,IE,IRL,1961,NA,NA
Ireland,IE,IRL,1962,NA,NA
Ireland,IE,IRL,1963,NA,NA
Ireland,IE,IRL,1964,NA,NA
Ireland,IE,IRL,1965,0,NA
Ireland,IE,IRL,1966,NA,NA
Ireland,IE,IRL,1967,NA,NA
Ireland,IE,IRL,1968,NA,NA
Ireland,IE,IRL,1969,NA,NA
Ireland,IE,IRL,1970,0,NA
Ireland,IE,IRL,1971,NA,NA
Ireland,IE,IRL,1972,NA,NA
Ireland,IE,IRL,1973,NA,NA
Ireland,IE,IRL,1974,NA,NA
Ireland,IE,IRL,1975,0,NA
Ireland,IE,IRL,1976,0,NA
Ireland,IE,IRL,1977,0,NA
Ireland,IE,IRL,1978,0,NA
Ireland,IE,IRL,1979,0,NA
Ireland,IE,IRL,1980,0,NA
Ireland,IE,IRL,1981,0,NA
Ireland,IE,IRL,1982,0,NA
Ireland,IE,IRL,1983,0,NA
Ireland,IE,IRL,1984,0,NA
Ireland,IE,IRL,1985,0.008557324,NA
Ireland,IE,IRL,1986,0.042666121,NA
Ireland,IE,IRL,1987,0.098898597,NA
Ireland,IE,IRL,1988,0.180101371,NA
Ireland,IE,IRL,1989,0.389829915,NA
Ireland,IE,IRL,1990,0.717283138,0
Ireland,IE,IRL,1991,0.913032251,0.056796044
Ireland,IE,IRL,1992,1.24703581,0.169686377
Ireland,IE,IRL,1993,1.723214034,0.281141005
Ireland,IE,IRL,1994,2.472328186,0.558377222
Ireland,IE,IRL,1995,4.414046502,1.108386328
Ireland,IE,IRL,1996,8.001712355,2.199301832
Ireland,IE,IRL,1997,14.9719105,4.08825507
Ireland,IE,IRL,1998,25.71583674,8.096010043
Ireland,IE,IRL,1999,45.08171161,10.93380859
Ireland,IE,IRL,2000,65.29670067,17.85046724
Ireland,IE,IRL,2001,77.56557948,23.13881219
Ireland,IE,IRL,2002,77.03649835,25.85
Ireland,IE,IRL,2003,88.41275114,34.31
Ireland,IE,IRL,2004,95.7352192,36.99
Ireland,IE,IRL,2005,103.6101966,41.61
Ireland,IE,IRL,2006,110.7520628,54.82
Ireland,IE,IRL,2007,114.0116573,61.15832455
Ireland,IE,IRL,2008,113.3801112,65.34
Ireland,IE,IRL,2009,104.5492103,67.38
Ireland,IE,IRL,2010,103.9095077,69.85
Ireland,IE,IRL,2011,107.9623924,74.88997297
Ireland,IE,IRL,2012,109.8394365,76.91999254
Ireland,IE,IRL,2013,106.3624033,78.2477
Ireland,IE,IRL,2014,106.283914,83.49172234
Ireland,IE,IRL,2015,105.0634623,83.49479167
Ireland,IE,IRL,2016,103.3786082,83.5
Ireland,IE,IRL,2017,102.6618166,84.11400706
Ireland,IE,IRL,2018,102.8335051,87.00014011
Ireland,IE,IRL,2019,105.3980591,87.00005524
Ireland,IE,IRL,2020,105.8205231,91.99989097
Ireland,IE,IRL,2021,107.7677124,NA
Isle of Man,IM,IMN,1960,NA,NA
Isle of Man,IM,IMN,1961,NA,NA
Isle of Man,IM,IMN,1962,NA,NA
Isle of Man,IM,IMN,1963,NA,NA
Isle of Man,IM,IMN,1964,NA,NA
Isle of Man,IM,IMN,1965,NA,NA
Isle of Man,IM,IMN,1966,NA,NA
Isle of Man,IM,IMN,1967,NA,NA
Isle of Man,IM,IMN,1968,NA,NA
Isle of Man,IM,IMN,1969,NA,NA
Isle of Man,IM,IMN,1970,NA,NA
Isle of Man,IM,IMN,1971,NA,NA
Isle of Man,IM,IMN,1972,NA,NA
Isle of Man,IM,IMN,1973,NA,NA
Isle of Man,IM,IMN,1974,NA,NA
Isle of Man,IM,IMN,1975,NA,NA
Isle of Man,IM,IMN,1976,NA,NA
Isle of Man,IM,IMN,1977,NA,NA
Isle of Man,IM,IMN,1978,NA,NA
Isle of Man,IM,IMN,1979,NA,NA
Isle of Man,IM,IMN,1980,NA,NA
Isle of Man,IM,IMN,1981,NA,NA
Isle of Man,IM,IMN,1982,NA,NA
Isle of Man,IM,IMN,1983,NA,NA
Isle of Man,IM,IMN,1984,NA,NA
Isle of Man,IM,IMN,1985,NA,NA
Isle of Man,IM,IMN,1986,NA,NA
Isle of Man,IM,IMN,1987,NA,NA
Isle of Man,IM,IMN,1988,NA,NA
Isle of Man,IM,IMN,1989,NA,NA
Isle of Man,IM,IMN,1990,NA,NA
Isle of Man,IM,IMN,1991,NA,NA
Isle of Man,IM,IMN,1992,NA,NA
Isle of Man,IM,IMN,1993,NA,NA
Isle of Man,IM,IMN,1994,NA,NA
Isle of Man,IM,IMN,1995,NA,NA
Isle of Man,IM,IMN,1996,NA,NA
Isle of Man,IM,IMN,1997,NA,NA
Isle of Man,IM,IMN,1998,NA,NA
Isle of Man,IM,IMN,1999,NA,NA
Isle of Man,IM,IMN,2000,NA,NA
Isle of Man,IM,IMN,2001,NA,NA
Isle of Man,IM,IMN,2002,NA,NA
Isle of Man,IM,IMN,2003,NA,NA
Isle of Man,IM,IMN,2004,NA,NA
Isle of Man,IM,IMN,2005,NA,NA
Isle of Man,IM,IMN,2006,NA,NA
Isle of Man,IM,IMN,2007,NA,NA
Isle of Man,IM,IMN,2008,NA,NA
Isle of Man,IM,IMN,2009,NA,NA
Isle of Man,IM,IMN,2010,NA,NA
Isle of Man,IM,IMN,2011,NA,NA
Isle of Man,IM,IMN,2012,NA,NA
Isle of Man,IM,IMN,2013,NA,NA
Isle of Man,IM,IMN,2014,NA,NA
Isle of Man,IM,IMN,2015,NA,NA
Isle of Man,IM,IMN,2016,NA,NA
Isle of Man,IM,IMN,2017,NA,NA
Isle of Man,IM,IMN,2018,NA,NA
Isle of Man,IM,IMN,2019,NA,NA
Isle of Man,IM,IMN,2020,NA,NA
Isle of Man,IM,IMN,2021,NA,NA
Israel,IL,ISR,1960,NA,NA
Israel,IL,ISR,1961,NA,NA
Israel,IL,ISR,1962,NA,NA
Israel,IL,ISR,1963,NA,NA
Israel,IL,ISR,1964,NA,NA
Israel,IL,ISR,1965,NA,NA
Israel,IL,ISR,1966,NA,NA
Israel,IL,ISR,1967,NA,NA
Israel,IL,ISR,1968,NA,NA
Israel,IL,ISR,1969,NA,NA
Israel,IL,ISR,1970,NA,NA
Israel,IL,ISR,1971,NA,NA
Israel,IL,ISR,1972,NA,NA
Israel,IL,ISR,1973,NA,NA
Israel,IL,ISR,1974,NA,NA
Israel,IL,ISR,1975,NA,NA
Israel,IL,ISR,1976,NA,NA
Israel,IL,ISR,1977,NA,NA
Israel,IL,ISR,1978,NA,NA
Israel,IL,ISR,1979,NA,NA
Israel,IL,ISR,1980,NA,NA
Israel,IL,ISR,1981,NA,NA
Israel,IL,ISR,1982,NA,NA
Israel,IL,ISR,1983,NA,NA
Israel,IL,ISR,1984,NA,NA
Israel,IL,ISR,1985,NA,NA
Israel,IL,ISR,1986,NA,NA
Israel,IL,ISR,1987,NA,NA
Israel,IL,ISR,1988,NA,NA
Israel,IL,ISR,1989,NA,NA
Israel,IL,ISR,1990,0.317284907,0.110773866
Israel,IL,ISR,1991,0.465322169,0.2146241
Israel,IL,ISR,1992,0.710794293,0.310579197
Israel,IL,ISR,1993,1.236984936,0.398833333
Israel,IL,ISR,1994,2.495654932,0.57696646
Israel,IL,ISR,1995,8.130637479,0.93042297
Israel,IL,ISR,1996,18.66517808,2.1683676
Israel,IL,ISR,1997,29.11996501,4.399405482
Israel,IL,ISR,1998,36.57890002,10.30706995
Israel,IL,ISR,1999,48.04734265,13.43612191
Israel,IL,ISR,2000,71.93117886,20.87379
Israel,IL,ISR,2001,88.17949459,17.37862386
Israel,IL,ISR,2002,99.10827833,17.76459906
Israel,IL,ISR,2003,102.1997358,19.59339366
Israel,IL,ISR,2004,109.4901505,22.77048553
Israel,IL,ISR,2005,115.5325698,25.19404242
Israel,IL,ISR,2006,123.0045417,27.88107446
Israel,IL,ISR,2007,128.0494269,48.12806219
Israel,IL,ISR,2008,126.9626414,59.39
Israel,IL,ISR,2009,125.310742,63.12
Israel,IL,ISR,2010,124.3237822,67.5
Israel,IL,ISR,2011,123.3285463,68.87387799
Israel,IL,ISR,2012,121.5077872,70.8
Israel,IL,ISR,2013,122.9506712,70.25031195
Israel,IL,ISR,2014,120.806028,75.01775316
Israel,IL,ISR,2015,131.9966662,77.35208966
Israel,IL,ISR,2016,129.5500471,79.65312418
Israel,IL,ISR,2017,126.8464798,81.58118359
Israel,IL,ISR,2018,126.5301426,83.73315696
Israel,IL,ISR,2019,135.9213376,86.78787762
Israel,IL,ISR,2020,140.1086384,90.12734091
Israel,IL,ISR,2021,140.4485071,NA
Italy,IT,ITA,1960,0,NA
Italy,IT,ITA,1961,NA,NA
Italy,IT,ITA,1962,NA,NA
Italy,IT,ITA,1963,NA,NA
Italy,IT,ITA,1964,NA,NA
Italy,IT,ITA,1965,0,NA
Italy,IT,ITA,1966,NA,NA
Italy,IT,ITA,1967,NA,NA
Italy,IT,ITA,1968,NA,NA
Italy,IT,ITA,1969,NA,NA
Italy,IT,ITA,1970,0,NA
Italy,IT,ITA,1971,NA,NA
Italy,IT,ITA,1972,NA,NA
Italy,IT,ITA,1973,NA,NA
Italy,IT,ITA,1974,NA,NA
Italy,IT,ITA,1975,0,NA
Italy,IT,ITA,1976,0,NA
Italy,IT,ITA,1977,0,NA
Italy,IT,ITA,1978,0,NA
Italy,IT,ITA,1979,0,NA
Italy,IT,ITA,1980,0,NA
Italy,IT,ITA,1981,0,NA
Italy,IT,ITA,1982,0,NA
Italy,IT,ITA,1983,0,NA
Italy,IT,ITA,1984,0,NA
Italy,IT,ITA,1985,0.011326625,NA
Italy,IT,ITA,1986,0.015967781,NA
Italy,IT,ITA,1987,0.02918905,NA
Italy,IT,ITA,1988,0.059305582,NA
Italy,IT,ITA,1989,0.116501895,NA
Italy,IT,ITA,1990,0.468668283,0.017544562
Italy,IT,ITA,1991,1.000097034,0.035063256
Italy,IT,ITA,1992,1.377716182,0.070053433
Italy,IT,ITA,1993,2.122712485,0.122462053
Italy,IT,ITA,1994,3.937850938,0.192304619
Italy,IT,ITA,1995,6.896354594,0.524412787
Italy,IT,ITA,1996,11.2866712,1.023289903
Italy,IT,ITA,1997,20.61965576,2.276737834
Italy,IT,ITA,1998,35.98428894,4.558519565
Italy,IT,ITA,1999,53.20214913,14.37841019
Italy,IT,ITA,2000,74.15950715,23.11087424
Italy,IT,ITA,2001,89.9131629,27.22211698
Italy,IT,ITA,2002,94.9085968,28.04
Italy,IT,ITA,2003,98.85908053,29.04
Italy,IT,ITA,2004,108.4501955,33.24
Italy,IT,ITA,2005,122.8524954,35
Italy,IT,ITA,2006,137.6315822,37.99
Italy,IT,ITA,2007,152.7786988,40.79
Italy,IT,ITA,2008,152.5406123,44.53
Italy,IT,ITA,2009,151.1561311,48.83
Italy,IT,ITA,2010,156.5734737,53.68
Italy,IT,ITA,2011,159.9989834,54.3899983
Italy,IT,ITA,2012,161.4693276,55.82999799
Italy,IT,ITA,2013,160.6017791,58.4593
Italy,IT,ITA,2014,149.0557814,55.63846022
Italy,IT,ITA,2015,145.5869288,58.14173496
Italy,IT,ITA,2016,142.9771615,61.32425277
Italy,IT,ITA,2017,139.776512,63.077347
Italy,IT,ITA,2018,139.1884938,74.38718292
Italy,IT,ITA,2019,133.0713342,67.85071029
Italy,IT,ITA,2020,130.3870472,70.48342785
Italy,IT,ITA,2021,131.86107,74.8623274
Jamaica,JM,JAM,1960,0,NA
Jamaica,JM,JAM,1961,NA,NA
Jamaica,JM,JAM,1962,NA,NA
Jamaica,JM,JAM,1963,NA,NA
Jamaica,JM,JAM,1964,NA,NA
Jamaica,JM,JAM,1965,0,NA
Jamaica,JM,JAM,1966,NA,NA
Jamaica,JM,JAM,1967,NA,NA
Jamaica,JM,JAM,1968,NA,NA
Jamaica,JM,JAM,1969,NA,NA
Jamaica,JM,JAM,1970,0,NA
Jamaica,JM,JAM,1971,NA,NA
Jamaica,JM,JAM,1972,NA,NA
Jamaica,JM,JAM,1973,NA,NA
Jamaica,JM,JAM,1974,NA,NA
Jamaica,JM,JAM,1975,0,NA
Jamaica,JM,JAM,1976,0,NA
Jamaica,JM,JAM,1977,0,NA
Jamaica,JM,JAM,1978,0,NA
Jamaica,JM,JAM,1979,0,NA
Jamaica,JM,JAM,1980,0,NA
Jamaica,JM,JAM,1981,0,NA
Jamaica,JM,JAM,1982,0,NA
Jamaica,JM,JAM,1983,0,NA
Jamaica,JM,JAM,1984,0,NA
Jamaica,JM,JAM,1985,0,NA
Jamaica,JM,JAM,1986,0,NA
Jamaica,JM,JAM,1987,0,NA
Jamaica,JM,JAM,1988,0,NA
Jamaica,JM,JAM,1989,0,NA
Jamaica,JM,JAM,1990,0,0
Jamaica,JM,JAM,1991,0.101456672,0
Jamaica,JM,JAM,1992,0.313319702,0
Jamaica,JM,JAM,1993,0.618975853,0
Jamaica,JM,JAM,1994,1.050889186,0.036817104
Jamaica,JM,JAM,1995,1.798776746,0.109487986
Jamaica,JM,JAM,1996,2.157216212,0.591145842
Jamaica,JM,JAM,1997,2.583021064,0.797797441
Jamaica,JM,JAM,1998,3.051502251,1.978726318
Jamaica,JM,JAM,1999,5.561363032,2.355688556
Jamaica,JM,JAM,2000,14.04759581,3.115778027
Jamaica,JM,JAM,2001,22.7708106,3.863020387
Jamaica,JM,JAM,2002,47.18957003,6.1
Jamaica,JM,JAM,2003,59.4622386,7.8
Jamaica,JM,JAM,2004,68.97655577,10
Jamaica,JM,JAM,2005,74.02186813,12.8
Jamaica,JM,JAM,2006,84.57016872,16.4
Jamaica,JM,JAM,2007,99.37472721,21.1
Jamaica,JM,JAM,2008,100.4407361,23.6
Jamaica,JM,JAM,2009,108.582825,24.3
Jamaica,JM,JAM,2010,116.3904918,27.67
Jamaica,JM,JAM,2011,107.2546492,37.43861341
Jamaica,JM,JAM,2012,98.37384145,33.79
Jamaica,JM,JAM,2013,102.6348215,37.1
Jamaica,JM,JAM,2014,107.934767,40.4027351
Jamaica,JM,JAM,2015,112.2660894,42.22122119
Jamaica,JM,JAM,2016,116.5786502,44.36685637
Jamaica,JM,JAM,2017,110.0715146,55.07206705
Jamaica,JM,JAM,2018,105.44623,68.21451709
Jamaica,JM,JAM,2019,107.4668426,NA
Jamaica,JM,JAM,2020,101.8728665,NA
Jamaica,JM,JAM,2021,102.7483172,NA
Japan,JP,JPN,1960,0,NA
Japan,JP,JPN,1961,NA,NA
Japan,JP,JPN,1962,NA,NA
Japan,JP,JPN,1963,NA,NA
Japan,JP,JPN,1964,NA,NA
Japan,JP,JPN,1965,0,NA
Japan,JP,JPN,1966,NA,NA
Japan,JP,JPN,1967,NA,NA
Japan,JP,JPN,1968,NA,NA
Japan,JP,JPN,1969,NA,NA
Japan,JP,JPN,1970,0,NA
Japan,JP,JPN,1971,NA,NA
Japan,JP,JPN,1972,NA,NA
Japan,JP,JPN,1973,NA,NA
Japan,JP,JPN,1974,NA,NA
Japan,JP,JPN,1975,0,NA
Japan,JP,JPN,1976,0,NA
Japan,JP,JPN,1977,0,NA
Japan,JP,JPN,1978,0,NA
Japan,JP,JPN,1979,0,NA
Japan,JP,JPN,1980,0,NA
Japan,JP,JPN,1981,0.011213345,NA
Japan,JP,JPN,1982,0.016628303,NA
Japan,JP,JPN,1983,0.022704022,NA
Japan,JP,JPN,1984,0.033528477,NA
Japan,JP,JPN,1985,0.051024186,NA
Japan,JP,JPN,1986,0.078161829,NA
Japan,JP,JPN,1987,0.123312648,NA
Japan,JP,JPN,1988,0.197794266,NA
Japan,JP,JPN,1989,0.397140769,NA
Japan,JP,JPN,1990,0.701838322,0.020293683
Japan,JP,JPN,1991,1.110714636,0.040438041
Japan,JP,JPN,1992,1.376149484,0.096678025
Japan,JP,JPN,1993,1.70810566,0.401277526
Japan,JP,JPN,1994,3.461792124,0.799684291
Japan,JP,JPN,1995,9.337292835,1.594363148
Japan,JP,JPN,1996,21.40087434,4.372981968
Japan,JP,JPN,1997,30.35349093,9.16307714
Japan,JP,JPN,1998,37.45403769,13.41404088
Japan,JP,JPN,1999,44.91767666,21.39129031
Japan,JP,JPN,2000,52.66746097,29.99074036
Japan,JP,JPN,2001,58.88224733,38.53206086
Japan,JP,JPN,2002,63.72129527,46.59420112
Japan,JP,JPN,2003,67.96345216,48.43526589
Japan,JP,JPN,2004,71.64805919,62.39392963
Japan,JP,JPN,2005,75.49704878,66.9210661
Japan,JP,JPN,2006,78.04871672,68.68527032
Japan,JP,JPN,2007,83.854384,74.3
Japan,JP,JPN,2008,86.1938134,75.4
Japan,JP,JPN,2009,90.7727623,78
Japan,JP,JPN,2010,96.23879646,78.21
Japan,JP,JPN,2011,103.7137488,79.05411352
Japan,JP,JPN,2012,110.3834252,79.4964
Japan,JP,JPN,2013,115.827725,88.21942891
Japan,JP,JPN,2014,123.8316866,89.10683302
Japan,JP,JPN,2015,126.1756831,91.05802839
Japan,JP,JPN,2016,131.3864746,93.18272128
Japan,JP,JPN,2017,136.4176676,91.72654724
Japan,JP,JPN,2018,142.4668807,88.74635089
Japan,JP,JPN,2019,148.2722187,92.73039781
Japan,JP,JPN,2020,155.7389638,90.21945812
Japan,JP,JPN,2021,160.8817412,NA
Jordan,JO,JOR,1960,0,NA
Jordan,JO,JOR,1961,NA,NA
Jordan,JO,JOR,1962,NA,NA
Jordan,JO,JOR,1963,NA,NA
Jordan,JO,JOR,1964,NA,NA
Jordan,JO,JOR,1965,0,NA
Jordan,JO,JOR,1966,NA,NA
Jordan,JO,JOR,1967,NA,NA
Jordan,JO,JOR,1968,NA,NA
Jordan,JO,JOR,1969,NA,NA
Jordan,JO,JOR,1970,0,NA
Jordan,JO,JOR,1971,NA,NA
Jordan,JO,JOR,1972,NA,NA
Jordan,JO,JOR,1973,NA,NA
Jordan,JO,JOR,1974,NA,NA
Jordan,JO,JOR,1975,0,NA
Jordan,JO,JOR,1976,0,NA
Jordan,JO,JOR,1977,0,NA
Jordan,JO,JOR,1978,0,NA
Jordan,JO,JOR,1979,0,NA
Jordan,JO,JOR,1980,0,NA
Jordan,JO,JOR,1981,0,NA
Jordan,JO,JOR,1982,0,NA
Jordan,JO,JOR,1983,0,NA
Jordan,JO,JOR,1984,0,NA
Jordan,JO,JOR,1985,0,NA
Jordan,JO,JOR,1986,0,NA
Jordan,JO,JOR,1987,0,NA
Jordan,JO,JOR,1988,0,NA
Jordan,JO,JOR,1989,0,NA
Jordan,JO,JOR,1990,0.041343601,0
Jordan,JO,JOR,1991,0.039875856,0
Jordan,JO,JOR,1992,0.03780819,0
Jordan,JO,JOR,1993,0.035723408,0
Jordan,JO,JOR,1994,0.03379953,0
Jordan,JO,JOR,1995,0.265578334,0.02323392
Jordan,JO,JOR,1996,0.523208835,0.044938549
Jordan,JO,JOR,1997,0.951419249,0.599341106
Jordan,JO,JOR,1998,1.701530612,1.305888264
Jordan,JO,JOR,1999,2.391888139,2.526965353
Jordan,JO,JOR,2000,7.692555675,2.623275422
Jordan,JO,JOR,2001,16.76496279,4.705719581
Jordan,JO,JOR,2002,23.11799075,6.025532412
Jordan,JO,JOR,2003,24.5604987,8.466005016
Jordan,JO,JOR,2004,29.35621517,11.65874137
Jordan,JO,JOR,2005,55.25545854,12.93285205
Jordan,JO,JOR,2006,71.48490967,13.86710879
Jordan,JO,JOR,2007,73.71087407,20
Jordan,JO,JOR,2008,80.10953926,23
Jordan,JO,JOR,2009,88.70102642,26
Jordan,JO,JOR,2010,95.50935775,27.2
Jordan,JO,JOR,2011,105.2402538,34.9
Jordan,JO,JOR,2012,124.5760215,37
Jordan,JO,JOR,2013,134.0380157,41.4
Jordan,JO,JOR,2014,128.1170096,46.2
Jordan,JO,JOR,2015,145.3297924,54.22
Jordan,JO,JOR,2016,98.53271402,56.15
Jordan,JO,JOR,2017,94.98702055,64.5
Jordan,JO,JOR,2018,83.47869848,65.2
Jordan,JO,JOR,2019,72.70773421,NA
Jordan,JO,JOR,2020,63.94061117,NA
Jordan,JO,JOR,2021,65.26176509,NA
Kazakhstan,KZ,KAZ,1960,0,NA
Kazakhstan,KZ,KAZ,1961,NA,NA
Kazakhstan,KZ,KAZ,1962,NA,NA
Kazakhstan,KZ,KAZ,1963,NA,NA
Kazakhstan,KZ,KAZ,1964,NA,NA
Kazakhstan,KZ,KAZ,1965,0,NA
Kazakhstan,KZ,KAZ,1966,NA,NA
Kazakhstan,KZ,KAZ,1967,NA,NA
Kazakhstan,KZ,KAZ,1968,NA,NA
Kazakhstan,KZ,KAZ,1969,NA,NA
Kazakhstan,KZ,KAZ,1970,0,NA
Kazakhstan,KZ,KAZ,1971,NA,NA
Kazakhstan,KZ,KAZ,1972,NA,NA
Kazakhstan,KZ,KAZ,1973,NA,NA
Kazakhstan,KZ,KAZ,1974,NA,NA
Kazakhstan,KZ,KAZ,1975,0,NA
Kazakhstan,KZ,KAZ,1976,0,NA
Kazakhstan,KZ,KAZ,1977,0,NA
Kazakhstan,KZ,KAZ,1978,0,NA
Kazakhstan,KZ,KAZ,1979,0,NA
Kazakhstan,KZ,KAZ,1980,0,NA
Kazakhstan,KZ,KAZ,1981,0,NA
Kazakhstan,KZ,KAZ,1982,0,NA
Kazakhstan,KZ,KAZ,1983,0,NA
Kazakhstan,KZ,KAZ,1984,0,NA
Kazakhstan,KZ,KAZ,1985,0,NA
Kazakhstan,KZ,KAZ,1986,0,NA
Kazakhstan,KZ,KAZ,1987,0,NA
Kazakhstan,KZ,KAZ,1988,0,NA
Kazakhstan,KZ,KAZ,1989,0,NA
Kazakhstan,KZ,KAZ,1990,0,0
Kazakhstan,KZ,KAZ,1991,0,0
Kazakhstan,KZ,KAZ,1992,0,0
Kazakhstan,KZ,KAZ,1993,0,0
Kazakhstan,KZ,KAZ,1994,0.002388466,5.21079e-4
Kazakhstan,KZ,KAZ,1995,0.027990199,0.011302355
Kazakhstan,KZ,KAZ,1996,0.060690346,0.031824512
Kazakhstan,KZ,KAZ,1997,0.070807169,0.064596754
Kazakhstan,KZ,KAZ,1998,0.191931708,0.131069604
Kazakhstan,KZ,KAZ,1999,0.324457083,0.464277218
Kazakhstan,KZ,KAZ,2000,1.294937889,0.668594403
Kazakhstan,KZ,KAZ,2001,3.808580234,1.006124211
Kazakhstan,KZ,KAZ,2002,6.695367868,1.674770995
Kazakhstan,KZ,KAZ,2003,8.63173678,2.000414753
Kazakhstan,KZ,KAZ,2004,15.76480026,2.650394657
Kazakhstan,KZ,KAZ,2005,34.47824792,2.961707492
Kazakhstan,KZ,KAZ,2006,49.14277217,3.268369051
Kazakhstan,KZ,KAZ,2007,76.98720041,4.02
Kazakhstan,KZ,KAZ,2008,92.06036705,11
Kazakhstan,KZ,KAZ,2009,104.0288753,18.2
Kazakhstan,KZ,KAZ,2010,116.6874561,31.6
Kazakhstan,KZ,KAZ,2011,149.6645373,50.6
Kazakhstan,KZ,KAZ,2012,176.7855957,61.90662747
Kazakhstan,KZ,KAZ,2013,175.0568958,63.30422443
Kazakhstan,KZ,KAZ,2014,162.5461324,66
Kazakhstan,KZ,KAZ,2015,147.5074806,70.8299336
Kazakhstan,KZ,KAZ,2016,141.2436051,74.58772647
Kazakhstan,KZ,KAZ,2017,145.7470439,76.42674823
Kazakhstan,KZ,KAZ,2018,140.6055713,78.90391906
Kazakhstan,KZ,KAZ,2019,137.1299254,81.87762047
Kazakhstan,KZ,KAZ,2020,128.0024709,85.94259898
Kazakhstan,KZ,KAZ,2021,126.70562,90.9239507
Kenya,KE,KEN,1960,0,NA
Kenya,KE,KEN,1961,NA,NA
Kenya,KE,KEN,1962,NA,NA
Kenya,KE,KEN,1963,NA,NA
Kenya,KE,KEN,1964,NA,NA
Kenya,KE,KEN,1965,0,NA
Kenya,KE,KEN,1966,NA,NA
Kenya,KE,KEN,1967,NA,NA
Kenya,KE,KEN,1968,NA,NA
Kenya,KE,KEN,1969,NA,NA
Kenya,KE,KEN,1970,0,NA
Kenya,KE,KEN,1971,NA,NA
Kenya,KE,KEN,1972,NA,NA
Kenya,KE,KEN,1973,NA,NA
Kenya,KE,KEN,1974,NA,NA
Kenya,KE,KEN,1975,0,NA
Kenya,KE,KEN,1976,0,NA
Kenya,KE,KEN,1977,0,NA
Kenya,KE,KEN,1978,0,NA
Kenya,KE,KEN,1979,0,NA
Kenya,KE,KEN,1980,0,NA
Kenya,KE,KEN,1981,0,NA
Kenya,KE,KEN,1982,0,NA
Kenya,KE,KEN,1983,0,NA
Kenya,KE,KEN,1984,0,NA
Kenya,KE,KEN,1985,0,NA
Kenya,KE,KEN,1986,0,NA
Kenya,KE,KEN,1987,0,NA
Kenya,KE,KEN,1988,0,NA
Kenya,KE,KEN,1989,0,NA
Kenya,KE,KEN,1990,0,0
Kenya,KE,KEN,1991,0,0
Kenya,KE,KEN,1992,0.004461439,0
Kenya,KE,KEN,1993,0.004576275,0
Kenya,KE,KEN,1994,0.007614676,0
Kenya,KE,KEN,1995,0.008478944,7.27482e-4
Kenya,KE,KEN,1996,0.010233296,0.008839115
Kenya,KE,KEN,1997,0.023857485,0.034406051
Kenya,KE,KEN,1998,0.03691479,0.050261388
Kenya,KE,KEN,1999,0.079282155000000007,0.114256028
Kenya,KE,KEN,2000,0.412957432,0.318059714
Kenya,KE,KEN,2001,1.886772102,0.619782266
Kenya,KE,KEN,2002,3.621502166,1.207773885
Kenya,KE,KEN,2003,4.711047036,2.941902861
Kenya,KE,KEN,2004,7.31825995,3.023528042
Kenya,KE,KEN,2005,12.86713923,3.101897702
Kenya,KE,KEN,2006,19.8788531,3.6
Kenya,KE,KEN,2007,29.83798266,4.4
Kenya,KE,KEN,2008,41.60465635,5.2
Kenya,KE,KEN,2009,47.97429887,6.1
Kenya,KE,KEN,2010,60.14006827,7.2
Kenya,KE,KEN,2011,65.86296741,8.8
Kenya,KE,KEN,2012,70.28287597,10.5
Kenya,KE,KEN,2013,71.06121963,13
Kenya,KE,KEN,2014,73.38263833,16.5
Kenya,KE,KEN,2015,80.50105901,16.58785485
Kenya,KE,KEN,2016,81.39149513,16.6
Kenya,KE,KEN,2017,87.47035459,17.82710021
Kenya,KE,KEN,2018,99.09540718,19.5
Kenya,KE,KEN,2019,107.0734925,22.66888257
Kenya,KE,KEN,2020,118.1263492,29.5
Kenya,KE,KEN,2021,122.7902388,NA
Kiribati,KI,KIR,1960,0,NA
Kiribati,KI,KIR,1961,NA,NA
Kiribati,KI,KIR,1962,NA,NA
Kiribati,KI,KIR,1963,NA,NA
Kiribati,KI,KIR,1964,NA,NA
Kiribati,KI,KIR,1965,0,NA
Kiribati,KI,KIR,1966,NA,NA
Kiribati,KI,KIR,1967,NA,NA
Kiribati,KI,KIR,1968,NA,NA
Kiribati,KI,KIR,1969,NA,NA
Kiribati,KI,KIR,1970,0,NA
Kiribati,KI,KIR,1971,NA,NA
Kiribati,KI,KIR,1972,NA,NA
Kiribati,KI,KIR,1973,NA,NA
Kiribati,KI,KIR,1974,NA,NA
Kiribati,KI,KIR,1975,0,NA
Kiribati,KI,KIR,1976,0,NA
Kiribati,KI,KIR,1977,0,NA
Kiribati,KI,KIR,1978,0,NA
Kiribati,KI,KIR,1979,0,NA
Kiribati,KI,KIR,1980,0,NA
Kiribati,KI,KIR,1981,0,NA
Kiribati,KI,KIR,1982,0,NA
Kiribati,KI,KIR,1983,0,NA
Kiribati,KI,KIR,1984,0,NA
Kiribati,KI,KIR,1985,0,NA
Kiribati,KI,KIR,1986,0,NA
Kiribati,KI,KIR,1987,0,NA
Kiribati,KI,KIR,1988,0,NA
Kiribati,KI,KIR,1989,0,NA
Kiribati,KI,KIR,1990,0,0
Kiribati,KI,KIR,1991,0,0
Kiribati,KI,KIR,1992,0,0
Kiribati,KI,KIR,1993,0,0
Kiribati,KI,KIR,1994,0,0
Kiribati,KI,KIR,1995,0,0
Kiribati,KI,KIR,1996,0,NA
Kiribati,KI,KIR,1997,0,NA
Kiribati,KI,KIR,1998,0.02563983,0.616545618
Kiribati,KI,KIR,1999,0.229123945,1.211577838
Kiribati,KI,KIR,2000,0.33773895,1.785225474
Kiribati,KI,KIR,2001,0.436314633,2.337458948
Kiribati,KI,KIR,2002,0.535714286,2.5
Kiribati,KI,KIR,2003,0.557782444,3
Kiribati,KI,KIR,2004,0.639133688,3.5
Kiribati,KI,KIR,2005,0.662157206,4
Kiribati,KI,KIR,2006,0.699419482,4.5
Kiribati,KI,KIR,2007,0.735308535,6
Kiribati,KI,KIR,2008,0.961852913,7
Kiribati,KI,KIR,2009,9.346579116,8.97
Kiribati,KI,KIR,2010,9.810639381,9.07
Kiribati,KI,KIR,2011,12.54926232,10
Kiribati,KI,KIR,2012,16.12643122,10.74679768
Kiribati,KI,KIR,2013,17.65053702,11.5
Kiribati,KI,KIR,2014,26.09035961,12.25
Kiribati,KI,KIR,2015,35.13071195,14.9
Kiribati,KI,KIR,2016,43.87704302,18.7
Kiribati,KI,KIR,2017,38.32023396,23.4
Kiribati,KI,KIR,2018,43.62598354,29.4
Kiribati,KI,KIR,2019,43.99352871,36.9
Kiribati,KI,KIR,2020,43.22257718,38
Kiribati,KI,KIR,2021,42.31031861,NA
"Korea, Dem. People's Rep.",KP,PRK,1960,0,NA
"Korea, Dem. People's Rep.",KP,PRK,1961,NA,NA
"Korea, Dem. People's Rep.",KP,PRK,1962,NA,NA
"Korea, Dem. People's Rep.",KP,PRK,1963,NA,NA
"Korea, Dem. People's Rep.",KP,PRK,1964,NA,NA
"Korea, Dem. People's Rep.",KP,PRK,1965,0,NA
"Korea, Dem. People's Rep.",KP,PRK,1966,NA,NA
"Korea, Dem. People's Rep.",KP,PRK,1967,NA,NA
"Korea, Dem. People's Rep.",KP,PRK,1968,NA,NA
"Korea, Dem. People's Rep.",KP,PRK,1969,NA,NA
"Korea, Dem. People's Rep.",KP,PRK,1970,0,NA
"Korea, Dem. People's Rep.",KP,PRK,1971,NA,NA
"Korea, Dem. People's Rep.",KP,PRK,1972,NA,NA
"Korea, Dem. People's Rep.",KP,PRK,1973,NA,NA
"Korea, Dem. People's Rep.",KP,PRK,1974,NA,NA
"Korea, Dem. People's Rep.",KP,PRK,1975,0,NA
"Korea, Dem. People's Rep.",KP,PRK,1976,0,NA
"Korea, Dem. People's Rep.",KP,PRK,1977,0,NA
"Korea, Dem. People's Rep.",KP,PRK,1978,0,NA
"Korea, Dem. People's Rep.",KP,PRK,1979,0,NA
"Korea, Dem. People's Rep.",KP,PRK,1980,0,NA
"Korea, Dem. People's Rep.",KP,PRK,1981,0,NA
"Korea, Dem. People's Rep.",KP,PRK,1982,0,NA
"Korea, Dem. People's Rep.",KP,PRK,1983,0,NA
"Korea, Dem. People's Rep.",KP,PRK,1984,0,NA
"Korea, Dem. People's Rep.",KP,PRK,1985,0,NA
"Korea, Dem. People's Rep.",KP,PRK,1986,0,NA
"Korea, Dem. People's Rep.",KP,PRK,1987,0,NA
"Korea, Dem. People's Rep.",KP,PRK,1988,0,NA
"Korea, Dem. People's Rep.",KP,PRK,1989,0,NA
"Korea, Dem. People's Rep.",KP,PRK,1990,0,0
"Korea, Dem. People's Rep.",KP,PRK,1991,0,0
"Korea, Dem. People's Rep.",KP,PRK,1992,0,0
"Korea, Dem. People's Rep.",KP,PRK,1993,0,0
"Korea, Dem. People's Rep.",KP,PRK,1994,0,0
"Korea, Dem. People's Rep.",KP,PRK,1995,0,0
"Korea, Dem. People's Rep.",KP,PRK,1996,0,NA
"Korea, Dem. People's Rep.",KP,PRK,1997,0,0
"Korea, Dem. People's Rep.",KP,PRK,1998,0,0
"Korea, Dem. People's Rep.",KP,PRK,1999,0,0
"Korea, Dem. People's Rep.",KP,PRK,2000,0,0
"Korea, Dem. People's Rep.",KP,PRK,2001,0,0
"Korea, Dem. People's Rep.",KP,PRK,2002,0,0
"Korea, Dem. People's Rep.",KP,PRK,2003,0,0
"Korea, Dem. People's Rep.",KP,PRK,2004,0,0
"Korea, Dem. People's Rep.",KP,PRK,2005,0,0
"Korea, Dem. People's Rep.",KP,PRK,2006,0,0
"Korea, Dem. People's Rep.",KP,PRK,2007,0,0
"Korea, Dem. People's Rep.",KP,PRK,2008,0,0
"Korea, Dem. People's Rep.",KP,PRK,2009,0.281760571,0
"Korea, Dem. People's Rep.",KP,PRK,2010,1.749620794,0
"Korea, Dem. People's Rep.",KP,PRK,2011,4.034895552,0
"Korea, Dem. People's Rep.",KP,PRK,2012,6.830664218,0
"Korea, Dem. People's Rep.",KP,PRK,2013,9.679295734,0
"Korea, Dem. People's Rep.",KP,PRK,2014,11.14377697,NA
"Korea, Dem. People's Rep.",KP,PRK,2015,12.82761135,NA
"Korea, Dem. People's Rep.",KP,PRK,2016,14.20265951,NA
"Korea, Dem. People's Rep.",KP,PRK,2017,14.93161965,NA
"Korea, Dem. People's Rep.",KP,PRK,2018,NA,NA
"Korea, Dem. People's Rep.",KP,PRK,2019,16.51301564,NA
"Korea, Dem. People's Rep.",KP,PRK,2020,23.19515861,NA
"Korea, Dem. People's Rep.",KP,PRK,2021,NA,NA
"Korea, Rep.",KR,KOR,1960,0,NA
"Korea, Rep.",KR,KOR,1961,NA,NA
"Korea, Rep.",KR,KOR,1962,NA,NA
"Korea, Rep.",KR,KOR,1963,NA,NA
"Korea, Rep.",KR,KOR,1964,NA,NA
"Korea, Rep.",KR,KOR,1965,0,NA
"Korea, Rep.",KR,KOR,1966,NA,NA
"Korea, Rep.",KR,KOR,1967,NA,NA
"Korea, Rep.",KR,KOR,1968,NA,NA
"Korea, Rep.",KR,KOR,1969,NA,NA
"Korea, Rep.",KR,KOR,1970,0,NA
"Korea, Rep.",KR,KOR,1971,NA,NA
"Korea, Rep.",KR,KOR,1972,NA,NA
"Korea, Rep.",KR,KOR,1973,NA,NA
"Korea, Rep.",KR,KOR,1974,NA,NA
"Korea, Rep.",KR,KOR,1975,0,NA
"Korea, Rep.",KR,KOR,1976,0,NA
"Korea, Rep.",KR,KOR,1977,0,NA
"Korea, Rep.",KR,KOR,1978,0,NA
"Korea, Rep.",KR,KOR,1979,0,NA
"Korea, Rep.",KR,KOR,1980,0,NA
"Korea, Rep.",KR,KOR,1981,0,NA
"Korea, Rep.",KR,KOR,1982,0,NA
"Korea, Rep.",KR,KOR,1983,0,NA
"Korea, Rep.",KR,KOR,1984,NA,NA
"Korea, Rep.",KR,KOR,1985,NA,NA
"Korea, Rep.",KR,KOR,1986,0.01695819,NA
"Korea, Rep.",KR,KOR,1987,0.024183325,NA
"Korea, Rep.",KR,KOR,1988,0.04734527,NA
"Korea, Rep.",KR,KOR,1989,0.09116426,NA
"Korea, Rep.",KR,KOR,1990,0.181334835,0.023265092
"Korea, Rep.",KR,KOR,1991,0.373382025,0.046124435
"Korea, Rep.",KR,KOR,1992,0.608287335,0.098404337
"Korea, Rep.",KR,KOR,1993,1.049975406,0.249946523
"Korea, Rep.",KR,KOR,1994,2.126074209,0.311359364
"Korea, Rep.",KR,KOR,1995,3.615707017,0.81968667
"Korea, Rep.",KR,KOR,1996,6.966660745,1.624237192
"Korea, Rep.",KR,KOR,1997,14.96611806,3.600801564
"Korea, Rep.",KR,KOR,1998,30.31034269,6.781815468
"Korea, Rep.",KR,KOR,1999,50.39230494,23.55219445
"Korea, Rep.",KR,KOR,2000,57.31396784,44.7
"Korea, Rep.",KR,KOR,2001,61.71406693,56.6
"Korea, Rep.",KR,KOR,2002,68.34749881,59.4
"Korea, Rep.",KR,KOR,2003,70.6603768,65.5
"Korea, Rep.",KR,KOR,2004,76.65647019,72.7
"Korea, Rep.",KR,KOR,2005,80.06403189,73.5
"Korea, Rep.",KR,KOR,2006,83.65798395,78.1
"Korea, Rep.",KR,KOR,2007,92.012882629999993,78.8
"Korea, Rep.",KR,KOR,2008,94.23198088,81
"Korea, Rep.",KR,KOR,2009,98.67498817,81.6
"Korea, Rep.",KR,KOR,2010,104.0034362,83.7
"Korea, Rep.",KR,KOR,2011,106.7865025,83.75912015
"Korea, Rep.",KR,KOR,2012,108.0393019,84.07
"Korea, Rep.",KR,KOR,2013,109.1472515,84.77
"Korea, Rep.",KR,KOR,2014,113.3160079,87.55682649
"Korea, Rep.",KR,KOR,2015,115.5716703,89.8962558
"Korea, Rep.",KR,KOR,2016,119.46123,92.84302568
"Korea, Rep.",KR,KOR,2017,123.581176,95.06942188
"Korea, Rep.",KR,KOR,2018,128.4051056,96.02285958
"Korea, Rep.",KR,KOR,2019,132.9873505,96.15757918
"Korea, Rep.",KR,KOR,2020,136.0094467,96.50505968
"Korea, Rep.",KR,KOR,2021,140.5658819,97.57132662
Kosovo,XK,XKX,1960,NA,NA
Kosovo,XK,XKX,1961,NA,NA
Kosovo,XK,XKX,1962,NA,NA
Kosovo,XK,XKX,1963,NA,NA
Kosovo,XK,XKX,1964,NA,NA
Kosovo,XK,XKX,1965,NA,NA
Kosovo,XK,XKX,1966,NA,NA
Kosovo,XK,XKX,1967,NA,NA
Kosovo,XK,XKX,1968,NA,NA
Kosovo,XK,XKX,1969,NA,NA
Kosovo,XK,XKX,1970,NA,NA
Kosovo,XK,XKX,1971,NA,NA
Kosovo,XK,XKX,1972,NA,NA
Kosovo,XK,XKX,1973,NA,NA
Kosovo,XK,XKX,1974,NA,NA
Kosovo,XK,XKX,1975,NA,NA
Kosovo,XK,XKX,1976,NA,NA
Kosovo,XK,XKX,1977,NA,NA
Kosovo,XK,XKX,1978,NA,NA
Kosovo,XK,XKX,1979,NA,NA
Kosovo,XK,XKX,1980,NA,NA
Kosovo,XK,XKX,1981,NA,NA
Kosovo,XK,XKX,1982,NA,NA
Kosovo,XK,XKX,1983,NA,NA
Kosovo,XK,XKX,1984,NA,NA
Kosovo,XK,XKX,1985,NA,NA
Kosovo,XK,XKX,1986,NA,NA
Kosovo,XK,XKX,1987,NA,NA
Kosovo,XK,XKX,1988,NA,NA
Kosovo,XK,XKX,1989,NA,NA
Kosovo,XK,XKX,1990,NA,NA
Kosovo,XK,XKX,1991,NA,NA
Kosovo,XK,XKX,1992,NA,NA
Kosovo,XK,XKX,1993,NA,NA
Kosovo,XK,XKX,1994,NA,NA
Kosovo,XK,XKX,1995,NA,NA
Kosovo,XK,XKX,1996,NA,NA
Kosovo,XK,XKX,1997,NA,NA
Kosovo,XK,XKX,1998,NA,NA
Kosovo,XK,XKX,1999,NA,NA
Kosovo,XK,XKX,2000,NA,NA
Kosovo,XK,XKX,2001,NA,NA
Kosovo,XK,XKX,2002,NA,NA
Kosovo,XK,XKX,2003,NA,NA
Kosovo,XK,XKX,2004,NA,NA
Kosovo,XK,XKX,2005,32.30209935,NA
Kosovo,XK,XKX,2006,32.30209935,NA
Kosovo,XK,XKX,2007,32.30209935,NA
Kosovo,XK,XKX,2008,32.30209935,NA
Kosovo,XK,XKX,2009,32.30209935,NA
Kosovo,XK,XKX,2010,32.30209935,NA
Kosovo,XK,XKX,2011,NA,NA
Kosovo,XK,XKX,2012,NA,NA
Kosovo,XK,XKX,2013,NA,NA
Kosovo,XK,XKX,2014,NA,NA
Kosovo,XK,XKX,2015,NA,NA
Kosovo,XK,XKX,2016,NA,NA
Kosovo,XK,XKX,2017,NA,83.89359681
Kosovo,XK,XKX,2018,NA,89.44303197
Kosovo,XK,XKX,2019,NA,NA
Kosovo,XK,XKX,2020,NA,NA
Kosovo,XK,XKX,2021,NA,NA
Kuwait,KW,KWT,1960,0,NA
Kuwait,KW,KWT,1961,NA,NA
Kuwait,KW,KWT,1962,NA,NA
Kuwait,KW,KWT,1963,NA,NA
Kuwait,KW,KWT,1964,NA,NA
Kuwait,KW,KWT,1965,0,NA
Kuwait,KW,KWT,1966,NA,NA
Kuwait,KW,KWT,1967,NA,NA
Kuwait,KW,KWT,1968,NA,NA
Kuwait,KW,KWT,1969,NA,NA
Kuwait,KW,KWT,1970,0,NA
Kuwait,KW,KWT,1971,NA,NA
Kuwait,KW,KWT,1972,NA,NA
Kuwait,KW,KWT,1973,NA,NA
Kuwait,KW,KWT,1974,NA,NA
Kuwait,KW,KWT,1975,0,NA
Kuwait,KW,KWT,1976,0,NA
Kuwait,KW,KWT,1977,0,NA
Kuwait,KW,KWT,1978,0,NA
Kuwait,KW,KWT,1979,0,NA
Kuwait,KW,KWT,1980,0,NA
Kuwait,KW,KWT,1981,0,NA
Kuwait,KW,KWT,1982,0,NA
Kuwait,KW,KWT,1983,0,NA
Kuwait,KW,KWT,1984,0,NA
Kuwait,KW,KWT,1985,0,NA
Kuwait,KW,KWT,1986,0.416646978,NA
Kuwait,KW,KWT,1987,0.698079598,NA
Kuwait,KW,KWT,1988,0.821923084,NA
Kuwait,KW,KWT,1989,1.018093559,NA
Kuwait,KW,KWT,1990,1.237956271,0
Kuwait,KW,KWT,1991,3.210153042,0
Kuwait,KW,KWT,1992,3.146918519,0
Kuwait,KW,KWT,1993,3.889045109,0.091082245
Kuwait,KW,KWT,1994,5.1913161,0.147162703
Kuwait,KW,KWT,1995,7.105330886,0.202898433
Kuwait,KW,KWT,1996,8.868749112,0.855662317
Kuwait,KW,KWT,1997,11.92187425,2.174535859
Kuwait,KW,KWT,1998,13.73970621,3.052397455
Kuwait,KW,KWT,1999,15.97931637,4.756222209
Kuwait,KW,KWT,2000,24.60074185,6.731395768
Kuwait,KW,KWT,2001,44.07950297,8.551792434
Kuwait,KW,KWT,2002,59.93072067,10.24896793
Kuwait,KW,KWT,2003,67.57058985,22.40293838
Kuwait,KW,KWT,2004,82.4046195,22.92711204
Kuwait,KW,KWT,2005,61.82706206,25.92610837
Kuwait,KW,KWT,2006,49.90981248,28.79119795
Kuwait,KW,KWT,2007,56.90173287,34.8
Kuwait,KW,KWT,2008,56.58059624,42
Kuwait,KW,KWT,2009,93.66360823,50.8
Kuwait,KW,KWT,2010,135.1907482,61.4
Kuwait,KW,KWT,2011,156.9476673,65.76907069
Kuwait,KW,KWT,2012,150.2358261,70.45
Kuwait,KW,KWT,2013,175.7841316,75.46
Kuwait,KW,KWT,2014,202.0425438,78.7
Kuwait,KW,KWT,2015,196.0922731,82
Kuwait,KW,KWT,2016,189.2095892,85.6
Kuwait,KW,KWT,2017,173.0666459,97.99998933
Kuwait,KW,KWT,2018,164.4554959,99.59884959
Kuwait,KW,KWT,2019,164.9822792,99.54267645
Kuwait,KW,KWT,2020,155.2673535,99.10587967
Kuwait,KW,KWT,2021,162.7763396,99.70000672
Kyrgyz Republic,KG,KGZ,1960,0,NA
Kyrgyz Republic,KG,KGZ,1961,NA,NA
Kyrgyz Republic,KG,KGZ,1962,NA,NA
Kyrgyz Republic,KG,KGZ,1963,NA,NA
Kyrgyz Republic,KG,KGZ,1964,NA,NA
Kyrgyz Republic,KG,KGZ,1965,0,NA
Kyrgyz Republic,KG,KGZ,1966,NA,NA
Kyrgyz Republic,KG,KGZ,1967,NA,NA
Kyrgyz Republic,KG,KGZ,1968,NA,NA
Kyrgyz Republic,KG,KGZ,1969,NA,NA
Kyrgyz Republic,KG,KGZ,1970,0,NA
Kyrgyz Republic,KG,KGZ,1971,NA,NA
Kyrgyz Republic,KG,KGZ,1972,NA,NA
Kyrgyz Republic,KG,KGZ,1973,NA,NA
Kyrgyz Republic,KG,KGZ,1974,NA,NA
Kyrgyz Republic,KG,KGZ,1975,0,NA
Kyrgyz Republic,KG,KGZ,1976,0,NA
Kyrgyz Republic,KG,KGZ,1977,0,NA
Kyrgyz Republic,KG,KGZ,1978,0,NA
Kyrgyz Republic,KG,KGZ,1979,0,NA
Kyrgyz Republic,KG,KGZ,1980,0,NA
Kyrgyz Republic,KG,KGZ,1981,0,NA
Kyrgyz Republic,KG,KGZ,1982,0,NA
Kyrgyz Republic,KG,KGZ,1983,0,NA
Kyrgyz Republic,KG,KGZ,1984,0,NA
Kyrgyz Republic,KG,KGZ,1985,0,NA
Kyrgyz Republic,KG,KGZ,1986,0,NA
Kyrgyz Republic,KG,KGZ,1987,0,NA
Kyrgyz Republic,KG,KGZ,1988,0,NA
Kyrgyz Republic,KG,KGZ,1989,0,NA
Kyrgyz Republic,KG,KGZ,1990,0,0
Kyrgyz Republic,KG,KGZ,1991,0,0
Kyrgyz Republic,KG,KGZ,1992,0,0
Kyrgyz Republic,KG,KGZ,1993,0,0
Kyrgyz Republic,KG,KGZ,1994,0,0
Kyrgyz Republic,KG,KGZ,1995,0,0
Kyrgyz Republic,KG,KGZ,1996,0,NA
Kyrgyz Republic,KG,KGZ,1997,0,NA
Kyrgyz Republic,KG,KGZ,1998,0.028064124,0.072808334
Kyrgyz Republic,KG,KGZ,1999,0.052757675,0.20471135
Kyrgyz Republic,KG,KGZ,2000,0.182364095,1.041401145
Kyrgyz Republic,KG,KGZ,2001,0.542011513,3.002941327
Kyrgyz Republic,KG,KGZ,2002,1.056052928,2.99926518
Kyrgyz Republic,KG,KGZ,2003,2.722951647,3.908766268
Kyrgyz Republic,KG,KGZ,2004,5.126979739,5.090385307
Kyrgyz Republic,KG,KGZ,2005,10.4301966,10.53380134
Kyrgyz Republic,KG,KGZ,2006,24.04819332,12.306907
Kyrgyz Republic,KG,KGZ,2007,40.95231026,14.03
Kyrgyz Republic,KG,KGZ,2008,63.49396632,15.7
Kyrgyz Republic,KG,KGZ,2009,82.87869511,16
Kyrgyz Republic,KG,KGZ,2010,96.20157578,16.3
Kyrgyz Republic,KG,KGZ,2011,113.0534607,17.5
Kyrgyz Republic,KG,KGZ,2012,120.7015687,19.8
Kyrgyz Republic,KG,KGZ,2013,117.7972956,23
Kyrgyz Republic,KG,KGZ,2014,130.0808662,28.3
Kyrgyz Republic,KG,KGZ,2015,128.1397232,30.24704278
Kyrgyz Republic,KG,KGZ,2016,126.5063102,34.5
Kyrgyz Republic,KG,KGZ,2017,138.3369764,38.19903776
Kyrgyz Republic,KG,KGZ,2018,140.3591937,62.8
Kyrgyz Republic,KG,KGZ,2019,136.3543926,64.1
Kyrgyz Republic,KG,KGZ,2020,132.4695239,72
Kyrgyz Republic,KG,KGZ,2021,NA,NA
Lao PDR,LA,LAO,1960,0,NA
Lao PDR,LA,LAO,1961,NA,NA
Lao PDR,LA,LAO,1962,NA,NA
Lao PDR,LA,LAO,1963,NA,NA
Lao PDR,LA,LAO,1964,NA,NA
Lao PDR,LA,LAO,1965,0,NA
Lao PDR,LA,LAO,1966,NA,NA
Lao PDR,LA,LAO,1967,NA,NA
Lao PDR,LA,LAO,1968,NA,NA
Lao PDR,LA,LAO,1969,NA,NA
Lao PDR,LA,LAO,1970,0,NA
Lao PDR,LA,LAO,1971,NA,NA
Lao PDR,LA,LAO,1972,NA,NA
Lao PDR,LA,LAO,1973,NA,NA
Lao PDR,LA,LAO,1974,NA,NA
Lao PDR,LA,LAO,1975,0,NA
Lao PDR,LA,LAO,1976,0,NA
Lao PDR,LA,LAO,1977,0,NA
Lao PDR,LA,LAO,1978,0,NA
Lao PDR,LA,LAO,1979,0,NA
Lao PDR,LA,LAO,1980,0,NA
Lao PDR,LA,LAO,1981,0,NA
Lao PDR,LA,LAO,1982,0,NA
Lao PDR,LA,LAO,1983,0,NA
Lao PDR,LA,LAO,1984,0,NA
Lao PDR,LA,LAO,1985,0,NA
Lao PDR,LA,LAO,1986,0,NA
Lao PDR,LA,LAO,1987,0,NA
Lao PDR,LA,LAO,1988,0,NA
Lao PDR,LA,LAO,1989,0,NA
Lao PDR,LA,LAO,1990,0,0
Lao PDR,LA,LAO,1991,0,0
Lao PDR,LA,LAO,1992,0.006358107,0
Lao PDR,LA,LAO,1993,0.007256745,0
Lao PDR,LA,LAO,1994,0.012999303,0
Lao PDR,LA,LAO,1995,0.031233308,0
Lao PDR,LA,LAO,1996,0.07514006,NA
Lao PDR,LA,LAO,1997,0.095426924,NA
Lao PDR,LA,LAO,1998,0.122986391,0.009657814
Lao PDR,LA,LAO,1999,0.226177403,0.037780708
Lao PDR,LA,LAO,2000,0.233499231,0.111044032
Lao PDR,LA,LAO,2001,0.535263919,0.181664461
Lao PDR,LA,LAO,2002,0.983928046,0.267899241
Lao PDR,LA,LAO,2003,1.97352289,0.333912466
Lao PDR,LA,LAO,2004,3.539963389,0.36143449
Lao PDR,LA,LAO,2005,11.23409141,0.85035749
Lao PDR,LA,LAO,2006,16.97720022,1.169893428
Lao PDR,LA,LAO,2007,24.47150868,1.64
Lao PDR,LA,LAO,2008,32.95597261,3.55
Lao PDR,LA,LAO,2009,51.92100072,6
Lao PDR,LA,LAO,2010,63.31061777,7
Lao PDR,LA,LAO,2011,85.42039479,9
Lao PDR,LA,LAO,2012,66.06436451,10.74767619
Lao PDR,LA,LAO,2013,69.88020438,12.5
Lao PDR,LA,LAO,2014,69.02215871,14.26
Lao PDR,LA,LAO,2015,54.91280264,18.2
Lao PDR,LA,LAO,2016,57.44162039,21.87
Lao PDR,LA,LAO,2017,53.04168369,25.51043508
Lao PDR,LA,LAO,2018,51.54585373,29.1
Lao PDR,LA,LAO,2019,64.29411986,30.84
Lao PDR,LA,LAO,2020,63.34796067,54
Lao PDR,LA,LAO,2021,64.95535792,62
Late-demographic dividend,V3,LTE,1960,0,NA
Late-demographic dividend,V3,LTE,1961,NA,NA
Late-demographic dividend,V3,LTE,1962,NA,NA
Late-demographic dividend,V3,LTE,1963,NA,NA
Late-demographic dividend,V3,LTE,1964,NA,NA
Late-demographic dividend,V3,LTE,1965,0,NA
Late-demographic dividend,V3,LTE,1966,NA,NA
Late-demographic dividend,V3,LTE,1967,NA,NA
Late-demographic dividend,V3,LTE,1968,NA,NA
Late-demographic dividend,V3,LTE,1969,NA,NA
Late-demographic dividend,V3,LTE,1970,0,NA
Late-demographic dividend,V3,LTE,1971,NA,NA
Late-demographic dividend,V3,LTE,1972,NA,NA
Late-demographic dividend,V3,LTE,1973,NA,NA
Late-demographic dividend,V3,LTE,1974,NA,NA
Late-demographic dividend,V3,LTE,1975,0,NA
Late-demographic dividend,V3,LTE,1976,0,NA
Late-demographic dividend,V3,LTE,1977,0,NA
Late-demographic dividend,V3,LTE,1978,0,NA
Late-demographic dividend,V3,LTE,1979,0,NA
Late-demographic dividend,V3,LTE,1980,0,NA
Late-demographic dividend,V3,LTE,1981,0,NA
Late-demographic dividend,V3,LTE,1982,1.42137694593546e-4,NA
Late-demographic dividend,V3,LTE,1983,2.14021055766839e-4,NA
Late-demographic dividend,V3,LTE,1984,2.91980161061721e-4,NA
Late-demographic dividend,V3,LTE,1985,4.88458229266732e-4,NA
Late-demographic dividend,V3,LTE,1986,0.00207181270510617,NA
Late-demographic dividend,V3,LTE,1987,0.00371141769888569,NA
Late-demographic dividend,V3,LTE,1988,0.00572931535244892,NA
Late-demographic dividend,V3,LTE,1989,0.00979270115876504,NA
Late-demographic dividend,V3,LTE,1990,0.0167130316201986,0
Late-demographic dividend,V3,LTE,1991,0.0285303810139472,5.49433862838157e-4
Late-demographic dividend,V3,LTE,1992,0.0529418199195055,0.0030356708427194
Late-demographic dividend,V3,LTE,1993,0.109229938746224,0.00875776522211895
Late-demographic dividend,V3,LTE,1994,0.225318093674009,0.0257962523133968
Late-demographic dividend,V3,LTE,1995,0.464740452483221,0.0566977457981863
Late-demographic dividend,V3,LTE,1996,0.806181030640707,0.141945645922855
Late-demographic dividend,V3,LTE,1997,1.42690636136611,0.27240310466115
Late-demographic dividend,V3,LTE,1998,2.32949374868865,0.634710524068945
Late-demographic dividend,V3,LTE,1999,4.11274892358881,1.27260587036424
Late-demographic dividend,V3,LTE,2000,7.39086634625613,2.477377755585
Late-demographic dividend,V3,LTE,2001,11.8494383497384,3.56735593324093
Late-demographic dividend,V3,LTE,2002,16.7972734323324,5.93000074041484
Late-demographic dividend,V3,LTE,2003,22.3483377423998,8.04910652797269
Late-demographic dividend,V3,LTE,2004,29.9209292609991,10.4041324855878
Late-demographic dividend,V3,LTE,2005,38.1112955188625,12.3105104229555
Late-demographic dividend,V3,LTE,2006,45.9252875612226,15.1656562705677
Late-demographic dividend,V3,LTE,2007,55.4748933121573,20.0017274584459
Late-demographic dividend,V3,LTE,2008,65.6164325396086,25.747295906447
Late-demographic dividend,V3,LTE,2009,74.770932422817907,31.7189972551065
Late-demographic dividend,V3,LTE,2010,83.3696823012748,36.6689773437244
Late-demographic dividend,V3,LTE,2011,91.0566056827835,40.8789197512144
Late-demographic dividend,V3,LTE,2012,98.6995505578557,45.0990972185069
Late-demographic dividend,V3,LTE,2013,105.492296388357,48.0633790513839
Late-demographic dividend,V3,LTE,2014,109.212583160761,50.7864869326152
Late-demographic dividend,V3,LTE,2015,107.639948940905,53.3793618505698
Late-demographic dividend,V3,LTE,2016,110.460057411029,56.7339503015237
Late-demographic dividend,V3,LTE,2017,113.603401335573,59.0741246149348
Late-demographic dividend,V3,LTE,2018,122.711163672734,63.8178785972103
Late-demographic dividend,V3,LTE,2019,125.458214884287,68.1739318768303
Late-demographic dividend,V3,LTE,2020,123.574448652521,73.6546050817521
Late-demographic dividend,V3,LTE,2021,127.099312463371,76.305510455442
Latin America & Caribbean,ZJ,LCN,1960,0,NA
Latin America & Caribbean,ZJ,LCN,1961,NA,NA
Latin America & Caribbean,ZJ,LCN,1962,NA,NA
Latin America & Caribbean,ZJ,LCN,1963,NA,NA
Latin America & Caribbean,ZJ,LCN,1964,NA,NA
Latin America & Caribbean,ZJ,LCN,1965,0,NA
Latin America & Caribbean,ZJ,LCN,1966,NA,NA
Latin America & Caribbean,ZJ,LCN,1967,NA,NA
Latin America & Caribbean,ZJ,LCN,1968,NA,NA
Latin America & Caribbean,ZJ,LCN,1969,NA,NA
Latin America & Caribbean,ZJ,LCN,1970,0,NA
Latin America & Caribbean,ZJ,LCN,1971,NA,NA
Latin America & Caribbean,ZJ,LCN,1972,NA,NA
Latin America & Caribbean,ZJ,LCN,1973,NA,NA
Latin America & Caribbean,ZJ,LCN,1974,NA,NA
Latin America & Caribbean,ZJ,LCN,1975,0,NA
Latin America & Caribbean,ZJ,LCN,1976,0,NA
Latin America & Caribbean,ZJ,LCN,1977,0,NA
Latin America & Caribbean,ZJ,LCN,1978,0,NA
Latin America & Caribbean,ZJ,LCN,1979,0,NA
Latin America & Caribbean,ZJ,LCN,1980,0,NA
Latin America & Caribbean,ZJ,LCN,1981,0,NA
Latin America & Caribbean,ZJ,LCN,1982,0,NA
Latin America & Caribbean,ZJ,LCN,1983,0,NA
Latin America & Caribbean,ZJ,LCN,1984,0,NA
Latin America & Caribbean,ZJ,LCN,1985,0,NA
Latin America & Caribbean,ZJ,LCN,1986,0,NA
Latin America & Caribbean,ZJ,LCN,1987,9.54436206701517e-4,NA
Latin America & Caribbean,ZJ,LCN,1988,0.00286876299041927,NA
Latin America & Caribbean,ZJ,LCN,1989,0.00726759158857401,NA
Latin America & Caribbean,ZJ,LCN,1990,0.0284268789862236,0
Latin America & Caribbean,ZJ,LCN,1991,0.0662605272303517,0.00221121646987196
Latin America & Caribbean,ZJ,LCN,1992,0.141538066911201,0.00961699863718613
Latin America & Caribbean,ZJ,LCN,1993,0.243919059790263,0.0211218291131688
Latin America & Caribbean,ZJ,LCN,1994,0.47624693092431297,0.0433053323836782
Latin America & Caribbean,ZJ,LCN,1995,0.814980566970223,0.105574955046248
Latin America & Caribbean,ZJ,LCN,1996,1.35658184198452,0.310107972255471
Latin America & Caribbean,ZJ,LCN,1997,2.56076799911413,0.609109287931542
Latin America & Caribbean,ZJ,LCN,1998,4.20004444350747,1.22927428974655
Latin America & Caribbean,ZJ,LCN,1999,7.81102751940706,2.04883890093369
Latin America & Caribbean,ZJ,LCN,2000,12.2337609230264,3.8756083069587
Latin America & Caribbean,ZJ,LCN,2001,16.0278080762725,5.61778512725218
Latin America & Caribbean,ZJ,LCN,2002,18.9571871492113,8.8465905032673
Latin America & Caribbean,ZJ,LCN,2003,23.2658491501529,11.2630147022872
Latin America & Caribbean,ZJ,LCN,2004,31.7954444641513,14.3986124340661
Latin America & Caribbean,ZJ,LCN,2005,43.2504190012728,16.6146917584606
Latin America & Caribbean,ZJ,LCN,2006,54.4247414285209,20.7562854043012
Latin America & Caribbean,ZJ,LCN,2007,67.1288562830228,23.7329572098945
Latin America & Caribbean,ZJ,LCN,2008,79.9377842650537,26.5418650022178
Latin America & Caribbean,ZJ,LCN,2009,88.246738255931,31.0708024816535
Latin America & Caribbean,ZJ,LCN,2010,97.2901114505863,34.7354093492444
Latin America & Caribbean,ZJ,LCN,2011,105.949680024152,39.3707411450824
Latin America & Caribbean,ZJ,LCN,2012,110.522665838666,43.1966729045914
Latin America & Caribbean,ZJ,LCN,2013,116.169353512972,46.2587175537798
Latin America & Caribbean,ZJ,LCN,2014,115.733159375779,48.8064972498348
Latin America & Caribbean,ZJ,LCN,2015,111.65214008461,54.3975827986836
Latin America & Caribbean,ZJ,LCN,2016,110.020807477075,57.5389054375837
Latin America & Caribbean,ZJ,LCN,2017,106.612584681607,62.3522243807621
Latin America & Caribbean,ZJ,LCN,2018,104.973536386752,65.4486408845555
Latin America & Caribbean,ZJ,LCN,2019,102.708864655695,68.6709698708205
Latin America & Caribbean,ZJ,LCN,2020,102.080615981215,73.8849876451279
Latin America & Caribbean,ZJ,LCN,2021,108.164141525835,NA
Latin America & Caribbean (excluding high income),XJ,LAC,1960,0,NA
Latin America & Caribbean (excluding high income),XJ,LAC,1961,NA,NA
Latin America & Caribbean (excluding high income),XJ,LAC,1962,NA,NA
Latin America & Caribbean (excluding high income),XJ,LAC,1963,NA,NA
Latin America & Caribbean (excluding high income),XJ,LAC,1964,NA,NA
Latin America & Caribbean (excluding high income),XJ,LAC,1965,0,NA
Latin America & Caribbean (excluding high income),XJ,LAC,1966,NA,NA
Latin America & Caribbean (excluding high income),XJ,LAC,1967,NA,NA
Latin America & Caribbean (excluding high income),XJ,LAC,1968,NA,NA
Latin America & Caribbean (excluding high income),XJ,LAC,1969,NA,NA
Latin America & Caribbean (excluding high income),XJ,LAC,1970,0,NA
Latin America & Caribbean (excluding high income),XJ,LAC,1971,NA,NA
Latin America & Caribbean (excluding high income),XJ,LAC,1972,NA,NA
Latin America & Caribbean (excluding high income),XJ,LAC,1973,NA,NA
Latin America & Caribbean (excluding high income),XJ,LAC,1974,NA,NA
Latin America & Caribbean (excluding high income),XJ,LAC,1975,0,NA
Latin America & Caribbean (excluding high income),XJ,LAC,1976,0,NA
Latin America & Caribbean (excluding high income),XJ,LAC,1977,0,NA
Latin America & Caribbean (excluding high income),XJ,LAC,1978,0,NA
Latin America & Caribbean (excluding high income),XJ,LAC,1979,0,NA
Latin America & Caribbean (excluding high income),XJ,LAC,1980,0,NA
Latin America & Caribbean (excluding high income),XJ,LAC,1981,0,NA
Latin America & Caribbean (excluding high income),XJ,LAC,1982,0,NA
Latin America & Caribbean (excluding high income),XJ,LAC,1983,0,NA
Latin America & Caribbean (excluding high income),XJ,LAC,1984,0,NA
Latin America & Caribbean (excluding high income),XJ,LAC,1985,0,NA
Latin America & Caribbean (excluding high income),XJ,LAC,1986,0,NA
Latin America & Caribbean (excluding high income),XJ,LAC,1987,0,NA
Latin America & Caribbean (excluding high income),XJ,LAC,1988,3.99339058561884e-4,NA
Latin America & Caribbean (excluding high income),XJ,LAC,1989,0.00282175823176957,NA
Latin America & Caribbean (excluding high income),XJ,LAC,1990,0.0206119035471968,0
Latin America & Caribbean (excluding high income),XJ,LAC,1991,0.051451637754839,0.0024579729591729
Latin America & Caribbean (excluding high income),XJ,LAC,1992,0.106165060625232,0.00886007161268487
Latin America & Caribbean (excluding high income),XJ,LAC,1993,0.181572262295323,0.0189815377703575
Latin America & Caribbean (excluding high income),XJ,LAC,1994,0.382442885604176,0.0396449095476615
Latin America & Caribbean (excluding high income),XJ,LAC,1995,0.687066713758085,0.0933335125362918
Latin America & Caribbean (excluding high income),XJ,LAC,1996,1.20301896022258,0.287251473839512
Latin America & Caribbean (excluding high income),XJ,LAC,1997,2.39347100766435,0.574951912907447
Latin America & Caribbean (excluding high income),XJ,LAC,1998,3.81639060693817,1.13623636798747
Latin America & Caribbean (excluding high income),XJ,LAC,1999,7.04775688895649,1.83074086765526
Latin America & Caribbean (excluding high income),XJ,LAC,2000,11.1868850419586,3.34930126390216
Latin America & Caribbean (excluding high income),XJ,LAC,2001,14.718868814589401,5.05830801040707
Latin America & Caribbean (excluding high income),XJ,LAC,2002,17.7187505528849,8.47560433787202
Latin America & Caribbean (excluding high income),XJ,LAC,2003,22.1660914155724,10.8408363500397
Latin America & Caribbean (excluding high income),XJ,LAC,2004,30.7347468534854,14.1479590307996
Latin America & Caribbean (excluding high income),XJ,LAC,2005,42.1206696085345,16.2520046662993
Latin America & Caribbean (excluding high income),XJ,LAC,2006,52.5050889964349,20.4849270461202
Latin America & Caribbean (excluding high income),XJ,LAC,2007,65.0626303828852,23.3581877452445
Latin America & Caribbean (excluding high income),XJ,LAC,2008,78.1826360496174,25.9616284783907
Latin America & Caribbean (excluding high income),XJ,LAC,2009,86.4848019621072,30.3822372241543
Latin America & Caribbean (excluding high income),XJ,LAC,2010,95.8182297655342,34.0087499092743
Latin America & Caribbean (excluding high income),XJ,LAC,2011,104.873560984399,38.6686325517319
Latin America & Caribbean (excluding high income),XJ,LAC,2012,109.505042552482,42.1915491631162
Latin America & Caribbean (excluding high income),XJ,LAC,2013,115.849606585501,45.128719760904
Latin America & Caribbean (excluding high income),XJ,LAC,2014,115.354257469528,47.7046346253892
Latin America & Caribbean (excluding high income),XJ,LAC,2015,111.507257642849,53.3271300443338
Latin America & Caribbean (excluding high income),XJ,LAC,2016,110.132088889454,56.408578144864
Latin America & Caribbean (excluding high income),XJ,LAC,2017,106.949477222888,61.6259648003803
Latin America & Caribbean (excluding high income),XJ,LAC,2018,105.416355456367,64.7103780595856
Latin America & Caribbean (excluding high income),XJ,LAC,2019,103.140077759394,67.9860191718893
Latin America & Caribbean (excluding high income),XJ,LAC,2020,102.690558987475,73.3992431667832
Latin America & Caribbean (excluding high income),XJ,LAC,2021,109.12980620029,NA
Latin America & the Caribbean (IDA & IBRD countries),T2,TLA,1960,0,NA
Latin America & the Caribbean (IDA & IBRD countries),T2,TLA,1961,NA,NA
Latin America & the Caribbean (IDA & IBRD countries),T2,TLA,1962,NA,NA
Latin America & the Caribbean (IDA & IBRD countries),T2,TLA,1963,NA,NA
Latin America & the Caribbean (IDA & IBRD countries),T2,TLA,1964,NA,NA
Latin America & the Caribbean (IDA & IBRD countries),T2,TLA,1965,0,NA
Latin America & the Caribbean (IDA & IBRD countries),T2,TLA,1966,NA,NA
Latin America & the Caribbean (IDA & IBRD countries),T2,TLA,1967,NA,NA
Latin America & the Caribbean (IDA & IBRD countries),T2,TLA,1968,NA,NA
Latin America & the Caribbean (IDA & IBRD countries),T2,TLA,1969,NA,NA
Latin America & the Caribbean (IDA & IBRD countries),T2,TLA,1970,0,NA
Latin America & the Caribbean (IDA & IBRD countries),T2,TLA,1971,NA,NA
Latin America & the Caribbean (IDA & IBRD countries),T2,TLA,1972,NA,NA
Latin America & the Caribbean (IDA & IBRD countries),T2,TLA,1973,NA,NA
Latin America & the Caribbean (IDA & IBRD countries),T2,TLA,1974,NA,NA
Latin America & the Caribbean (IDA & IBRD countries),T2,TLA,1975,0,NA
Latin America & the Caribbean (IDA & IBRD countries),T2,TLA,1976,0,NA
Latin America & the Caribbean (IDA & IBRD countries),T2,TLA,1977,0,NA
Latin America & the Caribbean (IDA & IBRD countries),T2,TLA,1978,0,NA
Latin America & the Caribbean (IDA & IBRD countries),T2,TLA,1979,0,NA
Latin America & the Caribbean (IDA & IBRD countries),T2,TLA,1980,0,NA
Latin America & the Caribbean (IDA & IBRD countries),T2,TLA,1981,0,NA
Latin America & the Caribbean (IDA & IBRD countries),T2,TLA,1982,0,NA
Latin America & the Caribbean (IDA & IBRD countries),T2,TLA,1983,0,NA
Latin America & the Caribbean (IDA & IBRD countries),T2,TLA,1984,0,NA
Latin America & the Caribbean (IDA & IBRD countries),T2,TLA,1985,0,NA
Latin America & the Caribbean (IDA & IBRD countries),T2,TLA,1986,0,NA
Latin America & the Caribbean (IDA & IBRD countries),T2,TLA,1987,0,NA
Latin America & the Caribbean (IDA & IBRD countries),T2,TLA,1988,8.1745916542301e-4,NA
Latin America & the Caribbean (IDA & IBRD countries),T2,TLA,1989,0.00470843668651553,NA
Latin America & the Caribbean (IDA & IBRD countries),T2,TLA,1990,0.024194953207386,0
Latin America & the Caribbean (IDA & IBRD countries),T2,TLA,1991,0.0601402722785654,0.00228779502523589
Latin America & the Caribbean (IDA & IBRD countries),T2,TLA,1992,0.131743299389305,0.00994651733464411
Latin America & the Caribbean (IDA & IBRD countries),T2,TLA,1993,0.229724941640857,0.0218374125873942
Latin America & the Caribbean (IDA & IBRD countries),T2,TLA,1994,0.452239872402487,0.0443263171377361
Latin America & the Caribbean (IDA & IBRD countries),T2,TLA,1995,0.777038735195402,0.106473583297672
Latin America & the Caribbean (IDA & IBRD countries),T2,TLA,1996,1.32745542966471,0.314527848627125
Latin America & the Caribbean (IDA & IBRD countries),T2,TLA,1997,2.55881793130734,0.61391698904408
Latin America & the Caribbean (IDA & IBRD countries),T2,TLA,1998,4.20343626774558,1.23802915001661
Latin America & the Caribbean (IDA & IBRD countries),T2,TLA,1999,7.87540880218149,2.05911716003206
Latin America & the Caribbean (IDA & IBRD countries),T2,TLA,2000,12.3292509488021,3.8920368142382
Latin America & the Caribbean (IDA & IBRD countries),T2,TLA,2001,16.1588431601515,5.62958404250136
Latin America & the Caribbean (IDA & IBRD countries),T2,TLA,2002,19.146537507008,8.86988667735401
Latin America & the Caribbean (IDA & IBRD countries),T2,TLA,2003,23.5565686508944,11.3046950237852
Latin America & the Caribbean (IDA & IBRD countries),T2,TLA,2004,32.2695382575352,14.4424949701163
Latin America & the Caribbean (IDA & IBRD countries),T2,TLA,2005,44.0005777663636,16.6811807513414
Latin America & the Caribbean (IDA & IBRD countries),T2,TLA,2006,55.4415457127173,20.8961573983554
Latin America & the Caribbean (IDA & IBRD countries),T2,TLA,2007,68.4177112080227,23.9263463849827
Latin America & the Caribbean (IDA & IBRD countries),T2,TLA,2008,81.5261984133128,26.7107845204034
Latin America & the Caribbean (IDA & IBRD countries),T2,TLA,2009,89.9413894304887,31.3098323080283
Latin America & the Caribbean (IDA & IBRD countries),T2,TLA,2010,99.0981256521486,35.0107408710401
Latin America & the Caribbean (IDA & IBRD countries),T2,TLA,2011,107.917989375762,39.7339541927902
Latin America & the Caribbean (IDA & IBRD countries),T2,TLA,2012,112.527634370625,43.42089819306
Latin America & the Caribbean (IDA & IBRD countries),T2,TLA,2013,118.254349884698,46.4333666469123
Latin America & the Caribbean (IDA & IBRD countries),T2,TLA,2014,117.665629127517,49.0204222029519
Latin America & the Caribbean (IDA & IBRD countries),T2,TLA,2015,113.311393502278,54.6316329585876
Latin America & the Caribbean (IDA & IBRD countries),T2,TLA,2016,111.496138960454,57.7109619200016
Latin America & the Caribbean (IDA & IBRD countries),T2,TLA,2017,107.852383510187,62.3817688051903
Latin America & the Caribbean (IDA & IBRD countries),T2,TLA,2018,106.043383119582,65.4594059230769
Latin America & the Caribbean (IDA & IBRD countries),T2,TLA,2019,103.583077081336,68.6230460191507
Latin America & the Caribbean (IDA & IBRD countries),T2,TLA,2020,102.809317075588,73.8739459473518
Latin America & the Caribbean (IDA & IBRD countries),T2,TLA,2021,108.950144249857,NA
Latvia,LV,LVA,1960,0,NA
Latvia,LV,LVA,1961,NA,NA
Latvia,LV,LVA,1962,NA,NA
Latvia,LV,LVA,1963,NA,NA
Latvia,LV,LVA,1964,NA,NA
Latvia,LV,LVA,1965,0,NA
Latvia,LV,LVA,1966,NA,NA
Latvia,LV,LVA,1967,NA,NA
Latvia,LV,LVA,1968,NA,NA
Latvia,LV,LVA,1969,NA,NA
Latvia,LV,LVA,1970,0,NA
Latvia,LV,LVA,1971,NA,NA
Latvia,LV,LVA,1972,NA,NA
Latvia,LV,LVA,1973,NA,NA
Latvia,LV,LVA,1974,NA,NA
Latvia,LV,LVA,1975,0,NA
Latvia,LV,LVA,1976,0,NA
Latvia,LV,LVA,1977,0,NA
Latvia,LV,LVA,1978,0,NA
Latvia,LV,LVA,1979,0,NA
Latvia,LV,LVA,1980,0,NA
Latvia,LV,LVA,1981,0,NA
Latvia,LV,LVA,1982,0,NA
Latvia,LV,LVA,1983,0,NA
Latvia,LV,LVA,1984,0,NA
Latvia,LV,LVA,1985,0,NA
Latvia,LV,LVA,1986,0,NA
Latvia,LV,LVA,1987,0,NA
Latvia,LV,LVA,1988,0,NA
Latvia,LV,LVA,1989,0,NA
Latvia,LV,LVA,1990,0,0
Latvia,LV,LVA,1991,0,0
Latvia,LV,LVA,1992,0.038567208,0
Latvia,LV,LVA,1993,0.144000049,0
Latvia,LV,LVA,1994,0.320895746,0
Latvia,LV,LVA,1995,0.583740022,0
Latvia,LV,LVA,1996,1.124576212,0.812717072
Latvia,LV,LVA,1997,3.085383486,2.053454712
Latvia,LV,LVA,1998,6.80085626,3.315267886
Latvia,LV,LVA,1999,11.3068601,4.387409055
Latvia,LV,LVA,2000,16.77186911,6.319062083
Latvia,LV,LVA,2001,27.84083925,7.219345808
Latvia,LV,LVA,2002,39.42988912,21.94
Latvia,LV,LVA,2003,53.15467354,26.98
Latvia,LV,LVA,2004,67.89267501,38.58
Latvia,LV,LVA,2005,83.80972937,46
Latvia,LV,LVA,2006,99.08267704,53.63
Latvia,LV,LVA,2007,101.8820773,59.17
Latvia,LV,LVA,2008,106.8916096,63.41
Latvia,LV,LVA,2009,108.3402116,66.84
Latvia,LV,LVA,2010,109.7343364,68.42
Latvia,LV,LVA,2011,111.1713483,69.74995456
Latvia,LV,LVA,2012,128.1080484,73.11994377
Latvia,LV,LVA,2013,125.917678,75.2344
Latvia,LV,LVA,2014,118.5456871,75.83
Latvia,LV,LVA,2015,130.0230176,79.20058292
Latvia,LV,LVA,2016,134.2946659,79.84209778
Latvia,LV,LVA,2017,126.0509437,80.114077
Latvia,LV,LVA,2018,106.9512252,83.57717486
Latvia,LV,LVA,2019,108.0924889,86.13545644
Latvia,LV,LVA,2020,108.1340417,88.89796078
Latvia,LV,LVA,2021,115.358508,91.17964988
Least developed countries: UN classification,XL,LDC,1960,0,NA
Least developed countries: UN classification,XL,LDC,1961,NA,NA
Least developed countries: UN classification,XL,LDC,1962,NA,NA
Least developed countries: UN classification,XL,LDC,1963,NA,NA
Least developed countries: UN classification,XL,LDC,1964,NA,NA
Least developed countries: UN classification,XL,LDC,1965,0,NA
Least developed countries: UN classification,XL,LDC,1966,NA,NA
Least developed countries: UN classification,XL,LDC,1967,NA,NA
Least developed countries: UN classification,XL,LDC,1968,NA,NA
Least developed countries: UN classification,XL,LDC,1969,NA,NA
Least developed countries: UN classification,XL,LDC,1970,0,NA
Least developed countries: UN classification,XL,LDC,1971,NA,NA
Least developed countries: UN classification,XL,LDC,1972,NA,NA
Least developed countries: UN classification,XL,LDC,1973,NA,NA
Least developed countries: UN classification,XL,LDC,1974,NA,NA
Least developed countries: UN classification,XL,LDC,1975,0,NA
Least developed countries: UN classification,XL,LDC,1976,0,NA
Least developed countries: UN classification,XL,LDC,1977,0,NA
Least developed countries: UN classification,XL,LDC,1978,0,NA
Least developed countries: UN classification,XL,LDC,1979,0,NA
Least developed countries: UN classification,XL,LDC,1980,0,NA
Least developed countries: UN classification,XL,LDC,1981,0,NA
Least developed countries: UN classification,XL,LDC,1982,0,NA
Least developed countries: UN classification,XL,LDC,1983,0,NA
Least developed countries: UN classification,XL,LDC,1984,0,NA
Least developed countries: UN classification,XL,LDC,1985,0,NA
Least developed countries: UN classification,XL,LDC,1986,0,NA
Least developed countries: UN classification,XL,LDC,1987,0,NA
Least developed countries: UN classification,XL,LDC,1988,0,NA
Least developed countries: UN classification,XL,LDC,1989,0,NA
Least developed countries: UN classification,XL,LDC,1990,0,0
Least developed countries: UN classification,XL,LDC,1991,0,0
Least developed countries: UN classification,XL,LDC,1992,4.61991130709093e-4,0
Least developed countries: UN classification,XL,LDC,1993,0.00262766428206493,0
Least developed countries: UN classification,XL,LDC,1994,0.0051237223353326,1.03277011482071e-4
Least developed countries: UN classification,XL,LDC,1995,0.00906431820439165,3.42888176393685e-4
Least developed countries: UN classification,XL,LDC,1996,0.0159265188117662,NA
Least developed countries: UN classification,XL,LDC,1997,0.029716879118019,0.00865715710571047
Least developed countries: UN classification,XL,LDC,1998,0.065160349023851,0.0214234828910265
Least developed countries: UN classification,XL,LDC,1999,0.119974786230448,0.0583640495528627
Least developed countries: UN classification,XL,LDC,2000,0.267599558808667,0.0999375059934542
Least developed countries: UN classification,XL,LDC,2001,0.536190962387913,0.144726917371825
Least developed countries: UN classification,XL,LDC,2002,1.00497021908345,0.234528820450362
Least developed countries: UN classification,XL,LDC,2003,1.68992721715412,0.353430074637943
Least developed countries: UN classification,XL,LDC,2004,2.83965210344454,0.53677938916184
Least developed countries: UN classification,XL,LDC,2005,5.00448723620969,0.752717786272476
Least developed countries: UN classification,XL,LDC,2006,9.15379833716069,1.06929012315664
Least developed countries: UN classification,XL,LDC,2007,15.1207968749208,1.79065314364837
Least developed countries: UN classification,XL,LDC,2008,21.7112390351775,1.89513640171079
Least developed countries: UN classification,XL,LDC,2009,26.5446593340529,2.39720123341668
Least developed countries: UN classification,XL,LDC,2010,33.1735963619565,3.1086148563559
Least developed countries: UN classification,XL,LDC,2011,41.8130556688438,3.77490187694547
Least developed countries: UN classification,XL,LDC,2012,48.0764057828318,4.66834662404468
Least developed countries: UN classification,XL,LDC,2013,55.1947317558933,5.81303866802882
Least developed countries: UN classification,XL,LDC,2014,62.2952700402037,8.64132687070664
Least developed countries: UN classification,XL,LDC,2015,66.7481342946191,10.8308172169144
Least developed countries: UN classification,XL,LDC,2016,66.7457279047484,14.202323629364
Least developed countries: UN classification,XL,LDC,2017,67.4920220738515,16.6990377308525
Least developed countries: UN classification,XL,LDC,2018,75.3777144415634,19.4554354210923
Least developed countries: UN classification,XL,LDC,2019,73.8264943239285,21.624503167451
Least developed countries: UN classification,XL,LDC,2020,75.8150305402766,23.5117816773632
Least developed countries: UN classification,XL,LDC,2021,NA,NA
Lebanon,LB,LBN,1960,0,NA
Lebanon,LB,LBN,1961,NA,NA
Lebanon,LB,LBN,1962,NA,NA
Lebanon,LB,LBN,1963,NA,NA
Lebanon,LB,LBN,1964,NA,NA
Lebanon,LB,LBN,1965,0,NA
Lebanon,LB,LBN,1966,NA,NA
Lebanon,LB,LBN,1967,NA,NA
Lebanon,LB,LBN,1968,NA,NA
Lebanon,LB,LBN,1969,NA,NA
Lebanon,LB,LBN,1970,0,NA
Lebanon,LB,LBN,1971,NA,NA
Lebanon,LB,LBN,1972,NA,NA
Lebanon,LB,LBN,1973,NA,NA
Lebanon,LB,LBN,1974,NA,NA
Lebanon,LB,LBN,1975,0,NA
Lebanon,LB,LBN,1976,0,NA
Lebanon,LB,LBN,1977,0,NA
Lebanon,LB,LBN,1978,0,NA
Lebanon,LB,LBN,1979,0,NA
Lebanon,LB,LBN,1980,0,NA
Lebanon,LB,LBN,1981,0,NA
Lebanon,LB,LBN,1982,0,NA
Lebanon,LB,LBN,1983,0,NA
Lebanon,LB,LBN,1984,0,NA
Lebanon,LB,LBN,1985,0,NA
Lebanon,LB,LBN,1986,0,NA
Lebanon,LB,LBN,1987,0,NA
Lebanon,LB,LBN,1988,0,NA
Lebanon,LB,LBN,1989,0,NA
Lebanon,LB,LBN,1990,0,0
Lebanon,LB,LBN,1991,0,0
Lebanon,LB,LBN,1992,0,0
Lebanon,LB,LBN,1993,0,0
Lebanon,LB,LBN,1994,0,0
Lebanon,LB,LBN,1995,3.030578537,0.071617991
Lebanon,LB,LBN,1996,4.907983976,0.140166939
Lebanon,LB,LBN,1997,9.102749814,1.241079739
Lebanon,LB,LBN,1998,12.09203443,2.722352199
Lebanon,LB,LBN,1999,14.75287175,5.376809498
Lebanon,LB,LBN,2000,17.19651848,7.952743736
Lebanon,LB,LBN,2001,17.46910599,6.783219775
Lebanon,LB,LBN,2002,17.43112705,7
Lebanon,LB,LBN,2003,17.65802227,8
Lebanon,LB,LBN,2004,19.33298476,9
Lebanon,LB,LBN,2005,21.39882801,10.14
Lebanon,LB,LBN,2006,23.44201019,15
Lebanon,LB,LBN,2007,26.19756121,18.74
Lebanon,LB,LBN,2008,29.19625592,22.53
Lebanon,LB,LBN,2009,48.27817223,30.14
Lebanon,LB,LBN,2010,57.32143,43.68
Lebanon,LB,LBN,2011,68.51559229,52
Lebanon,LB,LBN,2012,72.51689104,61.24978572
Lebanon,LB,LBN,2013,68.40743516,70.5
Lebanon,LB,LBN,2014,69.92406534,73
Lebanon,LB,LBN,2015,72.78785236,74
Lebanon,LB,LBN,2016,68.33843563,76.11
Lebanon,LB,LBN,2017,72.00693309,78.18077489
Lebanon,LB,LBN,2018,74.34556707,80.9
Lebanon,LB,LBN,2019,73.29697162,80.9
Lebanon,LB,LBN,2020,75.72450204,84.1
Lebanon,LB,LBN,2021,NA,NA
Lesotho,LS,LSO,1960,0,NA
Lesotho,LS,LSO,1961,NA,NA
Lesotho,LS,LSO,1962,NA,NA
Lesotho,LS,LSO,1963,NA,NA
Lesotho,LS,LSO,1964,NA,NA
Lesotho,LS,LSO,1965,0,NA
Lesotho,LS,LSO,1966,NA,NA
Lesotho,LS,LSO,1967,NA,NA
Lesotho,LS,LSO,1968,NA,NA
Lesotho,LS,LSO,1969,NA,NA
Lesotho,LS,LSO,1970,0,NA
Lesotho,LS,LSO,1971,NA,NA
Lesotho,LS,LSO,1972,NA,NA
Lesotho,LS,LSO,1973,NA,NA
Lesotho,LS,LSO,1974,NA,NA
Lesotho,LS,LSO,1975,0,NA
Lesotho,LS,LSO,1976,0,NA
Lesotho,LS,LSO,1977,0,NA
Lesotho,LS,LSO,1978,0,NA
Lesotho,LS,LSO,1979,0,NA
Lesotho,LS,LSO,1980,0,NA
Lesotho,LS,LSO,1981,0,NA
Lesotho,LS,LSO,1982,0,NA
Lesotho,LS,LSO,1983,0,NA
Lesotho,LS,LSO,1984,0,NA
Lesotho,LS,LSO,1985,0,NA
Lesotho,LS,LSO,1986,0,NA
Lesotho,LS,LSO,1987,0,NA
Lesotho,LS,LSO,1988,0,NA
Lesotho,LS,LSO,1989,0,NA
Lesotho,LS,LSO,1990,0,0
Lesotho,LS,LSO,1991,0,0
Lesotho,LS,LSO,1992,0,0
Lesotho,LS,LSO,1993,0,0
Lesotho,LS,LSO,1994,0,0
Lesotho,LS,LSO,1995,0,0
Lesotho,LS,LSO,1996,0.064549194,0.00284594
Lesotho,LS,LSO,1997,0.177432691,0.005584433
Lesotho,LS,LSO,1998,0.495105102,0.010956533
Lesotho,LS,LSO,1999,0.601732086,0.05380446
Lesotho,LS,LSO,2000,1.080740307,0.21180607
Lesotho,LS,LSO,2001,2.850751173,0.261150063
Lesotho,LS,LSO,2002,6.906165302,1.083943137
Lesotho,LS,LSO,2003,6.31952354,1.53249659
Lesotho,LS,LSO,2004,9.882874044,2.175524339
Lesotho,LS,LSO,2005,12.63188876,2.580245484
Lesotho,LS,LSO,2006,18.10585902,2.979708187
Lesotho,LS,LSO,2007,24.32384741,3.44543126
Lesotho,LS,LSO,2008,29.73492918,3.58
Lesotho,LS,LSO,2009,32.89917374,3.72
Lesotho,LS,LSO,2010,48.81717783,3.86
Lesotho,LS,LSO,2011,60.47837807,7
Lesotho,LS,LSO,2012,75.18379651,10
Lesotho,LS,LSO,2013,86.32341646,15
Lesotho,LS,LSO,2014,102.0783757,22
Lesotho,LS,LSO,2015,101.020571,25
Lesotho,LS,LSO,2016,106.485695,32.45385695
Lesotho,LS,LSO,2017,109.6832836,39
Lesotho,LS,LSO,2018,71.9803805,40.8
Lesotho,LS,LSO,2019,75.55517315,42.30173357
Lesotho,LS,LSO,2020,69.32469722,43
Lesotho,LS,LSO,2021,79.83391293,NA
Liberia,LR,LBR,1960,0,NA
Liberia,LR,LBR,1961,NA,NA
Liberia,LR,LBR,1962,NA,NA
Liberia,LR,LBR,1963,NA,NA
Liberia,LR,LBR,1964,NA,NA
Liberia,LR,LBR,1965,0,NA
Liberia,LR,LBR,1966,NA,NA
Liberia,LR,LBR,1967,NA,NA
Liberia,LR,LBR,1968,NA,NA
Liberia,LR,LBR,1969,NA,NA
Liberia,LR,LBR,1970,0,NA
Liberia,LR,LBR,1971,NA,NA
Liberia,LR,LBR,1972,NA,NA
Liberia,LR,LBR,1973,NA,NA
Liberia,LR,LBR,1974,NA,NA
Liberia,LR,LBR,1975,0,NA
Liberia,LR,LBR,1976,0,NA
Liberia,LR,LBR,1977,0,NA
Liberia,LR,LBR,1978,0,NA
Liberia,LR,LBR,1979,0,NA
Liberia,LR,LBR,1980,0,NA
Liberia,LR,LBR,1981,0,NA
Liberia,LR,LBR,1982,0,NA
Liberia,LR,LBR,1983,0,NA
Liberia,LR,LBR,1984,0,NA
Liberia,LR,LBR,1985,0,NA
Liberia,LR,LBR,1986,0,NA
Liberia,LR,LBR,1987,0,NA
Liberia,LR,LBR,1988,0,NA
Liberia,LR,LBR,1989,0,NA
Liberia,LR,LBR,1990,0,0
Liberia,LR,LBR,1991,0,0
Liberia,LR,LBR,1992,0,0
Liberia,LR,LBR,1993,0,0
Liberia,LR,LBR,1994,0,0
Liberia,LR,LBR,1995,0,0
Liberia,LR,LBR,1996,0,NA
Liberia,LR,LBR,1997,0,0.004489443
Liberia,LR,LBR,1998,0,0.004099387
Liberia,LR,LBR,1999,0,0.011328732
Liberia,LR,LBR,2000,0.051809463,0.017702706
Liberia,LR,LBR,2001,0.067076999,0.033812227
Liberia,LR,LBR,2002,0.163366714,0.032713307
Liberia,LR,LBR,2003,1.531518654,0.031868935
Liberia,LR,LBR,2004,3.022310074,0.031011185
Liberia,LR,LBR,2005,4.898482022,NA
Liberia,LR,LBR,2006,8.103265703,NA
Liberia,LR,LBR,2007,15.4979437,0.551376581
Liberia,LR,LBR,2008,22.5859546,0.53
Liberia,LR,LBR,2009,27.78600925,2
Liberia,LR,LBR,2010,39.08769151,2.3
Liberia,LR,LBR,2011,48.3273023,2.5
Liberia,LR,LBR,2012,54.9409706,2.6
Liberia,LR,LBR,2013,57.61452999,3.2
Liberia,LR,LBR,2014,71.36477026,5.41
Liberia,LR,LBR,2015,79.17908718,10
Liberia,LR,LBR,2016,66.23325736,15.7
Liberia,LR,LBR,2017,55.45558956,16.3
Liberia,LR,LBR,2018,NA,18.9
Liberia,LR,LBR,2019,38.85431717,22
Liberia,LR,LBR,2020,32.49086403,25.6
Liberia,LR,LBR,2021,NA,NA
Libya,LY,LBY,1960,0,NA
Libya,LY,LBY,1961,NA,NA
Libya,LY,LBY,1962,NA,NA
Libya,LY,LBY,1963,NA,NA
Libya,LY,LBY,1964,NA,NA
Libya,LY,LBY,1965,0,NA
Libya,LY,LBY,1966,NA,NA
Libya,LY,LBY,1967,NA,NA
Libya,LY,LBY,1968,NA,NA
Libya,LY,LBY,1969,NA,NA
Libya,LY,LBY,1970,0,NA
Libya,LY,LBY,1971,NA,NA
Libya,LY,LBY,1972,NA,NA
Libya,LY,LBY,1973,NA,NA
Libya,LY,LBY,1974,NA,NA
Libya,LY,LBY,1975,0,NA
Libya,LY,LBY,1976,0,NA
Libya,LY,LBY,1977,0,NA
Libya,LY,LBY,1978,0,NA
Libya,LY,LBY,1979,0,NA
Libya,LY,LBY,1980,0,NA
Libya,LY,LBY,1981,0,NA
Libya,LY,LBY,1982,0,NA
Libya,LY,LBY,1983,0,NA
Libya,LY,LBY,1984,0,NA
Libya,LY,LBY,1985,0,NA
Libya,LY,LBY,1986,0,NA
Libya,LY,LBY,1987,0,NA
Libya,LY,LBY,1988,0,NA
Libya,LY,LBY,1989,0,NA
Libya,LY,LBY,1990,0,0
Libya,LY,LBY,1991,0,0
Libya,LY,LBY,1992,0,0
Libya,LY,LBY,1993,0,0
Libya,LY,LBY,1994,0,0
Libya,LY,LBY,1995,0,0
Libya,LY,LBY,1996,0,NA
Libya,LY,LBY,1997,0.20398397,NA
Libya,LY,LBY,1998,0.401528861,NA
Libya,LY,LBY,1999,0.593120045,0.133617289
Libya,LY,LBY,2000,0.775977295,0.187042622
Libya,LY,LBY,2001,0.947702731,0.366533175
Libya,LY,LBY,2002,1.295019024,2.244418222
Libya,LY,LBY,2003,2.291326463,2.814517987
Libya,LY,LBY,2004,8.791112958,3.532838162
Libya,LY,LBY,2005,34.25838979,3.917787977
Libya,LY,LBY,2006,65.75119238,4.301051789
Libya,LY,LBY,2007,73.80463552,4.721999379
Libya,LY,LBY,2008,118.4758613,9
Libya,LY,LBY,2009,149.9025894,10.8
Libya,LY,LBY,2010,167.8992629,14
Libya,LY,LBY,2011,161.5996556,14
Libya,LY,LBY,2012,163.3255932,15.2
Libya,LY,LBY,2013,171.0095584,16.5
Libya,LY,LBY,2014,139.3474723,17.76
Libya,LY,LBY,2015,157.4081087,NA
Libya,LY,LBY,2016,121.9329674,NA
Libya,LY,LBY,2017,94.38309282,NA
Libya,LY,LBY,2018,NA,NA
Libya,LY,LBY,2019,56.59841975,NA
Libya,LY,LBY,2020,43.9138183,NA
Libya,LY,LBY,2021,NA,NA
Liechtenstein,LI,LIE,1960,NA,NA
Liechtenstein,LI,LIE,1961,NA,NA
Liechtenstein,LI,LIE,1962,NA,NA
Liechtenstein,LI,LIE,1963,NA,NA
Liechtenstein,LI,LIE,1964,NA,NA
Liechtenstein,LI,LIE,1965,NA,NA
Liechtenstein,LI,LIE,1966,NA,NA
Liechtenstein,LI,LIE,1967,NA,NA
Liechtenstein,LI,LIE,1968,NA,NA
Liechtenstein,LI,LIE,1969,NA,NA
Liechtenstein,LI,LIE,1970,NA,NA
Liechtenstein,LI,LIE,1971,NA,NA
Liechtenstein,LI,LIE,1972,NA,NA
Liechtenstein,LI,LIE,1973,NA,NA
Liechtenstein,LI,LIE,1974,NA,NA
Liechtenstein,LI,LIE,1975,NA,NA
Liechtenstein,LI,LIE,1976,NA,NA
Liechtenstein,LI,LIE,1977,NA,NA
Liechtenstein,LI,LIE,1978,NA,NA
Liechtenstein,LI,LIE,1979,NA,NA
Liechtenstein,LI,LIE,1980,NA,NA
Liechtenstein,LI,LIE,1981,NA,NA
Liechtenstein,LI,LIE,1982,NA,NA
Liechtenstein,LI,LIE,1983,NA,NA
Liechtenstein,LI,LIE,1984,NA,NA
Liechtenstein,LI,LIE,1985,NA,NA
Liechtenstein,LI,LIE,1986,NA,NA
Liechtenstein,LI,LIE,1987,NA,NA
Liechtenstein,LI,LIE,1988,NA,NA
Liechtenstein,LI,LIE,1989,NA,NA
Liechtenstein,LI,LIE,1990,0,0
Liechtenstein,LI,LIE,1991,NA,0
Liechtenstein,LI,LIE,1992,NA,0
Liechtenstein,LI,LIE,1993,NA,0
Liechtenstein,LI,LIE,1994,NA,0
Liechtenstein,LI,LIE,1995,NA,0
Liechtenstein,LI,LIE,1996,NA,NA
Liechtenstein,LI,LIE,1997,NA,NA
Liechtenstein,LI,LIE,1998,23.29916123,NA
Liechtenstein,LI,LIE,1999,27.59466503,NA
Liechtenstein,LI,LIE,2000,30.27917398,36.51522989
Liechtenstein,LI,LIE,2001,32.957814,45.11685265
Liechtenstein,LI,LIE,2002,33.84085715,59.47071067
Liechtenstein,LI,LIE,2003,73.52941176,58.80969184
Liechtenstein,LI,LIE,2004,74.34402332,64.00744814
Liechtenstein,LI,LIE,2005,79.48154784,63.37135615
Liechtenstein,LI,LIE,2006,82.41852733,64.21416136
Liechtenstein,LI,LIE,2007,91.07539118,65.08021844
Liechtenstein,LI,LIE,2008,96.04519774,70
Liechtenstein,LI,LIE,2009,98.10791871,75
Liechtenstein,LI,LIE,2010,98.81422925,80
Liechtenstein,LI,LIE,2011,102.1581143,85
Liechtenstein,LI,LIE,2012,98.83848345,89.4077
Liechtenstein,LI,LIE,2013,104.4041732,93.8
Liechtenstein,LI,LIE,2014,109.5859392,95.21
Liechtenstein,LI,LIE,2015,109.623879,96.6411951
Liechtenstein,LI,LIE,2016,117.7856364,98.093903890000007
Liechtenstein,LI,LIE,2017,122.4714949,99.54661245
Liechtenstein,LI,LIE,2018,123.8102721,NA
Liechtenstein,LI,LIE,2019,124.0787901,NA
Liechtenstein,LI,LIE,2020,126.1404686,NA
Liechtenstein,LI,LIE,2021,126.191757,NA
Lithuania,LT,LTU,1960,0,NA
Lithuania,LT,LTU,1961,NA,NA
Lithuania,LT,LTU,1962,NA,NA
Lithuania,LT,LTU,1963,NA,NA
Lithuania,LT,LTU,1964,NA,NA
Lithuania,LT,LTU,1965,0,NA
Lithuania,LT,LTU,1966,NA,NA
Lithuania,LT,LTU,1967,NA,NA
Lithuania,LT,LTU,1968,NA,NA
Lithuania,LT,LTU,1969,NA,NA
Lithuania,LT,LTU,1970,0,NA
Lithuania,LT,LTU,1971,NA,NA
Lithuania,LT,LTU,1972,NA,NA
Lithuania,LT,LTU,1973,NA,NA
Lithuania,LT,LTU,1974,NA,NA
Lithuania,LT,LTU,1975,0,NA
Lithuania,LT,LTU,1976,0,NA
Lithuania,LT,LTU,1977,0,NA
Lithuania,LT,LTU,1978,0,NA
Lithuania,LT,LTU,1979,0,NA
Lithuania,LT,LTU,1980,0,NA
Lithuania,LT,LTU,1981,0,NA
Lithuania,LT,LTU,1982,0,NA
Lithuania,LT,LTU,1983,0,NA
Lithuania,LT,LTU,1984,0,NA
Lithuania,LT,LTU,1985,0,NA
Lithuania,LT,LTU,1986,0,NA
Lithuania,LT,LTU,1987,0,NA
Lithuania,LT,LTU,1988,0,NA
Lithuania,LT,LTU,1989,0,NA
Lithuania,LT,LTU,1990,0,0
Lithuania,LT,LTU,1991,0,0
Lithuania,LT,LTU,1992,0.007034198,0
Lithuania,LT,LTU,1993,0.032783181,0
Lithuania,LT,LTU,1994,0.119667223,0
Lithuania,LT,LTU,1995,0.394820974,0
Lithuania,LT,LTU,1996,1.369497547,0.277421291
Lithuania,LT,LTU,1997,4.47474029,0.978422157
Lithuania,LT,LTU,1998,7.300894009,1.972063745
Lithuania,LT,LTU,1999,9.136079147,2.9230547
Lithuania,LT,LTU,2000,14.55702743,6.427067495
Lithuania,LT,LTU,2001,28.59433697,7.179356994
Lithuania,LT,LTU,2002,46.80495102,17.69
Lithuania,LT,LTU,2003,60.58800896,25.91
Lithuania,LT,LTU,2004,89.1476662,31.23
Lithuania,LT,LTU,2005,129.0471147,36.22
Lithuania,LT,LTU,2006,141.9895141,43.9
Lithuania,LT,LTU,2007,150.1054266,49.9
Lithuania,LT,LTU,2008,155.7707564,55.22
Lithuania,LT,LTU,2009,155.9984832,59.76
Lithuania,LT,LTU,2010,155.8123414,62.12
Lithuania,LT,LTU,2011,159.3007028,63.6399774
Lithuania,LT,LTU,2012,163.1312022,67.22998933
Lithuania,LT,LTU,2013,150.7823485,68.4529
Lithuania,LT,LTU,2014,142.4940241,72.13
Lithuania,LT,LTU,2015,141.1735748,71.37805901
Lithuania,LT,LTU,2016,143.3251275,74.37664556
Lithuania,LT,LTU,2017,150.1602369,77.61525651
Lithuania,LT,LTU,2018,130.8936876,79.72258277
Lithuania,LT,LTU,2019,130.0157981,81.58186838
Lithuania,LT,LTU,2020,130.2002612,83.05555096
Lithuania,LT,LTU,2021,133.7323188,86.93054425
Low & middle income,XO,LMY,1960,0,NA
Low & middle income,XO,LMY,1961,NA,NA
Low & middle income,XO,LMY,1962,NA,NA
Low & middle income,XO,LMY,1963,NA,NA
Low & middle income,XO,LMY,1964,NA,NA
Low & middle income,XO,LMY,1965,0,NA
Low & middle income,XO,LMY,1966,NA,NA
Low & middle income,XO,LMY,1967,NA,NA
Low & middle income,XO,LMY,1968,NA,NA
Low & middle income,XO,LMY,1969,NA,NA
Low & middle income,XO,LMY,1970,0,NA
Low & middle income,XO,LMY,1971,NA,NA
Low & middle income,XO,LMY,1972,NA,NA
Low & middle income,XO,LMY,1973,NA,NA
Low & middle income,XO,LMY,1974,NA,NA
Low & middle income,XO,LMY,1975,0,NA
Low & middle income,XO,LMY,1976,0,NA
Low & middle income,XO,LMY,1977,0,NA
Low & middle income,XO,LMY,1978,0,NA
Low & middle income,XO,LMY,1979,0,NA
Low & middle income,XO,LMY,1980,0,NA
Low & middle income,XO,LMY,1981,0,NA
Low & middle income,XO,LMY,1982,0,NA
Low & middle income,XO,LMY,1983,0,NA
Low & middle income,XO,LMY,1984,4.65519891069201e-5,NA
Low & middle income,XO,LMY,1985,5.31882662257529e-5,NA
Low & middle income,XO,LMY,1986,4.22862970820493e-4,NA
Low & middle income,XO,LMY,1987,9.59681489079512e-4,NA
Low & middle income,XO,LMY,1988,0.00176557138797112,NA
Low & middle income,XO,LMY,1989,0.00330407182268789,NA
Low & middle income,XO,LMY,1990,0.00748981319292146,0
Low & middle income,XO,LMY,1991,0.0149997536550051,3.55421746497535e-4
Low & middle income,XO,LMY,1992,0.0292178468546831,0.00124930834771736
Low & middle income,XO,LMY,1993,0.0569420194030814,0.00380405100664779
Low & middle income,XO,LMY,1994,0.121095326333878,0.01036011218849
Low & middle income,XO,LMY,1995,0.242004386007177,0.0323881883122739
Low & middle income,XO,LMY,1996,0.429040398904454,0.0774100752543722
Low & middle income,XO,LMY,1997,0.776025268108447,0.154218488130461
Low & middle income,XO,LMY,1998,1.23745407844063,0.343939845813807
Low & middle income,XO,LMY,1999,2.20907901502175,0.697292732837316
Low & middle income,XO,LMY,2000,4.02763346780847,1.41931653029704
Low & middle income,XO,LMY,2001,6.34757157426875,2.01912827979545
Low & middle income,XO,LMY,2002,8.91482584168119,3.41530792539721
Low & middle income,XO,LMY,2003,12.1922607358721,4.47869588788441
Low & middle income,XO,LMY,2004,16.9416076221864,5.74877054892077
Low & middle income,XO,LMY,2005,23.227179047743,6.78427820571127
Low & middle income,XO,LMY,2006,30.9806719956509,8.32942878848977
Low & middle income,XO,LMY,2007,39.7207292592419,10.8654114473013
Low & middle income,XO,LMY,2008,49.7404505406262,13.5676848649683
Low & middle income,XO,LMY,2009,58.9323034420648,16.4114647590886
Low & middle income,XO,LMY,2010,68.9208428999213,19.9210467978785
Low & middle income,XO,LMY,2011,77.248374114123,22.8037592432132
Low & middle income,XO,LMY,2012,81.8128534213325,25.2847067015072
Low & middle income,XO,LMY,2013,86.8863493898646,27.3959819697969
Low & middle income,XO,LMY,2014,90.3659978534633,29.7924246265015
Low & middle income,XO,LMY,2015,91.6975258983034,32.4368600866362
Low & middle income,XO,LMY,2016,95.3965118483226,35.2740929085155
Low & middle income,XO,LMY,2017,98.0037020151521,37.9944978726882
Low & middle income,XO,LMY,2018,101.777480979538,41.8408613963871
Low & middle income,XO,LMY,2019,102.963024673983,46.7474101987632
Low & middle income,XO,LMY,2020,102.586979349797,53.6977868754484
Low & middle income,XO,LMY,2021,107.458183634563,NA
Low income,XM,,1960,0,NA
Low income,XM,,1961,NA,NA
Low income,XM,,1962,NA,NA
Low income,XM,,1963,NA,NA
Low income,XM,,1964,NA,NA
Low income,XM,,1965,0,NA
Low income,XM,,1966,NA,NA
Low income,XM,,1967,NA,NA
Low income,XM,,1968,NA,NA
Low income,XM,,1969,NA,NA
Low income,XM,,1970,0,NA
Low income,XM,,1971,NA,NA
Low income,XM,,1972,NA,NA
Low income,XM,,1973,NA,NA
Low income,XM,,1974,NA,NA
Low income,XM,,1975,0,NA
Low income,XM,,1976,0,NA
Low income,XM,,1977,0,NA
Low income,XM,,1978,0,NA
Low income,XM,,1979,0,NA
Low income,XM,,1980,0,NA
Low income,XM,,1981,0,NA
Low income,XM,,1982,0,NA
Low income,XM,,1983,0,NA
Low income,XM,,1984,0,NA
Low income,XM,,1985,0,NA
Low income,XM,,1986,0,NA
Low income,XM,,1987,0,NA
Low income,XM,,1988,0,NA
Low income,XM,,1989,0,NA
Low income,XM,,1990,0,0
Low income,XM,,1991,0,0
Low income,XM,,1992,6.34094676426394e-4,0
Low income,XM,,1993,0.00211008398136855,0
Low income,XM,,1994,0.00358209129755889,1.74699225855759e-4
Low income,XM,,1995,0.00718713367979107,4.44569328609656e-4
Low income,XM,,1996,0.0108195984137873,0.00204410600251022
Low income,XM,,1997,0.017884226449866,0.0100079458540919
Low income,XM,,1998,0.0408781782382325,0.023677118185829
Low income,XM,,1999,0.0768546237061723,0.0553255671394203
Low income,XM,,2000,0.203026981026314,0.0821068322151606
Low income,XM,,2001,0.479594192091518,0.124929484417084
Low income,XM,,2002,0.8803711793418,0.296868359575292
Low income,XM,,2003,1.74259404333584,0.434216171945389
Low income,XM,,2004,3.02816283845704,0.591639132228715
Low income,XM,,2005,4.49357847832656,0.867807934146776
Low income,XM,,2006,7.51589455779996,1.13659608106904
Low income,XM,,2007,12.0643569784792,2.10954237223391
Low income,XM,,2008,17.9321188482541,2.09671044657995
Low income,XM,,2009,22.3684102374041,2.73170319669043
Low income,XM,,2010,27.4947245795703,3.36527266895679
Low income,XM,,2011,34.8019218170505,3.85590325351449
Low income,XM,,2012,39.9164844290466,4.69480546716941
Low income,XM,,2013,46.0401079231102,5.46397717780901
Low income,XM,,2014,51.6158361510299,7.0872152835271
Low income,XM,,2015,54.7699161278239,9.22718574714957
Low income,XM,,2016,53.0302228396665,11.689116996904
Low income,XM,,2017,53.1434867117969,13.7642526062374
Low income,XM,,2018,60.1817690589615,16.3113973692596
Low income,XM,,2019,55.2532702330855,17.8968613473367
Low income,XM,,2020,57.7821524286841,19.4949152483437
Low income,XM,,2021,NA,NA
Lower middle income,XN,,1960,0,NA
Lower middle income,XN,,1961,NA,NA
Lower middle income,XN,,1962,NA,NA
Lower middle income,XN,,1963,NA,NA
Lower middle income,XN,,1964,NA,NA
Lower middle income,XN,,1965,0,NA
Lower middle income,XN,,1966,NA,NA
Lower middle income,XN,,1967,NA,NA
Lower middle income,XN,,1968,NA,NA
Lower middle income,XN,,1969,NA,NA
Lower middle income,XN,,1970,0,NA
Lower middle income,XN,,1971,NA,NA
Lower middle income,XN,,1972,NA,NA
Lower middle income,XN,,1973,NA,NA
Lower middle income,XN,,1974,NA,NA
Lower middle income,XN,,1975,0,NA
Lower middle income,XN,,1976,0,NA
Lower middle income,XN,,1977,0,NA
Lower middle income,XN,,1978,0,NA
Lower middle income,XN,,1979,0,NA
Lower middle income,XN,,1980,0,NA
Lower middle income,XN,,1981,0,NA
Lower middle income,XN,,1982,0,NA
Lower middle income,XN,,1983,0,NA
Lower middle income,XN,,1984,9.99211783313995e-5,NA
Lower middle income,XN,,1985,1.13576508138264e-4,NA
Lower middle income,XN,,1986,2.47668229992271e-4,NA
Lower middle income,XN,,1987,4.90898927915183e-4,NA
Lower middle income,XN,,1988,6.51375530501332e-4,NA
Lower middle income,XN,,1989,9.08467558650017e-4,NA
Lower middle income,XN,,1990,0.00136044974136672,0
Lower middle income,XN,,1991,0.00397053438194474,0
Lower middle income,XN,,1992,0.0060341850431301,4.79763812599297e-5
Lower middle income,XN,,1993,0.0109750530634657,1.40474972005616e-4
Lower middle income,XN,,1994,0.0184223641586517,0.00134214261342465
Lower middle income,XN,,1995,0.0524996145072492,0.0172774725008377
Lower middle income,XN,,1996,0.113936426183994,0.0379123519782869
Lower middle income,XN,,1997,0.206890007290763,0.0744500551958835
Lower middle income,XN,,1998,0.286878091538346,0.157436072561193
Lower middle income,XN,,1999,0.511001392852696,0.285471776443582
Lower middle income,XN,,2000,1.04505089077434,0.580188148808367
Lower middle income,XN,,2001,1.92630556506774,0.891353174950497
Lower middle income,XN,,2002,2.96025967121521,1.66531274444539
Lower middle income,XN,,2003,4.90426392690936,2.22065417244555
Lower middle income,XN,,2004,7.84512232807766,3.05199517570957
Lower middle income,XN,,2005,12.8241228707234,3.788071043558
Lower middle income,XN,,2006,20.9295508528112,4.62655596941452
Lower middle income,XN,,2007,30.3340627773794,5.75194932266694
Lower middle income,XN,,2008,41.797153105503,6.82927949003915
Lower middle income,XN,,2009,52.9329049998563,7.85583603084138
Lower middle income,XN,,2010,65.7909267751968,10.6423765697077
Lower middle income,XN,,2011,75.2887158319913,12.7816025663994
Lower middle income,XN,,2012,77.9050404406839,14.3529330578431
Lower middle income,XN,,2013,81.1480675904546,16.0937583091592
Lower middle income,XN,,2014,85.4402668148623,18.4954865833556
Lower middle income,XN,,2015,87.8223056433827,20.9373259300912
Lower middle income,XN,,2016,93.7356337709952,23.7885966977503
Lower middle income,XN,,2017,96.5431079448618,26.8022942281981
Lower middle income,XN,,2018,95.279548034638,30.10234117401
Lower middle income,XN,,2019,98.1632984193427,36.0969374408345
Lower middle income,XN,,2020,98.8957474310594,44.9562732727932
Lower middle income,XN,,2021,99.5581429017233,NA
Luxembourg,LU,LUX,1960,0,NA
Luxembourg,LU,LUX,1961,NA,NA
Luxembourg,LU,LUX,1962,NA,NA
Luxembourg,LU,LUX,1963,NA,NA
Luxembourg,LU,LUX,1964,NA,NA
Luxembourg,LU,LUX,1965,0,NA
Luxembourg,LU,LUX,1966,NA,NA
Luxembourg,LU,LUX,1967,NA,NA
Luxembourg,LU,LUX,1968,NA,NA
Luxembourg,LU,LUX,1969,NA,NA
Luxembourg,LU,LUX,1970,0,NA
Luxembourg,LU,LUX,1971,NA,NA
Luxembourg,LU,LUX,1972,NA,NA
Luxembourg,LU,LUX,1973,NA,NA
Luxembourg,LU,LUX,1974,NA,NA
Luxembourg,LU,LUX,1975,0,NA
Luxembourg,LU,LUX,1976,0,NA
Luxembourg,LU,LUX,1977,0,NA
Luxembourg,LU,LUX,1978,0,NA
Luxembourg,LU,LUX,1979,0,NA
Luxembourg,LU,LUX,1980,0,NA
Luxembourg,LU,LUX,1981,0,NA
Luxembourg,LU,LUX,1982,0,NA
Luxembourg,LU,LUX,1983,0,NA
Luxembourg,LU,LUX,1984,0,NA
Luxembourg,LU,LUX,1985,0.010915064,NA
Luxembourg,LU,LUX,1986,0.079311188,NA
Luxembourg,LU,LUX,1987,0.101207473,NA
Luxembourg,LU,LUX,1988,0.145140213,NA
Luxembourg,LU,LUX,1989,0.176416438,NA
Luxembourg,LU,LUX,1990,0.216122077,0
Luxembourg,LU,LUX,1991,0.294773782,0
Luxembourg,LU,LUX,1992,0.286067491,0.153198791
Luxembourg,LU,LUX,1993,1.281075276,0.302155121
Luxembourg,LU,LUX,1994,3.207360388,0.496486119
Luxembourg,LU,LUX,1995,6.583831123,1.590941911
Luxembourg,LU,LUX,1996,10.89055716,5.551653306
Luxembourg,LU,LUX,1997,16.06263683,7.142704085
Luxembourg,LU,LUX,1998,30.80925647,11.74555372
Luxembourg,LU,LUX,1999,48.72271444,17.3879578
Luxembourg,LU,LUX,2000,69.61765543,22.88732797
Luxembourg,LU,LUX,2001,92.70572238,36.16342251
Luxembourg,LU,LUX,2002,106.0745033,39.84
Luxembourg,LU,LUX,2003,119.4189901,54.55
Luxembourg,LU,LUX,2004,102.6676103,65.88
Luxembourg,LU,LUX,2005,109.7104505,70
Luxembourg,LU,LUX,2006,150.9301361,72.51
Luxembourg,LU,LUX,2007,142.6433936,78.92
Luxembourg,LU,LUX,2008,144.6887759,82.23
Luxembourg,LU,LUX,2009,144.6166454,87.31
Luxembourg,LU,LUX,2010,143.3727099,90.62
Luxembourg,LU,LUX,2011,147.6194795,90.02985856
Luxembourg,LU,LUX,2012,143.4857751,91.94992374
Luxembourg,LU,LUX,2013,145.1703844,93.7765
Luxembourg,LU,LUX,2014,144.2986392,94.67
Luxembourg,LU,LUX,2015,141.6910194,96.37671417
Luxembourg,LU,LUX,2016,130.9674621,98.13669867
Luxembourg,LU,LUX,2017,133.158472,97.36296032
Luxembourg,LU,LUX,2018,131.3674819,97.06129871
Luxembourg,LU,LUX,2019,134.8284522,97.12063569
Luxembourg,LU,LUX,2020,141.180203,98.82242384
Luxembourg,LU,LUX,2021,NA,98.82696739
"Macao SAR, China",MO,MAC,1960,0,NA
"Macao SAR, China",MO,MAC,1961,NA,NA
"Macao SAR, China",MO,MAC,1962,NA,NA
"Macao SAR, China",MO,MAC,1963,NA,NA
"Macao SAR, China",MO,MAC,1964,NA,NA
"Macao SAR, China",MO,MAC,1965,0,NA
"Macao SAR, China",MO,MAC,1966,NA,NA
"Macao SAR, China",MO,MAC,1967,NA,NA
"Macao SAR, China",MO,MAC,1968,NA,NA
"Macao SAR, China",MO,MAC,1969,NA,NA
"Macao SAR, China",MO,MAC,1970,0,NA
"Macao SAR, China",MO,MAC,1971,NA,NA
"Macao SAR, China",MO,MAC,1972,NA,NA
"Macao SAR, China",MO,MAC,1973,NA,NA
"Macao SAR, China",MO,MAC,1974,NA,NA
"Macao SAR, China",MO,MAC,1975,0,NA
"Macao SAR, China",MO,MAC,1976,0,NA
"Macao SAR, China",MO,MAC,1977,0,NA
"Macao SAR, China",MO,MAC,1978,0,NA
"Macao SAR, China",MO,MAC,1979,0,NA
"Macao SAR, China",MO,MAC,1980,0,NA
"Macao SAR, China",MO,MAC,1981,0,NA
"Macao SAR, China",MO,MAC,1982,0,NA
"Macao SAR, China",MO,MAC,1983,0,NA
"Macao SAR, China",MO,MAC,1984,0,NA
"Macao SAR, China",MO,MAC,1985,0,NA
"Macao SAR, China",MO,MAC,1986,0,NA
"Macao SAR, China",MO,MAC,1987,0,NA
"Macao SAR, China",MO,MAC,1988,0,NA
"Macao SAR, China",MO,MAC,1989,0.401973107,NA
"Macao SAR, China",MO,MAC,1990,0.637300951,0
"Macao SAR, China",MO,MAC,1991,1.337509313,0
"Macao SAR, China",MO,MAC,1992,2.82326718,0
"Macao SAR, China",MO,MAC,1993,3.975446006,0
"Macao SAR, China",MO,MAC,1994,5.515973044,0.036993376
"Macao SAR, China",MO,MAC,1995,9.046215595,0.280014086
"Macao SAR, China",MO,MAC,1996,11.07799464,0.727273598
"Macao SAR, China",MO,MAC,1997,12.83580277,2.364127672
"Macao SAR, China",MO,MAC,1998,19.60809597,7.003324245
"Macao SAR, China",MO,MAC,1999,27.75464258,9.212005085
"Macao SAR, China",MO,MAC,2000,32.65878823,13.60858974
"Macao SAR, China",MO,MAC,2001,44.2872368,22.52121677
"Macao SAR, China",MO,MAC,2002,61.40971612,25.17188016
"Macao SAR, China",MO,MAC,2003,78.70378978,25.74212398
"Macao SAR, China",MO,MAC,2004,90.94063466,31.48409738
"Macao SAR, China",MO,MAC,2005,109.0334187,34.86292717
"Macao SAR, China",MO,MAC,2006,126.7972072,46.4
"Macao SAR, China",MO,MAC,2007,154.1387072,47.327
"Macao SAR, China",MO,MAC,2008,176.2814769,49.24
"Macao SAR, China",MO,MAC,2009,191.0386523,54
"Macao SAR, China",MO,MAC,2010,201.3757476,55.198
"Macao SAR, China",MO,MAC,2011,236.9854449,60.20369672
"Macao SAR, China",MO,MAC,2012,276.8618965,61.31
"Macao SAR, China",MO,MAC,2013,290.246118,65.8
"Macao SAR, China",MO,MAC,2014,307.2748098,69.78
"Macao SAR, China",MO,MAC,2015,308.1886876,77.60013186
"Macao SAR, China",MO,MAC,2016,314.3465329,81.64298546
"Macao SAR, China",MO,MAC,2017,320.5404246,83.17408907
"Macao SAR, China",MO,MAC,2018,335.0574739,83.79408961
"Macao SAR, China",MO,MAC,2019,420.8530977,86.46792571
"Macao SAR, China",MO,MAC,2020,412.9927856,88.1
"Macao SAR, China",MO,MAC,2021,NA,NA
Madagascar,MG,MDG,1960,0,NA
Madagascar,MG,MDG,1961,NA,NA
Madagascar,MG,MDG,1962,NA,NA
Madagascar,MG,MDG,1963,NA,NA
Madagascar,MG,MDG,1964,NA,NA
Madagascar,MG,MDG,1965,0,NA
Madagascar,MG,MDG,1966,NA,NA
Madagascar,MG,MDG,1967,NA,NA
Madagascar,MG,MDG,1968,NA,NA
Madagascar,MG,MDG,1969,NA,NA
Madagascar,MG,MDG,1970,0,NA
Madagascar,MG,MDG,1971,NA,NA
Madagascar,MG,MDG,1972,NA,NA
Madagascar,MG,MDG,1973,NA,NA
Madagascar,MG,MDG,1974,NA,NA
Madagascar,MG,MDG,1975,0,NA
Madagascar,MG,MDG,1976,0,NA
Madagascar,MG,MDG,1977,0,NA
Madagascar,MG,MDG,1978,0,NA
Madagascar,MG,MDG,1979,0,NA
Madagascar,MG,MDG,1980,0,NA
Madagascar,MG,MDG,1981,0,NA
Madagascar,MG,MDG,1982,0,NA
Madagascar,MG,MDG,1983,0,NA
Madagascar,MG,MDG,1984,0,NA
Madagascar,MG,MDG,1985,0,NA
Madagascar,MG,MDG,1986,0,NA
Madagascar,MG,MDG,1987,0,NA
Madagascar,MG,MDG,1988,0,NA
Madagascar,MG,MDG,1989,0,NA
Madagascar,MG,MDG,1990,0,0
Madagascar,MG,MDG,1991,0,0
Madagascar,MG,MDG,1992,0,0
Madagascar,MG,MDG,1993,0,0
Madagascar,MG,MDG,1994,0.002232787,0
Madagascar,MG,MDG,1995,0.009373329,0
Madagascar,MG,MDG,1996,0.016064309,0.003695196
Madagascar,MG,MDG,1997,0.02774225,0.014333647
Madagascar,MG,MDG,1998,0.083824374,0.062561023
Madagascar,MG,MDG,1999,0.227272669,0.168608781
Madagascar,MG,MDG,2000,0.389074513,0.196394691
Madagascar,MG,MDG,2001,0.882722664,0.222511586
Madagascar,MG,MDG,2002,0.947075442,0.339720155
Madagascar,MG,MDG,2003,1.600434657,0.423252419
Madagascar,MG,MDG,2004,1.829445699,0.525353655
Madagascar,MG,MDG,2005,2.715327569,0.567721802
Madagascar,MG,MDG,2006,5.405022424,0.607552239
Madagascar,MG,MDG,2007,11.1298202,0.65
Madagascar,MG,MDG,2008,23.57089558,1.65
Madagascar,MG,MDG,2009,29.75693339,1.63
Madagascar,MG,MDG,2010,35.48710226,1.7
Madagascar,MG,MDG,2011,38.84334449,1.9
Madagascar,MG,MDG,2012,38.22393217,2.3
Madagascar,MG,MDG,2013,35.87033159,3
Madagascar,MG,MDG,2014,40.11353084,3.7
Madagascar,MG,MDG,2015,43.03168029,4.17397219
Madagascar,MG,MDG,2016,31.36331074,4.713662899
Madagascar,MG,MDG,2017,33.36129841,9.8
Madagascar,MG,MDG,2018,39.68745918,15
Madagascar,MG,MDG,2019,47.22673416,NA
Madagascar,MG,MDG,2020,56.2228538,NA
Madagascar,MG,MDG,2021,56.30041625,NA
Malawi,MW,MWI,1960,0,NA
Malawi,MW,MWI,1961,NA,NA
Malawi,MW,MWI,1962,NA,NA
Malawi,MW,MWI,1963,NA,NA
Malawi,MW,MWI,1964,NA,NA
Malawi,MW,MWI,1965,0,NA
Malawi,MW,MWI,1966,NA,NA
Malawi,MW,MWI,1967,NA,NA
Malawi,MW,MWI,1968,NA,NA
Malawi,MW,MWI,1969,NA,NA
Malawi,MW,MWI,1970,0,NA
Malawi,MW,MWI,1971,NA,NA
Malawi,MW,MWI,1972,NA,NA
Malawi,MW,MWI,1973,NA,NA
Malawi,MW,MWI,1974,NA,NA
Malawi,MW,MWI,1975,0,NA
Malawi,MW,MWI,1976,0,NA
Malawi,MW,MWI,1977,0,NA
Malawi,MW,MWI,1978,0,NA
Malawi,MW,MWI,1979,0,NA
Malawi,MW,MWI,1980,0,NA
Malawi,MW,MWI,1981,0,NA
Malawi,MW,MWI,1982,0,NA
Malawi,MW,MWI,1983,0,NA
Malawi,MW,MWI,1984,0,NA
Malawi,MW,MWI,1985,0,NA
Malawi,MW,MWI,1986,0,NA
Malawi,MW,MWI,1987,0,NA
Malawi,MW,MWI,1988,0,NA
Malawi,MW,MWI,1989,0,NA
Malawi,MW,MWI,1990,0,0
Malawi,MW,MWI,1991,0,0
Malawi,MW,MWI,1992,0,0
Malawi,MW,MWI,1993,0,0
Malawi,MW,MWI,1994,0,0
Malawi,MW,MWI,1995,0.003777385,0
Malawi,MW,MWI,1996,0.03588565,NA
Malawi,MW,MWI,1997,0.066586269,0.004668518
Malawi,MW,MWI,1998,0.097834084,0.018057365
Malawi,MW,MWI,1999,0.205030893,0.087278755
Malawi,MW,MWI,2000,0.436355074,0.126780945
Malawi,MW,MWI,2001,0.48465851,0.164020725
Malawi,MW,MWI,2002,0.730171111,0.215094727
Malawi,MW,MWI,2003,1.11775638,0.278815116
Malawi,MW,MWI,2004,1.789774224,0.347505335
Malawi,MW,MWI,2005,3.301776593,0.384489334
Malawi,MW,MWI,2006,4.727462525,0.42513749
Malawi,MW,MWI,2007,7.786705799,0.965864737
Malawi,MW,MWI,2008,10.85490815,0.7
Malawi,MW,MWI,2009,17.38343815,1.07
Malawi,MW,MWI,2010,21.18001509,2.26
Malawi,MW,MWI,2011,26.08970999,3.33
Malawi,MW,MWI,2012,29.82362776,4.3506
Malawi,MW,MWI,2013,33.01165645,5.05
Malawi,MW,MWI,2014,34.18209505,5.83
Malawi,MW,MWI,2015,38.76692535,6
Malawi,MW,MWI,2016,41.24175037,6.3
Malawi,MW,MWI,2017,43.46753766,7
Malawi,MW,MWI,2018,38.52869707,8
Malawi,MW,MWI,2019,47.17691214,9.9
Malawi,MW,MWI,2020,51.6315658,NA
Malawi,MW,MWI,2021,60.03162334,NA
Malaysia,MY,MYS,1960,0,NA
Malaysia,MY,MYS,1961,NA,NA
Malaysia,MY,MYS,1962,NA,NA
Malaysia,MY,MYS,1963,NA,NA
Malaysia,MY,MYS,1964,NA,NA
Malaysia,MY,MYS,1965,0,NA
Malaysia,MY,MYS,1966,NA,NA
Malaysia,MY,MYS,1967,NA,NA
Malaysia,MY,MYS,1968,NA,NA
Malaysia,MY,MYS,1969,NA,NA
Malaysia,MY,MYS,1970,0,NA
Malaysia,MY,MYS,1971,NA,NA
Malaysia,MY,MYS,1972,NA,NA
Malaysia,MY,MYS,1973,NA,NA
Malaysia,MY,MYS,1974,NA,NA
Malaysia,MY,MYS,1975,0,NA
Malaysia,MY,MYS,1976,0,NA
Malaysia,MY,MYS,1977,0,NA
Malaysia,MY,MYS,1978,0,NA
Malaysia,MY,MYS,1979,0,NA
Malaysia,MY,MYS,1980,0,NA
Malaysia,MY,MYS,1981,0,NA
Malaysia,MY,MYS,1982,0,NA
Malaysia,MY,MYS,1983,0,NA
Malaysia,MY,MYS,1984,0,NA
Malaysia,MY,MYS,1985,NA,NA
Malaysia,MY,MYS,1986,0.069523625,NA
Malaysia,MY,MYS,1987,0.108594076,NA
Malaysia,MY,MYS,1988,0.165220178,NA
Malaysia,MY,MYS,1989,0.231602049,NA
Malaysia,MY,MYS,1990,0.494489541,0
Malaysia,MY,MYS,1991,0.721522185,0
Malaysia,MY,MYS,1992,1.082615433,0.001047822
Malaysia,MY,MYS,1993,1.784885174,0.025538478
Malaysia,MY,MYS,1994,2.918621003,0.099607417
Malaysia,MY,MYS,1995,4.991168447,0.145673837
Malaysia,MY,MYS,1996,7.34842792,0.852044466
Malaysia,MY,MYS,1997,9.412128789,2.307393234
Malaysia,MY,MYS,1998,10.08686533,6.751770483
Malaysia,MY,MYS,1999,13.36691902,12.3055022
Malaysia,MY,MYS,2000,22.32170197,21.38473116
Malaysia,MY,MYS,2001,31.36877845,26.6959725
Malaysia,MY,MYS,2002,37.49827327,32.33820434
Malaysia,MY,MYS,2003,44.96469217,34.97115234
Malaysia,MY,MYS,2004,57.67519655,42.25226563
Malaysia,MY,MYS,2005,75.39480725,48.62917025
Malaysia,MY,MYS,2006,73.42192752,51.63798899
Malaysia,MY,MYS,2007,86.17480992,55.7
Malaysia,MY,MYS,2008,100.1760536,55.8
Malaysia,MY,MYS,2009,106.8284441,55.9
Malaysia,MY,MYS,2010,117.9017242,56.3
Malaysia,MY,MYS,2011,125.6206583,61
Malaysia,MY,MYS,2012,139.3270554,65.8
Malaysia,MY,MYS,2013,142.7087288,57.05751226
Malaysia,MY,MYS,2014,146.794505,63.66542588
Malaysia,MY,MYS,2015,141.9557664,71.06406781
Malaysia,MY,MYS,2016,137.8669153,78.78830993
Malaysia,MY,MYS,2017,132.4079212,80.14047901
Malaysia,MY,MYS,2018,130.908501,81.20104862
Malaysia,MY,MYS,2019,135.9610804,84.18714501
Malaysia,MY,MYS,2020,131.6976181,89.55501192
Malaysia,MY,MYS,2021,140.5905675,96.7514278
Maldives,MV,MDV,1960,0,0
Maldives,MV,MDV,1961,NA,NA
Maldives,MV,MDV,1962,NA,NA
Maldives,MV,MDV,1963,NA,NA
Maldives,MV,MDV,1964,NA,NA
Maldives,MV,MDV,1965,0,0
Maldives,MV,MDV,1966,NA,NA
Maldives,MV,MDV,1967,NA,NA
Maldives,MV,MDV,1968,NA,NA
Maldives,MV,MDV,1969,NA,NA
Maldives,MV,MDV,1970,0,0
Maldives,MV,MDV,1971,NA,NA
Maldives,MV,MDV,1972,NA,NA
Maldives,MV,MDV,1973,NA,NA
Maldives,MV,MDV,1974,NA,NA
Maldives,MV,MDV,1975,0,0
Maldives,MV,MDV,1976,0,0
Maldives,MV,MDV,1977,0,0
Maldives,MV,MDV,1978,0,0
Maldives,MV,MDV,1979,0,0
Maldives,MV,MDV,1980,0,0
Maldives,MV,MDV,1981,0,0
Maldives,MV,MDV,1982,0,0
Maldives,MV,MDV,1983,0,0
Maldives,MV,MDV,1984,0,0
Maldives,MV,MDV,1985,0,0
Maldives,MV,MDV,1986,0,0
Maldives,MV,MDV,1987,0,0
Maldives,MV,MDV,1988,0,0
Maldives,MV,MDV,1989,0,0
Maldives,MV,MDV,1990,0,0
Maldives,MV,MDV,1991,0,0
Maldives,MV,MDV,1992,0,0
Maldives,MV,MDV,1993,0,0
Maldives,MV,MDV,1994,0,0
Maldives,MV,MDV,1995,0,0
Maldives,MV,MDV,1996,0.007580294,0.22693009
Maldives,MV,MDV,1997,0.479482605,0.309444238
Maldives,MV,MDV,1998,0.586568102,0.569627464
Maldives,MV,MDV,1999,1.052097903,1.119908615
Maldives,MV,MDV,2000,2.703649821,2.203872939
Maldives,MV,MDV,2001,6.575851652,3.617290649
Maldives,MV,MDV,2002,14.33503031,5.347765169
Maldives,MV,MDV,2003,22.36210829,5.97659285
Maldives,MV,MDV,2004,37.48204439,6.588254875
Maldives,MV,MDV,2005,66.32184432,6.869605067
Maldives,MV,MDV,2006,86.21251205,11.03635278
Maldives,MV,MDV,2007,96.43615091,16.3
Maldives,MV,MDV,2008,129.3110665,23.2
Maldives,MV,MDV,2009,131.1522847,24.8
Maldives,MV,MDV,2010,136.7219435,26.53
Maldives,MV,MDV,2011,141.6646192,34
Maldives,MV,MDV,2012,144.6427327,38.9301
Maldives,MV,MDV,2013,156.0063185,44.1
Maldives,MV,MDV,2014,159.7689676,49.28
Maldives,MV,MDV,2015,169.8394332,54.46195515
Maldives,MV,MDV,2016,178.7835827,59.09258997
Maldives,MV,MDV,2017,190.5249745,61.25
Maldives,MV,MDV,2018,175.1750865,62.07
Maldives,MV,MDV,2019,164.1286164,62.5
Maldives,MV,MDV,2020,139.513022,62.93
Maldives,MV,MDV,2021,135.3978652,NA
Mali,ML,MLI,1960,0,NA
Mali,ML,MLI,1961,NA,NA
Mali,ML,MLI,1962,NA,NA
Mali,ML,MLI,1963,NA,NA
Mali,ML,MLI,1964,NA,NA
Mali,ML,MLI,1965,0,NA
Mali,ML,MLI,1966,NA,NA
Mali,ML,MLI,1967,NA,NA
Mali,ML,MLI,1968,NA,NA
Mali,ML,MLI,1969,NA,NA
Mali,ML,MLI,1970,0,NA
Mali,ML,MLI,1971,NA,NA
Mali,ML,MLI,1972,NA,NA
Mali,ML,MLI,1973,NA,NA
Mali,ML,MLI,1974,NA,NA
Mali,ML,MLI,1975,0,NA
Mali,ML,MLI,1976,0,NA
Mali,ML,MLI,1977,0,NA
Mali,ML,MLI,1978,0,NA
Mali,ML,MLI,1979,0,NA
Mali,ML,MLI,1980,0,NA
Mali,ML,MLI,1981,0,NA
Mali,ML,MLI,1982,0,NA
Mali,ML,MLI,1983,0,NA
Mali,ML,MLI,1984,0,NA
Mali,ML,MLI,1985,0,NA
Mali,ML,MLI,1986,0,NA
Mali,ML,MLI,1987,0,NA
Mali,ML,MLI,1988,0,NA
Mali,ML,MLI,1989,0,NA
Mali,ML,MLI,1990,0,0
Mali,ML,MLI,1991,0,0
Mali,ML,MLI,1992,0,0
Mali,ML,MLI,1993,0,0
Mali,ML,MLI,1994,0,0
Mali,ML,MLI,1995,0,0
Mali,ML,MLI,1996,0.011715466,0.002055228
Mali,ML,MLI,1997,0.027434281,0.010085919
Mali,ML,MLI,1998,0.042116764,0.019793888
Mali,ML,MLI,1999,0.058505121,0.060909873
Mali,ML,MLI,2000,0.092516296,0.142545755
Mali,ML,MLI,2001,0.20715957,0.185897413
Mali,ML,MLI,2002,0.384634048,0.227045578
Mali,ML,MLI,2003,2.003076446,0.310364443
Mali,ML,MLI,2004,3.190567687,0.43281964
Mali,ML,MLI,2005,5.781139195,0.507063136
Mali,ML,MLI,2006,11.10539388,0.729627281
Mali,ML,MLI,2007,17.97391391,0.81
Mali,ML,MLI,2008,23.63095724,1.57
Mali,ML,MLI,2009,29.67239609,1.8
Mali,ML,MLI,2010,47.91227225,2
Mali,ML,MLI,2011,67.4695104,2.2
Mali,ML,MLI,2012,88.48387499,2.8
Mali,ML,MLI,2013,116.1452168,3.5
Mali,ML,MLI,2014,133.9209668,7
Mali,ML,MLI,2015,125.3190059,10.33
Mali,ML,MLI,2016,108.1154139,14
Mali,ML,MLI,2017,114.0992437,18.9
Mali,ML,MLI,2018,110.1396447,21.4
Mali,ML,MLI,2019,111.4650138,24.2
Mali,ML,MLI,2020,119.2779414,27.4
Mali,ML,MLI,2021,99.89622453,NA
Malta,MT,MLT,1960,0,NA
Malta,MT,MLT,1961,NA,NA
Malta,MT,MLT,1962,NA,NA
Malta,MT,MLT,1963,NA,NA
Malta,MT,MLT,1964,NA,NA
Malta,MT,MLT,1965,0,NA
Malta,MT,MLT,1966,NA,NA
Malta,MT,MLT,1967,NA,NA
Malta,MT,MLT,1968,NA,NA
Malta,MT,MLT,1969,NA,NA
Malta,MT,MLT,1970,0,NA
Malta,MT,MLT,1971,NA,NA
Malta,MT,MLT,1972,NA,NA
Malta,MT,MLT,1973,NA,NA
Malta,MT,MLT,1974,NA,NA
Malta,MT,MLT,1975,0,NA
Malta,MT,MLT,1976,0,NA
Malta,MT,MLT,1977,0,NA
Malta,MT,MLT,1978,0,NA
Malta,MT,MLT,1979,0,NA
Malta,MT,MLT,1980,0,NA
Malta,MT,MLT,1981,0,NA
Malta,MT,MLT,1982,0,NA
Malta,MT,MLT,1983,0,NA
Malta,MT,MLT,1984,0,NA
Malta,MT,MLT,1985,0,NA
Malta,MT,MLT,1986,0,NA
Malta,MT,MLT,1987,0,NA
Malta,MT,MLT,1988,0,NA
Malta,MT,MLT,1989,0,NA
Malta,MT,MLT,1990,0,0
Malta,MT,MLT,1991,0.618439255,0
Malta,MT,MLT,1992,0.941163816,0
Malta,MT,MLT,1993,1.412425614,0
Malta,MT,MLT,1994,1.981176185,0
Malta,MT,MLT,1995,2.825993589,0.224995699
Malta,MT,MLT,1996,3.24448632,1.051527475
Malta,MT,MLT,1997,4.549709648,3.920605132
Malta,MT,MLT,1998,5.740645431,6.500783995
Malta,MT,MLT,1999,9.480481436,7.759798038
Malta,MT,MLT,2000,28.66747493,13.11370871
Malta,MT,MLT,2001,59.53370865,17.87784832
Malta,MT,MLT,2002,68.41109071,28.92
Malta,MT,MLT,2003,71.26528867,31.64
Malta,MT,MLT,2004,74.86998469,34.62
Malta,MT,MLT,2005,78.97944457,41.24
Malta,MT,MLT,2006,84.33187905,40.41
Malta,MT,MLT,2007,89.43144673,46.9
Malta,MT,MLT,2008,93.28353515,50.08
Malta,MT,MLT,2009,101.5843562,58.86
Malta,MT,MLT,2010,108.793686,63
Malta,MT,MLT,2011,123.1784046,68.01982379
Malta,MT,MLT,2012,123.800729,68.19987429
Malta,MT,MLT,2013,127.2274727,68.9138
Malta,MT,MLT,2014,122.3518897,73.17
Malta,MT,MLT,2015,114.8018196,75.96001898
Malta,MT,MLT,2016,125.1793331,78.0751488
Malta,MT,MLT,2017,126.1236254,81.01191108
Malta,MT,MLT,2018,125.2767573,81.65804429
Malta,MT,MLT,2019,125.9617103,85.77856081
Malta,MT,MLT,2020,122.8511054,86.85876416
Malta,MT,MLT,2021,122.4409015,87.46977302
Marshall Islands,MH,MHL,1960,0,NA
Marshall Islands,MH,MHL,1961,NA,NA
Marshall Islands,MH,MHL,1962,NA,NA
Marshall Islands,MH,MHL,1963,NA,NA
Marshall Islands,MH,MHL,1964,NA,NA
Marshall Islands,MH,MHL,1965,0,NA
Marshall Islands,MH,MHL,1966,NA,NA
Marshall Islands,MH,MHL,1967,NA,NA
Marshall Islands,MH,MHL,1968,NA,NA
Marshall Islands,MH,MHL,1969,NA,NA
Marshall Islands,MH,MHL,1970,0,NA
Marshall Islands,MH,MHL,1971,NA,NA
Marshall Islands,MH,MHL,1972,NA,NA
Marshall Islands,MH,MHL,1973,NA,NA
Marshall Islands,MH,MHL,1974,NA,NA
Marshall Islands,MH,MHL,1975,0,NA
Marshall Islands,MH,MHL,1976,0,NA
Marshall Islands,MH,MHL,1977,0,NA
Marshall Islands,MH,MHL,1978,0,NA
Marshall Islands,MH,MHL,1979,0,NA
Marshall Islands,MH,MHL,1980,0,NA
Marshall Islands,MH,MHL,1981,0,NA
Marshall Islands,MH,MHL,1982,0,NA
Marshall Islands,MH,MHL,1983,0,NA
Marshall Islands,MH,MHL,1984,0,NA
Marshall Islands,MH,MHL,1985,0,NA
Marshall Islands,MH,MHL,1986,0,NA
Marshall Islands,MH,MHL,1987,0,NA
Marshall Islands,MH,MHL,1988,0,NA
Marshall Islands,MH,MHL,1989,0,NA
Marshall Islands,MH,MHL,1990,0,0
Marshall Islands,MH,MHL,1991,0,0
Marshall Islands,MH,MHL,1992,0,0
Marshall Islands,MH,MHL,1993,0,0
Marshall Islands,MH,MHL,1994,0.561797753,0
Marshall Islands,MH,MHL,1995,0.520689519,0
Marshall Islands,MH,MHL,1996,0.708215297,0.037059432
Marshall Islands,MH,MHL,1997,0.890026357,NA
Marshall Islands,MH,MHL,1998,0.64893537,NA
Marshall Islands,MH,MHL,1999,0.822900026,0.966071567
Marshall Islands,MH,MHL,2000,0.824358218,1.534271796
Marshall Islands,MH,MHL,2001,0.8986823,1.706614078
Marshall Islands,MH,MHL,2002,1.012918379,2.335444575
Marshall Islands,MH,MHL,2003,1.097388655,2.569750367
Marshall Islands,MH,MHL,2004,1.183062368,3.599776814
Marshall Islands,MH,MHL,2005,1.214664311,3.878702398
Marshall Islands,MH,MHL,2006,NA,3.795590214
Marshall Islands,MH,MHL,2007,NA,3.95
Marshall Islands,MH,MHL,2008,NA,4.6
Marshall Islands,MH,MHL,2009,NA,5.6
Marshall Islands,MH,MHL,2010,NA,7
Marshall Islands,MH,MHL,2011,NA,10
Marshall Islands,MH,MHL,2012,NA,12.5
Marshall Islands,MH,MHL,2013,NA,14
Marshall Islands,MH,MHL,2014,30.74237887,16.8
Marshall Islands,MH,MHL,2015,31.37016798,19.2824418
Marshall Islands,MH,MHL,2016,NA,29.78777936
Marshall Islands,MH,MHL,2017,33.90764405,38.70116262
Marshall Islands,MH,MHL,2018,NA,NA
Marshall Islands,MH,MHL,2019,35.77177607,NA
Marshall Islands,MH,MHL,2020,36.85447091,NA
Marshall Islands,MH,MHL,2021,NA,NA
Mauritania,MR,MRT,1960,0,NA
Mauritania,MR,MRT,1961,NA,NA
Mauritania,MR,MRT,1962,NA,NA
Mauritania,MR,MRT,1963,NA,NA
Mauritania,MR,MRT,1964,NA,NA
Mauritania,MR,MRT,1965,0,NA
Mauritania,MR,MRT,1966,NA,NA
Mauritania,MR,MRT,1967,NA,NA
Mauritania,MR,MRT,1968,NA,NA
Mauritania,MR,MRT,1969,NA,NA
Mauritania,MR,MRT,1970,0,NA
Mauritania,MR,MRT,1971,NA,NA
Mauritania,MR,MRT,1972,NA,NA
Mauritania,MR,MRT,1973,NA,NA
Mauritania,MR,MRT,1974,NA,NA
Mauritania,MR,MRT,1975,0,NA
Mauritania,MR,MRT,1976,0,NA
Mauritania,MR,MRT,1977,0,NA
Mauritania,MR,MRT,1978,0,NA
Mauritania,MR,MRT,1979,0,NA
Mauritania,MR,MRT,1980,0,NA
Mauritania,MR,MRT,1981,0,NA
Mauritania,MR,MRT,1982,0,NA
Mauritania,MR,MRT,1983,0,NA
Mauritania,MR,MRT,1984,0,NA
Mauritania,MR,MRT,1985,0,NA
Mauritania,MR,MRT,1986,0,NA
Mauritania,MR,MRT,1987,0,NA
Mauritania,MR,MRT,1988,0,NA
Mauritania,MR,MRT,1989,0,NA
Mauritania,MR,MRT,1990,0,0
Mauritania,MR,MRT,1991,0,0
Mauritania,MR,MRT,1992,0,0
Mauritania,MR,MRT,1993,0,0
Mauritania,MR,MRT,1994,0,0
Mauritania,MR,MRT,1995,0,0
Mauritania,MR,MRT,1996,0,NA
Mauritania,MR,MRT,1997,0,0.004172527
Mauritania,MR,MRT,1998,0,0.040594795
Mauritania,MR,MRT,1999,0,0.118464464
Mauritania,MR,MRT,2000,0.567717364,0.19203146200000001
Mauritania,MR,MRT,2001,3.999640817,0.261448552
Mauritania,MR,MRT,2002,8.762013578,0.363229415
Mauritania,MR,MRT,2003,12.17184599,0.424004896
Mauritania,MR,MRT,2004,17.7290523,0.481470438
Mauritania,MR,MRT,2005,24.75185569,0.669966475
Mauritania,MR,MRT,2006,34.40580547,0.979661253
Mauritania,MR,MRT,2007,44.8379075,1.433613196
Mauritania,MR,MRT,2008,64.70073014,1.87
Mauritania,MR,MRT,2009,65.67863996,2.28
Mauritania,MR,MRT,2010,81.1838474,4
Mauritania,MR,MRT,2011,94.05598186,4.5
Mauritania,MR,MRT,2012,110.7082451,5
Mauritania,MR,MRT,2013,106.5519286,6.2
Mauritania,MR,MRT,2014,97.6622448,11.8
Mauritania,MR,MRT,2015,92.35377146,17.6
Mauritania,MR,MRT,2016,89.19718946,24.1
Mauritania,MR,MRT,2017,97.93613675,24.2
Mauritania,MR,MRT,2018,106.9260114,35.1
Mauritania,MR,MRT,2019,107.4581053,36.7
Mauritania,MR,MRT,2020,109.6467037,40.8
Mauritania,MR,MRT,2021,141.1137094,NA
Mauritius,MU,MUS,1960,0,NA
Mauritius,MU,MUS,1961,NA,NA
Mauritius,MU,MUS,1962,NA,NA
Mauritius,MU,MUS,1963,NA,NA
Mauritius,MU,MUS,1964,NA,NA
Mauritius,MU,MUS,1965,0,NA
Mauritius,MU,MUS,1966,NA,NA
Mauritius,MU,MUS,1967,NA,NA
Mauritius,MU,MUS,1968,NA,NA
Mauritius,MU,MUS,1969,NA,NA
Mauritius,MU,MUS,1970,0,NA
Mauritius,MU,MUS,1971,NA,NA
Mauritius,MU,MUS,1972,NA,NA
Mauritius,MU,MUS,1973,NA,NA
Mauritius,MU,MUS,1974,NA,NA
Mauritius,MU,MUS,1975,0,NA
Mauritius,MU,MUS,1976,0,NA
Mauritius,MU,MUS,1977,0,NA
Mauritius,MU,MUS,1978,0,NA
Mauritius,MU,MUS,1979,0,NA
Mauritius,MU,MUS,1980,0,NA
Mauritius,MU,MUS,1981,0,NA
Mauritius,MU,MUS,1982,0,NA
Mauritius,MU,MUS,1983,0,NA
Mauritius,MU,MUS,1984,0,NA
Mauritius,MU,MUS,1985,0,NA
Mauritius,MU,MUS,1986,0,NA
Mauritius,MU,MUS,1987,0,NA
Mauritius,MU,MUS,1988,0,NA
Mauritius,MU,MUS,1989,0,NA
Mauritius,MU,MUS,1990,0.201781177,0
Mauritius,MU,MUS,1991,0.226396162,0
Mauritius,MU,MUS,1992,0.260298879,0
Mauritius,MU,MUS,1993,0.356231447,0
Mauritius,MU,MUS,1994,0.497401847,0
Mauritius,MU,MUS,1995,1.011457438,0
Mauritius,MU,MUS,1996,1.777590909,0.183769158
Mauritius,MU,MUS,1997,3.590014667,0.475629193
Mauritius,MU,MUS,1998,5.05891805,2.565279962
Mauritius,MU,MUS,1999,8.47170223,4.652213227
Mauritius,MU,MUS,2000,14.80348375,7.281535115
Mauritius,MU,MUS,2001,22.23310416,8.780904019
Mauritius,MU,MUS,2002,28.16368605,10.25262467
Mauritius,MU,MUS,2003,37.22048715,12.1871062
Mauritius,MU,MUS,2004,43.80628289,13.68908859
Mauritius,MU,MUS,2005,52.21009055,15.17222875
Mauritius,MU,MUS,2006,61.07014177,16.7
Mauritius,MU,MUS,2007,73.08623436,20.22
Mauritius,MU,MUS,2008,80.99968331,21.81
Mauritius,MU,MUS,2009,84.91094394,22.51
Mauritius,MU,MUS,2010,92.79764363,28.33
Mauritius,MU,MUS,2011,100.6113964,34.95
Mauritius,MU,MUS,2012,115.290457,35.42
Mauritius,MU,MUS,2013,118.8200739,40.11682514
Mauritius,MU,MUS,2014,127.8525949,44.80327537
Mauritius,MU,MUS,2015,136.2793111,50.13931848
Mauritius,MU,MUS,2016,140.1951139,52.19132594
Mauritius,MU,MUS,2017,142.074747,55.4032403
Mauritius,MU,MUS,2018,148.0645463,58.5961697
Mauritius,MU,MUS,2019,143.9967785,61.72995515
Mauritius,MU,MUS,2020,147.3924126,64.88490358
Mauritius,MU,MUS,2021,151.765127,NA
Mexico,MX,MEX,1960,0,NA
Mexico,MX,MEX,1961,NA,NA
Mexico,MX,MEX,1962,NA,NA
Mexico,MX,MEX,1963,NA,NA
Mexico,MX,MEX,1964,NA,NA
Mexico,MX,MEX,1965,0,NA
Mexico,MX,MEX,1966,NA,NA
Mexico,MX,MEX,1967,NA,NA
Mexico,MX,MEX,1968,NA,NA
Mexico,MX,MEX,1969,NA,NA
Mexico,MX,MEX,1970,0,NA
Mexico,MX,MEX,1971,NA,NA
Mexico,MX,MEX,1972,NA,NA
Mexico,MX,MEX,1973,NA,NA
Mexico,MX,MEX,1974,NA,NA
Mexico,MX,MEX,1975,0,NA
Mexico,MX,MEX,1976,0,NA
Mexico,MX,MEX,1977,0,NA
Mexico,MX,MEX,1978,0,NA
Mexico,MX,MEX,1979,0,NA
Mexico,MX,MEX,1980,0,NA
Mexico,MX,MEX,1981,0,NA
Mexico,MX,MEX,1982,0,NA
Mexico,MX,MEX,1983,0,NA
Mexico,MX,MEX,1984,0,NA
Mexico,MX,MEX,1985,0,NA
Mexico,MX,MEX,1986,0,NA
Mexico,MX,MEX,1987,0,NA
Mexico,MX,MEX,1988,0.001901333,NA
Mexico,MX,MEX,1989,0.010594046,NA
Mexico,MX,MEX,1990,0.078225239,0
Mexico,MX,MEX,1991,0.193035298,0.005880695
Mexico,MX,MEX,1992,0.367849584,0.01730781
Mexico,MX,MEX,1993,0.445630607,0.028305042
Mexico,MX,MEX,1994,0.644573077,0.043339167
Mexico,MX,MEX,1995,0.765273175,0.10256419
Mexico,MX,MEX,1996,1.115775127,0.20040628
Mexico,MX,MEX,1997,1.868165056,0.62731154
Mexico,MX,MEX,1998,3.534421225,1.265783278
Mexico,MX,MEX,1999,8.02579566,1.857436221
Mexico,MX,MEX,2000,14.38375898,5.081384153
Mexico,MX,MEX,2001,21.89015027,7.038023117
Mexico,MX,MEX,2002,25.69264365,11.9
Mexico,MX,MEX,2003,29.3838657,12.9
Mexico,MX,MEX,2004,36.99151884,14.1
Mexico,MX,MEX,2005,44.69619916,17.21
Mexico,MX,MEX,2006,51.82629303,19.52
Mexico,MX,MEX,2007,61.45672658,20.81
Mexico,MX,MEX,2008,68.65461989,21.71
Mexico,MX,MEX,2009,74.91580596,26.34
Mexico,MX,MEX,2010,81.206383400000007,31.05
Mexico,MX,MEX,2011,82.85839199,37.17629541
Mexico,MX,MEX,2012,87.0169211,39.75
Mexico,MX,MEX,2013,91.01095461,43.46
Mexico,MX,MEX,2014,88.37316756,44.39
Mexico,MX,MEX,2015,89.62827659,57.43104299
Mexico,MX,MEX,2016,91.94482417,59.540446
Mexico,MX,MEX,2017,93.07232465,63.85224909
Mexico,MX,MEX,2018,96.89668563,65.77263448
Mexico,MX,MEX,2019,97.561569,70.06991047
Mexico,MX,MEX,2020,97.53972081,71.96819405
Mexico,MX,MEX,2021,97.80246796,71.96819405
"Micronesia, Fed. Sts.",FM,FSM,1960,0,NA
"Micronesia, Fed. Sts.",FM,FSM,1961,NA,NA
"Micronesia, Fed. Sts.",FM,FSM,1962,NA,NA
"Micronesia, Fed. Sts.",FM,FSM,1963,NA,NA
"Micronesia, Fed. Sts.",FM,FSM,1964,NA,NA
"Micronesia, Fed. Sts.",FM,FSM,1965,0,NA
"Micronesia, Fed. Sts.",FM,FSM,1966,NA,NA
"Micronesia, Fed. Sts.",FM,FSM,1967,NA,NA
"Micronesia, Fed. Sts.",FM,FSM,1968,NA,NA
"Micronesia, Fed. Sts.",FM,FSM,1969,NA,NA
"Micronesia, Fed. Sts.",FM,FSM,1970,0,NA
"Micronesia, Fed. Sts.",FM,FSM,1971,NA,NA
"Micronesia, Fed. Sts.",FM,FSM,1972,NA,NA
"Micronesia, Fed. Sts.",FM,FSM,1973,NA,NA
"Micronesia, Fed. Sts.",FM,FSM,1974,NA,NA
"Micronesia, Fed. Sts.",FM,FSM,1975,0,NA
"Micronesia, Fed. Sts.",FM,FSM,1976,0,NA
"Micronesia, Fed. Sts.",FM,FSM,1977,0,NA
"Micronesia, Fed. Sts.",FM,FSM,1978,0,NA
"Micronesia, Fed. Sts.",FM,FSM,1979,0,NA
"Micronesia, Fed. Sts.",FM,FSM,1980,0,NA
"Micronesia, Fed. Sts.",FM,FSM,1981,0,NA
"Micronesia, Fed. Sts.",FM,FSM,1982,0,NA
"Micronesia, Fed. Sts.",FM,FSM,1983,0,NA
"Micronesia, Fed. Sts.",FM,FSM,1984,0,NA
"Micronesia, Fed. Sts.",FM,FSM,1985,0,NA
"Micronesia, Fed. Sts.",FM,FSM,1986,0,NA
"Micronesia, Fed. Sts.",FM,FSM,1987,0,NA
"Micronesia, Fed. Sts.",FM,FSM,1988,0,NA
"Micronesia, Fed. Sts.",FM,FSM,1989,0,NA
"Micronesia, Fed. Sts.",FM,FSM,1990,0,0
"Micronesia, Fed. Sts.",FM,FSM,1991,0,0
"Micronesia, Fed. Sts.",FM,FSM,1992,0,0
"Micronesia, Fed. Sts.",FM,FSM,1993,0,0
"Micronesia, Fed. Sts.",FM,FSM,1994,0,0
"Micronesia, Fed. Sts.",FM,FSM,1995,0,0
"Micronesia, Fed. Sts.",FM,FSM,1996,0,0.278037795
"Micronesia, Fed. Sts.",FM,FSM,1997,0,0.570676845
"Micronesia, Fed. Sts.",FM,FSM,1998,0,1.858718785
"Micronesia, Fed. Sts.",FM,FSM,1999,0,2.797594069
"Micronesia, Fed. Sts.",FM,FSM,2000,0,3.734862137
"Micronesia, Fed. Sts.",FM,FSM,2001,0,4.660527199
"Micronesia, Fed. Sts.",FM,FSM,2002,0.089292092,5.570099705
"Micronesia, Fed. Sts.",FM,FSM,2003,5.249318009,9.2325021
"Micronesia, Fed. Sts.",FM,FSM,2004,11.4700551,11.01786731
"Micronesia, Fed. Sts.",FM,FSM,2005,12.70416441,11.8813691
"Micronesia, Fed. Sts.",FM,FSM,2006,16.87745351,12.75033925
"Micronesia, Fed. Sts.",FM,FSM,2007,25.04838769,13.62113273
"Micronesia, Fed. Sts.",FM,FSM,2008,25.29805711,14.49
"Micronesia, Fed. Sts.",FM,FSM,2009,25.49412245,15.35
"Micronesia, Fed. Sts.",FM,FSM,2010,25.57720192,20
"Micronesia, Fed. Sts.",FM,FSM,2011,25.58232224,22.8
"Micronesia, Fed. Sts.",FM,FSM,2012,28.83897553,25.974423
"Micronesia, Fed. Sts.",FM,FSM,2013,28.90433662,27.8
"Micronesia, Fed. Sts.",FM,FSM,2014,NA,29.65
"Micronesia, Fed. Sts.",FM,FSM,2015,20.559646269999998,31.50108128
"Micronesia, Fed. Sts.",FM,FSM,2016,21.29796408,33.35216255
"Micronesia, Fed. Sts.",FM,FSM,2017,20.93090646,35.30405287
"Micronesia, Fed. Sts.",FM,FSM,2018,NA,NA
"Micronesia, Fed. Sts.",FM,FSM,2019,20.65039774,NA
"Micronesia, Fed. Sts.",FM,FSM,2020,19.62428416,NA
"Micronesia, Fed. Sts.",FM,FSM,2021,NA,NA
Middle East & North Africa,ZQ,MEA,1960,0,NA
Middle East & North Africa,ZQ,MEA,1961,NA,NA
Middle East & North Africa,ZQ,MEA,1962,NA,NA
Middle East & North Africa,ZQ,MEA,1963,NA,NA
Middle East & North Africa,ZQ,MEA,1964,NA,NA
Middle East & North Africa,ZQ,MEA,1965,0,NA
Middle East & North Africa,ZQ,MEA,1966,NA,NA
Middle East & North Africa,ZQ,MEA,1967,NA,NA
Middle East & North Africa,ZQ,MEA,1968,NA,NA
Middle East & North Africa,ZQ,MEA,1969,NA,NA
Middle East & North Africa,ZQ,MEA,1970,0,NA
Middle East & North Africa,ZQ,MEA,1971,NA,NA
Middle East & North Africa,ZQ,MEA,1972,NA,NA
Middle East & North Africa,ZQ,MEA,1973,NA,NA
Middle East & North Africa,ZQ,MEA,1974,NA,NA
Middle East & North Africa,ZQ,MEA,1975,0,NA
Middle East & North Africa,ZQ,MEA,1976,0,NA
Middle East & North Africa,ZQ,MEA,1977,0,NA
Middle East & North Africa,ZQ,MEA,1978,0,NA
Middle East & North Africa,ZQ,MEA,1979,0,NA
Middle East & North Africa,ZQ,MEA,1980,0,NA
Middle East & North Africa,ZQ,MEA,1981,0,NA
Middle East & North Africa,ZQ,MEA,1982,0.00126440021858465,NA
Middle East & North Africa,ZQ,MEA,1983,0.00187458435526569,NA
Middle East & North Africa,ZQ,MEA,1984,0.00251548067753951,NA
Middle East & North Africa,ZQ,MEA,1985,0.00409278756161031,NA
Middle East & North Africa,ZQ,MEA,1986,0.0103297502019392,NA
Middle East & North Africa,ZQ,MEA,1987,0.0157234584319031,NA
Middle East & North Africa,ZQ,MEA,1988,0.0178405210465377,NA
Middle East & North Africa,ZQ,MEA,1989,0.0258407589801039,NA
Middle East & North Africa,ZQ,MEA,1990,0.0404548106318131,0.00207254077112048
Middle East & North Africa,ZQ,MEA,1991,0.0593105579989865,0.00402083314504837
Middle East & North Africa,ZQ,MEA,1992,0.0707943220502847,0.00582024347525066
Middle East & North Africa,ZQ,MEA,1993,0.0970443481359544,0.00825595330035451
Middle East & North Africa,ZQ,MEA,1994,0.145922187073382,0.0135111512086321
Middle East & North Africa,ZQ,MEA,1995,0.339214813591054,0.0317698780581613
Middle East & North Africa,ZQ,MEA,1996,0.695657607503096,0.0855682555655811
Middle East & North Africa,ZQ,MEA,1997,1.18357279449292,0.233500279876253
Middle East & North Africa,ZQ,MEA,1998,1.66123941968926,0.498478320200518
Middle East & North Africa,ZQ,MEA,1999,2.40615900569384,0.941980080601395
Middle East & North Africa,ZQ,MEA,2000,4.47937021994042,1.72761234076841
Middle East & North Africa,ZQ,MEA,2001,7.38199948087313,2.10762058723123
Middle East & North Africa,ZQ,MEA,2002,10.0539497443612,3.77705516201417
Middle East & North Africa,ZQ,MEA,2003,13.0443129197875,5.13450947269172
Middle East & North Africa,ZQ,MEA,2004,18.0481605090392,8.40927483363078
Middle East & North Africa,ZQ,MEA,2005,27.7429051333543,9.77581404056184
Middle East & North Africa,ZQ,MEA,2006,39.6410396985552,11.7905987459306
Middle East & North Africa,ZQ,MEA,2007,54.7290717240626,15.0748756272269
Middle East & North Africa,ZQ,MEA,2008,66.1603833132913,18.7818852111067
Middle East & North Africa,ZQ,MEA,2009,79.3522647067204,21.6531700453725
Middle East & North Africa,ZQ,MEA,2010,88.9876337825002,24.8581506710893
Middle East & North Africa,ZQ,MEA,2011,95.4179191054657,27.7700419898968
Middle East & North Africa,ZQ,MEA,2012,100.330061035009,31.213209809802
Middle East & North Africa,ZQ,MEA,2013,105.500544173396,35.1520914658839
Middle East & North Africa,ZQ,MEA,2014,105.791394455761,40.0795625737973
Middle East & North Africa,ZQ,MEA,2015,105.90734510179,44.4938628685507
Middle East & North Africa,ZQ,MEA,2016,104.777685318881,49.9623500895707
Middle East & North Africa,ZQ,MEA,2017,103.809348932199,56.9376460488642
Middle East & North Africa,ZQ,MEA,2018,102.129324351987,61.117771089192
Middle East & North Africa,ZQ,MEA,2019,106.436388443641,67.1712719525796
Middle East & North Africa,ZQ,MEA,2020,107.076034278512,75.5229685131206
Middle East & North Africa,ZQ,MEA,2021,117.041229851751,NA
Middle East & North Africa (excluding high income),XQ,MNA,1960,0,NA
Middle East & North Africa (excluding high income),XQ,MNA,1961,NA,NA
Middle East & North Africa (excluding high income),XQ,MNA,1962,NA,NA
Middle East & North Africa (excluding high income),XQ,MNA,1963,NA,NA
Middle East & North Africa (excluding high income),XQ,MNA,1964,NA,NA
Middle East & North Africa (excluding high income),XQ,MNA,1965,0,NA
Middle East & North Africa (excluding high income),XQ,MNA,1966,NA,NA
Middle East & North Africa (excluding high income),XQ,MNA,1967,NA,NA
Middle East & North Africa (excluding high income),XQ,MNA,1968,NA,NA
Middle East & North Africa (excluding high income),XQ,MNA,1969,NA,NA
Middle East & North Africa (excluding high income),XQ,MNA,1970,0,NA
Middle East & North Africa (excluding high income),XQ,MNA,1971,NA,NA
Middle East & North Africa (excluding high income),XQ,MNA,1972,NA,NA
Middle East & North Africa (excluding high income),XQ,MNA,1973,NA,NA
Middle East & North Africa (excluding high income),XQ,MNA,1974,NA,NA
Middle East & North Africa (excluding high income),XQ,MNA,1975,0,NA
Middle East & North Africa (excluding high income),XQ,MNA,1976,0,NA
Middle East & North Africa (excluding high income),XQ,MNA,1977,0,NA
Middle East & North Africa (excluding high income),XQ,MNA,1978,0,NA
Middle East & North Africa (excluding high income),XQ,MNA,1979,0,NA
Middle East & North Africa (excluding high income),XQ,MNA,1980,0,NA
Middle East & North Africa (excluding high income),XQ,MNA,1981,0,NA
Middle East & North Africa (excluding high income),XQ,MNA,1982,0,NA
Middle East & North Africa (excluding high income),XQ,MNA,1983,0,NA
Middle East & North Africa (excluding high income),XQ,MNA,1984,0,NA
Middle East & North Africa (excluding high income),XQ,MNA,1985,0,NA
Middle East & North Africa (excluding high income),XQ,MNA,1986,0,NA
Middle East & North Africa (excluding high income),XQ,MNA,1987,0.001393790395604,NA
Middle East & North Africa (excluding high income),XQ,MNA,1988,0.00164217378753284,NA
Middle East & North Africa (excluding high income),XQ,MNA,1989,0.00224463339506351,NA
Middle East & North Africa (excluding high income),XQ,MNA,1990,0.00338821547300786,0
Middle East & North Africa (excluding high income),XQ,MNA,1991,0.00577518181449238,0
Middle East & North Africa (excluding high income),XQ,MNA,1992,0.00740870349947998,0
Middle East & North Africa (excluding high income),XQ,MNA,1993,0.011048761135788,2.42605318778348e-4
Middle East & North Africa (excluding high income),XQ,MNA,1994,0.017477962731423,0.00199441193805961
Middle East & North Africa (excluding high income),XQ,MNA,1995,0.0787631533872729,0.011323049428452
Middle East & North Africa (excluding high income),XQ,MNA,1996,0.138256232121304,0.0268616967123388
Middle East & North Africa (excluding high income),XQ,MNA,1997,0.318694154195762,0.0800187047906458
Middle East & North Africa (excluding high income),XQ,MNA,1998,0.472675847413921,0.170264117237799
Middle East & North Africa (excluding high income),XQ,MNA,1999,0.825005702984421,0.438810677556282
Middle East & North Africa (excluding high income),XQ,MNA,2000,2.14841520495747,0.870391748984154
Middle East & North Africa (excluding high income),XQ,MNA,2001,4.25828473878993,1.1573394727419
Middle East & North Africa (excluding high income),XQ,MNA,2002,5.83701689486437,2.81857476208529
Middle East & North Africa (excluding high income),XQ,MNA,2003,8.13505195189074,4.04197759041443
Middle East & North Africa (excluding high income),XQ,MNA,2004,12.5856423255361,7.48520278495583
Middle East & North Africa (excluding high income),XQ,MNA,2005,21.579764144396002,8.59491634162379
Middle East & North Africa (excluding high income),XQ,MNA,2006,32.9875617191202,9.97440609949533
Middle East & North Africa (excluding high income),XQ,MNA,2007,46.7278196138014,11.9728496802618
Middle East & North Africa (excluding high income),XQ,MNA,2008,57.2877757760399,15.0892988905423
Middle East & North Africa (excluding high income),XQ,MNA,2009,69.4903241554121,17.7877581876243
Middle East & North Africa (excluding high income),XQ,MNA,2010,78.5496557277396,20.7171003243271
Middle East & North Africa (excluding high income),XQ,MNA,2011,85.2055262103891,23.001539554732
Middle East & North Africa (excluding high income),XQ,MNA,2012,90.8142555262051,25.9917922814774
Middle East & North Africa (excluding high income),XQ,MNA,2013,96.0326262638413,29.6976203979222
Middle East & North Africa (excluding high income),XQ,MNA,2014,96.3740334245713,34.7631527805877
Middle East & North Africa (excluding high income),XQ,MNA,2015,96.2206990904959,39.2154708842033
Middle East & North Africa (excluding high income),XQ,MNA,2016,96.0686374623559,44.9416875814616
Middle East & North Africa (excluding high income),XQ,MNA,2017,97.6525656662388,51.0311441966104
Middle East & North Africa (excluding high income),XQ,MNA,2018,95.8594616996784,55.279250227897
Middle East & North Africa (excluding high income),XQ,MNA,2019,101.278624732316,61.8865471034249
Middle East & North Africa (excluding high income),XQ,MNA,2020,102.05901361744,70.9633423290727
Middle East & North Africa (excluding high income),XQ,MNA,2021,112.637449016595,NA
Middle East & North Africa (IDA & IBRD countries),T3,TMN,1960,0,NA
Middle East & North Africa (IDA & IBRD countries),T3,TMN,1961,NA,NA
Middle East & North Africa (IDA & IBRD countries),T3,TMN,1962,NA,NA
Middle East & North Africa (IDA & IBRD countries),T3,TMN,1963,NA,NA
Middle East & North Africa (IDA & IBRD countries),T3,TMN,1964,NA,NA
Middle East & North Africa (IDA & IBRD countries),T3,TMN,1965,0,NA
Middle East & North Africa (IDA & IBRD countries),T3,TMN,1966,NA,NA
Middle East & North Africa (IDA & IBRD countries),T3,TMN,1967,NA,NA
Middle East & North Africa (IDA & IBRD countries),T3,TMN,1968,NA,NA
Middle East & North Africa (IDA & IBRD countries),T3,TMN,1969,NA,NA
Middle East & North Africa (IDA & IBRD countries),T3,TMN,1970,0,NA
Middle East & North Africa (IDA & IBRD countries),T3,TMN,1971,NA,NA
Middle East & North Africa (IDA & IBRD countries),T3,TMN,1972,NA,NA
Middle East & North Africa (IDA & IBRD countries),T3,TMN,1973,NA,NA
Middle East & North Africa (IDA & IBRD countries),T3,TMN,1974,NA,NA
Middle East & North Africa (IDA & IBRD countries),T3,TMN,1975,0,NA
Middle East & North Africa (IDA & IBRD countries),T3,TMN,1976,0,NA
Middle East & North Africa (IDA & IBRD countries),T3,TMN,1977,0,NA
Middle East & North Africa (IDA & IBRD countries),T3,TMN,1978,0,NA
Middle East & North Africa (IDA & IBRD countries),T3,TMN,1979,0,NA
Middle East & North Africa (IDA & IBRD countries),T3,TMN,1980,0,NA
Middle East & North Africa (IDA & IBRD countries),T3,TMN,1981,0,NA
Middle East & North Africa (IDA & IBRD countries),T3,TMN,1982,0,NA
Middle East & North Africa (IDA & IBRD countries),T3,TMN,1983,0,NA
Middle East & North Africa (IDA & IBRD countries),T3,TMN,1984,0,NA
Middle East & North Africa (IDA & IBRD countries),T3,TMN,1985,0,NA
Middle East & North Africa (IDA & IBRD countries),T3,TMN,1986,0,NA
Middle East & North Africa (IDA & IBRD countries),T3,TMN,1987,0.001393790395604,NA
Middle East & North Africa (IDA & IBRD countries),T3,TMN,1988,0.00164217378753284,NA
Middle East & North Africa (IDA & IBRD countries),T3,TMN,1989,0.00224463339506351,NA
Middle East & North Africa (IDA & IBRD countries),T3,TMN,1990,0.00341956731178719,0
Middle East & North Africa (IDA & IBRD countries),T3,TMN,1991,0.00577518181449238,0
Middle East & North Africa (IDA & IBRD countries),T3,TMN,1992,0.00747953532916086,0
Middle East & North Africa (IDA & IBRD countries),T3,TMN,1993,0.0111568281875528,2.44978222058689e-4
Middle East & North Africa (IDA & IBRD countries),T3,TMN,1994,0.0176531742461408,0.00201440534015163
Middle East & North Africa (IDA & IBRD countries),T3,TMN,1995,0.0787631533872729,0.0114393864328193
Middle East & North Africa (IDA & IBRD countries),T3,TMN,1996,0.138256232121304,0.0268616967123388
Middle East & North Africa (IDA & IBRD countries),T3,TMN,1997,0.318694154195762,0.0800187047906458
Middle East & North Africa (IDA & IBRD countries),T3,TMN,1998,0.472675847413921,0.170264117237799
Middle East & North Africa (IDA & IBRD countries),T3,TMN,1999,0.825005702984421,0.438810677556282
Middle East & North Africa (IDA & IBRD countries),T3,TMN,2000,2.17052949504321,0.867364674971887
Middle East & North Africa (IDA & IBRD countries),T3,TMN,2001,4.24608019871189,1.14949572990155
Middle East & North Africa (IDA & IBRD countries),T3,TMN,2002,5.818413666187,2.81531473224847
Middle East & North Africa (IDA & IBRD countries),T3,TMN,2003,8.14040642404474,4.04095061651503
Middle East & North Africa (IDA & IBRD countries),T3,TMN,2004,12.5871415152739,7.52090877347345
Middle East & North Africa (IDA & IBRD countries),T3,TMN,2005,21.6460302476208,8.50901699757937
Middle East & North Africa (IDA & IBRD countries),T3,TMN,2006,33.1103866091259,9.87618685764953
Middle East & North Africa (IDA & IBRD countries),T3,TMN,2007,46.9567718993274,11.8649887154913
Middle East & North Africa (IDA & IBRD countries),T3,TMN,2008,57.5618085377433,14.9798498375452
Middle East & North Africa (IDA & IBRD countries),T3,TMN,2009,69.7757784126744,17.6160477341051
Middle East & North Africa (IDA & IBRD countries),T3,TMN,2010,78.7211620411818,20.5177527974921
Middle East & North Africa (IDA & IBRD countries),T3,TMN,2011,85.3937365970812,22.7845737152383
Middle East & North Africa (IDA & IBRD countries),T3,TMN,2012,91.0179340883458,25.7821137395735
Middle East & North Africa (IDA & IBRD countries),T3,TMN,2013,96.3030911371994,29.4936729415444
Middle East & North Africa (IDA & IBRD countries),T3,TMN,2014,96.666101641677,34.5347066716139
Middle East & North Africa (IDA & IBRD countries),T3,TMN,2015,96.4419092885684,39.000079674406
Middle East & North Africa (IDA & IBRD countries),T3,TMN,2016,96.2630706253512,44.7564924292214
Middle East & North Africa (IDA & IBRD countries),T3,TMN,2017,97.8177447603771,50.8782060711132
Middle East & North Africa (IDA & IBRD countries),T3,TMN,2018,95.933313351923,55.1548838027954
Middle East & North Africa (IDA & IBRD countries),T3,TMN,2019,101.464501101029,61.7628911519315
Middle East & North Africa (IDA & IBRD countries),T3,TMN,2020,102.339966056779,70.9044102941834
Middle East & North Africa (IDA & IBRD countries),T3,TMN,2021,113.134566120376,NA
Middle income,XP,MIC,1960,0,NA
Middle income,XP,MIC,1961,NA,NA
Middle income,XP,MIC,1962,NA,NA
Middle income,XP,MIC,1963,NA,NA
Middle income,XP,MIC,1964,NA,NA
Middle income,XP,MIC,1965,0,NA
Middle income,XP,MIC,1966,NA,NA
Middle income,XP,MIC,1967,NA,NA
Middle income,XP,MIC,1968,NA,NA
Middle income,XP,MIC,1969,NA,NA
Middle income,XP,MIC,1970,0,NA
Middle income,XP,MIC,1971,NA,NA
Middle income,XP,MIC,1972,NA,NA
Middle income,XP,MIC,1973,NA,NA
Middle income,XP,MIC,1974,NA,NA
Middle income,XP,MIC,1975,0,NA
Middle income,XP,MIC,1976,0,NA
Middle income,XP,MIC,1977,0,NA
Middle income,XP,MIC,1978,0,NA
Middle income,XP,MIC,1979,0,NA
Middle income,XP,MIC,1980,0,NA
Middle income,XP,MIC,1981,0,NA
Middle income,XP,MIC,1982,0,NA
Middle income,XP,MIC,1983,0,NA
Middle income,XP,MIC,1984,4.9935761575098e-5,NA
Middle income,XP,MIC,1985,5.71039215984989e-5,NA
Middle income,XP,MIC,1986,4.54029632143564e-4,NA
Middle income,XP,MIC,1987,0.00103078880323432,NA
Middle income,XP,MIC,1988,0.00189718891167467,NA
Middle income,XP,MIC,1989,0.00355215500933542,NA
Middle income,XP,MIC,1990,0.00805419028767761,0
Middle income,XP,MIC,1991,0.0161388339116765,3.82390769908808e-4
Middle income,XP,MIC,1992,0.031147998999048,0.00134533766669563
Middle income,XP,MIC,1993,0.0607013544894165,0.00410096386201096
Middle income,XP,MIC,1994,0.129235700448655,0.0111655066927514
Middle income,XP,MIC,1995,0.260828566139841,0.0349468960123506
Middle income,XP,MIC,1996,0.463047170866375,0.0827857455154679
Middle income,XP,MIC,1997,0.838535823895373,0.165783634451179
Middle income,XP,MIC,1998,1.33732750556582,0.369833761724493
Middle income,XP,MIC,1999,2.38947868027756,0.749158937060804
Middle income,XP,MIC,2000,4.35500289833861,1.53367865375698
Middle income,XP,MIC,2001,6.85612795665674,2.1833024011555
Middle income,XP,MIC,2002,9.62238180684533,3.6898846180545
Middle income,XP,MIC,2003,13.1281961566349,4.84031782237908
Middle income,XP,MIC,2004,18.1889905293904,6.21608584714258
Middle income,XP,MIC,2005,24.9336594983394,7.32428433001215
Middle income,XP,MIC,2006,33.1119889760686,8.93890630720171
Middle income,XP,MIC,2007,42.3620309945531,11.7019166656263
Middle income,XP,MIC,2008,52.8285600701831,14.6138711039831
Middle income,XP,MIC,2009,62.5400001989081,17.6795343964991
Middle income,XP,MIC,2010,73.1498501009661,21.4423653303563
Middle income,XP,MIC,2011,81.6532931182765,24.6175575016878
Middle income,XP,MIC,2012,86.2264198958841,27.2856721250127
Middle income,XP,MIC,2013,91.2460803764254,29.6002257062483
Middle income,XP,MIC,2014,94.5569408700108,31.991509897648
Middle income,XP,MIC,2015,95.7453113610167,34.7189917881739
Middle income,XP,MIC,2016,100.110954997708,37.7949971915941
Middle income,XP,MIC,2017,103.075218057681,40.627243814816
Middle income,XP,MIC,2018,105.351625002383,44.3680064402779
Middle income,XP,MIC,2019,108.546670605525,49.5263078902492
Middle income,XP,MIC,2020,107.928528332519,56.9823701870451
Middle income,XP,MIC,2021,109.579253186845,NA
Moldova,MD,MDA,1960,0,NA
Moldova,MD,MDA,1961,NA,NA
Moldova,MD,MDA,1962,NA,NA
Moldova,MD,MDA,1963,NA,NA
Moldova,MD,MDA,1964,NA,NA
Moldova,MD,MDA,1965,0,NA
Moldova,MD,MDA,1966,NA,NA
Moldova,MD,MDA,1967,NA,NA
Moldova,MD,MDA,1968,NA,NA
Moldova,MD,MDA,1969,NA,NA
Moldova,MD,MDA,1970,0,NA
Moldova,MD,MDA,1971,NA,NA
Moldova,MD,MDA,1972,NA,NA
Moldova,MD,MDA,1973,NA,NA
Moldova,MD,MDA,1974,NA,NA
Moldova,MD,MDA,1975,0,NA
Moldova,MD,MDA,1976,0,NA
Moldova,MD,MDA,1977,0,NA
Moldova,MD,MDA,1978,0,NA
Moldova,MD,MDA,1979,0,NA
Moldova,MD,MDA,1980,0,NA
Moldova,MD,MDA,1981,0,NA
Moldova,MD,MDA,1982,0,NA
Moldova,MD,MDA,1983,0,NA
Moldova,MD,MDA,1984,0,NA
Moldova,MD,MDA,1985,0,NA
Moldova,MD,MDA,1986,0,NA
Moldova,MD,MDA,1987,0,NA
Moldova,MD,MDA,1988,0,NA
Moldova,MD,MDA,1989,0,NA
Moldova,MD,MDA,1990,0,0
Moldova,MD,MDA,1991,0,0
Moldova,MD,MDA,1992,0,0
Moldova,MD,MDA,1993,0,0
Moldova,MD,MDA,1994,0,8.25391e-4
Moldova,MD,MDA,1995,3.13815e-4,0.003457217
Moldova,MD,MDA,1996,0.02076658,0.004643901
Moldova,MD,MDA,1997,0.050070668,0.028128808
Moldova,MD,MDA,1998,0.160788913,0.260818206
Moldova,MD,MDA,1999,0.418221638,0.600695269
Moldova,MD,MDA,2000,3.269378181,1.282846417
Moldova,MD,MDA,2001,5.356503903,1.487812952
Moldova,MD,MDA,2002,8.154633404,3.787242799
Moldova,MD,MDA,2003,11.62540529,7.407544584
Moldova,MD,MDA,2004,19.4465228,10.62939084
Moldova,MD,MDA,2005,27.2355901,14.63027046
Moldova,MD,MDA,2006,34.44683759,19.62064771
Moldova,MD,MDA,2007,48.56606264,20.45
Moldova,MD,MDA,2008,63.56631034,23.39
Moldova,MD,MDA,2009,56.97862537,27.5
Moldova,MD,MDA,2010,69.34374716,32.3
Moldova,MD,MDA,2011,89.48951998,38
Moldova,MD,MDA,2012,102.1981124,43.37
Moldova,MD,MDA,2013,108.2043477,60
Moldova,MD,MDA,2014,111.9756969,67
Moldova,MD,MDA,2015,113.2956183,69.00000447
Moldova,MD,MDA,2016,117.468078,70.99999911
Moldova,MD,MDA,2017,117.8002494,76.12451989
Moldova,MD,MDA,2018,115.7581058,NA
Moldova,MD,MDA,2019,116.2198572,NA
Moldova,MD,MDA,2020,110.876909,NA
Moldova,MD,MDA,2021,127.3941322,NA
Monaco,MC,MCO,1960,0,NA
Monaco,MC,MCO,1961,NA,NA
Monaco,MC,MCO,1962,NA,NA
Monaco,MC,MCO,1963,NA,NA
Monaco,MC,MCO,1964,NA,NA
Monaco,MC,MCO,1965,0,NA
Monaco,MC,MCO,1966,NA,NA
Monaco,MC,MCO,1967,NA,NA
Monaco,MC,MCO,1968,NA,NA
Monaco,MC,MCO,1969,NA,NA
Monaco,MC,MCO,1970,0,NA
Monaco,MC,MCO,1971,NA,NA
Monaco,MC,MCO,1972,NA,NA
Monaco,MC,MCO,1973,NA,NA
Monaco,MC,MCO,1974,NA,NA
Monaco,MC,MCO,1975,0,NA
Monaco,MC,MCO,1976,0,NA
Monaco,MC,MCO,1977,0,NA
Monaco,MC,MCO,1978,0,NA
Monaco,MC,MCO,1979,0,NA
Monaco,MC,MCO,1980,0,NA
Monaco,MC,MCO,1981,0,NA
Monaco,MC,MCO,1982,0,NA
Monaco,MC,MCO,1983,0,NA
Monaco,MC,MCO,1984,0,NA
Monaco,MC,MCO,1985,0,NA
Monaco,MC,MCO,1986,0,NA
Monaco,MC,MCO,1987,0,NA
Monaco,MC,MCO,1988,0,NA
Monaco,MC,MCO,1989,0,NA
Monaco,MC,MCO,1990,0,0
Monaco,MC,MCO,1991,0,0
Monaco,MC,MCO,1992,0,0
Monaco,MC,MCO,1993,3.706807633,0
Monaco,MC,MCO,1994,8.188013951,0
Monaco,MC,MCO,1995,9.545136904,0
Monaco,MC,MCO,1996,17.02449636,NA
Monaco,MC,MCO,1997,22.52252252,NA
Monaco,MC,MCO,1998,35.62358347,NA
Monaco,MC,MCO,1999,40.37784775,NA
Monaco,MC,MCO,2000,42.89850608,42.18486345
Monaco,MC,MCO,2001,44.08211071,46.64614236
Monaco,MC,MCO,2002,45.92725252,48.04711717
Monaco,MC,MCO,2003,46.66728556,49.49116892
Monaco,MC,MCO,2004,48.85841916,52.49019668
Monaco,MC,MCO,2005,53.48620142,55.46482606
Monaco,MC,MCO,2006,57.18971604,61.47603971
Monaco,MC,MCO,2007,64.10457845,64.3776824
Monaco,MC,MCO,2008,69.0477685,67.25
Monaco,MC,MCO,2009,70.98546341,70.1
Monaco,MC,MCO,2010,70.57086021,75
Monaco,MC,MCO,2011,93.64854912,80.3
Monaco,MC,MCO,2012,95.66282421,87
Monaco,MC,MCO,2013,100.1072658,90.7
Monaco,MC,MCO,2014,93.25671559,92.4
Monaco,MC,MCO,2015,92.54624592,93.36330202
Monaco,MC,MCO,2016,89.81953549,95.20817797
Monaco,MC,MCO,2017,89.02386351,97.05297684
Monaco,MC,MCO,2018,88.27945664,NA
Monaco,MC,MCO,2019,91.22158017,NA
Monaco,MC,MCO,2020,96.10801148,NA
Monaco,MC,MCO,2021,98.82516491,NA
Mongolia,MN,MNG,1960,0,NA
Mongolia,MN,MNG,1961,NA,NA
Mongolia,MN,MNG,1962,NA,NA
Mongolia,MN,MNG,1963,NA,NA
Mongolia,MN,MNG,1964,NA,NA
Mongolia,MN,MNG,1965,0,NA
Mongolia,MN,MNG,1966,NA,NA
Mongolia,MN,MNG,1967,NA,NA
Mongolia,MN,MNG,1968,NA,NA
Mongolia,MN,MNG,1969,NA,NA
Mongolia,MN,MNG,1970,0,NA
Mongolia,MN,MNG,1971,NA,NA
Mongolia,MN,MNG,1972,NA,NA
Mongolia,MN,MNG,1973,NA,NA
Mongolia,MN,MNG,1974,NA,NA
Mongolia,MN,MNG,1975,0,NA
Mongolia,MN,MNG,1976,0,NA
Mongolia,MN,MNG,1977,0,NA
Mongolia,MN,MNG,1978,0,NA
Mongolia,MN,MNG,1979,0,NA
Mongolia,MN,MNG,1980,0,NA
Mongolia,MN,MNG,1981,0,NA
Mongolia,MN,MNG,1982,0,NA
Mongolia,MN,MNG,1983,0,NA
Mongolia,MN,MNG,1984,0,NA
Mongolia,MN,MNG,1985,0,NA
Mongolia,MN,MNG,1986,0,NA
Mongolia,MN,MNG,1987,0,NA
Mongolia,MN,MNG,1988,0,NA
Mongolia,MN,MNG,1989,0,NA
Mongolia,MN,MNG,1990,0,0
Mongolia,MN,MNG,1991,0,0
Mongolia,MN,MNG,1992,0,0
Mongolia,MN,MNG,1993,0,0
Mongolia,MN,MNG,1994,0,0
Mongolia,MN,MNG,1995,0,0.008811225
Mongolia,MN,MNG,1996,0.038183598,0.018160749
Mongolia,MN,MNG,1997,0.083971129,0.112742554
Mongolia,MN,MNG,1998,0.375527826,0.145810542
Mongolia,MN,MNG,1999,1.423190067,0.50847156
Mongolia,MN,MNG,2000,6.307681009,1.255652004
Mongolia,MN,MNG,2001,7.886432142,1.653238239
Mongolia,MN,MNG,2002,8.658643792,2.039572603
Mongolia,MN,MNG,2003,12.6765679,NA
Mongolia,MN,MNG,2004,16.89139537,NA
Mongolia,MN,MNG,2005,21.7722345,NA
Mongolia,MN,MNG,2006,30.02043202,NA
Mongolia,MN,MNG,2007,45.84599655,9
Mongolia,MN,MNG,2008,66.9420518,9.8
Mongolia,MN,MNG,2009,84.33692877,10
Mongolia,MN,MNG,2010,92.89366961,10.2
Mongolia,MN,MNG,2011,107.229573,12.49999111
Mongolia,MN,MNG,2012,120.8733221,16.4
Mongolia,MN,MNG,2013,101.1398329,17.69998424
Mongolia,MN,MNG,2014,104.2861725,19.94244743
Mongolia,MN,MNG,2015,103.4878838,22.50000413
Mongolia,MN,MNG,2016,111.1573482,22.2657705
Mongolia,MN,MNG,2017,125.5209736,23.71426517
Mongolia,MN,MNG,2018,133.4403606,47.13000188
Mongolia,MN,MNG,2019,136.705791,51.07999408
Mongolia,MN,MNG,2020,132.467372,62.50002848
Mongolia,MN,MNG,2021,140.012223,84.32602895
Montenegro,ME,MNE,1960,NA,NA
Montenegro,ME,MNE,1961,NA,NA
Montenegro,ME,MNE,1962,NA,NA
Montenegro,ME,MNE,1963,NA,NA
Montenegro,ME,MNE,1964,NA,NA
Montenegro,ME,MNE,1965,NA,NA
Montenegro,ME,MNE,1966,NA,NA
Montenegro,ME,MNE,1967,NA,NA
Montenegro,ME,MNE,1968,NA,NA
Montenegro,ME,MNE,1969,NA,NA
Montenegro,ME,MNE,1970,NA,NA
Montenegro,ME,MNE,1971,NA,NA
Montenegro,ME,MNE,1972,NA,NA
Montenegro,ME,MNE,1973,NA,NA
Montenegro,ME,MNE,1974,NA,NA
Montenegro,ME,MNE,1975,NA,NA
Montenegro,ME,MNE,1976,NA,NA
Montenegro,ME,MNE,1977,NA,NA
Montenegro,ME,MNE,1978,NA,NA
Montenegro,ME,MNE,1979,NA,NA
Montenegro,ME,MNE,1980,NA,NA
Montenegro,ME,MNE,1981,NA,NA
Montenegro,ME,MNE,1982,NA,NA
Montenegro,ME,MNE,1983,NA,NA
Montenegro,ME,MNE,1984,NA,NA
Montenegro,ME,MNE,1985,NA,NA
Montenegro,ME,MNE,1986,NA,NA
Montenegro,ME,MNE,1987,NA,NA
Montenegro,ME,MNE,1988,NA,NA
Montenegro,ME,MNE,1989,NA,NA
Montenegro,ME,MNE,1990,NA,NA
Montenegro,ME,MNE,1991,NA,NA
Montenegro,ME,MNE,1992,NA,NA
Montenegro,ME,MNE,1993,NA,NA
Montenegro,ME,MNE,1994,NA,NA
Montenegro,ME,MNE,1995,NA,NA
Montenegro,ME,MNE,1996,NA,NA
Montenegro,ME,MNE,1997,NA,NA
Montenegro,ME,MNE,1998,NA,NA
Montenegro,ME,MNE,1999,NA,NA
Montenegro,ME,MNE,2000,NA,NA
Montenegro,ME,MNE,2001,NA,NA
Montenegro,ME,MNE,2002,NA,NA
Montenegro,ME,MNE,2003,NA,NA
Montenegro,ME,MNE,2004,76.47930187,25.3500686
Montenegro,ME,MNE,2005,85.83355981,27.1
Montenegro,ME,MNE,2006,101.7605072,28.9
Montenegro,ME,MNE,2007,142.4226408,30.8
Montenegro,ME,MNE,2008,183.3878625,32.9
Montenegro,ME,MNE,2009,205.0386418,35.1
Montenegro,ME,MNE,2010,185.4070398,37.5
Montenegro,ME,MNE,2011,183.4653396,35.61154125
Montenegro,ME,MNE,2012,156.5227762,56.83878255
Montenegro,ME,MNE,2013,156.7802305,60.31
Montenegro,ME,MNE,2014,159.751787,61
Montenegro,ME,MNE,2015,158.981712,68.11978601
Montenegro,ME,MNE,2016,164.3464653,69.88164684
Montenegro,ME,MNE,2017,165.1820416,71.27233254
Montenegro,ME,MNE,2018,179.6504897,71.51710049
Montenegro,ME,MNE,2019,182.5833286,73.47666575
Montenegro,ME,MNE,2020,171.7021595,77.60879306
Montenegro,ME,MNE,2021,178.3957863,82.21969752
Morocco,MA,MAR,1960,0,NA
Morocco,MA,MAR,1961,NA,NA
Morocco,MA,MAR,1962,NA,NA
Morocco,MA,MAR,1963,NA,NA
Morocco,MA,MAR,1964,NA,NA
Morocco,MA,MAR,1965,0,NA
Morocco,MA,MAR,1966,NA,NA
Morocco,MA,MAR,1967,NA,NA
Morocco,MA,MAR,1968,NA,NA
Morocco,MA,MAR,1969,NA,NA
Morocco,MA,MAR,1970,0,NA
Morocco,MA,MAR,1971,NA,NA
Morocco,MA,MAR,1972,NA,NA
Morocco,MA,MAR,1973,NA,NA
Morocco,MA,MAR,1974,NA,NA
Morocco,MA,MAR,1975,0,NA
Morocco,MA,MAR,1976,0,NA
Morocco,MA,MAR,1977,0,NA
Morocco,MA,MAR,1978,0,NA
Morocco,MA,MAR,1979,0,NA
Morocco,MA,MAR,1980,0,NA
Morocco,MA,MAR,1981,0,NA
Morocco,MA,MAR,1982,0,NA
Morocco,MA,MAR,1983,0,NA
Morocco,MA,MAR,1984,0,NA
Morocco,MA,MAR,1985,0,NA
Morocco,MA,MAR,1986,0,NA
Morocco,MA,MAR,1987,2.55894e-4,NA
Morocco,MA,MAR,1988,4.39265e-4,NA
Morocco,MA,MAR,1989,0.00287408,NA
Morocco,MA,MAR,1990,0.003644065,0
Morocco,MA,MAR,1991,0.005938147,0
Morocco,MA,MAR,1992,0.012511957,0
Morocco,MA,MAR,1993,0.025711901,0
Morocco,MA,MAR,1994,0.051887421,0
Morocco,MA,MAR,1995,0.109323282,0.003710492
Morocco,MA,MAR,1996,0.156817216,0.005675444
Morocco,MA,MAR,1997,0.268323369,0.021635203
Morocco,MA,MAR,1998,0.41495255,0.142300767
Morocco,MA,MAR,1999,1.297372681,0.175595345
Morocco,MA,MAR,2000,8.133729629,0.693791245
Morocco,MA,MAR,2001,16.38290509,1.371438101
Morocco,MA,MAR,2002,21.04470828,2.373253192
Morocco,MA,MAR,2003,24.71174383,3.353366681
Morocco,MA,MAR,2004,31.00385739,11.60793477
Morocco,MA,MAR,2005,40.69143563,15.08444452
Morocco,MA,MAR,2006,51.95551274,19.77119157
Morocco,MA,MAR,2007,64.27130717,21.5
Morocco,MA,MAR,2008,72.34623057,33.1
Morocco,MA,MAR,2009,79.2717969,41.3
Morocco,MA,MAR,2010,98.88351218,52
Morocco,MA,MAR,2011,111.5066406,46.1074826
Morocco,MA,MAR,2012,117.3709565,55.41605319
Morocco,MA,MAR,2013,125.8279977,56
Morocco,MA,MAR,2014,129.0186985,56.8
Morocco,MA,MAR,2015,124.279337,57.07999935
Morocco,MA,MAR,2016,118.1848162,58.27123642
Morocco,MA,MAR,2017,123.4247246,61.76221201
Morocco,MA,MAR,2018,124.1715549,64.80386519
Morocco,MA,MAR,2019,127.9529984,84.12036305
Morocco,MA,MAR,2020,133.893994,84.12036305
Morocco,MA,MAR,2021,139.2750984,88.13031937
Mozambique,MZ,MOZ,1960,0,NA
Mozambique,MZ,MOZ,1961,NA,NA
Mozambique,MZ,MOZ,1962,NA,NA
Mozambique,MZ,MOZ,1963,NA,NA
Mozambique,MZ,MOZ,1964,NA,NA
Mozambique,MZ,MOZ,1965,0,NA
Mozambique,MZ,MOZ,1966,NA,NA
Mozambique,MZ,MOZ,1967,NA,NA
Mozambique,MZ,MOZ,1968,NA,NA
Mozambique,MZ,MOZ,1969,NA,NA
Mozambique,MZ,MOZ,1970,0,NA
Mozambique,MZ,MOZ,1971,NA,NA
Mozambique,MZ,MOZ,1972,NA,NA
Mozambique,MZ,MOZ,1973,NA,NA
Mozambique,MZ,MOZ,1974,NA,NA
Mozambique,MZ,MOZ,1975,0,NA
Mozambique,MZ,MOZ,1976,0,NA
Mozambique,MZ,MOZ,1977,0,NA
Mozambique,MZ,MOZ,1978,0,NA
Mozambique,MZ,MOZ,1979,0,NA
Mozambique,MZ,MOZ,1980,0,NA
Mozambique,MZ,MOZ,1981,0,NA
Mozambique,MZ,MOZ,1982,0,NA
Mozambique,MZ,MOZ,1983,0,NA
Mozambique,MZ,MOZ,1984,0,NA
Mozambique,MZ,MOZ,1985,0,NA
Mozambique,MZ,MOZ,1986,0,NA
Mozambique,MZ,MOZ,1987,0,NA
Mozambique,MZ,MOZ,1988,0,NA
Mozambique,MZ,MOZ,1989,0,NA
Mozambique,MZ,MOZ,1990,0,0
Mozambique,MZ,MOZ,1991,0,0
Mozambique,MZ,MOZ,1992,0,0
Mozambique,MZ,MOZ,1993,0,0
Mozambique,MZ,MOZ,1994,0,0
Mozambique,MZ,MOZ,1995,0,0
Mozambique,MZ,MOZ,1996,0,0.003042979
Mozambique,MZ,MOZ,1997,0.015131593,0.011842611
Mozambique,MZ,MOZ,1998,0.039738359,0.020197055
Mozambique,MZ,MOZ,1999,0.070614117,0.056250629
Mozambique,MZ,MOZ,2000,0.287390526,0.10959253
Mozambique,MZ,MOZ,2001,0.837793641,0.160031947
Mozambique,MZ,MOZ,2002,1.362715891,0.259612611
Mozambique,MZ,MOZ,2003,2.271134555,0.419538844
Mozambique,MZ,MOZ,2004,3.594928531,0.67944783500000006
Mozambique,MZ,MOZ,2005,7.44116826,0.854357118
Mozambique,MZ,MOZ,2006,11.28143823,0.842954488
Mozambique,MZ,MOZ,2007,14.47231559,0.91
Mozambique,MZ,MOZ,2008,20.16429783,1.56
Mozambique,MZ,MOZ,2009,26.61171939,2.68
Mozambique,MZ,MOZ,2010,31.3091043,4.17
Mozambique,MZ,MOZ,2011,33.06063053,4.6
Mozambique,MZ,MOZ,2012,35.95690082,5
Mozambique,MZ,MOZ,2013,49.11065305,5.5
Mozambique,MZ,MOZ,2014,70.98140522,6
Mozambique,MZ,MOZ,2015,75.00930402,6.5
Mozambique,MZ,MOZ,2016,54.25090462,7
Mozambique,MZ,MOZ,2017,41.56716262,7.796326608
Mozambique,MZ,MOZ,2018,47.83274319,10.9
Mozambique,MZ,MOZ,2019,48.7801676,15.1
Mozambique,MZ,MOZ,2020,49.59621356,16.5
Mozambique,MZ,MOZ,2021,42.66671846,NA
Myanmar,MM,MMR,1960,0,NA
Myanmar,MM,MMR,1961,NA,NA
Myanmar,MM,MMR,1962,NA,NA
Myanmar,MM,MMR,1963,NA,NA
Myanmar,MM,MMR,1964,NA,NA
Myanmar,MM,MMR,1965,0,NA
Myanmar,MM,MMR,1966,NA,NA
Myanmar,MM,MMR,1967,NA,NA
Myanmar,MM,MMR,1968,NA,NA
Myanmar,MM,MMR,1969,NA,NA
Myanmar,MM,MMR,1970,0,NA
Myanmar,MM,MMR,1971,NA,NA
Myanmar,MM,MMR,1972,NA,NA
Myanmar,MM,MMR,1973,NA,NA
Myanmar,MM,MMR,1974,NA,NA
Myanmar,MM,MMR,1975,0,NA
Myanmar,MM,MMR,1976,0,NA
Myanmar,MM,MMR,1977,0,NA
Myanmar,MM,MMR,1978,0,NA
Myanmar,MM,MMR,1979,0,NA
Myanmar,MM,MMR,1980,0,NA
Myanmar,MM,MMR,1981,0,NA
Myanmar,MM,MMR,1982,0,NA
Myanmar,MM,MMR,1983,0,NA
Myanmar,MM,MMR,1984,0,NA
Myanmar,MM,MMR,1985,0,NA
Myanmar,MM,MMR,1986,0,NA
Myanmar,MM,MMR,1987,0,NA
Myanmar,MM,MMR,1988,0,NA
Myanmar,MM,MMR,1989,0,NA
Myanmar,MM,MMR,1990,0,0
Myanmar,MM,MMR,1991,0,0
Myanmar,MM,MMR,1992,0,0
Myanmar,MM,MMR,1993,0.001538708,0
Myanmar,MM,MMR,1994,0.004535028,0
Myanmar,MM,MMR,1995,0.006450532,0
Myanmar,MM,MMR,1996,0.016719108,NA
Myanmar,MM,MMR,1997,0.019312269,NA
Myanmar,MM,MMR,1998,0.019130121,NA
Myanmar,MM,MMR,1999,0.025285494,1.51709e-4
Myanmar,MM,MMR,2000,0.029419172,NA
Myanmar,MM,MMR,2001,0.049268903,2.89277e-4
Myanmar,MM,MMR,2002,0.103230987,4.26494e-4
Myanmar,MM,MMR,2003,0.141753867,0.024064149
Myanmar,MM,MMR,2004,0.195300032,0.024337392
Myanmar,MM,MMR,2005,0.269672968,0.065238856
Myanmar,MM,MMR,2006,0.445459947,0.182048331
Myanmar,MM,MMR,2007,0.511172861,0.217128445
Myanmar,MM,MMR,2008,0.753933666,0.22
Myanmar,MM,MMR,2009,1.024169005,0.22
Myanmar,MM,MMR,2010,1.202648548,0.25
Myanmar,MM,MMR,2011,2.497501633,0.98
Myanmar,MM,MMR,2012,7.426825561,1.4
Myanmar,MM,MMR,2013,13.48984154,1.8
Myanmar,MM,MMR,2014,56.83954844,7.4
Myanmar,MM,MMR,2015,79.62426697,10.9
Myanmar,MM,MMR,2016,97.48338233,16
Myanmar,MM,MMR,2017,91.69666523,23.62108195
Myanmar,MM,MMR,2018,116.0975729,28.7
Myanmar,MM,MMR,2019,154.4969145,34.9
Myanmar,MM,MMR,2020,147.0303762,35.1
Myanmar,MM,MMR,2021,126.2686102,NA
Namibia,NA,NAM,1960,0,NA
Namibia,NA,NAM,1961,NA,NA
Namibia,NA,NAM,1962,NA,NA
Namibia,NA,NAM,1963,NA,NA
Namibia,NA,NAM,1964,NA,NA
Namibia,NA,NAM,1965,0,NA
Namibia,NA,NAM,1966,NA,NA
Namibia,NA,NAM,1967,NA,NA
Namibia,NA,NAM,1968,NA,NA
Namibia,NA,NAM,1969,NA,NA
Namibia,NA,NAM,1970,0,NA
Namibia,NA,NAM,1971,NA,NA
Namibia,NA,NAM,1972,NA,NA
Namibia,NA,NAM,1973,NA,NA
Namibia,NA,NAM,1974,NA,NA
Namibia,NA,NAM,1975,0,NA
Namibia,NA,NAM,1976,0,NA
Namibia,NA,NAM,1977,0,NA
Namibia,NA,NAM,1978,0,NA
Namibia,NA,NAM,1979,0,NA
Namibia,NA,NAM,1980,0,NA
Namibia,NA,NAM,1981,0,NA
Namibia,NA,NAM,1982,0,NA
Namibia,NA,NAM,1983,0,NA
Namibia,NA,NAM,1984,0,NA
Namibia,NA,NAM,1985,0,NA
Namibia,NA,NAM,1986,0,NA
Namibia,NA,NAM,1987,0,NA
Namibia,NA,NAM,1988,0,NA
Namibia,NA,NAM,1989,0,NA
Namibia,NA,NAM,1990,0,0
Namibia,NA,NAM,1991,0,0
Namibia,NA,NAM,1992,0,0
Namibia,NA,NAM,1993,0,0
Namibia,NA,NAM,1994,0,0
Namibia,NA,NAM,1995,0.218018276,0.006172051
Namibia,NA,NAM,1996,0.402650561,0.009032145
Namibia,NA,NAM,1997,0.738228794,0.058750679
Namibia,NA,NAM,1998,1.123302301,0.286745093
Namibia,NA,NAM,1999,1.687026262,0.336217708
Namibia,NA,NAM,2000,4.507622004,1.644739547
Namibia,NA,NAM,2001,5.742290732,2.416979442
Namibia,NA,NAM,2002,7.94270661,2.633699769
Namibia,NA,NAM,2003,11.6773562,3.359839886
Namibia,NA,NAM,2004,14.7516817,3.804715615
Namibia,NA,NAM,2005,22.86744121,4.010046644
Namibia,NA,NAM,2006,30.64828714,4.398870647
Namibia,NA,NAM,2007,39.78489599,4.835610778
Namibia,NA,NAM,2008,51.60525706,5.329003772
Namibia,NA,NAM,2009,78.89937715,6.5
Namibia,NA,NAM,2010,92.89286276,11.6
Namibia,NA,NAM,2011,102.9148729,12
Namibia,NA,NAM,2012,99.0478761,12.9414
Namibia,NA,NAM,2013,123.7423736,13.9
Namibia,NA,NAM,2014,119.0807762,14.84
Namibia,NA,NAM,2015,111.7016048,25.68785182
Namibia,NA,NAM,2016,114.4876454,31.03334594
Namibia,NA,NAM,2017,113.3498609,36.83740647
Namibia,NA,NAM,2018,114.6990872,40
Namibia,NA,NAM,2019,115.4093117,40.5
Namibia,NA,NAM,2020,116.4327399,41
Namibia,NA,NAM,2021,115.2226488,NA
Nauru,NR,NRU,1960,0,NA
Nauru,NR,NRU,1961,NA,NA
Nauru,NR,NRU,1962,NA,NA
Nauru,NR,NRU,1963,NA,NA
Nauru,NR,NRU,1964,NA,NA
Nauru,NR,NRU,1965,0,NA
Nauru,NR,NRU,1966,NA,NA
Nauru,NR,NRU,1967,NA,NA
Nauru,NR,NRU,1968,NA,NA
Nauru,NR,NRU,1969,NA,NA
Nauru,NR,NRU,1970,0,NA
Nauru,NR,NRU,1971,NA,NA
Nauru,NR,NRU,1972,NA,NA
Nauru,NR,NRU,1973,NA,NA
Nauru,NR,NRU,1974,NA,NA
Nauru,NR,NRU,1975,0,NA
Nauru,NR,NRU,1976,0,NA
Nauru,NR,NRU,1977,0,NA
Nauru,NR,NRU,1978,0,NA
Nauru,NR,NRU,1979,0,NA
Nauru,NR,NRU,1980,0,NA
Nauru,NR,NRU,1981,0,NA
Nauru,NR,NRU,1982,0,NA
Nauru,NR,NRU,1983,0,NA
Nauru,NR,NRU,1984,0,NA
Nauru,NR,NRU,1985,0,NA
Nauru,NR,NRU,1986,0,NA
Nauru,NR,NRU,1987,0,NA
Nauru,NR,NRU,1988,0,NA
Nauru,NR,NRU,1989,0,NA
Nauru,NR,NRU,1990,0,0
Nauru,NR,NRU,1991,0,0
Nauru,NR,NRU,1992,0,0
Nauru,NR,NRU,1993,1.466849208,0
Nauru,NR,NRU,1994,4.37998832,0
Nauru,NR,NRU,1995,4.84683986,0
Nauru,NR,NRU,1996,5.799903335,NA
Nauru,NR,NRU,1997,7.2372865,NA
Nauru,NR,NRU,1998,8.191981496,NA
Nauru,NR,NRU,1999,9.631127805,NA
Nauru,NR,NRU,2000,11.56515035,NA
Nauru,NR,NRU,2001,14.474573,2.987155233
Nauru,NR,NRU,2002,NA,NA
Nauru,NR,NRU,2003,NA,NA
Nauru,NR,NRU,2004,NA,NA
Nauru,NR,NRU,2005,NA,NA
Nauru,NR,NRU,2006,NA,NA
Nauru,NR,NRU,2007,NA,NA
Nauru,NR,NRU,2008,NA,NA
Nauru,NR,NRU,2009,NA,NA
Nauru,NR,NRU,2010,60.5409628,NA
Nauru,NR,NRU,2011,65.15608286,54
Nauru,NR,NRU,2012,65.10915358,NA
Nauru,NR,NRU,2013,NA,NA
Nauru,NR,NRU,2014,NA,NA
Nauru,NR,NRU,2015,84.04112651,NA
Nauru,NR,NRU,2016,86.56116114,NA
Nauru,NR,NRU,2017,85.60178052,62.38512451
Nauru,NR,NRU,2018,NA,NA
Nauru,NR,NRU,2019,82.42664029,NA
Nauru,NR,NRU,2020,81.20178644,NA
Nauru,NR,NRU,2021,NA,NA
Nepal,NP,NPL,1960,0,NA
Nepal,NP,NPL,1961,NA,NA
Nepal,NP,NPL,1962,NA,NA
Nepal,NP,NPL,1963,NA,NA
Nepal,NP,NPL,1964,NA,NA
Nepal,NP,NPL,1965,0,NA
Nepal,NP,NPL,1966,NA,NA
Nepal,NP,NPL,1967,NA,NA
Nepal,NP,NPL,1968,NA,NA
Nepal,NP,NPL,1969,NA,NA
Nepal,NP,NPL,1970,0,NA
Nepal,NP,NPL,1971,NA,NA
Nepal,NP,NPL,1972,NA,NA
Nepal,NP,NPL,1973,NA,NA
Nepal,NP,NPL,1974,NA,NA
Nepal,NP,NPL,1975,0,NA
Nepal,NP,NPL,1976,0,NA
Nepal,NP,NPL,1977,0,NA
Nepal,NP,NPL,1978,0,NA
Nepal,NP,NPL,1979,0,NA
Nepal,NP,NPL,1980,0,NA
Nepal,NP,NPL,1981,0,NA
Nepal,NP,NPL,1982,0,NA
Nepal,NP,NPL,1983,0,NA
Nepal,NP,NPL,1984,0,NA
Nepal,NP,NPL,1985,0,NA
Nepal,NP,NPL,1986,0,NA
Nepal,NP,NPL,1987,0,NA
Nepal,NP,NPL,1988,0,NA
Nepal,NP,NPL,1989,0,0
Nepal,NP,NPL,1990,0,0
Nepal,NP,NPL,1991,0,0
Nepal,NP,NPL,1992,0,0
Nepal,NP,NPL,1993,0,0
Nepal,NP,NPL,1994,0,0
Nepal,NP,NPL,1995,0,9.24878e-4
Nepal,NP,NPL,1996,0,0.004510473
Nepal,NP,NPL,1997,0,0.021998858
Nepal,NP,NPL,1998,0,0.064393596
Nepal,NP,NPL,1999,0.022780782,0.146668869
Nepal,NP,NPL,2000,0.041637655,0.204651684
Nepal,NP,NPL,2001,0.069265711,0.240015303
Nepal,NP,NPL,2002,0.086376308,0.31295606
Nepal,NP,NPL,2003,0.318760633,0.382810917
Nepal,NP,NPL,2004,0.44907767,0.449843651
Nepal,NP,NPL,2005,0.864809012,0.826551266
Nepal,NP,NPL,2006,4.363299013,1.141389164
Nepal,NP,NPL,2007,12.23679425,1.41
Nepal,NP,NPL,2008,15.62410254,1.73
Nepal,NP,NPL,2009,20.71222193,1.97
Nepal,NP,NPL,2010,33.85504967,7.93
Nepal,NP,NPL,2011,48.97778031,9
Nepal,NP,NPL,2012,60.76911914,11.1493
Nepal,NP,NPL,2013,78.01707755,13.3
Nepal,NP,NPL,2014,83.82947761,15.44
Nepal,NP,NPL,2015,99.65856976,17.58161801
Nepal,NP,NPL,2016,115.2869264,20.7
Nepal,NP,NPL,2017,128.0766788,24.3
Nepal,NP,NPL,2018,137.4358818,28.6
Nepal,NP,NPL,2019,134.2096779,32.8
Nepal,NP,NPL,2020,130.203706,37.7
Nepal,NP,NPL,2021,NA,NA
Netherlands,NL,NLD,1960,0,NA
Netherlands,NL,NLD,1961,NA,NA
Netherlands,NL,NLD,1962,NA,NA
Netherlands,NL,NLD,1963,NA,NA
Netherlands,NL,NLD,1964,NA,NA
Netherlands,NL,NLD,1965,0,NA
Netherlands,NL,NLD,1966,NA,NA
Netherlands,NL,NLD,1967,NA,NA
Netherlands,NL,NLD,1968,NA,NA
Netherlands,NL,NLD,1969,NA,NA
Netherlands,NL,NLD,1970,0,NA
Netherlands,NL,NLD,1971,NA,NA
Netherlands,NL,NLD,1972,NA,NA
Netherlands,NL,NLD,1973,NA,NA
Netherlands,NL,NLD,1974,NA,NA
Netherlands,NL,NLD,1975,0,NA
Netherlands,NL,NLD,1976,0,NA
Netherlands,NL,NLD,1977,0,NA
Netherlands,NL,NLD,1978,0,NA
Netherlands,NL,NLD,1979,0,NA
Netherlands,NL,NLD,1980,0,NA
Netherlands,NL,NLD,1981,0,NA
Netherlands,NL,NLD,1982,0,NA
Netherlands,NL,NLD,1983,0,NA
Netherlands,NL,NLD,1984,NA,NA
Netherlands,NL,NLD,1985,0.033067635,NA
Netherlands,NL,NLD,1986,0.104848165,NA
Netherlands,NL,NLD,1987,0.164902921,NA
Netherlands,NL,NLD,1988,0.223542129,NA
Netherlands,NL,NLD,1989,0.377098663,NA
Netherlands,NL,NLD,1990,0.528620872,0.334386942
Netherlands,NL,NLD,1991,0.764293078,0.531496128
Netherlands,NL,NLD,1992,1.095660031,1.320008028
Netherlands,NL,NLD,1993,1.416292584,1.967087737
Netherlands,NL,NLD,1994,2.091276329,3.257308831
Netherlands,NL,NLD,1995,3.489425681,6.47315766
Netherlands,NL,NLD,1996,6.538548864,9.649069145
Netherlands,NL,NLD,1997,10.98535148,14.0655114
Netherlands,NL,NLD,1998,21.31327693,22.24382769
Netherlands,NL,NLD,1999,42.65907064,39.17600725
Netherlands,NL,NLD,2000,67.6451895,43.98435137
Netherlands,NL,NLD,2001,76.3376165,49.37306211
Netherlands,NL,NLD,2002,75.3563546,61.29
Netherlands,NL,NLD,2003,81.84737461,64.35
Netherlands,NL,NLD,2004,91.38038468,68.52
Netherlands,NL,NLD,2005,97.3691093,81
Netherlands,NL,NLD,2006,105.9435391,83.7
Netherlands,NL,NLD,2007,117.6543655,85.82
Netherlands,NL,NLD,2008,125.3100554,87.42
Netherlands,NL,NLD,2009,121.8477658,89.63
Netherlands,NL,NLD,2010,115.4171328,90.72
Netherlands,NL,NLD,2011,118.7279121,91.41999576
Netherlands,NL,NLD,2012,117.4658849,92.85999236
Netherlands,NL,NLD,2013,115.4123066,93.9564
Netherlands,NL,NLD,2014,115.3822493,91.666666
Netherlands,NL,NLD,2015,122.1109286,91.72413793
Netherlands,NL,NLD,2016,121.9889276,90.4109589
Netherlands,NL,NLD,2017,119.3221581,93.19727891
Netherlands,NL,NLD,2018,122.1100816,91.89189189
Netherlands,NL,NLD,2019,125.3335923,93.2885906
Netherlands,NL,NLD,2020,122.8307665,91.33333333
Netherlands,NL,NLD,2021,125.0621654,92.05298013
New Caledonia,NC,NCL,1960,0,NA
New Caledonia,NC,NCL,1961,NA,NA
New Caledonia,NC,NCL,1962,NA,NA
New Caledonia,NC,NCL,1963,NA,NA
New Caledonia,NC,NCL,1964,NA,NA
New Caledonia,NC,NCL,1965,0,NA
New Caledonia,NC,NCL,1966,NA,NA
New Caledonia,NC,NCL,1967,NA,NA
New Caledonia,NC,NCL,1968,NA,NA
New Caledonia,NC,NCL,1969,NA,NA
New Caledonia,NC,NCL,1970,0,NA
New Caledonia,NC,NCL,1971,NA,NA
New Caledonia,NC,NCL,1972,NA,NA
New Caledonia,NC,NCL,1973,NA,NA
New Caledonia,NC,NCL,1974,NA,NA
New Caledonia,NC,NCL,1975,0,NA
New Caledonia,NC,NCL,1976,0,NA
New Caledonia,NC,NCL,1977,0,NA
New Caledonia,NC,NCL,1978,0,NA
New Caledonia,NC,NCL,1979,0,NA
New Caledonia,NC,NCL,1980,0,NA
New Caledonia,NC,NCL,1981,0,NA
New Caledonia,NC,NCL,1982,0,NA
New Caledonia,NC,NCL,1983,0,NA
New Caledonia,NC,NCL,1984,0,NA
New Caledonia,NC,NCL,1985,0,NA
New Caledonia,NC,NCL,1986,0,NA
New Caledonia,NC,NCL,1987,0,NA
New Caledonia,NC,NCL,1988,0,NA
New Caledonia,NC,NCL,1989,0,NA
New Caledonia,NC,NCL,1990,0,0
New Caledonia,NC,NCL,1991,0,0
New Caledonia,NC,NCL,1992,0,0
New Caledonia,NC,NCL,1993,0,0
New Caledonia,NC,NCL,1994,0,0
New Caledonia,NC,NCL,1995,0.413117611,0.005179013
New Caledonia,NC,NCL,1996,1.009378399,0.252983946
New Caledonia,NC,NCL,1997,2.493990529,0.989334969
New Caledonia,NC,NCL,1998,6.129086841,1.936042825
New Caledonia,NC,NCL,1999,11.72173657,5.688147323
New Caledonia,NC,NCL,2000,22.54612096,13.93954882
New Caledonia,NC,NCL,2001,30.05349865,18.23710978
New Caledonia,NC,NCL,2002,34.72237293,22.38979742
New Caledonia,NC,NCL,2003,41.38014786,26.40833447
New Caledonia,NC,NCL,2004,48.79257822,30.29804621
New Caledonia,NC,NCL,2005,55.44909784,32.35901475
New Caledonia,NC,NCL,2006,63.10175667,33.51571468
New Caledonia,NC,NCL,2007,70.71906066,35.05
New Caledonia,NC,NCL,2008,77.63407975,34.51
New Caledonia,NC,NCL,2009,81.5620914,33.99
New Caledonia,NC,NCL,2010,84.46405484,42
New Caledonia,NC,NCL,2011,85.35733598,50
New Caledonia,NC,NCL,2012,85.1449676,58
New Caledonia,NC,NCL,2013,87.01346628,66
New Caledonia,NC,NCL,2014,86.5746907,70
New Caledonia,NC,NCL,2015,91.96027304,74.00175279
New Caledonia,NC,NCL,2016,NA,NA
New Caledonia,NC,NCL,2017,NA,82.0058408
New Caledonia,NC,NCL,2018,NA,NA
New Caledonia,NC,NCL,2019,91.10851024,NA
New Caledonia,NC,NCL,2020,90.78117198,NA
New Caledonia,NC,NCL,2021,NA,NA
New Zealand,NZ,NZL,1960,0,NA
New Zealand,NZ,NZL,1961,NA,NA
New Zealand,NZ,NZL,1962,NA,NA
New Zealand,NZ,NZL,1963,NA,NA
New Zealand,NZ,NZL,1964,NA,NA
New Zealand,NZ,NZL,1965,0,NA
New Zealand,NZ,NZL,1966,NA,NA
New Zealand,NZ,NZL,1967,NA,NA
New Zealand,NZ,NZL,1968,NA,NA
New Zealand,NZ,NZL,1969,NA,NA
New Zealand,NZ,NZL,1970,0,NA
New Zealand,NZ,NZL,1971,NA,NA
New Zealand,NZ,NZL,1972,NA,NA
New Zealand,NZ,NZL,1973,NA,NA
New Zealand,NZ,NZL,1974,NA,NA
New Zealand,NZ,NZL,1975,0,NA
New Zealand,NZ,NZL,1976,0,NA
New Zealand,NZ,NZL,1977,0,NA
New Zealand,NZ,NZL,1978,0,NA
New Zealand,NZ,NZL,1979,0,NA
New Zealand,NZ,NZL,1980,0,NA
New Zealand,NZ,NZL,1981,0,NA
New Zealand,NZ,NZL,1982,0,NA
New Zealand,NZ,NZL,1983,0,NA
New Zealand,NZ,NZL,1984,0,NA
New Zealand,NZ,NZL,1985,0,NA
New Zealand,NZ,NZL,1986,0,NA
New Zealand,NZ,NZL,1987,0.072739396,NA
New Zealand,NZ,NZL,1988,0.301567973,NA
New Zealand,NZ,NZL,1989,0.866890338,NA
New Zealand,NZ,NZL,1990,1.592399808,0
New Zealand,NZ,NZL,1991,2.07663203,0
New Zealand,NZ,NZL,1992,2.836468263,0.285941241
New Zealand,NZ,NZL,1993,4.023793547,0.631215367
New Zealand,NZ,NZL,1994,6.606110652,3.168718848
New Zealand,NZ,NZL,1995,9.934965444,4.88424078
New Zealand,NZ,NZL,1996,13.21726033,8.041899368
New Zealand,NZ,NZL,1997,14.99529113,14.6015244
New Zealand,NZ,NZL,1998,20.73466868,31.63626081
New Zealand,NZ,NZL,1999,36.38977914,41.49448266
New Zealand,NZ,NZL,2000,39.99724014,47.37955654
New Zealand,NZ,NZL,2001,58.82386213,53.24101529
New Zealand,NZ,NZL,2002,62.02223379,59.08075328
New Zealand,NZ,NZL,2003,64.65269018,60.96253987
New Zealand,NZ,NZL,2004,74.16558207,61.84762781
New Zealand,NZ,NZL,2005,85.41463968,62.72021237
New Zealand,NZ,NZL,2006,90.96435436,69
New Zealand,NZ,NZL,2007,100.7038503,69.76
New Zealand,NZ,NZL,2008,108.4446201,72.03
New Zealand,NZ,NZL,2009,109.2290151,79.7
New Zealand,NZ,NZL,2010,108.3670897,80.46
New Zealand,NZ,NZL,2011,110.0137882,81.23
New Zealand,NZ,NZL,2012,111.6027902,81.64447018
New Zealand,NZ,NZL,2013,107.0856263,82.78
New Zealand,NZ,NZL,2014,112.9769538,84
New Zealand,NZ,NZL,2015,121.9886768,85.2
New Zealand,NZ,NZL,2016,130.674682,86.5
New Zealand,NZ,NZL,2017,134.8432405,87.7
New Zealand,NZ,NZL,2018,130.5976242,89
New Zealand,NZ,NZL,2019,121.2131234,90.2
New Zealand,NZ,NZL,2020,123.2134933,91.5
New Zealand,NZ,NZL,2021,113.9631575,NA
Nicaragua,NI,NIC,1960,0,NA
Nicaragua,NI,NIC,1961,NA,NA
Nicaragua,NI,NIC,1962,NA,NA
Nicaragua,NI,NIC,1963,NA,NA
Nicaragua,NI,NIC,1964,NA,NA
Nicaragua,NI,NIC,1965,0,NA
Nicaragua,NI,NIC,1966,NA,NA
Nicaragua,NI,NIC,1967,NA,NA
Nicaragua,NI,NIC,1968,NA,NA
Nicaragua,NI,NIC,1969,NA,NA
Nicaragua,NI,NIC,1970,0,NA
Nicaragua,NI,NIC,1971,NA,NA
Nicaragua,NI,NIC,1972,NA,NA
Nicaragua,NI,NIC,1973,NA,NA
Nicaragua,NI,NIC,1974,NA,NA
Nicaragua,NI,NIC,1975,0,NA
Nicaragua,NI,NIC,1976,0,NA
Nicaragua,NI,NIC,1977,0,NA
Nicaragua,NI,NIC,1978,0,NA
Nicaragua,NI,NIC,1979,0,NA
Nicaragua,NI,NIC,1980,0,NA
Nicaragua,NI,NIC,1981,0,NA
Nicaragua,NI,NIC,1982,0,NA
Nicaragua,NI,NIC,1983,0,NA
Nicaragua,NI,NIC,1984,0,NA
Nicaragua,NI,NIC,1985,0,NA
Nicaragua,NI,NIC,1986,0,NA
Nicaragua,NI,NIC,1987,0,NA
Nicaragua,NI,NIC,1988,0,NA
Nicaragua,NI,NIC,1989,0,NA
Nicaragua,NI,NIC,1990,0,0
Nicaragua,NI,NIC,1991,0,0
Nicaragua,NI,NIC,1992,0,0
Nicaragua,NI,NIC,1993,0.007157551,0
Nicaragua,NI,NIC,1994,0.047197347,0.013166228
Nicaragua,NI,NIC,1995,0.093182257,0.030046478
Nicaragua,NI,NIC,1996,0.105976404,0.084093291
Nicaragua,NI,NIC,1997,0.154412963,0.206216818
Nicaragua,NI,NIC,1998,0.368073346,0.303808975
Nicaragua,NI,NIC,1999,0.875842941,0.497901643
Nicaragua,NI,NIC,2000,1.762445586,0.980216487
Nicaragua,NI,NIC,2001,3.168043069,1.448799428
Nicaragua,NI,NIC,2002,4.511270761,1.714729584
Nicaragua,NI,NIC,2003,8.767622846,1.880412532
Nicaragua,NI,NIC,2004,13.71320868,2.320664609
Nicaragua,NI,NIC,2005,20.52144966,2.566351177
Nicaragua,NI,NIC,2006,33.09732772,2.805573063
Nicaragua,NI,NIC,2007,44.62419926,3.9
Nicaragua,NI,NIC,2008,54.64384473,5.3
Nicaragua,NI,NIC,2009,57.95828815,7.3
Nicaragua,NI,NIC,2010,67.66439527,10
Nicaragua,NI,NIC,2011,81.16938965,10.6
Nicaragua,NI,NIC,2012,97.03373143,13.5
Nicaragua,NI,NIC,2013,111.2683166,15.5
Nicaragua,NI,NIC,2014,113.8384416,17.6
Nicaragua,NI,NIC,2015,115.3296496,19.7042915
Nicaragua,NI,NIC,2016,121.2275335,24.57183396
Nicaragua,NI,NIC,2017,126.2222916,30.4
Nicaragua,NI,NIC,2018,113.2267851,37.6
Nicaragua,NI,NIC,2019,86.86221512,37.8
Nicaragua,NI,NIC,2020,88.25160841,45.2
Nicaragua,NI,NIC,2021,90.99814029,NA
Niger,NE,NER,1960,0,NA
Niger,NE,NER,1961,NA,NA
Niger,NE,NER,1962,NA,NA
Niger,NE,NER,1963,NA,NA
Niger,NE,NER,1964,NA,NA
Niger,NE,NER,1965,0,NA
Niger,NE,NER,1966,NA,NA
Niger,NE,NER,1967,NA,NA
Niger,NE,NER,1968,NA,NA
Niger,NE,NER,1969,NA,NA
Niger,NE,NER,1970,0,NA
Niger,NE,NER,1971,NA,NA
Niger,NE,NER,1972,NA,NA
Niger,NE,NER,1973,NA,NA
Niger,NE,NER,1974,NA,NA
Niger,NE,NER,1975,0,NA
Niger,NE,NER,1976,0,NA
Niger,NE,NER,1977,0,NA
Niger,NE,NER,1978,0,NA
Niger,NE,NER,1979,0,NA
Niger,NE,NER,1980,0,NA
Niger,NE,NER,1981,0,NA
Niger,NE,NER,1982,0,NA
Niger,NE,NER,1983,0,NA
Niger,NE,NER,1984,0,NA
Niger,NE,NER,1985,0,NA
Niger,NE,NER,1986,0,NA
Niger,NE,NER,1987,0,NA
Niger,NE,NER,1988,0,NA
Niger,NE,NER,1989,0,NA
Niger,NE,NER,1990,0,0
Niger,NE,NER,1991,0,0
Niger,NE,NER,1992,0,0
Niger,NE,NER,1993,0,0
Niger,NE,NER,1994,0,0
Niger,NE,NER,1995,0,0
Niger,NE,NER,1996,0,0.001039305
Niger,NE,NER,1997,9.33849e-4,0.002008766
Niger,NE,NER,1998,0.012427544,0.002911503
Niger,NE,NER,1999,0.01951659,0.028136022
Niger,NE,NER,2000,0.017689575,0.036261294
Niger,NE,NER,2001,0.017670385,0.105185431
Niger,NE,NER,2002,0.461934868,0.127152469
Niger,NE,NER,2003,0.638449273,0.155698704
Niger,NE,NER,2004,1.289911695,0.189933734
Niger,NE,NER,2005,2.337407513,0.221341351
Niger,NE,NER,2006,3.362299696,0.294033977
Niger,NE,NER,2007,6.041130838,0.39039062
Niger,NE,NER,2008,12.27826846,0.7
Niger,NE,NER,2009,16.20534839,0.76
Niger,NE,NER,2010,22.03703574,0.83
Niger,NE,NER,2011,27.44227428,0.9
Niger,NE,NER,2012,30.0513406,1.05
Niger,NE,NER,2013,37.56084948,1.15
Niger,NE,NER,2014,42.51700417,1.248675689
Niger,NE,NER,2015,44.50986093,2.476219975
Niger,NE,NER,2016,35.71309522,4.32275803
Niger,NE,NER,2017,40.38511133,10.22431156
Niger,NE,NER,2018,NA,NA
Niger,NE,NER,2019,51.69473548,NA
Niger,NE,NER,2020,58.5157033,NA
Niger,NE,NER,2021,NA,NA
Nigeria,NG,NGA,1960,0,NA
Nigeria,NG,NGA,1961,NA,NA
Nigeria,NG,NGA,1962,NA,NA
Nigeria,NG,NGA,1963,NA,NA
Nigeria,NG,NGA,1964,NA,NA
Nigeria,NG,NGA,1965,0,NA
Nigeria,NG,NGA,1966,NA,NA
Nigeria,NG,NGA,1967,NA,NA
Nigeria,NG,NGA,1968,NA,NA
Nigeria,NG,NGA,1969,NA,NA
Nigeria,NG,NGA,1970,0,NA
Nigeria,NG,NGA,1971,NA,NA
Nigeria,NG,NGA,1972,NA,NA
Nigeria,NG,NGA,1973,NA,NA
Nigeria,NG,NGA,1974,NA,NA
Nigeria,NG,NGA,1975,0,NA
Nigeria,NG,NGA,1976,0,NA
Nigeria,NG,NGA,1977,0,NA
Nigeria,NG,NGA,1978,0,NA
Nigeria,NG,NGA,1979,0,NA
Nigeria,NG,NGA,1980,0,NA
Nigeria,NG,NGA,1981,0,NA
Nigeria,NG,NGA,1982,0,NA
Nigeria,NG,NGA,1983,0,NA
Nigeria,NG,NGA,1984,0,NA
Nigeria,NG,NGA,1985,0,NA
Nigeria,NG,NGA,1986,0,NA
Nigeria,NG,NGA,1987,0,NA
Nigeria,NG,NGA,1988,0,NA
Nigeria,NG,NGA,1989,0,NA
Nigeria,NG,NGA,1990,0,0
Nigeria,NG,NGA,1991,0,0
Nigeria,NG,NGA,1992,0,0
Nigeria,NG,NGA,1993,0.008804631,0
Nigeria,NG,NGA,1994,0.01213775,0
Nigeria,NG,NGA,1995,0.012016163,0
Nigeria,NG,NGA,1996,0.012617593,0.00883298
Nigeria,NG,NGA,1997,0.013182041,0.017237401
Nigeria,NG,NGA,1998,0.017139352,0.025231461
Nigeria,NG,NGA,1999,0.020886321,0.041038723
Nigeria,NG,NGA,2000,0.02441963,0.064080808
Nigeria,NG,NGA,2001,0.211221041,0.08990137
Nigeria,NG,NGA,2002,1.210845315,0.320461976
Nigeria,NG,NGA,2003,2.365893711,0.558576245
Nigeria,NG,NGA,2004,6.68866615,1.286137641
Nigeria,NG,NGA,2005,13.23005515,3.549155718
Nigeria,NG,NGA,2006,22.39468915,5.545036083
Nigeria,NG,NGA,2007,27.24021429,6.77
Nigeria,NG,NGA,2008,41.33577643,8
Nigeria,NG,NGA,2009,47.58638737,9.3
Nigeria,NG,NGA,2010,54.23811186,11.5
Nigeria,NG,NGA,2011,57.51550468,13.8
Nigeria,NG,NGA,2012,66.31025547,16.1
Nigeria,NG,NGA,2013,72.82602613,19.1
Nigeria,NG,NGA,2014,77.46743354,21
Nigeria,NG,NGA,2015,81.97475275,24.5
Nigeria,NG,NGA,2016,81.80668821,25.67
Nigeria,NG,NGA,2017,74.89572893,28
Nigeria,NG,NGA,2018,87.06722748,31.9
Nigeria,NG,NGA,2019,90.79595497,33.6
Nigeria,NG,NGA,2020,98.03255552,35.5
Nigeria,NG,NGA,2021,91.43723303,NA
North America,XU,NAC,1960,0,NA
North America,XU,NAC,1961,NA,NA
North America,XU,NAC,1962,NA,NA
North America,XU,NAC,1963,NA,NA
North America,XU,NAC,1964,NA,NA
North America,XU,NAC,1965,0,NA
North America,XU,NAC,1966,NA,NA
North America,XU,NAC,1967,NA,NA
North America,XU,NAC,1968,NA,NA
North America,XU,NAC,1969,NA,NA
North America,XU,NAC,1970,0,NA
North America,XU,NAC,1971,NA,NA
North America,XU,NAC,1972,NA,NA
North America,XU,NAC,1973,NA,NA
North America,XU,NAC,1974,NA,NA
North America,XU,NAC,1975,0,NA
North America,XU,NAC,1976,0,NA
North America,XU,NAC,1977,0,NA
North America,XU,NAC,1978,0,NA
North America,XU,NAC,1979,0,NA
North America,XU,NAC,1980,0,NA
North America,XU,NAC,1981,NA,NA
North America,XU,NAC,1982,NA,NA
North America,XU,NAC,1983,NA,NA
North America,XU,NAC,1984,0.0354456857358644,NA
North America,XU,NAC,1985,0.13492387715,NA
North America,XU,NAC,1986,0.281330157549774,NA
North America,XU,NAC,1987,0.499162085137512,NA
North America,XU,NAC,1988,0.844314269891376,NA
North America,XU,NAC,1989,1.4158999283435,NA
North America,XU,NAC,1990,2.12761672045196,0.742073243735228
North America,XU,NAC,1991,2.98047599606759,1.10356116768175
North America,XU,NAC,1992,4.25320707523175,1.64305568030262
North America,XU,NAC,1993,6.03319693496568,2.16280954150505
North America,XU,NAC,1994,8.92690938965478,4.61466600781748
North America,XU,NAC,1995,12.3324068916648,8.73288618007381
North America,XU,NAC,1996,15.9218670279086,15.4621295496354
North America,XU,NAC,1997,19.6857447330568,20.9701083855867
North America,XU,NAC,1998,24.3653729858947,29.581811690027
North America,XU,NAC,1999,30.0252352437993,35.8826876173092
North America,XU,NAC,2000,37.7520626465879,43.8846553103943
North America,XU,NAC,2001,43.9642771370256,50.1695828638859
North America,XU,NAC,2002,48.0717160867342,59.0591630866193
North America,XU,NAC,2003,53.8948118936585,61.9412884922692
North America,XU,NAC,2004,61.3299563400262,64.8748010131832
North America,XU,NAC,2005,67.0783557060801,68.3289552761763
North America,XU,NAC,2006,74.7436922653599,69.2709210086274
North America,XU,NAC,2007,80.331037287783,74.8236553390663
North America,XU,NAC,2008,83.6256570102379,74.2661395302531
North America,XU,NAC,2009,87.1439649192966,71.9153348849765
North America,XU,NAC,2010,90.0993211931461,72.5393948181711
North America,XU,NAC,2011,93.1200087736564,71.0407485312046
North America,XU,NAC,2012,94.6620949888782,75.5224020505971
North America,XU,NAC,2013,95.6699687771596,72.8285798817087
North America,XU,NAC,2014,98.3059011964548,74.4025684229669
North America,XU,NAC,2015,100.416465445554,76.0897390827157
North America,XU,NAC,2016,101.55952088943,86.1046615931719
North America,XU,NAC,2017,101.490723797415,87.8181718445366
North America,XU,NAC,2018,103.325712553342,89.1149711639375
North America,XU,NAC,2019,104.918145873867,90.143689473461
North America,XU,NAC,2020,102.956823093426,91.0418936054873
North America,XU,NAC,2021,105.114548605585,NA
North Macedonia,MK,MKD,1960,0,NA
North Macedonia,MK,MKD,1961,NA,NA
North Macedonia,MK,MKD,1962,NA,NA
North Macedonia,MK,MKD,1963,NA,NA
North Macedonia,MK,MKD,1964,NA,NA
North Macedonia,MK,MKD,1965,0,NA
North Macedonia,MK,MKD,1966,NA,NA
North Macedonia,MK,MKD,1967,NA,NA
North Macedonia,MK,MKD,1968,NA,NA
North Macedonia,MK,MKD,1969,NA,NA
North Macedonia,MK,MKD,1970,0,NA
North Macedonia,MK,MKD,1971,NA,NA
North Macedonia,MK,MKD,1972,NA,NA
North Macedonia,MK,MKD,1973,NA,NA
North Macedonia,MK,MKD,1974,NA,NA
North Macedonia,MK,MKD,1975,0,NA
North Macedonia,MK,MKD,1976,0,NA
North Macedonia,MK,MKD,1977,0,NA
North Macedonia,MK,MKD,1978,0,NA
North Macedonia,MK,MKD,1979,0,NA
North Macedonia,MK,MKD,1980,0,NA
North Macedonia,MK,MKD,1981,0,NA
North Macedonia,MK,MKD,1982,0,NA
North Macedonia,MK,MKD,1983,0,NA
North Macedonia,MK,MKD,1984,0,NA
North Macedonia,MK,MKD,1985,0,NA
North Macedonia,MK,MKD,1986,0,NA
North Macedonia,MK,MKD,1987,0,NA
North Macedonia,MK,MKD,1988,0,NA
North Macedonia,MK,MKD,1989,0,NA
North Macedonia,MK,MKD,1990,0,0
North Macedonia,MK,MKD,1991,0,0
North Macedonia,MK,MKD,1992,0,0
North Macedonia,MK,MKD,1993,0,0
North Macedonia,MK,MKD,1994,0,0
North Macedonia,MK,MKD,1995,0,0.04074384
North Macedonia,MK,MKD,1996,0.053053164,0.075995734
North Macedonia,MK,MKD,1997,0.616794247,0.503985009
North Macedonia,MK,MKD,1998,1.494750711,1.002861666
North Macedonia,MK,MKD,1999,2.408021038,1.49733026
North Macedonia,MK,MKD,2000,5.679668056,2.485566316
North Macedonia,MK,MKD,2001,10.87351416,3.468184608
North Macedonia,MK,MKD,2002,17.69455383,17.33
North Macedonia,MK,MKD,2003,37.46725237,19.07
North Macedonia,MK,MKD,2004,47.47879688,24.44
North Macedonia,MK,MKD,2005,54.41028893,26.45
North Macedonia,MK,MKD,2006,60.73017035,28.62
North Macedonia,MK,MKD,2007,86.12638998,36.3
North Macedonia,MK,MKD,2008,94.3104945,46.04
North Macedonia,MK,MKD,2009,92.98627421,51.77
North Macedonia,MK,MKD,2010,102.8463178,51.9
North Macedonia,MK,MKD,2011,105.5373638,56.7
North Macedonia,MK,MKD,2012,106.4769433,57.44994731
North Macedonia,MK,MKD,2013,106.4234629,65.24
North Macedonia,MK,MKD,2014,105.6594552,68.06
North Macedonia,MK,MKD,2015,98.8434801,70.38020308
North Macedonia,MK,MKD,2016,97.17078414,72.15681447
North Macedonia,MK,MKD,2017,95.07708173,74.51682418
North Macedonia,MK,MKD,2018,93.16855383,79.16775519
North Macedonia,MK,MKD,2019,90.86343805,81.41288276
North Macedonia,MK,MKD,2020,88.20817101,81.40553811
North Macedonia,MK,MKD,2021,92.29897353,NA
Northern Mariana Islands,MP,MNP,1960,0,NA
Northern Mariana Islands,MP,MNP,1961,NA,NA
Northern Mariana Islands,MP,MNP,1962,NA,NA
Northern Mariana Islands,MP,MNP,1963,NA,NA
Northern Mariana Islands,MP,MNP,1964,NA,NA
Northern Mariana Islands,MP,MNP,1965,0,NA
Northern Mariana Islands,MP,MNP,1966,NA,NA
Northern Mariana Islands,MP,MNP,1967,NA,NA
Northern Mariana Islands,MP,MNP,1968,NA,NA
Northern Mariana Islands,MP,MNP,1969,NA,NA
Northern Mariana Islands,MP,MNP,1970,0,NA
Northern Mariana Islands,MP,MNP,1971,NA,NA
Northern Mariana Islands,MP,MNP,1972,NA,NA
Northern Mariana Islands,MP,MNP,1973,NA,NA
Northern Mariana Islands,MP,MNP,1974,NA,NA
Northern Mariana Islands,MP,MNP,1975,0,NA
Northern Mariana Islands,MP,MNP,1976,0,NA
Northern Mariana Islands,MP,MNP,1977,0,NA
Northern Mariana Islands,MP,MNP,1978,0,NA
Northern Mariana Islands,MP,MNP,1979,0,NA
Northern Mariana Islands,MP,MNP,1980,0,NA
Northern Mariana Islands,MP,MNP,1981,0,NA
Northern Mariana Islands,MP,MNP,1982,0,NA
Northern Mariana Islands,MP,MNP,1983,0,NA
Northern Mariana Islands,MP,MNP,1984,0,NA
Northern Mariana Islands,MP,MNP,1985,0,NA
Northern Mariana Islands,MP,MNP,1986,0,NA
Northern Mariana Islands,MP,MNP,1987,0,NA
Northern Mariana Islands,MP,MNP,1988,0,NA
Northern Mariana Islands,MP,MNP,1989,0,NA
Northern Mariana Islands,MP,MNP,1990,0,0
Northern Mariana Islands,MP,MNP,1991,NA,0
Northern Mariana Islands,MP,MNP,1992,NA,0
Northern Mariana Islands,MP,MNP,1993,1.526653875,0
Northern Mariana Islands,MP,MNP,1994,1.601088321,0
Northern Mariana Islands,MP,MNP,1995,2.463205862,0
Northern Mariana Islands,MP,MNP,1996,NA,NA
Northern Mariana Islands,MP,MNP,1997,NA,NA
Northern Mariana Islands,MP,MNP,1998,NA,NA
Northern Mariana Islands,MP,MNP,1999,3.810485722,NA
Northern Mariana Islands,MP,MNP,2000,3.734222908,NA
Northern Mariana Islands,MP,MNP,2001,16.60816065,NA
Northern Mariana Islands,MP,MNP,2002,22.20911848,NA
Northern Mariana Islands,MP,MNP,2003,24.95108681,NA
Northern Mariana Islands,MP,MNP,2004,28.47645275,NA
Northern Mariana Islands,MP,MNP,2005,NA,NA
Northern Mariana Islands,MP,MNP,2006,NA,NA
Northern Mariana Islands,MP,MNP,2007,NA,NA
Northern Mariana Islands,MP,MNP,2008,NA,NA
Northern Mariana Islands,MP,MNP,2009,NA,NA
Northern Mariana Islands,MP,MNP,2010,NA,NA
Northern Mariana Islands,MP,MNP,2011,NA,NA
Northern Mariana Islands,MP,MNP,2012,NA,NA
Northern Mariana Islands,MP,MNP,2013,NA,NA
Northern Mariana Islands,MP,MNP,2014,NA,NA
Northern Mariana Islands,MP,MNP,2015,NA,NA
Northern Mariana Islands,MP,MNP,2016,NA,NA
Northern Mariana Islands,MP,MNP,2017,NA,NA
Northern Mariana Islands,MP,MNP,2018,NA,NA
Northern Mariana Islands,MP,MNP,2019,NA,NA
Northern Mariana Islands,MP,MNP,2020,NA,NA
Northern Mariana Islands,MP,MNP,2021,NA,NA
Norway,NO,NOR,1960,0,NA
Norway,NO,NOR,1961,NA,NA
Norway,NO,NOR,1962,NA,NA
Norway,NO,NOR,1963,NA,NA
Norway,NO,NOR,1964,NA,NA
Norway,NO,NOR,1965,0,NA
Norway,NO,NOR,1966,NA,NA
Norway,NO,NOR,1967,NA,NA
Norway,NO,NOR,1968,NA,NA
Norway,NO,NOR,1969,NA,NA
Norway,NO,NOR,1970,0,NA
Norway,NO,NOR,1971,NA,NA
Norway,NO,NOR,1972,NA,NA
Norway,NO,NOR,1973,NA,NA
Norway,NO,NOR,1974,NA,NA
Norway,NO,NOR,1975,0,NA
Norway,NO,NOR,1976,0,NA
Norway,NO,NOR,1977,0,NA
Norway,NO,NOR,1978,0,NA
Norway,NO,NOR,1979,0,NA
Norway,NO,NOR,1980,0,NA
Norway,NO,NOR,1981,0.040733148,NA
Norway,NO,NOR,1982,0.268752988,NA
Norway,NO,NOR,1983,0.568550094,NA
Norway,NO,NOR,1984,0.943182949,NA
Norway,NO,NOR,1985,1.518914001,NA
Norway,NO,NOR,1986,2.089066242,NA
Norway,NO,NOR,1987,2.866681825,NA
Norway,NO,NOR,1988,3.615333615,NA
Norway,NO,NOR,1989,3.966124085,NA
Norway,NO,NOR,1990,4.640379325,0.707299448
Norway,NO,NOR,1991,5.500452147,1.407395158
Norway,NO,NOR,1992,6.600122196,2.216365832
Norway,NO,NOR,1993,8.612970463,2.783990846
Norway,NO,NOR,1994,13.56959375,4.152450292
Norway,NO,NOR,1995,22.5104391,6.423220493
Norway,NO,NOR,1996,28.79018877,18.25031077
Norway,NO,NOR,1997,38.06210834,20.41788144
Norway,NO,NOR,1998,46.75432049,22.56011255
Norway,NO,NOR,1999,59.70226855,40
Norway,NO,NOR,2000,71.78479169,52
Norway,NO,NOR,2001,79.59651016,64
Norway,NO,NOR,2002,83.50890769,72.84
Norway,NO,NOR,2003,88.95247425,78.13
Norway,NO,NOR,2004,98.52955299,77.69
Norway,NO,NOR,2005,102.8281314,81.99
Norway,NO,NOR,2006,104.4588097,82.55
Norway,NO,NOR,2007,106.9661048,86.93
Norway,NO,NOR,2008,109.2804594,90.57
Norway,NO,NOR,2009,110.8786963,92.08
Norway,NO,NOR,2010,114.5108913,93.39
Norway,NO,NOR,2011,115.5824466,93.48998265
Norway,NO,NOR,2012,115.509809,94.64997805
Norway,NO,NOR,2013,112.0335357,95.0534
Norway,NO,NOR,2014,111.6785885,96.3
Norway,NO,NOR,2015,110.1059349,96.81032569
Norway,NO,NOR,2016,109.4141225,97.29820367
Norway,NO,NOR,2017,108.380522,96.3576013
Norway,NO,NOR,2018,107.6910276,96.49165799
Norway,NO,NOR,2019,107.9941993,98.00000439
Norway,NO,NOR,2020,108.285471,97.00000121
Norway,NO,NOR,2021,NA,99.0000036
Not classified,XY,,1960,NA,NA
Not classified,XY,,1961,NA,NA
Not classified,XY,,1962,NA,NA
Not classified,XY,,1963,NA,NA
Not classified,XY,,1964,NA,NA
Not classified,XY,,1965,NA,NA
Not classified,XY,,1966,NA,NA
Not classified,XY,,1967,NA,NA
Not classified,XY,,1968,NA,NA
Not classified,XY,,1969,NA,NA
Not classified,XY,,1970,NA,NA
Not classified,XY,,1971,NA,NA
Not classified,XY,,1972,NA,NA
Not classified,XY,,1973,NA,NA
Not classified,XY,,1974,NA,NA
Not classified,XY,,1975,NA,NA
Not classified,XY,,1976,NA,NA
Not classified,XY,,1977,NA,NA
Not classified,XY,,1978,NA,NA
Not classified,XY,,1979,NA,NA
Not classified,XY,,1980,NA,NA
Not classified,XY,,1981,NA,NA
Not classified,XY,,1982,NA,NA
Not classified,XY,,1983,NA,NA
Not classified,XY,,1984,NA,NA
Not classified,XY,,1985,NA,NA
Not classified,XY,,1986,NA,NA
Not classified,XY,,1987,NA,NA
Not classified,XY,,1988,NA,NA
Not classified,XY,,1989,NA,NA
Not classified,XY,,1990,NA,NA
Not classified,XY,,1991,NA,NA
Not classified,XY,,1992,NA,NA
Not classified,XY,,1993,NA,NA
Not classified,XY,,1994,NA,NA
Not classified,XY,,1995,NA,NA
Not classified,XY,,1996,NA,NA
Not classified,XY,,1997,NA,NA
Not classified,XY,,1998,NA,NA
Not classified,XY,,1999,NA,NA
Not classified,XY,,2000,NA,NA
Not classified,XY,,2001,NA,NA
Not classified,XY,,2002,NA,NA
Not classified,XY,,2003,NA,NA
Not classified,XY,,2004,NA,NA
Not classified,XY,,2005,NA,NA
Not classified,XY,,2006,NA,NA
Not classified,XY,,2007,NA,NA
Not classified,XY,,2008,NA,NA
Not classified,XY,,2009,NA,NA
Not classified,XY,,2010,NA,NA
Not classified,XY,,2011,NA,NA
Not classified,XY,,2012,NA,NA
Not classified,XY,,2013,NA,NA
Not classified,XY,,2014,NA,NA
Not classified,XY,,2015,NA,NA
Not classified,XY,,2016,NA,NA
Not classified,XY,,2017,NA,NA
Not classified,XY,,2018,NA,NA
Not classified,XY,,2019,NA,NA
Not classified,XY,,2020,NA,NA
Not classified,XY,,2021,NA,NA
OECD members,OE,OED,1960,0,NA
OECD members,OE,OED,1961,NA,NA
OECD members,OE,OED,1962,NA,NA
OECD members,OE,OED,1963,NA,NA
OECD members,OE,OED,1964,NA,NA
OECD members,OE,OED,1965,0,NA
OECD members,OE,OED,1966,NA,NA
OECD members,OE,OED,1967,NA,NA
OECD members,OE,OED,1968,NA,NA
OECD members,OE,OED,1969,NA,NA
OECD members,OE,OED,1970,0,NA
OECD members,OE,OED,1971,NA,NA
OECD members,OE,OED,1972,NA,NA
OECD members,OE,OED,1973,NA,NA
OECD members,OE,OED,1974,NA,NA
OECD members,OE,OED,1975,0,NA
OECD members,OE,OED,1976,0,NA
OECD members,OE,OED,1977,0,NA
OECD members,OE,OED,1978,0,NA
OECD members,OE,OED,1979,0,NA
OECD members,OE,OED,1980,0.00232738770623931,NA
OECD members,OE,OED,1981,0.00802302497263679,NA
OECD members,OE,OED,1982,0.0124116592099048,NA
OECD members,OE,OED,1983,0.0189334745687367,NA
OECD members,OE,OED,1984,0.0327543896236833,NA
OECD members,OE,OED,1985,0.0756201585813685,NA
OECD members,OE,OED,1986,0.132145259701665,NA
OECD members,OE,OED,1987,0.228773937803474,NA
OECD members,OE,OED,1988,0.385238173305541,NA
OECD members,OE,OED,1989,0.644292301591426,NA
OECD members,OE,OED,1990,0.960701099762339,0.234459168180993
OECD members,OE,OED,1991,1.36295900248025,0.378398524050121
OECD members,OE,OED,1992,1.89438662571492,0.595669627066591
OECD members,OE,OED,1993,2.696773742729,0.845864683299273
OECD members,OE,OED,1994,4.2620330385136,1.71005678495018
OECD members,OE,OED,1995,6.7506954215468,3.22328955556527
OECD members,OE,OED,1996,10.5479192599006,5.89657620588731
OECD members,OE,OED,1997,14.9249008347138,9.23330736375979
OECD members,OE,OED,1998,21.359081644029,13.8317435050697
OECD members,OE,OED,1999,31.3601644331137,19.9824298989794
OECD members,OE,OED,2000,44.010463313539,26.977549284915
OECD members,OE,OED,2001,52.2350423210071,32.3282793724703
OECD members,OE,OED,2002,57.2868093366769,40.2291328434299
OECD members,OE,OED,2003,62.912773864967,44.3748736469167
OECD members,OE,OED,2004,70.187060353073,49.0693046315525
OECD members,OE,OED,2005,78.2699707143542,52.6320101108423
OECD members,OE,OED,2006,86.1289645644289,55.1652581974885
OECD members,OE,OED,2007,94.0661845604868,60.4799730773756
OECD members,OE,OED,2008,98.5550259938278,62.5976640567772
OECD members,OE,OED,2009,100.336488554697,64.1120463983223
OECD members,OE,OED,2010,101.847002441074,66.5393719503825
OECD members,OE,OED,2011,105.327654279507,67.5416961974207
OECD members,OE,OED,2012,108.02174226665,70.1931882086105
OECD members,OE,OED,2013,109.860365426311,71.529156133675
OECD members,OE,OED,2014,111.134001241857,73.1352703768472
OECD members,OE,OED,2015,111.741218539476,75.678338922766
OECD members,OE,OED,2016,113.057251683705,79.8591168820483
OECD members,OE,OED,2017,114.135901730199,81.494911158837
OECD members,OE,OED,2018,115.711339697942,83.1799580809788
OECD members,OE,OED,2019,116.919670258627,84.8663993532016
OECD members,OE,OED,2020,116.88279196418,86.2227357182343
OECD members,OE,OED,2021,119.560665524519,NA
Oman,OM,OMN,1960,0,NA
Oman,OM,OMN,1961,NA,NA
Oman,OM,OMN,1962,NA,NA
Oman,OM,OMN,1963,NA,NA
Oman,OM,OMN,1964,NA,NA
Oman,OM,OMN,1965,0,NA
Oman,OM,OMN,1966,NA,NA
Oman,OM,OMN,1967,NA,NA
Oman,OM,OMN,1968,NA,NA
Oman,OM,OMN,1969,NA,NA
Oman,OM,OMN,1970,0,NA
Oman,OM,OMN,1971,NA,NA
Oman,OM,OMN,1972,NA,NA
Oman,OM,OMN,1973,NA,NA
Oman,OM,OMN,1974,NA,NA
Oman,OM,OMN,1975,0,NA
Oman,OM,OMN,1976,0,NA
Oman,OM,OMN,1977,0,NA
Oman,OM,OMN,1978,0,NA
Oman,OM,OMN,1979,0,NA
Oman,OM,OMN,1980,0,NA
Oman,OM,OMN,1981,0,NA
Oman,OM,OMN,1982,0,NA
Oman,OM,OMN,1983,0,NA
Oman,OM,OMN,1984,0,NA
Oman,OM,OMN,1985,0.003470327,NA
Oman,OM,OMN,1986,0.047848269,NA
Oman,OM,OMN,1987,0.071549261,NA
Oman,OM,OMN,1988,0.101959943,NA
Oman,OM,OMN,1989,0.12049466,NA
Oman,OM,OMN,1990,0.150648866,0
Oman,OM,OMN,1991,0.193899147,0
Oman,OM,OMN,1992,0.238040615,0
Oman,OM,OMN,1993,0.271028867,0
Oman,OM,OMN,1994,0.314231069,0
Oman,OM,OMN,1995,0.365289843,0
Oman,OM,OMN,1996,0.670644633,0
Oman,OM,OMN,1997,2.355804747,0.439792805
Oman,OM,OMN,1998,4.351950207,0.862725306
Oman,OM,OMN,1999,5.366082104,2.515665987
Oman,OM,OMN,2000,7.142942178,3.520421417
Oman,OM,OMN,2001,14.07430711,5.893841521
Oman,OM,OMN,2002,19.82989972,6.873396039
Oman,OM,OMN,2003,24.89349023,7.255742945
Oman,OM,OMN,2004,32.96971561,6.75885217
Oman,OM,OMN,2005,53.09007343,6.68358142
Oman,OM,OMN,2006,70.44534978,8.299716673
Oman,OM,OMN,2007,94.08548532,16.68
Oman,OM,OMN,2008,117.0262559,20
Oman,OM,OMN,2009,138.0495907,26.8
Oman,OM,OMN,2010,151.4460942,35.8278
Oman,OM,OMN,2011,147.92643,48
Oman,OM,OMN,2012,150.8732775,60
Oman,OM,OMN,2013,149.2089101,66.45
Oman,OM,OMN,2014,153.8060369,70.22
Oman,OM,OMN,2015,155.7561043,73.53
Oman,OM,OMN,2016,153.2914555,76.84539047
Oman,OM,OMN,2017,148.8216278,80.18563573
Oman,OM,OMN,2018,139.9674164,85.5
Oman,OM,OMN,2019,138.2321115,90.3
Oman,OM,OMN,2020,140.0686492,95.23229321
Oman,OM,OMN,2021,135.0769728,NA
Other small states,S4,OSS,1960,0,NA
Other small states,S4,OSS,1961,NA,NA
Other small states,S4,OSS,1962,NA,NA
Other small states,S4,OSS,1963,NA,NA
Other small states,S4,OSS,1964,NA,NA
Other small states,S4,OSS,1965,0,NA
Other small states,S4,OSS,1966,NA,NA
Other small states,S4,OSS,1967,NA,NA
Other small states,S4,OSS,1968,NA,NA
Other small states,S4,OSS,1969,NA,NA
Other small states,S4,OSS,1970,0,NA
Other small states,S4,OSS,1971,NA,NA
Other small states,S4,OSS,1972,NA,NA
Other small states,S4,OSS,1973,NA,NA
Other small states,S4,OSS,1974,NA,NA
Other small states,S4,OSS,1975,0,NA
Other small states,S4,OSS,1976,0,NA
Other small states,S4,OSS,1977,0,NA
Other small states,S4,OSS,1978,0,NA
Other small states,S4,OSS,1979,0,NA
Other small states,S4,OSS,1980,0,NA
Other small states,S4,OSS,1981,0,NA
Other small states,S4,OSS,1982,0,NA
Other small states,S4,OSS,1983,0,NA
Other small states,S4,OSS,1984,0,NA
Other small states,S4,OSS,1985,0,NA
Other small states,S4,OSS,1986,0.0229509339237097,NA
Other small states,S4,OSS,1987,0.0461200669956117,NA
Other small states,S4,OSS,1988,0.0640251365469585,NA
Other small states,S4,OSS,1989,0.0892195334276046,NA
Other small states,S4,OSS,1990,0.153173172153789,0
Other small states,S4,OSS,1991,0.22669032424829,0.00745808201102459
Other small states,S4,OSS,1992,0.313068395784696,0.0299590990496142
Other small states,S4,OSS,1993,0.439584412430816,0.0657637227585629
Other small states,S4,OSS,1994,0.690277260034729,0.194588177578796
Other small states,S4,OSS,1995,1.23328729202296,0.435132191283763
Other small states,S4,OSS,1996,1.93430179901937,0.845440586154307
Other small states,S4,OSS,1997,2.92325115694885,1.45436612892865
Other small states,S4,OSS,1998,4.3903260876548,2.49195145256516
Other small states,S4,OSS,1999,6.88772492944611,3.2994313289233
Other small states,S4,OSS,2000,11.4668771240653,5.31221054704077
Other small states,S4,OSS,2001,16.0324698147794,6.55546479948952
Other small states,S4,OSS,2002,20.8041775670104,8.49213012572678
Other small states,S4,OSS,2003,24.1082003436054,9.77761812828775
Other small states,S4,OSS,2004,31.3977812491356,11.4875311595228
Other small states,S4,OSS,2005,38.3190329905173,12.7510733874847
Other small states,S4,OSS,2006,46.3898048966923,14.1358978965896
Other small states,S4,OSS,2007,57.7351740897714,15.975660220386
Other small states,S4,OSS,2008,68.0303027293872,18.558521470283
Other small states,S4,OSS,2009,76.5095194571438,20.477472338644102
Other small states,S4,OSS,2010,85.612924976608,23.8517621013314
Other small states,S4,OSS,2011,94.7637795662679,27.2476416266817
Other small states,S4,OSS,2012,101.637244702821,30.5085882958987
Other small states,S4,OSS,2013,108.538903888498,35.4039987930709
Other small states,S4,OSS,2014,114.952634995347,39.422868378582
Other small states,S4,OSS,2015,117.050722160397,43.4178199347679
Other small states,S4,OSS,2016,118.908154585445,47.3687344300502
Other small states,S4,OSS,2017,117.028880394955,51.0286429029512
Other small states,S4,OSS,2018,115.262491610662,58.8799892537292
Other small states,S4,OSS,2019,113.052993586656,60.4633545572016
Other small states,S4,OSS,2020,112.649937088361,61.5074227352778
Other small states,S4,OSS,2021,123.891886592997,NA
Pacific island small states,S2,PSS,1960,0,NA
Pacific island small states,S2,PSS,1961,NA,NA
Pacific island small states,S2,PSS,1962,NA,NA
Pacific island small states,S2,PSS,1963,NA,NA
Pacific island small states,S2,PSS,1964,NA,NA
Pacific island small states,S2,PSS,1965,0,NA
Pacific island small states,S2,PSS,1966,NA,NA
Pacific island small states,S2,PSS,1967,NA,NA
Pacific island small states,S2,PSS,1968,NA,NA
Pacific island small states,S2,PSS,1969,NA,NA
Pacific island small states,S2,PSS,1970,0,NA
Pacific island small states,S2,PSS,1971,NA,NA
Pacific island small states,S2,PSS,1972,NA,NA
Pacific island small states,S2,PSS,1973,NA,NA
Pacific island small states,S2,PSS,1974,NA,NA
Pacific island small states,S2,PSS,1975,0,NA
Pacific island small states,S2,PSS,1976,0,NA
Pacific island small states,S2,PSS,1977,0,NA
Pacific island small states,S2,PSS,1978,0,NA
Pacific island small states,S2,PSS,1979,0,NA
Pacific island small states,S2,PSS,1980,0,NA
Pacific island small states,S2,PSS,1981,0,NA
Pacific island small states,S2,PSS,1982,0,NA
Pacific island small states,S2,PSS,1983,0,NA
Pacific island small states,S2,PSS,1984,0,NA
Pacific island small states,S2,PSS,1985,0,NA
Pacific island small states,S2,PSS,1986,0,NA
Pacific island small states,S2,PSS,1987,0,NA
Pacific island small states,S2,PSS,1988,0,NA
Pacific island small states,S2,PSS,1989,0,NA
Pacific island small states,S2,PSS,1990,0,0
Pacific island small states,S2,PSS,1991,0,0
Pacific island small states,S2,PSS,1992,0,0
Pacific island small states,S2,PSS,1993,0.00819450476565519,0.0028538027833535
Pacific island small states,S2,PSS,1994,0.109954852510803,0.00334349739918022
Pacific island small states,S2,PSS,1995,0.192765353553351,0.0152563877044405
Pacific island small states,S2,PSS,1996,0.287362978883286,0.132181306345431
Pacific island small states,S2,PSS,1997,0.423712545622257,0.285948065314149
Pacific island small states,S2,PSS,1998,0.60026781885315,0.611475105390706
Pacific island small states,S2,PSS,1999,1.45891137280013,0.869306093073965
Pacific island small states,S2,PSS,2000,3.03580011919588,1.4567183606461
Pacific island small states,S2,PSS,2001,4.27369867901655,1.88046779296674
Pacific island small states,S2,PSS,2002,5.06630129977047,4.00181686896389
Pacific island small states,S2,PSS,2003,7.17756918939943,4.56452278663028
Pacific island small states,S2,PSS,2004,9.67124807702072,5.19942823962981
Pacific island small states,S2,PSS,2005,13.8876801442142,5.63056249809157
Pacific island small states,S2,PSS,2006,19.272443863737,6.55227336218834
Pacific island small states,S2,PSS,2007,34.2380999316119,7.44721913127485
Pacific island small states,S2,PSS,2008,38.11040366351,8.73199965910969
Pacific island small states,S2,PSS,2009,45.8526566668153,10.9042809659244
Pacific island small states,S2,PSS,2010,52.8508394409988,12.9845872520815
Pacific island small states,S2,PSS,2011,60.6118982077145,17.6429539856988
Pacific island small states,S2,PSS,2012,66.9014779275342,20.6880193209782
Pacific island small states,S2,PSS,2013,69.5236648334447,21.9648244991384
Pacific island small states,S2,PSS,2014,72.2805965843785,24.6382986022511
Pacific island small states,S2,PSS,2015,77.2484130709622,27.8871235790206
Pacific island small states,S2,PSS,2016,83.781590361882,31.7141220139161
Pacific island small states,S2,PSS,2017,83.6290582383162,39.1541686807383
Pacific island small states,S2,PSS,2018,86.8609752052671,NA
Pacific island small states,S2,PSS,2019,81.0742061939604,NA
Pacific island small states,S2,PSS,2020,77.0756422471147,NA
Pacific island small states,S2,PSS,2021,NA,NA
Pakistan,PK,PAK,1960,0,NA
Pakistan,PK,PAK,1961,NA,NA
Pakistan,PK,PAK,1962,NA,NA
Pakistan,PK,PAK,1963,NA,NA
Pakistan,PK,PAK,1964,NA,NA
Pakistan,PK,PAK,1965,0,NA
Pakistan,PK,PAK,1966,NA,NA
Pakistan,PK,PAK,1967,NA,NA
Pakistan,PK,PAK,1968,NA,NA
Pakistan,PK,PAK,1969,NA,NA
Pakistan,PK,PAK,1970,0,NA
Pakistan,PK,PAK,1971,NA,NA
Pakistan,PK,PAK,1972,NA,NA
Pakistan,PK,PAK,1973,NA,NA
Pakistan,PK,PAK,1974,NA,NA
Pakistan,PK,PAK,1975,0,NA
Pakistan,PK,PAK,1976,0,NA
Pakistan,PK,PAK,1977,0,NA
Pakistan,PK,PAK,1978,0,NA
Pakistan,PK,PAK,1979,0,NA
Pakistan,PK,PAK,1980,0,NA
Pakistan,PK,PAK,1981,0,NA
Pakistan,PK,PAK,1982,0,NA
Pakistan,PK,PAK,1983,0,NA
Pakistan,PK,PAK,1984,0,NA
Pakistan,PK,PAK,1985,0,NA
Pakistan,PK,PAK,1986,0,NA
Pakistan,PK,PAK,1987,0,NA
Pakistan,PK,PAK,1988,0,NA
Pakistan,PK,PAK,1989,0,NA
Pakistan,PK,PAK,1990,0.001732891,0
Pakistan,PK,PAK,1991,0.007130659,0
Pakistan,PK,PAK,1992,0.011031649,0
Pakistan,PK,PAK,1993,0.01274427,0
Pakistan,PK,PAK,1994,0.019081569,0
Pakistan,PK,PAK,1995,0.030772819,1.22702e-4
Pakistan,PK,PAK,1996,0.0495778,0.00299173
Pakistan,PK,PAK,1997,0.095540045,0.027549238
Pakistan,PK,PAK,1998,0.134796019,0.043947719
Pakistan,PK,PAK,1999,0.177437426,0.055357238
Pakistan,PK,PAK,2000,0.198544504,NA
Pakistan,PK,PAK,2001,0.46640912,1.318550779
Pakistan,PK,PAK,2002,1.040369219,2.577426737
Pakistan,PK,PAK,2003,1.440824446,5.041158126
Pakistan,PK,PAK,2004,2.9434214,6.164320985
Pakistan,PK,PAK,2005,7.324109273,6.332329098
Pakistan,PK,PAK,2006,19.37808733,6.5
Pakistan,PK,PAK,2007,34.55098392,6.8
Pakistan,PK,PAK,2008,47.3397604,7
Pakistan,PK,PAK,2009,49.62151862,7.5
Pakistan,PK,PAK,2010,51.00722535,8
Pakistan,PK,PAK,2011,54.83032062,8
Pakistan,PK,PAK,2012,59.42025439,8.1
Pakistan,PK,PAK,2013,62.20843608,9
Pakistan,PK,PAK,2014,65.19134199,10
Pakistan,PK,PAK,2015,59.67675827,11
Pakistan,PK,PAK,2016,63.92184347,12.38544676
Pakistan,PK,PAK,2017,66.79261828,13.78
Pakistan,PK,PAK,2018,70.07944774,15.34
Pakistan,PK,PAK,2019,74.07560451,17.07090203
Pakistan,PK,PAK,2020,77.3005648,25
Pakistan,PK,PAK,2021,81.55130785,NA
Palau,PW,PLW,1960,NA,NA
Palau,PW,PLW,1961,NA,NA
Palau,PW,PLW,1962,NA,NA
Palau,PW,PLW,1963,NA,NA
Palau,PW,PLW,1964,NA,NA
Palau,PW,PLW,1965,NA,NA
Palau,PW,PLW,1966,NA,NA
Palau,PW,PLW,1967,NA,NA
Palau,PW,PLW,1968,NA,NA
Palau,PW,PLW,1969,NA,NA
Palau,PW,PLW,1970,NA,NA
Palau,PW,PLW,1971,NA,NA
Palau,PW,PLW,1972,NA,NA
Palau,PW,PLW,1973,NA,NA
Palau,PW,PLW,1974,NA,NA
Palau,PW,PLW,1975,NA,NA
Palau,PW,PLW,1976,NA,NA
Palau,PW,PLW,1977,NA,NA
Palau,PW,PLW,1978,NA,NA
Palau,PW,PLW,1979,NA,NA
Palau,PW,PLW,1980,NA,NA
Palau,PW,PLW,1981,NA,NA
Palau,PW,PLW,1982,NA,NA
Palau,PW,PLW,1983,NA,NA
Palau,PW,PLW,1984,NA,NA
Palau,PW,PLW,1985,NA,NA
Palau,PW,PLW,1986,NA,NA
Palau,PW,PLW,1987,NA,NA
Palau,PW,PLW,1988,NA,NA
Palau,PW,PLW,1989,NA,NA
Palau,PW,PLW,1990,NA,0
Palau,PW,PLW,1991,NA,0
Palau,PW,PLW,1992,NA,0
Palau,PW,PLW,1993,NA,0
Palau,PW,PLW,1994,NA,0
Palau,PW,PLW,1995,NA,0
Palau,PW,PLW,1996,NA,NA
Palau,PW,PLW,1997,NA,NA
Palau,PW,PLW,1998,NA,NA
Palau,PW,PLW,1999,NA,NA
Palau,PW,PLW,2000,NA,NA
Palau,PW,PLW,2001,NA,NA
Palau,PW,PLW,2002,12.38224775,20.24393947
Palau,PW,PLW,2003,19.73843058,21.60152718
Palau,PW,PLW,2004,19.71165922,26.97033263
Palau,PW,PLW,2005,30.51283344,NA
Palau,PW,PLW,2006,42.54039452,NA
Palau,PW,PLW,2007,55.20499845,NA
Palau,PW,PLW,2008,61.0773741,NA
Palau,PW,PLW,2009,67.69361521,NA
Palau,PW,PLW,2010,78.27400216,NA
Palau,PW,PLW,2011,84.67653509,NA
Palau,PW,PLW,2012,95.57004346,NA
Palau,PW,PLW,2013,100.786296,NA
Palau,PW,PLW,2014,107.4061587,NA
Palau,PW,PLW,2015,133.4326177,NA
Palau,PW,PLW,2016,NA,NA
Palau,PW,PLW,2017,NA,NA
Palau,PW,PLW,2018,NA,NA
Palau,PW,PLW,2019,133.9584729,NA
Palau,PW,PLW,2020,133.5410639,NA
Palau,PW,PLW,2021,NA,NA
Panama,PA,PAN,1960,0,NA
Panama,PA,PAN,1961,NA,NA
Panama,PA,PAN,1962,NA,NA
Panama,PA,PAN,1963,NA,NA
Panama,PA,PAN,1964,NA,NA
Panama,PA,PAN,1965,0,NA
Panama,PA,PAN,1966,NA,NA
Panama,PA,PAN,1967,NA,NA
Panama,PA,PAN,1968,NA,NA
Panama,PA,PAN,1969,NA,NA
Panama,PA,PAN,1970,0,NA
Panama,PA,PAN,1971,NA,NA
Panama,PA,PAN,1972,NA,NA
Panama,PA,PAN,1973,NA,NA
Panama,PA,PAN,1974,NA,NA
Panama,PA,PAN,1975,0,NA
Panama,PA,PAN,1976,0,NA
Panama,PA,PAN,1977,0,NA
Panama,PA,PAN,1978,0,NA
Panama,PA,PAN,1979,0,NA
Panama,PA,PAN,1980,0,NA
Panama,PA,PAN,1981,0,NA
Panama,PA,PAN,1982,0,NA
Panama,PA,PAN,1983,0,NA
Panama,PA,PAN,1984,0,NA
Panama,PA,PAN,1985,0,NA
Panama,PA,PAN,1986,0,NA
Panama,PA,PAN,1987,0,NA
Panama,PA,PAN,1988,0,NA
Panama,PA,PAN,1989,0,NA
Panama,PA,PAN,1990,0,0
Panama,PA,PAN,1991,0,0
Panama,PA,PAN,1992,0,0
Panama,PA,PAN,1993,0,0
Panama,PA,PAN,1994,0,0.007636899
Panama,PA,PAN,1995,0,0.056123043
Panama,PA,PAN,1996,0.25256115,0.219998526
Panama,PA,PAN,1997,0.830058925,0.539065541
Panama,PA,PAN,1998,2.976698822,2.750648071
Panama,PA,PAN,1999,7.912963114,3.836864509
Panama,PA,PAN,2000,13.67214451,6.554796477
Panama,PA,PAN,2001,15.52228927,7.268399878
Panama,PA,PAN,2002,16.8486602,8.518077815
Panama,PA,PAN,2003,21.76276901,9.987424077
Panama,PA,PAN,2004,38.84758508,11.14086254
Panama,PA,PAN,2005,52.89805885,11.48400928
Panama,PA,PAN,2006,64.55108304,17.34956617
Panama,PA,PAN,2007,87.73233237,22.29
Panama,PA,PAN,2008,112.0153602,33.82
Panama,PA,PAN,2009,170.4438993,39.08
Panama,PA,PAN,2010,183.417508,40.1
Panama,PA,PAN,2011,182.5975676,42.7
Panama,PA,PAN,2012,165.480489,40.30189522
Panama,PA,PAN,2013,162.3588926,44.03
Panama,PA,PAN,2014,177.5895959,44.92
Panama,PA,PAN,2015,145.1045438,51.20542499
Panama,PA,PAN,2016,127.7034008,54
Panama,PA,PAN,2017,128.909028,59.9506309
Panama,PA,PAN,2018,137.3834585,61.80553132
Panama,PA,PAN,2019,137.6404715,63.62841477
Panama,PA,PAN,2020,142.2454753,64.25
Panama,PA,PAN,2021,137.9656776,NA
Papua New Guinea,PG,PNG,1960,0,NA
Papua New Guinea,PG,PNG,1961,NA,NA
Papua New Guinea,PG,PNG,1962,NA,NA
Papua New Guinea,PG,PNG,1963,NA,NA
Papua New Guinea,PG,PNG,1964,NA,NA
Papua New Guinea,PG,PNG,1965,0,NA
Papua New Guinea,PG,PNG,1966,NA,NA
Papua New Guinea,PG,PNG,1967,NA,NA
Papua New Guinea,PG,PNG,1968,NA,NA
Papua New Guinea,PG,PNG,1969,NA,NA
Papua New Guinea,PG,PNG,1970,0,NA
Papua New Guinea,PG,PNG,1971,NA,NA
Papua New Guinea,PG,PNG,1972,NA,NA
Papua New Guinea,PG,PNG,1973,NA,NA
Papua New Guinea,PG,PNG,1974,NA,NA
Papua New Guinea,PG,PNG,1975,0,NA
Papua New Guinea,PG,PNG,1976,0,NA
Papua New Guinea,PG,PNG,1977,0,NA
Papua New Guinea,PG,PNG,1978,0,NA
Papua New Guinea,PG,PNG,1979,0,NA
Papua New Guinea,PG,PNG,1980,0,NA
Papua New Guinea,PG,PNG,1981,0,NA
Papua New Guinea,PG,PNG,1982,0,NA
Papua New Guinea,PG,PNG,1983,0,NA
Papua New Guinea,PG,PNG,1984,0,NA
Papua New Guinea,PG,PNG,1985,0,NA
Papua New Guinea,PG,PNG,1986,0,NA
Papua New Guinea,PG,PNG,1987,0,NA
Papua New Guinea,PG,PNG,1988,0,NA
Papua New Guinea,PG,PNG,1989,0,NA
Papua New Guinea,PG,PNG,1990,0,0
Papua New Guinea,PG,PNG,1991,0,0
Papua New Guinea,PG,PNG,1992,0,0
Papua New Guinea,PG,PNG,1993,0,0
Papua New Guinea,PG,PNG,1994,0,0
Papua New Guinea,PG,PNG,1995,0,0
Papua New Guinea,PG,PNG,1996,0.047744476,0.002067023
Papua New Guinea,PG,PNG,1997,0.077755215,0.100588321
Papua New Guinea,PG,PNG,1998,0.108156936,0.234958542
Papua New Guinea,PG,PNG,1999,0.13265336,0.667113315
Papua New Guinea,PG,PNG,2000,0.155401905,0.835249302
Papua New Guinea,PG,PNG,2001,0.187769074,0.904103545
Papua New Guinea,PG,PNG,2002,0.254556735,1.321656935
Papua New Guinea,PG,PNG,2003,0.287310088,1.374404668
Papua New Guinea,PG,PNG,2004,0.767674013,1.507912772
Papua New Guinea,PG,PNG,2005,1.154056014,1.716190476
Papua New Guinea,PG,PNG,2006,1.490708859,1.754487261
Papua New Guinea,PG,PNG,2007,4.334592388,1.790559361
Papua New Guinea,PG,PNG,2008,12.24434673,1.15
Papua New Guinea,PG,PNG,2009,19.26304103,1.61
Papua New Guinea,PG,PNG,2010,25.17486852,1.28
Papua New Guinea,PG,PNG,2011,30.74307157,2
Papua New Guinea,PG,PNG,2012,33.75051158,3.5
Papua New Guinea,PG,PNG,2013,36.38292152,5.1
Papua New Guinea,PG,PNG,2014,39.68382897,6.5
Papua New Guinea,PG,PNG,2015,41.0035551,7.9
Papua New Guinea,PG,PNG,2016,42.49834535,9.601538462
Papua New Guinea,PG,PNG,2017,44.08217145,11.20919659
Papua New Guinea,PG,PNG,2018,46.09170728,NA
Papua New Guinea,PG,PNG,2019,47.52430342,NA
Papua New Guinea,PG,PNG,2020,49.41720925,NA
Papua New Guinea,PG,PNG,2021,NA,NA
Paraguay,PY,PRY,1960,0,NA
Paraguay,PY,PRY,1961,NA,NA
Paraguay,PY,PRY,1962,NA,NA
Paraguay,PY,PRY,1963,NA,NA
Paraguay,PY,PRY,1964,NA,NA
Paraguay,PY,PRY,1965,0,NA
Paraguay,PY,PRY,1966,NA,NA
Paraguay,PY,PRY,1967,NA,NA
Paraguay,PY,PRY,1968,NA,NA
Paraguay,PY,PRY,1969,NA,NA
Paraguay,PY,PRY,1970,0,NA
Paraguay,PY,PRY,1971,NA,NA
Paraguay,PY,PRY,1972,NA,NA
Paraguay,PY,PRY,1973,NA,NA
Paraguay,PY,PRY,1974,NA,NA
Paraguay,PY,PRY,1975,0,NA
Paraguay,PY,PRY,1976,0,NA
Paraguay,PY,PRY,1977,0,NA
Paraguay,PY,PRY,1978,0,NA
Paraguay,PY,PRY,1979,0,NA
Paraguay,PY,PRY,1980,0,NA
Paraguay,PY,PRY,1981,0,NA
Paraguay,PY,PRY,1982,0,NA
Paraguay,PY,PRY,1983,0,NA
Paraguay,PY,PRY,1984,0,NA
Paraguay,PY,PRY,1985,0,NA
Paraguay,PY,PRY,1986,0,NA
Paraguay,PY,PRY,1987,0,NA
Paraguay,PY,PRY,1988,0,NA
Paraguay,PY,PRY,1989,0,NA
Paraguay,PY,PRY,1990,0,0
Paraguay,PY,PRY,1991,0,0
Paraguay,PY,PRY,1992,0.035070893,0
Paraguay,PY,PRY,1993,0.077287822,0
Paraguay,PY,PRY,1994,0.170400158,0
Paraguay,PY,PRY,1995,0.343338075,0
Paraguay,PY,PRY,1996,0.697419336,0.020359612
Paraguay,PY,PRY,1997,1.748338466,0.099576719
Paraguay,PY,PRY,1998,4.702393647,0.194904951
Paraguay,PY,PRY,1999,8.667097358,0.38165732
Paraguay,PY,PRY,2000,16.0194964,0.747630712
Paraguay,PY,PRY,2001,22.06640992,1.098793836
Paraguay,PY,PRY,2002,31.53341939,1.794969598
Paraguay,PY,PRY,2003,33.0704465,2.111942082
Paraguay,PY,PRY,2004,32.29215977,3.452438431
Paraguay,PY,PRY,2005,34.45393525,7.907007861
Paraguay,PY,PRY,2006,58.41069259,7.962073884
Paraguay,PY,PRY,2007,83.97567218,11.21
Paraguay,PY,PRY,2008,102.5794009,14.27
Paraguay,PY,PRY,2009,98.52812081,18.9
Paraguay,PY,PRY,2010,102.6392137,19.8
Paraguay,PY,PRY,2011,111.7235159,24.76351588
Paraguay,PY,PRY,2012,114.6941362,29.34
Paraguay,PY,PRY,2013,117.4443175,36.9
Paraguay,PY,PRY,2014,119.9410874,43
Paraguay,PY,PRY,2015,119.974846,49.71630466
Paraguay,PY,PRY,2016,119.5138493,53.40412748
Paraguay,PY,PRY,2017,117.5106256,61.07575622
Paraguay,PY,PRY,2018,115.4634996,64.99354302
Paraguay,PY,PRY,2019,118.8639678,68.51762842
Paraguay,PY,PRY,2020,118.8308269,73.95751114
Paraguay,PY,PRY,2021,118.9635011,77.01838621
Peru,PE,PER,1960,0,NA
Peru,PE,PER,1961,NA,NA
Peru,PE,PER,1962,NA,NA
Peru,PE,PER,1963,NA,NA
Peru,PE,PER,1964,NA,NA
Peru,PE,PER,1965,0,NA
Peru,PE,PER,1966,NA,NA
Peru,PE,PER,1967,NA,NA
Peru,PE,PER,1968,NA,NA
Peru,PE,PER,1969,NA,NA
Peru,PE,PER,1970,0,NA
Peru,PE,PER,1971,NA,NA
Peru,PE,PER,1972,NA,NA
Peru,PE,PER,1973,NA,NA
Peru,PE,PER,1974,NA,NA
Peru,PE,PER,1975,0,NA
Peru,PE,PER,1976,0,NA
Peru,PE,PER,1977,0,NA
Peru,PE,PER,1978,0,NA
Peru,PE,PER,1979,0,NA
Peru,PE,PER,1980,0,NA
Peru,PE,PER,1981,0,NA
Peru,PE,PER,1982,0,NA
Peru,PE,PER,1983,0,NA
Peru,PE,PER,1984,0,NA
Peru,PE,PER,1985,0,NA
Peru,PE,PER,1986,0,NA
Peru,PE,PER,1987,0,NA
Peru,PE,PER,1988,0,NA
Peru,PE,PER,1989,0,NA
Peru,PE,PER,1990,0.007462991,0
Peru,PE,PER,1991,0.025240218,0
Peru,PE,PER,1992,0.093503571,0
Peru,PE,PER,1993,0.154376891,0
Peru,PE,PER,1994,0.21765183,0.008504578
Peru,PE,PER,1995,0.300800992,0.033412305
Peru,PE,PER,1996,0.806879781,0.24623258
Peru,PE,PER,1997,1.662951236,0.403429701
Peru,PE,PER,1998,2.876425359,1.19038044
Peru,PE,PER,1999,3.859914577,1.952497608
Peru,PE,PER,2000,4.779155172,3.076430611
Peru,PE,PER,2001,6.638127117,7.578762957
Peru,PE,PER,2002,8.43967421,8.96694917
Peru,PE,PER,2003,10.60821354,11.6
Peru,PE,PER,2004,14.67186871,14.1
Peru,PE,PER,2005,19.83622779,17.1
Peru,PE,PER,2006,32.13408596,20.7
Peru,PE,PER,2007,53.90572862,25.2
Peru,PE,PER,2008,72.73380352,30.57
Peru,PE,PER,2009,85.14627675,31.4
Peru,PE,PER,2010,99.60853686,34.77
Peru,PE,PER,2011,110.1218612,36.01
Peru,PE,PER,2012,98.78481683,38.2
Peru,PE,PER,2013,99.18268397,39.2
Peru,PE,PER,2014,105.0276552,40.2
Peru,PE,PER,2015,111.4742209,40.85260091
Peru,PE,PER,2016,118.631109,45.46174069
Peru,PE,PER,2017,123.1285796,50.45041218
Peru,PE,PER,2018,130.8994047,55.05433424
Peru,PE,PER,2019,121.3854737,59.95050106
Peru,PE,PER,2020,118.176464,65.25179881
Peru,PE,PER,2021,127.9216675,71.10782643
Philippines,PH,PHL,1960,0,NA
Philippines,PH,PHL,1961,NA,NA
Philippines,PH,PHL,1962,NA,NA
Philippines,PH,PHL,1963,NA,NA
Philippines,PH,PHL,1964,NA,NA
Philippines,PH,PHL,1965,0,NA
Philippines,PH,PHL,1966,NA,NA
Philippines,PH,PHL,1967,NA,NA
Philippines,PH,PHL,1968,NA,NA
Philippines,PH,PHL,1969,NA,NA
Philippines,PH,PHL,1970,0,NA
Philippines,PH,PHL,1971,NA,NA
Philippines,PH,PHL,1972,NA,NA
Philippines,PH,PHL,1973,NA,NA
Philippines,PH,PHL,1974,NA,NA
Philippines,PH,PHL,1975,0,NA
Philippines,PH,PHL,1976,0,NA
Philippines,PH,PHL,1977,0,NA
Philippines,PH,PHL,1978,0,NA
Philippines,PH,PHL,1979,0,NA
Philippines,PH,PHL,1980,0,NA
Philippines,PH,PHL,1981,0,NA
Philippines,PH,PHL,1982,0,NA
Philippines,PH,PHL,1983,0,NA
Philippines,PH,PHL,1984,0,NA
Philippines,PH,PHL,1985,0,NA
Philippines,PH,PHL,1986,0,NA
Philippines,PH,PHL,1987,0,NA
Philippines,PH,PHL,1988,0,NA
Philippines,PH,PHL,1989,0,NA
Philippines,PH,PHL,1990,0,0
Philippines,PH,PHL,1991,0.054886004,0
Philippines,PH,PHL,1992,0.086831328,0
Philippines,PH,PHL,1993,0.154955895,0
Philippines,PH,PHL,1994,0.254105367,0.005844253
Philippines,PH,PHL,1995,0.713153303,0.028585702
Philippines,PH,PHL,1996,1.351785776,0.055946029
Philippines,PH,PHL,1997,1.847691816,0.136912963
Philippines,PH,PHL,1998,2.327302138,1.103405994
Philippines,PH,PHL,1999,3.737724571,1.431608803
Philippines,PH,PHL,2000,8.27925362,1.982253196
Philippines,PH,PHL,2001,15.27032611,2.52400566
Philippines,PH,PHL,2002,18.92463893,4.332275746
Philippines,PH,PHL,2003,27.13864248,4.857672267
Philippines,PH,PHL,2004,38.92784282,5.243628452
Philippines,PH,PHL,2005,40.31821357,5.397636329
Philippines,PH,PHL,2006,48.76907405,5.740586325
Philippines,PH,PHL,2007,64.02850974,5.97
Philippines,PH,PHL,2008,74.64704735,6.22
Philippines,PH,PHL,2009,81.32235128,9
Philippines,PH,PHL,2010,87.86246562,25
Philippines,PH,PHL,2011,97.77022573,29
Philippines,PH,PHL,2012,104.0252318,30.8
Philippines,PH,PHL,2013,103.1328562,32.7
Philippines,PH,PHL,2014,109.8700461,34.7
Philippines,PH,PHL,2015,114.3710694,36.9
Philippines,PH,PHL,2016,114.5140314,39.2
Philippines,PH,PHL,2017,112.3979818,41.6
Philippines,PH,PHL,2018,123.9757392,44.1
Philippines,PH,PHL,2019,151.5865313,43.02661187
Philippines,PH,PHL,2020,133.3257005,49.8
Philippines,PH,PHL,2021,143.4358742,NA
Poland,PL,POL,1960,0,NA
Poland,PL,POL,1961,NA,NA
Poland,PL,POL,1962,NA,NA
Poland,PL,POL,1963,NA,NA
Poland,PL,POL,1964,NA,NA
Poland,PL,POL,1965,0,NA
Poland,PL,POL,1966,NA,NA
Poland,PL,POL,1967,NA,NA
Poland,PL,POL,1968,NA,NA
Poland,PL,POL,1969,NA,NA
Poland,PL,POL,1970,0,NA
Poland,PL,POL,1971,NA,NA
Poland,PL,POL,1972,NA,NA
Poland,PL,POL,1973,NA,NA
Poland,PL,POL,1974,NA,NA
Poland,PL,POL,1975,0,NA
Poland,PL,POL,1976,0,NA
Poland,PL,POL,1977,0,NA
Poland,PL,POL,1978,0,NA
Poland,PL,POL,1979,0,NA
Poland,PL,POL,1980,0,NA
Poland,PL,POL,1981,0,NA
Poland,PL,POL,1982,0,NA
Poland,PL,POL,1983,0,NA
Poland,PL,POL,1984,0,NA
Poland,PL,POL,1985,0,NA
Poland,PL,POL,1986,0,NA
Poland,PL,POL,1987,0,NA
Poland,PL,POL,1988,0,NA
Poland,PL,POL,1989,0,NA
Poland,PL,POL,1990,0,0
Poland,PL,POL,1991,0,0.005229468
Poland,PL,POL,1992,0.005738221,0.052127181
Poland,PL,POL,1993,0.040968916,0.129961704
Poland,PL,POL,1994,0.101476311,0.389098144
Poland,PL,POL,1995,0.19530244,0.647752333
Poland,PL,POL,1996,0.56482304,1.295200255
Poland,PL,POL,1997,2.115317351,2.073465474
Poland,PL,POL,1998,5.023560454,4.102272002
Poland,PL,POL,1999,10.3154857,5.45644373
Poland,PL,POL,2000,17.52265863,7.285428708
Poland,PL,POL,2001,25.87666945,9.900669707
Poland,PL,POL,2002,35.96216995,21.15
Poland,PL,POL,2003,45.055754,24.87
Poland,PL,POL,2004,59.84050126,32.53
Poland,PL,POL,2005,75.60778279,38.81
Poland,PL,POL,2006,95.32592008,44.58
Poland,PL,POL,2007,107.4422651,48.6
Poland,PL,POL,2008,114.0266842,53.13
Poland,PL,POL,2009,116.2139851,58.97
Poland,PL,POL,2010,121.6459352,62.32
Poland,PL,POL,2011,129.8786171,61.94999897
Poland,PL,POL,2012,140.0258516,62.30999727
Poland,PL,POL,2013,147.5698282,62.8492
Poland,PL,POL,2014,147.4923404,66.6
Poland,PL,POL,2015,141.4598694,67.99698716
Poland,PL,POL,2016,137.5522178,73.3007041
Poland,PL,POL,2017,130.9503547,75.98536595
Poland,PL,POL,2018,125.3471416,77.54173454
Poland,PL,POL,2019,125.7168536,80.43590724
Poland,PL,POL,2020,128.4226449,83.18488715
Poland,PL,POL,2021,132.0589612,85.37490811
Portugal,PT,PRT,1960,0,NA
Portugal,PT,PRT,1961,NA,NA
Portugal,PT,PRT,1962,NA,NA
Portugal,PT,PRT,1963,NA,NA
Portugal,PT,PRT,1964,NA,NA
Portugal,PT,PRT,1965,0,NA
Portugal,PT,PRT,1966,NA,NA
Portugal,PT,PRT,1967,NA,NA
Portugal,PT,PRT,1968,NA,NA
Portugal,PT,PRT,1969,NA,NA
Portugal,PT,PRT,1970,0,NA
Portugal,PT,PRT,1971,NA,NA
Portugal,PT,PRT,1972,NA,NA
Portugal,PT,PRT,1973,NA,NA
Portugal,PT,PRT,1974,NA,NA
Portugal,PT,PRT,1975,0,NA
Portugal,PT,PRT,1976,0,NA
Portugal,PT,PRT,1977,0,NA
Portugal,PT,PRT,1978,0,NA
Portugal,PT,PRT,1979,0,NA
Portugal,PT,PRT,1980,0,NA
Portugal,PT,PRT,1981,0,NA
Portugal,PT,PRT,1982,0,NA
Portugal,PT,PRT,1983,0,NA
Portugal,PT,PRT,1984,0,NA
Portugal,PT,PRT,1985,0,NA
Portugal,PT,PRT,1986,0,NA
Portugal,PT,PRT,1987,0,NA
Portugal,PT,PRT,1988,0,NA
Portugal,PT,PRT,1989,0.027763601,NA
Portugal,PT,PRT,1990,0.064952286,0
Portugal,PT,PRT,1991,0.126171404,0.10023057
Portugal,PT,PRT,1992,0.373413728,0.250426501
Portugal,PT,PRT,1993,1.013800598,0.450161608
Portugal,PT,PRT,1994,1.731944488,0.718905754
Portugal,PT,PRT,1995,3.391071437,1.494334529
Portugal,PT,PRT,1996,6.578849672,2.98087767
Portugal,PT,PRT,1997,14.87538336,4.953001955
Portugal,PT,PRT,1998,30.20441744,9.870446442
Portugal,PT,PRT,1999,45.64926761,14.74233784
Portugal,PT,PRT,2000,64.70432962,16.43046769
Portugal,PT,PRT,2001,76.91550537,18.08713656
Portugal,PT,PRT,2002,83.11831542,19.37
Portugal,PT,PRT,2003,95.50631584,29.67
Portugal,PT,PRT,2004,100.6625516,31.78
Portugal,PT,PRT,2005,108.7804944,34.99
Portugal,PT,PRT,2006,115.9569577,38.01
Portugal,PT,PRT,2007,127.559973,42.09
Portugal,PT,PRT,2008,132.7779993,44.13
Portugal,PT,PRT,2009,111.3652914,48.27
Portugal,PT,PRT,2010,115.3184225,53.3
Portugal,PT,PRT,2011,116.7515206,55.24999688
Portugal,PT,PRT,2012,113.2623797,60.33999749
Portugal,PT,PRT,2013,114.5869644,62.0956
Portugal,PT,PRT,2014,114.2890262,64.59
Portugal,PT,PRT,2015,113.0168861,68.63286148
Portugal,PT,PRT,2016,111.9942091,70.42356709
Portugal,PT,PRT,2017,114.1311837,73.79121395
Portugal,PT,PRT,2018,115.2549871,74.66096815
Portugal,PT,PRT,2019,115.7418865,75.34637794
Portugal,PT,PRT,2020,115.078977,78.26166044
Portugal,PT,PRT,2021,121.244316,82.30902804
Post-demographic dividend,V4,PST,1960,0,NA
Post-demographic dividend,V4,PST,1961,NA,NA
Post-demographic dividend,V4,PST,1962,NA,NA
Post-demographic dividend,V4,PST,1963,NA,NA
Post-demographic dividend,V4,PST,1964,NA,NA
Post-demographic dividend,V4,PST,1965,0,NA
Post-demographic dividend,V4,PST,1966,NA,NA
Post-demographic dividend,V4,PST,1967,NA,NA
Post-demographic dividend,V4,PST,1968,NA,NA
Post-demographic dividend,V4,PST,1969,NA,NA
Post-demographic dividend,V4,PST,1970,0,NA
Post-demographic dividend,V4,PST,1971,NA,NA
Post-demographic dividend,V4,PST,1972,NA,NA
Post-demographic dividend,V4,PST,1973,NA,NA
Post-demographic dividend,V4,PST,1974,NA,NA
Post-demographic dividend,V4,PST,1975,0,NA
Post-demographic dividend,V4,PST,1976,0,NA
Post-demographic dividend,V4,PST,1977,0,NA
Post-demographic dividend,V4,PST,1978,0,NA
Post-demographic dividend,V4,PST,1979,0,NA
Post-demographic dividend,V4,PST,1980,0.00259568226639615,NA
Post-demographic dividend,V4,PST,1981,0.00928144939292733,NA
Post-demographic dividend,V4,PST,1982,0.014405531380289,NA
Post-demographic dividend,V4,PST,1983,0.0222328080276823,NA
Post-demographic dividend,V4,PST,1984,0.0375932927205357,NA
Post-demographic dividend,V4,PST,1985,0.0870422476855283,NA
Post-demographic dividend,V4,PST,1986,0.150560339033618,NA
Post-demographic dividend,V4,PST,1987,0.261750694058914,NA
Post-demographic dividend,V4,PST,1988,0.441776172826235,NA
Post-demographic dividend,V4,PST,1989,0.740667417586662,NA
Post-demographic dividend,V4,PST,1990,1.1040846977142,0.268184008278379
Post-demographic dividend,V4,PST,1991,1.56273693611048,0.433871053269367
Post-demographic dividend,V4,PST,1992,2.16508300956728,0.686176732116044
Post-demographic dividend,V4,PST,1993,3.09228404694628,0.974165326848734
Post-demographic dividend,V4,PST,1994,4.88893202138262,1.96528213048917
Post-demographic dividend,V4,PST,1995,7.72433649001175,3.70828409584275
Post-demographic dividend,V4,PST,1996,12.033988868736,6.80185780427062
Post-demographic dividend,V4,PST,1997,16.9024654201737,10.6511348518541
Post-demographic dividend,V4,PST,1998,23.9127933988242,15.8764996502362
Post-demographic dividend,V4,PST,1999,34.4982405896016,22.8970916477078
Post-demographic dividend,V4,PST,2000,47.7501588606733,30.5391674566413
Post-demographic dividend,V4,PST,2001,56.0479656958126,36.6397357542189
Post-demographic dividend,V4,PST,2002,61.054116228629,44.6878224739004
Post-demographic dividend,V4,PST,2003,66.8564141915149,49.7834196514628
Post-demographic dividend,V4,PST,2004,74.0082673061117,54.9729518709837
Post-demographic dividend,V4,PST,2005,82.2579375580194,58.5016687047896
Post-demographic dividend,V4,PST,2006,90.7729189218258,60.4128645049791
Post-demographic dividend,V4,PST,2007,98.5898421898302,65.6554813486309
Post-demographic dividend,V4,PST,2008,102.401180455108,67.6400527889352
Post-demographic dividend,V4,PST,2009,104.363507161515,68.8423346012241
Post-demographic dividend,V4,PST,2010,105.077941509801,70.9550005933354
Post-demographic dividend,V4,PST,2011,108.610353256758,71.3990681585278
Post-demographic dividend,V4,PST,2012,111.020343445871,74.2081242577465
Post-demographic dividend,V4,PST,2013,112.76243350235,75.6969819554253
Post-demographic dividend,V4,PST,2014,114.286565073617,77.3696289268783
Post-demographic dividend,V4,PST,2015,114.828386879561,78.6799700498259
Post-demographic dividend,V4,PST,2016,115.999792347336,83.1812572109828
Post-demographic dividend,V4,PST,2017,117.106881888307,84.4115490599948
Post-demographic dividend,V4,PST,2018,118.571319766921,85.9267714699991
Post-demographic dividend,V4,PST,2019,120.28857437949,87.5123173478682
Post-demographic dividend,V4,PST,2020,120.126256260205,88.5902934081904
Post-demographic dividend,V4,PST,2021,122.712960161709,NA
Pre-demographic dividend,V1,PRE,1960,0,NA
Pre-demographic dividend,V1,PRE,1961,NA,NA
Pre-demographic dividend,V1,PRE,1962,NA,NA
Pre-demographic dividend,V1,PRE,1963,NA,NA
Pre-demographic dividend,V1,PRE,1964,NA,NA
Pre-demographic dividend,V1,PRE,1965,0,NA
Pre-demographic dividend,V1,PRE,1966,NA,NA
Pre-demographic dividend,V1,PRE,1967,NA,NA
Pre-demographic dividend,V1,PRE,1968,NA,NA
Pre-demographic dividend,V1,PRE,1969,NA,NA
Pre-demographic dividend,V1,PRE,1970,0,NA
Pre-demographic dividend,V1,PRE,1971,NA,NA
Pre-demographic dividend,V1,PRE,1972,NA,NA
Pre-demographic dividend,V1,PRE,1973,NA,NA
Pre-demographic dividend,V1,PRE,1974,NA,NA
Pre-demographic dividend,V1,PRE,1975,0,NA
Pre-demographic dividend,V1,PRE,1976,0,NA
Pre-demographic dividend,V1,PRE,1977,0,NA
Pre-demographic dividend,V1,PRE,1978,0,NA
Pre-demographic dividend,V1,PRE,1979,0,NA
Pre-demographic dividend,V1,PRE,1980,0,NA
Pre-demographic dividend,V1,PRE,1981,0,NA
Pre-demographic dividend,V1,PRE,1982,0,NA
Pre-demographic dividend,V1,PRE,1983,0,NA
Pre-demographic dividend,V1,PRE,1984,0,NA
Pre-demographic dividend,V1,PRE,1985,0,NA
Pre-demographic dividend,V1,PRE,1986,0,NA
Pre-demographic dividend,V1,PRE,1987,0,NA
Pre-demographic dividend,V1,PRE,1988,0,NA
Pre-demographic dividend,V1,PRE,1989,0,NA
Pre-demographic dividend,V1,PRE,1990,0,0
Pre-demographic dividend,V1,PRE,1991,0,0
Pre-demographic dividend,V1,PRE,1992,3.29813817174974e-4,0
Pre-demographic dividend,V1,PRE,1993,0.00298194546164078,0
Pre-demographic dividend,V1,PRE,1994,0.00498594322638205,1.26136358029008e-4
Pre-demographic dividend,V1,PRE,1995,0.00864333998739816,3.77490072541013e-4
Pre-demographic dividend,V1,PRE,1996,0.0165216782583232,0.00487431196990747
Pre-demographic dividend,V1,PRE,1997,0.0307482078115487,0.0140708305362041
Pre-demographic dividend,V1,PRE,1998,0.0666018324336203,0.0288824112538799
Pre-demographic dividend,V1,PRE,1999,0.138120525036301,0.07413610007805
Pre-demographic dividend,V1,PRE,2000,0.356814088010581,0.124009808614737
Pre-demographic dividend,V1,PRE,2001,0.813604191248252,0.187167964364056
Pre-demographic dividend,V1,PRE,2002,1.58672985958743,0.361293882390239
Pre-demographic dividend,V1,PRE,2003,2.68589260594552,0.64065707844696
Pre-demographic dividend,V1,PRE,2004,4.89966101450195,0.96706262585864
Pre-demographic dividend,V1,PRE,2005,8.29321970533369,1.68796379640438
Pre-demographic dividend,V1,PRE,2006,15.1493450214786,2.40087470688808
Pre-demographic dividend,V1,PRE,2007,21.7435890983913,3.16928297380405
Pre-demographic dividend,V1,PRE,2008,31.7892111676059,3.40978199662416
Pre-demographic dividend,V1,PRE,2009,37.7857805479012,4.01929729598228
Pre-demographic dividend,V1,PRE,2010,44.1600641926314,5.03160260649462
Pre-demographic dividend,V1,PRE,2011,50.8485010353161,6.08135442664282
Pre-demographic dividend,V1,PRE,2012,56.3206961353067,7.32211829825724
Pre-demographic dividend,V1,PRE,2013,62.2634245845749,8.81810366428969
Pre-demographic dividend,V1,PRE,2014,67.2061877134112,10.9052445728192
Pre-demographic dividend,V1,PRE,2015,70.6630939187647,12.9909457295642
Pre-demographic dividend,V1,PRE,2016,68.1425805185222,16.5564943627143
Pre-demographic dividend,V1,PRE,2017,68.6060228997526,19.1310473936756
Pre-demographic dividend,V1,PRE,2018,73.3848389949006,22.3675927870788
Pre-demographic dividend,V1,PRE,2019,75.7276915829913,24.2681459851223
Pre-demographic dividend,V1,PRE,2020,79.7919425882296,25.2523219050234
Pre-demographic dividend,V1,PRE,2021,84.9673660182391,NA
Puerto Rico,PR,PRI,1960,0,NA
Puerto Rico,PR,PRI,1961,NA,NA
Puerto Rico,PR,PRI,1962,NA,NA
Puerto Rico,PR,PRI,1963,NA,NA
Puerto Rico,PR,PRI,1964,NA,NA
Puerto Rico,PR,PRI,1965,0,NA
Puerto Rico,PR,PRI,1966,NA,NA
Puerto Rico,PR,PRI,1967,NA,NA
Puerto Rico,PR,PRI,1968,NA,NA
Puerto Rico,PR,PRI,1969,NA,NA
Puerto Rico,PR,PRI,1970,0,NA
Puerto Rico,PR,PRI,1971,NA,NA
Puerto Rico,PR,PRI,1972,NA,NA
Puerto Rico,PR,PRI,1973,NA,NA
Puerto Rico,PR,PRI,1974,NA,NA
Puerto Rico,PR,PRI,1975,0,NA
Puerto Rico,PR,PRI,1976,0,NA
Puerto Rico,PR,PRI,1977,0,NA
Puerto Rico,PR,PRI,1978,0,NA
Puerto Rico,PR,PRI,1979,0,NA
Puerto Rico,PR,PRI,1980,0,NA
Puerto Rico,PR,PRI,1981,0,NA
Puerto Rico,PR,PRI,1982,0,NA
Puerto Rico,PR,PRI,1983,0,NA
Puerto Rico,PR,PRI,1984,0,NA
Puerto Rico,PR,PRI,1985,0,NA
Puerto Rico,PR,PRI,1986,NA,NA
Puerto Rico,PR,PRI,1987,0.113145013,NA
Puerto Rico,PR,PRI,1988,0.249428751,NA
Puerto Rico,PR,PRI,1989,0.330133035,NA
Puerto Rico,PR,PRI,1990,0.574782379,0
Puerto Rico,PR,PRI,1991,0.933644455,0
Puerto Rico,PR,PRI,1992,1.660840346,0
Puerto Rico,PR,PRI,1993,2.606297858,0
Puerto Rico,PR,PRI,1994,4.760934438,0.027254662
Puerto Rico,PR,PRI,1995,7.746401702,0.135102783
Puerto Rico,PR,PRI,1996,8.813733136,0.268160428
Puerto Rico,PR,PRI,1997,9.761889689,1.331822159
Puerto Rico,PR,PRI,1998,15.32268248,2.647646679
Puerto Rico,PR,PRI,1999,21.35893536,5.265682651
Puerto Rico,PR,PRI,2000,34.44112369,10.47464821
Puerto Rico,PR,PRI,2001,42.48709139,15.63003092
Puerto Rico,PR,PRI,2002,42.9921585,17.54764757
Puerto Rico,PR,PRI,2003,44.67402476,19.70702566
Puerto Rico,PR,PRI,2004,48.41260381,22.13073823
Puerto Rico,PR,PRI,2005,52.38297449,23.40005045
Puerto Rico,PR,PRI,2006,57.99316323,25.44241821
Puerto Rico,PR,PRI,2007,64.40340728,27.86
Puerto Rico,PR,PRI,2008,67.69145568,38
Puerto Rico,PR,PRI,2009,72.53981075,41.5
Puerto Rico,PR,PRI,2010,78.9147271,45.3
Puerto Rico,PR,PRI,2011,84.20089424,48
Puerto Rico,PR,PRI,2012,83.37088585,68.9999826
Puerto Rico,PR,PRI,2013,85.34247962,68.99999
Puerto Rico,PR,PRI,2014,90.13525243,69
Puerto Rico,PR,PRI,2015,91.64100665,63.46633538
Puerto Rico,PR,PRI,2016,94.73994535,68.6438072
Puerto Rico,PR,PRI,2017,100.6830426,68.74077314
Puerto Rico,PR,PRI,2018,100.3319104,70.85639974
Puerto Rico,PR,PRI,2019,102.4016319,77.73643937
Puerto Rico,PR,PRI,2020,106.8204687,NA
Puerto Rico,PR,PRI,2021,112.4430134,NA
Qatar,QA,QAT,1960,0,NA
Qatar,QA,QAT,1961,NA,NA
Qatar,QA,QAT,1962,NA,NA
Qatar,QA,QAT,1963,NA,NA
Qatar,QA,QAT,1964,NA,NA
Qatar,QA,QAT,1965,0,NA
Qatar,QA,QAT,1966,NA,NA
Qatar,QA,QAT,1967,NA,NA
Qatar,QA,QAT,1968,NA,NA
Qatar,QA,QAT,1969,NA,NA
Qatar,QA,QAT,1970,0,NA
Qatar,QA,QAT,1971,NA,NA
Qatar,QA,QAT,1972,NA,NA
Qatar,QA,QAT,1973,NA,NA
Qatar,QA,QAT,1974,NA,NA
Qatar,QA,QAT,1975,0,NA
Qatar,QA,QAT,1976,0,NA
Qatar,QA,QAT,1977,0,NA
Qatar,QA,QAT,1978,0,NA
Qatar,QA,QAT,1979,0,NA
Qatar,QA,QAT,1980,0,NA
Qatar,QA,QAT,1981,0,NA
Qatar,QA,QAT,1982,NA,NA
Qatar,QA,QAT,1983,NA,NA
Qatar,QA,QAT,1984,NA,NA
Qatar,QA,QAT,1985,NA,NA
Qatar,QA,QAT,1986,NA,NA
Qatar,QA,QAT,1987,NA,NA
Qatar,QA,QAT,1988,NA,NA
Qatar,QA,QAT,1989,NA,NA
Qatar,QA,QAT,1990,0.862851644,0
Qatar,QA,QAT,1991,0.888745767,0
Qatar,QA,QAT,1992,0.898167382,0
Qatar,QA,QAT,1993,0.882437659,0
Qatar,QA,QAT,1994,2.303458083,0
Qatar,QA,QAT,1995,3.585287683,0.190209535
Qatar,QA,QAT,1996,5.43620788,0.930185833
Qatar,QA,QAT,1997,7.896242401,3.083749186
Qatar,QA,QAT,1998,11.31778649,3.52002985
Qatar,QA,QAT,1999,13.75586579,4.070728915
Qatar,QA,QAT,2000,18.71018381,4.863679179
Qatar,QA,QAT,2001,26.21108936,6.170268561
Qatar,QA,QAT,2002,37.39599487,10.22612893
Qatar,QA,QAT,2003,50.30352987,19.24233642
Qatar,QA,QAT,2004,63.02934401,20.70164785
Qatar,QA,QAT,2005,84.45322902,24.73349378
Qatar,QA,QAT,2006,90.61267314,28.97411271
Qatar,QA,QAT,2007,102.6230363,37
Qatar,QA,QAT,2008,98.97588897,44.3
Qatar,QA,QAT,2009,121.0210188,53.1
Qatar,QA,QAT,2010,127.6009277,69
Qatar,QA,QAT,2011,127.6056981,69
Qatar,QA,QAT,2012,136.4991656,69.3
Qatar,QA,QAT,2013,162.6308707,85.3
Qatar,QA,QAT,2014,149.2831674,91.49
Qatar,QA,QAT,2015,154.912235,92.88482645
Qatar,QA,QAT,2016,140.745486,95.12466217
Qatar,QA,QAT,2017,147.0842119,97.38884917
Qatar,QA,QAT,2018,142.6223429,99.65284913
Qatar,QA,QAT,2019,139.5526559,99.65280421
Qatar,QA,QAT,2020,137.6081235,99.65284913
Qatar,QA,QAT,2021,144.2023856,NA
Romania,RO,ROU,1960,0,NA
Romania,RO,ROU,1961,NA,NA
Romania,RO,ROU,1962,NA,NA
Romania,RO,ROU,1963,NA,NA
Romania,RO,ROU,1964,NA,NA
Romania,RO,ROU,1965,0,NA
Romania,RO,ROU,1966,NA,NA
Romania,RO,ROU,1967,NA,NA
Romania,RO,ROU,1968,NA,NA
Romania,RO,ROU,1969,NA,NA
Romania,RO,ROU,1970,0,NA
Romania,RO,ROU,1971,NA,NA
Romania,RO,ROU,1972,NA,NA
Romania,RO,ROU,1973,NA,NA
Romania,RO,ROU,1974,NA,NA
Romania,RO,ROU,1975,0,NA
Romania,RO,ROU,1976,0,NA
Romania,RO,ROU,1977,0,NA
Romania,RO,ROU,1978,0,NA
Romania,RO,ROU,1979,0,NA
Romania,RO,ROU,1980,0,NA
Romania,RO,ROU,1981,0,NA
Romania,RO,ROU,1982,0,NA
Romania,RO,ROU,1983,0,NA
Romania,RO,ROU,1984,0,NA
Romania,RO,ROU,1985,0,NA
Romania,RO,ROU,1986,0,NA
Romania,RO,ROU,1987,0,NA
Romania,RO,ROU,1988,0,NA
Romania,RO,ROU,1989,0,NA
Romania,RO,ROU,1990,0,0
Romania,RO,ROU,1991,0,0
Romania,RO,ROU,1992,0,0
Romania,RO,ROU,1993,0.00352087,0.003703214
Romania,RO,ROU,1994,0.012260979,0.026300162
Romania,RO,ROU,1995,0.04024296,0.074952756
Romania,RO,ROU,1996,0.075832364,0.221622649
Romania,RO,ROU,1997,0.901768476,0.445444676
Romania,RO,ROU,1998,2.901461931,2.237649473
Romania,RO,ROU,1999,6.150458594,2.697580217
Romania,RO,ROU,2000,11.40061194,3.613717291
Romania,RO,ROU,2001,17.64009691,4.538669029
Romania,RO,ROU,2002,23.60165076,6.58
Romania,RO,ROU,2003,32.77218532,8.9
Romania,RO,ROU,2004,47.9837041,15
Romania,RO,ROU,2005,63.31296631,21.5
Romania,RO,ROU,2006,76.4775578,24.66
Romania,RO,ROU,2007,98.34059881,28.3
Romania,RO,ROU,2008,118.8007792,32.42
Romania,RO,ROU,2009,122.6405258,36.6
Romania,RO,ROU,2010,119.7922166,39.93
Romania,RO,ROU,2011,115.8242824,40.00999678
Romania,RO,ROU,2012,113.4223875,45.87999425
Romania,RO,ROU,2013,114.1701218,49.7645
Romania,RO,ROU,2014,114.6238647,54.08
Romania,RO,ROU,2015,116.1454247,55.76315563
Romania,RO,ROU,2016,115.669301,59.50395129
Romania,RO,ROU,2017,113.7122045,63.74728218
Romania,RO,ROU,2018,115.4396415,70.68127793
Romania,RO,ROU,2019,116.1173683,73.65747575
Romania,RO,ROU,2020,116.1812357,78.45526741
Romania,RO,ROU,2021,118.6275646,83.59043346
Russian Federation,RU,RUS,1960,0,NA
Russian Federation,RU,RUS,1961,NA,NA
Russian Federation,RU,RUS,1962,NA,NA
Russian Federation,RU,RUS,1963,NA,NA
Russian Federation,RU,RUS,1964,NA,NA
Russian Federation,RU,RUS,1965,0,NA
Russian Federation,RU,RUS,1966,NA,NA
Russian Federation,RU,RUS,1967,NA,NA
Russian Federation,RU,RUS,1968,NA,NA
Russian Federation,RU,RUS,1969,NA,NA
Russian Federation,RU,RUS,1970,0,NA
Russian Federation,RU,RUS,1971,NA,NA
Russian Federation,RU,RUS,1972,NA,NA
Russian Federation,RU,RUS,1973,NA,NA
Russian Federation,RU,RUS,1974,NA,NA
Russian Federation,RU,RUS,1975,0,NA
Russian Federation,RU,RUS,1976,0,NA
Russian Federation,RU,RUS,1977,0,NA
Russian Federation,RU,RUS,1978,0,NA
Russian Federation,RU,RUS,1979,0,NA
Russian Federation,RU,RUS,1980,0,NA
Russian Federation,RU,RUS,1981,0,NA
Russian Federation,RU,RUS,1982,0,NA
Russian Federation,RU,RUS,1983,0,NA
Russian Federation,RU,RUS,1984,0,NA
Russian Federation,RU,RUS,1985,0,NA
Russian Federation,RU,RUS,1986,0,NA
Russian Federation,RU,RUS,1987,0,NA
Russian Federation,RU,RUS,1988,0,NA
Russian Federation,RU,RUS,1989,0,NA
Russian Federation,RU,RUS,1990,0,0
Russian Federation,RU,RUS,1991,2.02709e-4,0
Russian Federation,RU,RUS,1992,0.00404671,6.72532e-4
Russian Federation,RU,RUS,1993,0.006739744,0.013447238
Russian Federation,RU,RUS,1994,0.018701789,0.053817493
Russian Federation,RU,RUS,1995,0.059723075,0.148151042
Russian Federation,RU,RUS,1996,0.150655806,0.26975293
Russian Federation,RU,RUS,1997,0.328222391,0.472963763
Russian Federation,RU,RUS,1998,0.507028324,0.812744451
Russian Federation,RU,RUS,1999,0.932935006,1.018984614
Russian Federation,RU,RUS,2000,2.228887102,1.977230109
Russian Federation,RU,RUS,2001,5.314723089,2.944367787
Russian Federation,RU,RUS,2002,12.12593129,4.128271818
Russian Federation,RU,RUS,2003,24.98783944,8.298860616
Russian Federation,RU,RUS,2004,51.16733273,12.8593889
Russian Federation,RU,RUS,2005,83.52351405,15.2266732
Russian Federation,RU,RUS,2006,105.0701387,18.02327746
Russian Federation,RU,RUS,2007,119.4978199,24.66
Russian Federation,RU,RUS,2008,139.2838126,32
Russian Federation,RU,RUS,2009,160.5071896,42.55
Russian Federation,RU,RUS,2010,165.6610167,49
Russian Federation,RU,RUS,2011,141.7866096,58
Russian Federation,RU,RUS,2012,144.4957561,66
Russian Federation,RU,RUS,2013,151.2556334,67.97
Russian Federation,RU,RUS,2014,152.7878864,70.52
Russian Federation,RU,RUS,2015,156.7665611,70.09924123
Russian Federation,RU,RUS,2016,157.718498,73.09143462
Russian Federation,RU,RUS,2017,156.187408,76.00813853
Russian Federation,RU,RUS,2018,157.431312,80.86472187
Russian Federation,RU,RUS,2019,164.3876311,82.64216156
Russian Federation,RU,RUS,2020,163.5893357,84.99467026
Russian Federation,RU,RUS,2021,168.9847242,88.21384578
Rwanda,RW,RWA,1960,0,NA
Rwanda,RW,RWA,1961,NA,NA
Rwanda,RW,RWA,1962,NA,NA
Rwanda,RW,RWA,1963,NA,NA
Rwanda,RW,RWA,1964,NA,NA
Rwanda,RW,RWA,1965,0,NA
Rwanda,RW,RWA,1966,NA,NA
Rwanda,RW,RWA,1967,NA,NA
Rwanda,RW,RWA,1968,NA,NA
Rwanda,RW,RWA,1969,NA,NA
Rwanda,RW,RWA,1970,0,NA
Rwanda,RW,RWA,1971,NA,NA
Rwanda,RW,RWA,1972,NA,NA
Rwanda,RW,RWA,1973,NA,NA
Rwanda,RW,RWA,1974,NA,NA
Rwanda,RW,RWA,1975,0,NA
Rwanda,RW,RWA,1976,0,NA
Rwanda,RW,RWA,1977,0,NA
Rwanda,RW,RWA,1978,0,NA
Rwanda,RW,RWA,1979,0,NA
Rwanda,RW,RWA,1980,0,NA
Rwanda,RW,RWA,1981,0,NA
Rwanda,RW,RWA,1982,0,NA
Rwanda,RW,RWA,1983,0,NA
Rwanda,RW,RWA,1984,0,NA
Rwanda,RW,RWA,1985,0,NA
Rwanda,RW,RWA,1986,0,NA
Rwanda,RW,RWA,1987,0,NA
Rwanda,RW,RWA,1988,0,NA
Rwanda,RW,RWA,1989,0,NA
Rwanda,RW,RWA,1990,0,0
Rwanda,RW,RWA,1991,0,0
Rwanda,RW,RWA,1992,0,0
Rwanda,RW,RWA,1993,0,0
Rwanda,RW,RWA,1994,0,0
Rwanda,RW,RWA,1995,0,0
Rwanda,RW,RWA,1996,0,8.83372e-4
Rwanda,RW,RWA,1997,0,0.001625791
Rwanda,RW,RWA,1998,0.063174027,0.011763573
Rwanda,RW,RWA,1999,0.137335421,0.067176482
Rwanda,RW,RWA,2000,0.480888445,0.06283146
Rwanda,RW,RWA,2001,0.79037532,0.24067241
Rwanda,RW,RWA,2002,0.984089688,0.292784719
Rwanda,RW,RWA,2003,1.525678362,0.356918467
Rwanda,RW,RWA,2004,1.561343212,0.430854243
Rwanda,RW,RWA,2005,2.470314799,0.556041165
Rwanda,RW,RWA,2006,3.389414919,NA
Rwanda,RW,RWA,2007,6.66938775,2.115387178
Rwanda,RW,RWA,2008,13.52113618,4.5
Rwanda,RW,RWA,2009,24.18673448,7.7
Rwanda,RW,RWA,2010,34.42380763,8
Rwanda,RW,RWA,2011,42.03670781,7
Rwanda,RW,RWA,2012,52.49608545,8.023854277
Rwanda,RW,RWA,2013,60.25535633,9
Rwanda,RW,RWA,2014,68.14488903,10.6
Rwanda,RW,RWA,2015,75.23533322,18
Rwanda,RW,RWA,2016,74.77669748,20
Rwanda,RW,RWA,2017,72.10934219,17.2
Rwanda,RW,RWA,2018,77.40789677,25
Rwanda,RW,RWA,2019,75.25147588,26
Rwanda,RW,RWA,2020,80.74026868,23.8
Rwanda,RW,RWA,2021,80.99152957,NA
Samoa,WS,WSM,1960,0,NA
Samoa,WS,WSM,1961,NA,NA
Samoa,WS,WSM,1962,NA,NA
Samoa,WS,WSM,1963,NA,NA
Samoa,WS,WSM,1964,NA,NA
Samoa,WS,WSM,1965,0,NA
Samoa,WS,WSM,1966,NA,NA
Samoa,WS,WSM,1967,NA,NA
Samoa,WS,WSM,1968,NA,NA
Samoa,WS,WSM,1969,NA,NA
Samoa,WS,WSM,1970,0,NA
Samoa,WS,WSM,1971,NA,NA
Samoa,WS,WSM,1972,NA,NA
Samoa,WS,WSM,1973,NA,NA
Samoa,WS,WSM,1974,NA,NA
Samoa,WS,WSM,1975,0,NA
Samoa,WS,WSM,1976,0,NA
Samoa,WS,WSM,1977,0,NA
Samoa,WS,WSM,1978,0,NA
Samoa,WS,WSM,1979,0,NA
Samoa,WS,WSM,1980,0,NA
Samoa,WS,WSM,1981,0,NA
Samoa,WS,WSM,1982,0,NA
Samoa,WS,WSM,1983,0,NA
Samoa,WS,WSM,1984,0,NA
Samoa,WS,WSM,1985,0,NA
Samoa,WS,WSM,1986,0,NA
Samoa,WS,WSM,1987,0,NA
Samoa,WS,WSM,1988,0,NA
Samoa,WS,WSM,1989,0,NA
Samoa,WS,WSM,1990,0,0
Samoa,WS,WSM,1991,0,0
Samoa,WS,WSM,1992,0,0
Samoa,WS,WSM,1993,0,0
Samoa,WS,WSM,1994,0,0
Samoa,WS,WSM,1995,0,0
Samoa,WS,WSM,1996,0,NA
Samoa,WS,WSM,1997,0.429028301,0.174571863
Samoa,WS,WSM,1998,0.820467334,0.230359015
Samoa,WS,WSM,1999,1.334716345,0.285308333
Samoa,WS,WSM,2000,1.358636581,0.566392533
Samoa,WS,WSM,2001,1.347490972,1.689902831
Samoa,WS,WSM,2002,1.446712747,2.244832676
Samoa,WS,WSM,2003,5.601792574,2.799630449
Samoa,WS,WSM,2004,8.507334918,3.07552941
Samoa,WS,WSM,2005,12.7235906,3.352592112
Samoa,WS,WSM,2006,24.02589516,4.469173873
Samoa,WS,WSM,2007,45.14957108,4.749983235
Samoa,WS,WSM,2008,NA,5.031615316
Samoa,WS,WSM,2009,NA,6
Samoa,WS,WSM,2010,46.23161009,7
Samoa,WS,WSM,2011,NA,11
Samoa,WS,WSM,2012,50.62587067,12.92249
Samoa,WS,WSM,2013,49.95873741,15.3
Samoa,WS,WSM,2014,52.79816809,21.2
Samoa,WS,WSM,2015,59.20145797,25.40700977
Samoa,WS,WSM,2016,73.46748142,29.41173011
Samoa,WS,WSM,2017,59.82324327,33.61093932
Samoa,WS,WSM,2018,47.68694475,NA
Samoa,WS,WSM,2019,39.6404049,NA
Samoa,WS,WSM,2020,32.10362492,NA
Samoa,WS,WSM,2021,NA,NA
San Marino,SM,SMR,1960,NA,NA
San Marino,SM,SMR,1961,NA,NA
San Marino,SM,SMR,1962,NA,NA
San Marino,SM,SMR,1963,NA,NA
San Marino,SM,SMR,1964,NA,NA
San Marino,SM,SMR,1965,NA,NA
San Marino,SM,SMR,1966,NA,NA
San Marino,SM,SMR,1967,NA,NA
San Marino,SM,SMR,1968,NA,NA
San Marino,SM,SMR,1969,NA,NA
San Marino,SM,SMR,1970,NA,NA
San Marino,SM,SMR,1971,NA,NA
San Marino,SM,SMR,1972,NA,NA
San Marino,SM,SMR,1973,NA,NA
San Marino,SM,SMR,1974,NA,NA
San Marino,SM,SMR,1975,NA,NA
San Marino,SM,SMR,1976,NA,NA
San Marino,SM,SMR,1977,NA,NA
San Marino,SM,SMR,1978,NA,NA
San Marino,SM,SMR,1979,NA,NA
San Marino,SM,SMR,1980,NA,NA
San Marino,SM,SMR,1981,NA,NA
San Marino,SM,SMR,1982,NA,NA
San Marino,SM,SMR,1983,NA,NA
San Marino,SM,SMR,1984,NA,NA
San Marino,SM,SMR,1985,NA,NA
San Marino,SM,SMR,1986,NA,NA
San Marino,SM,SMR,1987,NA,NA
San Marino,SM,SMR,1988,NA,NA
San Marino,SM,SMR,1989,NA,NA
San Marino,SM,SMR,1990,0,0
San Marino,SM,SMR,1991,NA,0
San Marino,SM,SMR,1992,3.780241935,0
San Marino,SM,SMR,1993,5.375899429,0
San Marino,SM,SMR,1994,7.744039128,0
San Marino,SM,SMR,1995,9.40287712,1.362132711
San Marino,SM,SMR,1996,9.031107589,1.428075186
San Marino,SM,SMR,1997,9.18112205,1.41854848
San Marino,SM,SMR,1998,19.15605647,1.408557941
San Marino,SM,SMR,1999,36.28238146,42.80331575
San Marino,SM,SMR,2000,54.06926891,48.79949531
San Marino,SM,SMR,2001,57.9967808,50.34166909
San Marino,SM,SMR,2002,59.91991133,50.83483994
San Marino,SM,SMR,2003,59.08884305,50.00345304
San Marino,SM,SMR,2004,58.72546661,50.56634304
San Marino,SM,SMR,2005,58.11983191,50.2595642
San Marino,SM,SMR,2006,58.04599619,50.20865936
San Marino,SM,SMR,2007,57.61885948,50.36482211
San Marino,SM,SMR,2008,79.48534202,54.52
San Marino,SM,SMR,2009,96.42305216,54.21
San Marino,SM,SMR,2010,96.76980511,NA
San Marino,SM,SMR,2011,109.1365091,49.6
San Marino,SM,SMR,2012,108.656284,NA
San Marino,SM,SMR,2013,110.5002253,NA
San Marino,SM,SMR,2014,112.6119381,NA
San Marino,SM,SMR,2015,109.0974084,NA
San Marino,SM,SMR,2016,108.0865402,NA
San Marino,SM,SMR,2017,111.5809255,60.18230126
San Marino,SM,SMR,2018,112.7181169,NA
San Marino,SM,SMR,2019,113.3770262,NA
San Marino,SM,SMR,2020,114.6822713,NA
San Marino,SM,SMR,2021,118.5325668,NA
Sao Tome and Principe,ST,STP,1960,0,NA
Sao Tome and Principe,ST,STP,1961,NA,NA
Sao Tome and Principe,ST,STP,1962,NA,NA
Sao Tome and Principe,ST,STP,1963,NA,NA
Sao Tome and Principe,ST,STP,1964,NA,NA
Sao Tome and Principe,ST,STP,1965,0,NA
Sao Tome and Principe,ST,STP,1966,NA,NA
Sao Tome and Principe,ST,STP,1967,NA,NA
Sao Tome and Principe,ST,STP,1968,NA,NA
Sao Tome and Principe,ST,STP,1969,NA,NA
Sao Tome and Principe,ST,STP,1970,0,NA
Sao Tome and Principe,ST,STP,1971,NA,NA
Sao Tome and Principe,ST,STP,1972,NA,NA
Sao Tome and Principe,ST,STP,1973,NA,NA
Sao Tome and Principe,ST,STP,1974,NA,NA
Sao Tome and Principe,ST,STP,1975,0,NA
Sao Tome and Principe,ST,STP,1976,0,NA
Sao Tome and Principe,ST,STP,1977,0,NA
Sao Tome and Principe,ST,STP,1978,0,NA
Sao Tome and Principe,ST,STP,1979,0,NA
Sao Tome and Principe,ST,STP,1980,0,NA
Sao Tome and Principe,ST,STP,1981,0,NA
Sao Tome and Principe,ST,STP,1982,0,NA
Sao Tome and Principe,ST,STP,1983,0,NA
Sao Tome and Principe,ST,STP,1984,0,NA
Sao Tome and Principe,ST,STP,1985,0,NA
Sao Tome and Principe,ST,STP,1986,0,NA
Sao Tome and Principe,ST,STP,1987,0,NA
Sao Tome and Principe,ST,STP,1988,0,NA
Sao Tome and Principe,ST,STP,1989,0,NA
Sao Tome and Principe,ST,STP,1990,0,0
Sao Tome and Principe,ST,STP,1991,0,0
Sao Tome and Principe,ST,STP,1992,0,0
Sao Tome and Principe,ST,STP,1993,0,0
Sao Tome and Principe,ST,STP,1994,0,0
Sao Tome and Principe,ST,STP,1995,0,0
Sao Tome and Principe,ST,STP,1996,0,NA
Sao Tome and Principe,ST,STP,1997,0,NA
Sao Tome and Principe,ST,STP,1998,0,0.295847047
Sao Tome and Principe,ST,STP,1999,0,0.363203161
Sao Tome and Principe,ST,STP,2000,0,4.638516816
Sao Tome and Principe,ST,STP,2001,0,6.310917888
Sao Tome and Principe,ST,STP,2002,1.321400685,7.580665169
Sao Tome and Principe,ST,STP,2003,3.134064333,10.16184431
Sao Tome and Principe,ST,STP,2004,4.911317273,13.32285269
Sao Tome and Principe,ST,STP,2005,7.392998516,13.75948422
Sao Tome and Principe,ST,STP,2006,11.11721225,14.18201978
Sao Tome and Principe,ST,STP,2007,17.72145191,14.5904832
Sao Tome and Principe,ST,STP,2008,29.051631,15.48
Sao Tome and Principe,ST,STP,2009,45.37691997,16.41
Sao Tome and Principe,ST,STP,2010,56.40228837,18.75
Sao Tome and Principe,ST,STP,2011,61.83375976,20.1612
Sao Tome and Principe,ST,STP,2012,64.32678334,21.5724
Sao Tome and Principe,ST,STP,2013,64.68359853,23
Sao Tome and Principe,ST,STP,2014,65.06427946,24.41
Sao Tome and Principe,ST,STP,2015,91.96863626,25.82
Sao Tome and Principe,ST,STP,2016,87.00838579,28
Sao Tome and Principe,ST,STP,2017,83.62158473,29.9312292
Sao Tome and Principe,ST,STP,2018,76.9409115,31.9
Sao Tome and Principe,ST,STP,2019,77.24220523,32
Sao Tome and Principe,ST,STP,2020,79.67535824,33
Sao Tome and Principe,ST,STP,2021,84.81983981,NA
Saudi Arabia,SA,SAU,1960,NA,NA
Saudi Arabia,SA,SAU,1961,NA,NA
Saudi Arabia,SA,SAU,1962,NA,NA
Saudi Arabia,SA,SAU,1963,NA,NA
Saudi Arabia,SA,SAU,1964,NA,NA
Saudi Arabia,SA,SAU,1965,NA,NA
Saudi Arabia,SA,SAU,1966,NA,NA
Saudi Arabia,SA,SAU,1967,NA,NA
Saudi Arabia,SA,SAU,1968,NA,NA
Saudi Arabia,SA,SAU,1969,NA,NA
Saudi Arabia,SA,SAU,1970,NA,NA
Saudi Arabia,SA,SAU,1971,NA,NA
Saudi Arabia,SA,SAU,1972,NA,NA
Saudi Arabia,SA,SAU,1973,NA,NA
Saudi Arabia,SA,SAU,1974,NA,NA
Saudi Arabia,SA,SAU,1975,NA,NA
Saudi Arabia,SA,SAU,1976,NA,NA
Saudi Arabia,SA,SAU,1977,NA,NA
Saudi Arabia,SA,SAU,1978,NA,NA
Saudi Arabia,SA,SAU,1979,NA,NA
Saudi Arabia,SA,SAU,1980,NA,NA
Saudi Arabia,SA,SAU,1981,NA,NA
Saudi Arabia,SA,SAU,1982,NA,NA
Saudi Arabia,SA,SAU,1983,NA,NA
Saudi Arabia,SA,SAU,1984,NA,NA
Saudi Arabia,SA,SAU,1985,NA,NA
Saudi Arabia,SA,SAU,1986,NA,NA
Saudi Arabia,SA,SAU,1987,NA,NA
Saudi Arabia,SA,SAU,1988,NA,NA
Saudi Arabia,SA,SAU,1989,NA,NA
Saudi Arabia,SA,SAU,1990,0.092791133,0
Saudi Arabia,SA,SAU,1991,0.092054437,0
Saudi Arabia,SA,SAU,1992,0.091590067,0
Saudi Arabia,SA,SAU,1993,0.089149328,0
Saudi Arabia,SA,SAU,1994,0.086887032,0
Saudi Arabia,SA,SAU,1995,0.084748378,0.010956134
Saudi Arabia,SA,SAU,1996,0.982654552,0.026732651
Saudi Arabia,SA,SAU,1997,1.665471568,0.052099031
Saudi Arabia,SA,SAU,1998,3.064200995,0.101429893
Saudi Arabia,SA,SAU,1999,3.982111086,0.49358534
Saudi Arabia,SA,SAU,2000,6.385371964,2.210691809
Saudi Arabia,SA,SAU,2001,11.44909956,4.681053166
Saudi Arabia,SA,SAU,2002,22.13620269,6.38470502
Saudi Arabia,SA,SAU,2003,31.26548242,8.001582891
Saudi Arabia,SA,SAU,2004,38.77879493,10.234533
Saudi Arabia,SA,SAU,2005,58.05554012,12.70503599
Saudi Arabia,SA,SAU,2006,77.61139698,19.45955435
Saudi Arabia,SA,SAU,2007,107.5754805,30
Saudi Arabia,SA,SAU,2008,131.2079923,36
Saudi Arabia,SA,SAU,2009,157.5083371,38
Saudi Arabia,SA,SAU,2010,175.3178957,41
Saudi Arabia,SA,SAU,2011,179.0988641,47.5
Saudi Arabia,SA,SAU,2012,171.9576466,54
Saudi Arabia,SA,SAU,2013,168.6778476,60.5
Saudi Arabia,SA,SAU,2014,164.1527601,64.71365737
Saudi Arabia,SA,SAU,2015,161.21011,69.6162358
Saudi Arabia,SA,SAU,2016,143.4406683,74.87927469
Saudi Arabia,SA,SAU,2017,117.5995716,94.17559961
Saudi Arabia,SA,SAU,2018,117.9691219,93.31000185
Saudi Arabia,SA,SAU,2019,115.2711969,95.7247356
Saudi Arabia,SA,SAU,2020,120.052537,97.8623325
Saudi Arabia,SA,SAU,2021,126.3611144,100
Senegal,SN,SEN,1960,0,NA
Senegal,SN,SEN,1961,NA,NA
Senegal,SN,SEN,1962,NA,NA
Senegal,SN,SEN,1963,NA,NA
Senegal,SN,SEN,1964,NA,NA
Senegal,SN,SEN,1965,0,NA
Senegal,SN,SEN,1966,NA,NA
Senegal,SN,SEN,1967,NA,NA
Senegal,SN,SEN,1968,NA,NA
Senegal,SN,SEN,1969,NA,NA
Senegal,SN,SEN,1970,0,NA
Senegal,SN,SEN,1971,NA,NA
Senegal,SN,SEN,1972,NA,NA
Senegal,SN,SEN,1973,NA,NA
Senegal,SN,SEN,1974,NA,NA
Senegal,SN,SEN,1975,0,NA
Senegal,SN,SEN,1976,0,NA
Senegal,SN,SEN,1977,0,NA
Senegal,SN,SEN,1978,0,NA
Senegal,SN,SEN,1979,0,NA
Senegal,SN,SEN,1980,0,NA
Senegal,SN,SEN,1981,0,NA
Senegal,SN,SEN,1982,0,NA
Senegal,SN,SEN,1983,0,NA
Senegal,SN,SEN,1984,0,NA
Senegal,SN,SEN,1985,0,NA
Senegal,SN,SEN,1986,0,NA
Senegal,SN,SEN,1987,0,NA
Senegal,SN,SEN,1988,0,NA
Senegal,SN,SEN,1989,0,NA
Senegal,SN,SEN,1990,0,0
Senegal,SN,SEN,1991,0,0
Senegal,SN,SEN,1992,0,0
Senegal,SN,SEN,1993,0,0
Senegal,SN,SEN,1994,0.001164311,0
Senegal,SN,SEN,1995,0.001413234,6.92848e-4
Senegal,SN,SEN,1996,0.01596667,0.011238219
Senegal,SN,SEN,1997,0.076694149,0.027347441
Senegal,SN,SEN,1998,0.296786944,0.079871379
Senegal,SN,SEN,1999,0.92713411,0.311090952
Senegal,SN,SEN,2000,2.578767773,0.403967486
Senegal,SN,SEN,2001,3.036930771,0.983794059
Senegal,SN,SEN,2002,5.436123348,1.006454537
Senegal,SN,SEN,2003,7.498420624,2.10143643
Senegal,SN,SEN,2004,10.48085228,4.38602398
Senegal,SN,SEN,2005,15.76541839,4.786684083
Senegal,SN,SEN,2006,26.48069595,5.611738652
Senegal,SN,SEN,2007,31.3978306,6.89
Senegal,SN,SEN,2008,45.39008866,7.12
Senegal,SN,SEN,2009,56.59267039,7.5
Senegal,SN,SEN,2010,66.58927184,8
Senegal,SN,SEN,2011,72.63867013,9.8
Senegal,SN,SEN,2012,86.68977306,10.8
Senegal,SN,SEN,2013,96.60334847,13.1
Senegal,SN,SEN,2014,102.9306512,17.7
Senegal,SN,SEN,2015,104.2023505,21.7
Senegal,SN,SEN,2016,102.9497559,25.66476804
Senegal,SN,SEN,2017,103.9621401,29.64312367
Senegal,SN,SEN,2018,106.3244864,35.3
Senegal,SN,SEN,2019,111.7482578,39.5
Senegal,SN,SEN,2020,116.079391,42.6
Senegal,SN,SEN,2021,117.676782,NA
Serbia,RS,SRB,1960,NA,NA
Serbia,RS,SRB,1961,NA,NA
Serbia,RS,SRB,1962,NA,NA
Serbia,RS,SRB,1963,NA,NA
Serbia,RS,SRB,1964,NA,NA
Serbia,RS,SRB,1965,NA,NA
Serbia,RS,SRB,1966,NA,NA
Serbia,RS,SRB,1967,NA,NA
Serbia,RS,SRB,1968,NA,NA
Serbia,RS,SRB,1969,NA,NA
Serbia,RS,SRB,1970,NA,NA
Serbia,RS,SRB,1971,NA,NA
Serbia,RS,SRB,1972,NA,NA
Serbia,RS,SRB,1973,NA,NA
Serbia,RS,SRB,1974,NA,NA
Serbia,RS,SRB,1975,NA,NA
Serbia,RS,SRB,1976,NA,NA
Serbia,RS,SRB,1977,NA,NA
Serbia,RS,SRB,1978,NA,NA
Serbia,RS,SRB,1979,NA,NA
Serbia,RS,SRB,1980,NA,NA
Serbia,RS,SRB,1981,NA,NA
Serbia,RS,SRB,1982,NA,NA
Serbia,RS,SRB,1983,NA,NA
Serbia,RS,SRB,1984,NA,NA
Serbia,RS,SRB,1985,NA,NA
Serbia,RS,SRB,1986,NA,NA
Serbia,RS,SRB,1987,NA,NA
Serbia,RS,SRB,1988,NA,NA
Serbia,RS,SRB,1989,NA,NA
Serbia,RS,SRB,1990,NA,NA
Serbia,RS,SRB,1991,NA,NA
Serbia,RS,SRB,1992,NA,NA
Serbia,RS,SRB,1993,NA,NA
Serbia,RS,SRB,1994,NA,NA
Serbia,RS,SRB,1995,NA,NA
Serbia,RS,SRB,1996,NA,NA
Serbia,RS,SRB,1997,NA,NA
Serbia,RS,SRB,1998,NA,NA
Serbia,RS,SRB,1999,NA,NA
Serbia,RS,SRB,2000,NA,NA
Serbia,RS,SRB,2001,NA,NA
Serbia,RS,SRB,2002,NA,NA
Serbia,RS,SRB,2003,NA,NA
Serbia,RS,SRB,2004,51.17181283,23.5
Serbia,RS,SRB,2005,73.72001754,26.3
Serbia,RS,SRB,2006,89.37585492,27.2
Serbia,RS,SRB,2007,114.2961107,33.15
Serbia,RS,SRB,2008,130.6946168,35.6
Serbia,RS,SRB,2009,135.3233088,38.1
Serbia,RS,SRB,2010,136.0150378,40.9
Serbia,RS,SRB,2011,141.0434365,42.2
Serbia,RS,SRB,2012,127.1991843,48.1
Serbia,RS,SRB,2013,128.668141,53.45036418
Serbia,RS,SRB,2014,131.3531175,62.07508046
Serbia,RS,SRB,2015,129.3835881,65.3170254
Serbia,RS,SRB,2016,129.1774948,67.05684137
Serbia,RS,SRB,2017,123.1427546,70.33083553
Serbia,RS,SRB,2018,121.0748239,73.36070915
Serbia,RS,SRB,2019,122.0477413,77.41677362
Serbia,RS,SRB,2020,120.2168595,78.36804077
Serbia,RS,SRB,2021,123.7205974,81.16588116
Seychelles,SC,SYC,1960,0,NA
Seychelles,SC,SYC,1961,NA,NA
Seychelles,SC,SYC,1962,NA,NA
Seychelles,SC,SYC,1963,NA,NA
Seychelles,SC,SYC,1964,NA,NA
Seychelles,SC,SYC,1965,0,NA
Seychelles,SC,SYC,1966,NA,NA
Seychelles,SC,SYC,1967,NA,NA
Seychelles,SC,SYC,1968,NA,NA
Seychelles,SC,SYC,1969,NA,NA
Seychelles,SC,SYC,1970,0,NA
Seychelles,SC,SYC,1971,NA,NA
Seychelles,SC,SYC,1972,NA,NA
Seychelles,SC,SYC,1973,NA,NA
Seychelles,SC,SYC,1974,NA,NA
Seychelles,SC,SYC,1975,0,NA
Seychelles,SC,SYC,1976,0,NA
Seychelles,SC,SYC,1977,0,NA
Seychelles,SC,SYC,1978,0,NA
Seychelles,SC,SYC,1979,0,NA
Seychelles,SC,SYC,1980,0,NA
Seychelles,SC,SYC,1981,0,NA
Seychelles,SC,SYC,1982,0,NA
Seychelles,SC,SYC,1983,0,NA
Seychelles,SC,SYC,1984,0,NA
Seychelles,SC,SYC,1985,0,NA
Seychelles,SC,SYC,1986,0,NA
Seychelles,SC,SYC,1987,0,NA
Seychelles,SC,SYC,1988,0,NA
Seychelles,SC,SYC,1989,0,NA
Seychelles,SC,SYC,1990,0,0
Seychelles,SC,SYC,1991,0,0
Seychelles,SC,SYC,1992,0,0
Seychelles,SC,SYC,1993,0,0
Seychelles,SC,SYC,1994,0,0
Seychelles,SC,SYC,1995,0.066903057,0
Seychelles,SC,SYC,1996,1.380542687,0.651474286
Seychelles,SC,SYC,1997,2.936065124,1.28295593
Seychelles,SC,SYC,1998,6.68263288,2.526177514
Seychelles,SC,SYC,1999,20.69691627,6.229054803
Seychelles,SC,SYC,2000,32.4269298,7.395629183
Seychelles,SC,SYC,2001,45.14164062,11.01510293
Seychelles,SC,SYC,2002,54.26346245,14.30417083
Seychelles,SC,SYC,2003,58.89199923,14.59250432
Seychelles,SC,SYC,2004,64.17947447,24.27213922
Seychelles,SC,SYC,2005,68.47222384,25.41326815
Seychelles,SC,SYC,2006,80.76424052,34.95197117
Seychelles,SC,SYC,2007,87.49377293,38.38
Seychelles,SC,SYC,2008,104.2746865,40.44
Seychelles,SC,SYC,2009,121.5731078,NA
Seychelles,SC,SYC,2010,127.2476409,41
Seychelles,SC,SYC,2011,134.9227834,43.16400446
Seychelles,SC,SYC,2012,143.1973895,47.076
Seychelles,SC,SYC,2013,141.4376409,50.4
Seychelles,SC,SYC,2014,154.4229141,51.25470199
Seychelles,SC,SYC,2015,149.3792825,54.25961786
Seychelles,SC,SYC,2016,151.0894655,56.51470815
Seychelles,SC,SYC,2017,164.3080248,58.76981124
Seychelles,SC,SYC,2018,173.563787,70.1
Seychelles,SC,SYC,2019,185.5593454,75
Seychelles,SC,SYC,2020,173.8823083,79
Seychelles,SC,SYC,2021,172.9698507,NA
Sierra Leone,SL,SLE,1960,0,NA
Sierra Leone,SL,SLE,1961,NA,NA
Sierra Leone,SL,SLE,1962,NA,NA
Sierra Leone,SL,SLE,1963,NA,NA
Sierra Leone,SL,SLE,1964,NA,NA
Sierra Leone,SL,SLE,1965,0,NA
Sierra Leone,SL,SLE,1966,NA,NA
Sierra Leone,SL,SLE,1967,NA,NA
Sierra Leone,SL,SLE,1968,NA,NA
Sierra Leone,SL,SLE,1969,NA,NA
Sierra Leone,SL,SLE,1970,0,NA
Sierra Leone,SL,SLE,1971,NA,NA
Sierra Leone,SL,SLE,1972,NA,NA
Sierra Leone,SL,SLE,1973,NA,NA
Sierra Leone,SL,SLE,1974,NA,NA
Sierra Leone,SL,SLE,1975,0,NA
Sierra Leone,SL,SLE,1976,0,NA
Sierra Leone,SL,SLE,1977,0,NA
Sierra Leone,SL,SLE,1978,0,NA
Sierra Leone,SL,SLE,1979,0,NA
Sierra Leone,SL,SLE,1980,0,NA
Sierra Leone,SL,SLE,1981,0,NA
Sierra Leone,SL,SLE,1982,0,NA
Sierra Leone,SL,SLE,1983,0,NA
Sierra Leone,SL,SLE,1984,0,NA
Sierra Leone,SL,SLE,1985,0,NA
Sierra Leone,SL,SLE,1986,0,NA
Sierra Leone,SL,SLE,1987,0,NA
Sierra Leone,SL,SLE,1988,0,NA
Sierra Leone,SL,SLE,1989,0,NA
Sierra Leone,SL,SLE,1990,0,0
Sierra Leone,SL,SLE,1991,0,0
Sierra Leone,SL,SLE,1992,0,0
Sierra Leone,SL,SLE,1993,0,0
Sierra Leone,SL,SLE,1994,0,0
Sierra Leone,SL,SLE,1995,0,0
Sierra Leone,SL,SLE,1996,0,0.002506116
Sierra Leone,SL,SLE,1997,0,0.004987835
Sierra Leone,SL,SLE,1998,0,0.014805065
Sierra Leone,SL,SLE,1999,0,0.048490656
Sierra Leone,SL,SLE,2000,0.260467397,0.118254246
Sierra Leone,SL,SLE,2001,0.55372593,0.160264445
Sierra Leone,SL,SLE,2002,1.303473543,0.176198957
Sierra Leone,SL,SLE,2003,2.115790837,0.190173282
Sierra Leone,SL,SLE,2004,NA,0.203007681
Sierra Leone,SL,SLE,2005,NA,0.21539161
Sierra Leone,SL,SLE,2006,NA,0.227669467
Sierra Leone,SL,SLE,2007,13.06581196,0.239834699
Sierra Leone,SL,SLE,2008,16.56252155,0.25
Sierra Leone,SL,SLE,2009,18.53081915,0.26
Sierra Leone,SL,SLE,2010,31.07183217,0.58
Sierra Leone,SL,SLE,2011,32.31814728,0.9
Sierra Leone,SL,SLE,2012,32.55463913,2.5
Sierra Leone,SL,SLE,2013,57.43117807,4
Sierra Leone,SL,SLE,2014,66.61542977,6.057298984
Sierra Leone,SL,SLE,2015,77.33664462,6.344421603
Sierra Leone,SL,SLE,2016,83.79160527,11.77318438
Sierra Leone,SL,SLE,2017,86.29036859,13.23693043
Sierra Leone,SL,SLE,2018,80.84116316,15.8
Sierra Leone,SL,SLE,2019,83.63300421,16.8
Sierra Leone,SL,SLE,2020,83.60731215,18
Sierra Leone,SL,SLE,2021,97.70150515,NA
Singapore,SG,SGP,1960,0,NA
Singapore,SG,SGP,1961,NA,NA
Singapore,SG,SGP,1962,NA,NA
Singapore,SG,SGP,1963,NA,NA
Singapore,SG,SGP,1964,NA,NA
Singapore,SG,SGP,1965,0,NA
Singapore,SG,SGP,1966,NA,NA
Singapore,SG,SGP,1967,NA,NA
Singapore,SG,SGP,1968,NA,NA
Singapore,SG,SGP,1969,NA,NA
Singapore,SG,SGP,1970,0,NA
Singapore,SG,SGP,1971,NA,NA
Singapore,SG,SGP,1972,NA,NA
Singapore,SG,SGP,1973,NA,NA
Singapore,SG,SGP,1974,NA,NA
Singapore,SG,SGP,1975,0,NA
Singapore,SG,SGP,1976,0,NA
Singapore,SG,SGP,1977,0,NA
Singapore,SG,SGP,1978,0,NA
Singapore,SG,SGP,1979,0,NA
Singapore,SG,SGP,1980,0,NA
Singapore,SG,SGP,1981,0,NA
Singapore,SG,SGP,1982,0,NA
Singapore,SG,SGP,1983,0,NA
Singapore,SG,SGP,1984,NA,NA
Singapore,SG,SGP,1985,NA,NA
Singapore,SG,SGP,1986,NA,NA
Singapore,SG,SGP,1987,NA,NA
Singapore,SG,SGP,1988,0.375871722,NA
Singapore,SG,SGP,1989,0.892659215,NA
Singapore,SG,SGP,1990,1.711595724,0
Singapore,SG,SGP,1991,2.624670739,0.161504498
Singapore,SG,SGP,1992,3.717206111,0.471368155
Singapore,SG,SGP,1993,5.368715266,0.763278139
Singapore,SG,SGP,1994,6.85247021,1.185203797
Singapore,SG,SGP,1995,8.634616063,2.873418722
Singapore,SG,SGP,1996,11.80233977,8.34995903
Singapore,SG,SGP,1997,22.56524803,13.47162042
Singapore,SG,SGP,1998,28.31395042,19.59076716
Singapore,SG,SGP,1999,41.11452948,24.15543693
Singapore,SG,SGP,2000,67.77675756,36
Singapore,SG,SGP,2001,72.58809459,41.67042518
Singapore,SG,SGP,2002,79.3192099,47
Singapore,SG,SGP,2003,84.63439691,53.83794329
Singapore,SG,SGP,2004,93.4502185,62
Singapore,SG,SGP,2005,100.9198005,61
Singapore,SG,SGP,2006,106.7315594,59
Singapore,SG,SGP,2007,127.0378465,69.9
Singapore,SG,SGP,2008,132.5809637,69
Singapore,SG,SGP,2009,137.4018501,69
Singapore,SG,SGP,2010,143.0129038,71
Singapore,SG,SGP,2011,147.5817519,71
Singapore,SG,SGP,2012,149.9274113,72
Singapore,SG,SGP,2013,154.0346262,80.90205685
Singapore,SG,SGP,2014,145.4770145,82.1
Singapore,SG,SGP,2015,145.7181198,83.2
Singapore,SG,SGP,2016,148.123236,84.45226789
Singapore,SG,SGP,2017,145.4058271,84.45226789
Singapore,SG,SGP,2018,147.3617155,88.16563603
Singapore,SG,SGP,2019,154.0006188,88.94925269
Singapore,SG,SGP,2020,142.8931601,92.00434653
Singapore,SG,SGP,2021,145.7770162,NA
Sint Maarten (Dutch part),SX,SXM,1960,NA,NA
Sint Maarten (Dutch part),SX,SXM,1961,NA,NA
Sint Maarten (Dutch part),SX,SXM,1962,NA,NA
Sint Maarten (Dutch part),SX,SXM,1963,NA,NA
Sint Maarten (Dutch part),SX,SXM,1964,NA,NA
Sint Maarten (Dutch part),SX,SXM,1965,NA,NA
Sint Maarten (Dutch part),SX,SXM,1966,NA,NA
Sint Maarten (Dutch part),SX,SXM,1967,NA,NA
Sint Maarten (Dutch part),SX,SXM,1968,NA,NA
Sint Maarten (Dutch part),SX,SXM,1969,NA,NA
Sint Maarten (Dutch part),SX,SXM,1970,NA,NA
Sint Maarten (Dutch part),SX,SXM,1971,NA,NA
Sint Maarten (Dutch part),SX,SXM,1972,NA,NA
Sint Maarten (Dutch part),SX,SXM,1973,NA,NA
Sint Maarten (Dutch part),SX,SXM,1974,NA,NA
Sint Maarten (Dutch part),SX,SXM,1975,NA,NA
Sint Maarten (Dutch part),SX,SXM,1976,NA,NA
Sint Maarten (Dutch part),SX,SXM,1977,NA,NA
Sint Maarten (Dutch part),SX,SXM,1978,NA,NA
Sint Maarten (Dutch part),SX,SXM,1979,NA,NA
Sint Maarten (Dutch part),SX,SXM,1980,NA,NA
Sint Maarten (Dutch part),SX,SXM,1981,NA,NA
Sint Maarten (Dutch part),SX,SXM,1982,NA,NA
Sint Maarten (Dutch part),SX,SXM,1983,NA,NA
Sint Maarten (Dutch part),SX,SXM,1984,NA,NA
Sint Maarten (Dutch part),SX,SXM,1985,NA,NA
Sint Maarten (Dutch part),SX,SXM,1986,NA,NA
Sint Maarten (Dutch part),SX,SXM,1987,NA,NA
Sint Maarten (Dutch part),SX,SXM,1988,NA,NA
Sint Maarten (Dutch part),SX,SXM,1989,NA,NA
Sint Maarten (Dutch part),SX,SXM,1990,NA,NA
Sint Maarten (Dutch part),SX,SXM,1991,NA,NA
Sint Maarten (Dutch part),SX,SXM,1992,NA,NA
Sint Maarten (Dutch part),SX,SXM,1993,NA,NA
Sint Maarten (Dutch part),SX,SXM,1994,NA,NA
Sint Maarten (Dutch part),SX,SXM,1995,NA,NA
Sint Maarten (Dutch part),SX,SXM,1996,NA,NA
Sint Maarten (Dutch part),SX,SXM,1997,NA,NA
Sint Maarten (Dutch part),SX,SXM,1998,NA,NA
Sint Maarten (Dutch part),SX,SXM,1999,NA,NA
Sint Maarten (Dutch part),SX,SXM,2000,NA,NA
Sint Maarten (Dutch part),SX,SXM,2001,NA,NA
Sint Maarten (Dutch part),SX,SXM,2002,NA,NA
Sint Maarten (Dutch part),SX,SXM,2003,NA,NA
Sint Maarten (Dutch part),SX,SXM,2004,NA,NA
Sint Maarten (Dutch part),SX,SXM,2005,NA,NA
Sint Maarten (Dutch part),SX,SXM,2006,NA,NA
Sint Maarten (Dutch part),SX,SXM,2007,NA,NA
Sint Maarten (Dutch part),SX,SXM,2008,NA,NA
Sint Maarten (Dutch part),SX,SXM,2009,NA,NA
Sint Maarten (Dutch part),SX,SXM,2010,NA,NA
Sint Maarten (Dutch part),SX,SXM,2011,NA,NA
Sint Maarten (Dutch part),SX,SXM,2012,195.9076809,NA
Sint Maarten (Dutch part),SX,SXM,2013,NA,NA
Sint Maarten (Dutch part),SX,SXM,2014,NA,NA
Sint Maarten (Dutch part),SX,SXM,2015,NA,NA
Sint Maarten (Dutch part),SX,SXM,2016,NA,NA
Sint Maarten (Dutch part),SX,SXM,2017,NA,NA
Sint Maarten (Dutch part),SX,SXM,2018,NA,NA
Sint Maarten (Dutch part),SX,SXM,2019,NA,NA
Sint Maarten (Dutch part),SX,SXM,2020,NA,NA
Sint Maarten (Dutch part),SX,SXM,2021,NA,NA
Slovak Republic,SK,SVK,1960,0,NA
Slovak Republic,SK,SVK,1961,NA,NA
Slovak Republic,SK,SVK,1962,NA,NA
Slovak Republic,SK,SVK,1963,NA,NA
Slovak Republic,SK,SVK,1964,NA,NA
Slovak Republic,SK,SVK,1965,0,NA
Slovak Republic,SK,SVK,1966,NA,NA
Slovak Republic,SK,SVK,1967,NA,NA
Slovak Republic,SK,SVK,1968,NA,NA
Slovak Republic,SK,SVK,1969,NA,NA
Slovak Republic,SK,SVK,1970,0,NA
Slovak Republic,SK,SVK,1971,NA,NA
Slovak Republic,SK,SVK,1972,NA,NA
Slovak Republic,SK,SVK,1973,NA,NA
Slovak Republic,SK,SVK,1974,NA,NA
Slovak Republic,SK,SVK,1975,0,NA
Slovak Republic,SK,SVK,1976,0,NA
Slovak Republic,SK,SVK,1977,0,NA
Slovak Republic,SK,SVK,1978,0,NA
Slovak Republic,SK,SVK,1979,0,NA
Slovak Republic,SK,SVK,1980,0,NA
Slovak Republic,SK,SVK,1981,0,NA
Slovak Republic,SK,SVK,1982,0,NA
Slovak Republic,SK,SVK,1983,0,NA
Slovak Republic,SK,SVK,1984,0,NA
Slovak Republic,SK,SVK,1985,0,NA
Slovak Republic,SK,SVK,1986,0,NA
Slovak Republic,SK,SVK,1987,0,NA
Slovak Republic,SK,SVK,1988,0,NA
Slovak Republic,SK,SVK,1989,0,NA
Slovak Republic,SK,SVK,1990,0,0
Slovak Republic,SK,SVK,1991,0.002253691,0
Slovak Republic,SK,SVK,1992,0.028989651,0
Slovak Republic,SK,SVK,1993,0.058720083,0.127829232
Slovak Republic,SK,SVK,1994,0.111373113,0.318509704
Slovak Republic,SK,SVK,1995,0.230187088,0.523210163
Slovak Republic,SK,SVK,1996,0.534834907,0.783290109
Slovak Republic,SK,SVK,1997,3.729898959,1.173381014
Slovak Republic,SK,SVK,1998,8.664253744,2.689809786
Slovak Republic,SK,SVK,1999,12.35570143,5.437758139
Slovak Republic,SK,SVK,2000,23.13200129,9.426803201
Slovak Republic,SK,SVK,2001,39.93952522,12.52832185
Slovak Republic,SK,SVK,2002,54.38643654,40.14
Slovak Republic,SK,SVK,2003,68.45025357,43.04
Slovak Republic,SK,SVK,2004,79.53895594,52.89
Slovak Republic,SK,SVK,2005,84.45255999,55.19
Slovak Republic,SK,SVK,2006,90.99901883,56.08
Slovak Republic,SK,SVK,2007,112.8232059,61.8
Slovak Republic,SK,SVK,2008,102.5718387,66.05
Slovak Republic,SK,SVK,2009,102.0188253,70
Slovak Republic,SK,SVK,2010,109.7951532,75.71
Slovak Republic,SK,SVK,2011,110.7424278,74.43999717
Slovak Republic,SK,SVK,2012,112.6667989,76.70999012
Slovak Republic,SK,SVK,2013,114.6576409,77.8826
Slovak Republic,SK,SVK,2014,117.686388,79.98
Slovak Republic,SK,SVK,2015,123.0642809,77.63468203
Slovak Republic,SK,SVK,2016,128.6989641,80.47585728
Slovak Republic,SK,SVK,2017,130.8550955,81.62566752
Slovak Republic,SK,SVK,2018,132.9546485,80.44892248
Slovak Republic,SK,SVK,2019,135.6735811,82.8536605
Slovak Republic,SK,SVK,2020,133.5923247,89.9209082
Slovak Republic,SK,SVK,2021,135.1475011,88.92562911
Slovenia,SI,SVN,1960,0,NA
Slovenia,SI,SVN,1961,NA,NA
Slovenia,SI,SVN,1962,NA,NA
Slovenia,SI,SVN,1963,NA,NA
Slovenia,SI,SVN,1964,NA,NA
Slovenia,SI,SVN,1965,0,NA
Slovenia,SI,SVN,1966,NA,NA
Slovenia,SI,SVN,1967,NA,NA
Slovenia,SI,SVN,1968,NA,NA
Slovenia,SI,SVN,1969,NA,NA
Slovenia,SI,SVN,1970,0,NA
Slovenia,SI,SVN,1971,NA,NA
Slovenia,SI,SVN,1972,NA,NA
Slovenia,SI,SVN,1973,NA,NA
Slovenia,SI,SVN,1974,NA,NA
Slovenia,SI,SVN,1975,0,NA
Slovenia,SI,SVN,1976,0,NA
Slovenia,SI,SVN,1977,0,NA
Slovenia,SI,SVN,1978,0,NA
Slovenia,SI,SVN,1979,0,NA
Slovenia,SI,SVN,1980,0,NA
Slovenia,SI,SVN,1981,0,NA
Slovenia,SI,SVN,1982,0,NA
Slovenia,SI,SVN,1983,0,NA
Slovenia,SI,SVN,1984,0,NA
Slovenia,SI,SVN,1985,0,NA
Slovenia,SI,SVN,1986,0,NA
Slovenia,SI,SVN,1987,0,NA
Slovenia,SI,SVN,1988,0,NA
Slovenia,SI,SVN,1989,0,NA
Slovenia,SI,SVN,1990,0,0
Slovenia,SI,SVN,1991,0.026284088,0
Slovenia,SI,SVN,1992,0.175761045,0
Slovenia,SI,SVN,1993,0.326356829,0.409792399
Slovenia,SI,SVN,1994,0.820106365,1.071570172
Slovenia,SI,SVN,1995,1.371147493,2.898985609
Slovenia,SI,SVN,1996,2.069909231,5.072272271
Slovenia,SI,SVN,1997,4.70447697,7.591923004
Slovenia,SI,SVN,1998,8.127933756,10.10460285
Slovenia,SI,SVN,1999,31.78892401,12.61093843
Slovenia,SI,SVN,2000,61.25974443,15.11025956
Slovenia,SI,SVN,2001,74.15357579,30.17591047
Slovenia,SI,SVN,2002,84.04384184,27.83888542
Slovenia,SI,SVN,2003,87.42014596,31.85479301
Slovenia,SI,SVN,2004,92.58359451,40.81
Slovenia,SI,SVN,2005,87.75196057,46.81
Slovenia,SI,SVN,2006,90.36547028,54.01
Slovenia,SI,SVN,2007,95.31358042,56.74
Slovenia,SI,SVN,2008,101.0258437,58
Slovenia,SI,SVN,2009,102.6817359,64
Slovenia,SI,SVN,2010,103.1430699,70
Slovenia,SI,SVN,2011,104.991399,67.33999481
Slovenia,SI,SVN,2012,108.3023978,68.34997453
Slovenia,SI,SVN,2013,110.1911624,72.6756
Slovenia,SI,SVN,2014,112.1194727,71.59
Slovenia,SI,SVN,2015,113.1226386,73.09865997
Slovenia,SI,SVN,2016,114.1499603,75.49850426
Slovenia,SI,SVN,2017,116.4306764,78.88542636
Slovenia,SI,SVN,2018,117.0914525,79.7499766
Slovenia,SI,SVN,2019,118.8876247,83.1083578
Slovenia,SI,SVN,2020,120.4592752,86.60130109
Slovenia,SI,SVN,2021,123.0185759,89.00399524
Small states,S1,SST,1960,0,NA
Small states,S1,SST,1961,NA,NA
Small states,S1,SST,1962,NA,NA
Small states,S1,SST,1963,NA,NA
Small states,S1,SST,1964,NA,NA
Small states,S1,SST,1965,0,NA
Small states,S1,SST,1966,NA,NA
Small states,S1,SST,1967,NA,NA
Small states,S1,SST,1968,NA,NA
Small states,S1,SST,1969,NA,NA
Small states,S1,SST,1970,0,NA
Small states,S1,SST,1971,NA,NA
Small states,S1,SST,1972,NA,NA
Small states,S1,SST,1973,NA,NA
Small states,S1,SST,1974,NA,NA
Small states,S1,SST,1975,0,NA
Small states,S1,SST,1976,0,NA
Small states,S1,SST,1977,0,NA
Small states,S1,SST,1978,0,NA
Small states,S1,SST,1979,0,NA
Small states,S1,SST,1980,0,NA
Small states,S1,SST,1981,0,NA
Small states,S1,SST,1982,0,NA
Small states,S1,SST,1983,0,NA
Small states,S1,SST,1984,0,NA
Small states,S1,SST,1985,0,NA
Small states,S1,SST,1986,0.0149926864619107,NA
Small states,S1,SST,1987,0.0302877689538356,NA
Small states,S1,SST,1988,0.0422855225617726,NA
Small states,S1,SST,1989,0.059141074526348,NA
Small states,S1,SST,1990,0.113326054490557,0
Small states,S1,SST,1991,0.179051281041468,0.00513594306910263
Small states,S1,SST,1992,0.269661166061243,0.0206927877370096
Small states,S1,SST,1993,0.398471922208266,0.0457314303766751
Small states,S1,SST,1994,0.630988897994544,0.138748567059046
Small states,S1,SST,1995,1.11895441016148,0.343854478460343
Small states,S1,SST,1996,1.67434413916236,0.71458639350455
Small states,S1,SST,1997,2.4511647421494,1.24126856541821
Small states,S1,SST,1998,3.6028799001736602,2.22792775916275
Small states,S1,SST,1999,5.82644681711153,3.05343308025286
Small states,S1,SST,2000,10.7446369574042,4.79832718514821
Small states,S1,SST,2001,15.7462934670996,6.31201276544655
Small states,S1,SST,2002,21.9606220027852,8.67746974856235
Small states,S1,SST,2003,26.9271617632023,10.2246088990241
Small states,S1,SST,2004,34.8375086891031,11.9130883536362
Small states,S1,SST,2005,42.1314373364123,13.3864099834775
Small states,S1,SST,2006,52.0030916082782,15.0415428441469
Small states,S1,SST,2007,63.5697116698291,17.1744025157816
Small states,S1,SST,2008,73.3294115180721,19.7724364436029
Small states,S1,SST,2009,81.398783248964,22.1449961910107
Small states,S1,SST,2010,88.9932781111253,25.4683532812363
Small states,S1,SST,2011,95.1778603660091,29.5741191513317
Small states,S1,SST,2012,99.7822719880229,32.1838911988352
Small states,S1,SST,2013,106.105744647079,36.3571560791276
Small states,S1,SST,2014,111.600946692349,40.1425077434449
Small states,S1,SST,2015,113.805570543907,43.7360799007591
Small states,S1,SST,2016,116.398930960453,47.369856194445
Small states,S1,SST,2017,114.194327594369,51.5425246166044
Small states,S1,SST,2018,112.868557316322,59.8514310699407
Small states,S1,SST,2019,111.307678715709,60.6608794470715
Small states,S1,SST,2020,110.516427404683,61.8598855490303
Small states,S1,SST,2021,121.735398120699,NA
Solomon Islands,SB,SLB,1960,0,NA
Solomon Islands,SB,SLB,1961,NA,NA
Solomon Islands,SB,SLB,1962,NA,NA
Solomon Islands,SB,SLB,1963,NA,NA
Solomon Islands,SB,SLB,1964,NA,NA
Solomon Islands,SB,SLB,1965,0,NA
Solomon Islands,SB,SLB,1966,NA,NA
Solomon Islands,SB,SLB,1967,NA,NA
Solomon Islands,SB,SLB,1968,NA,NA
Solomon Islands,SB,SLB,1969,NA,NA
Solomon Islands,SB,SLB,1970,0,NA
Solomon Islands,SB,SLB,1971,NA,NA
Solomon Islands,SB,SLB,1972,NA,NA
Solomon Islands,SB,SLB,1973,NA,NA
Solomon Islands,SB,SLB,1974,NA,NA
Solomon Islands,SB,SLB,1975,0,NA
Solomon Islands,SB,SLB,1976,0,NA
Solomon Islands,SB,SLB,1977,0,NA
Solomon Islands,SB,SLB,1978,0,NA
Solomon Islands,SB,SLB,1979,0,NA
Solomon Islands,SB,SLB,1980,0,NA
Solomon Islands,SB,SLB,1981,0,NA
Solomon Islands,SB,SLB,1982,0,NA
Solomon Islands,SB,SLB,1983,0,NA
Solomon Islands,SB,SLB,1984,0,NA
Solomon Islands,SB,SLB,1985,0,NA
Solomon Islands,SB,SLB,1986,0,NA
Solomon Islands,SB,SLB,1987,0,NA
Solomon Islands,SB,SLB,1988,0,NA
Solomon Islands,SB,SLB,1989,0,NA
Solomon Islands,SB,SLB,1990,0,0
Solomon Islands,SB,SLB,1991,0,0
Solomon Islands,SB,SLB,1992,0,0
Solomon Islands,SB,SLB,1993,0,0
Solomon Islands,SB,SLB,1994,0.039505739,0
Solomon Islands,SB,SLB,1995,0.061302437,0.02487191
Solomon Islands,SB,SLB,1996,0.087290096,0.268683585
Solomon Islands,SB,SLB,1997,0.165722201,0.391923246
Solomon Islands,SB,SLB,1998,0.171997697,0.508292797
Solomon Islands,SB,SLB,1999,0.260716697,0.494541498
Solomon Islands,SB,SLB,2000,0.267688114,0.481296806
Solomon Islands,SB,SLB,2001,0.219575608,0.468551964
Solomon Islands,SB,SLB,2002,0.221625699,0.501919843
Solomon Islands,SB,SLB,2003,0.229827239,0.555609882
Solomon Islands,SB,SLB,2004,0.63588287,0.649672673
Solomon Islands,SB,SLB,2005,1.243559399,0.844307573
Solomon Islands,SB,SLB,2006,1.418640942,1.646347989
Solomon Islands,SB,SLB,2007,2.1600455,2
Solomon Islands,SB,SLB,2008,5.813942221,3
Solomon Islands,SB,SLB,2009,9.472675121,4
Solomon Islands,SB,SLB,2010,21.3732943,5
Solomon Islands,SB,SLB,2011,49.64088413,6
Solomon Islands,SB,SLB,2012,53.21709939,6.9974
Solomon Islands,SB,SLB,2013,55.48152791,8
Solomon Islands,SB,SLB,2014,63.05844225,9
Solomon Islands,SB,SLB,2015,69.32262593,10.00046498
Solomon Islands,SB,SLB,2016,66.32234892,11.00090227
Solomon Islands,SB,SLB,2017,72.29745476,11.92422906
Solomon Islands,SB,SLB,2018,73.11789627,NA
Solomon Islands,SB,SLB,2019,70.83273456,NA
Solomon Islands,SB,SLB,2020,68.57738104,NA
Solomon Islands,SB,SLB,2021,NA,NA
Somalia,SO,SOM,1960,0,NA
Somalia,SO,SOM,1961,NA,NA
Somalia,SO,SOM,1962,NA,NA
Somalia,SO,SOM,1963,NA,NA
Somalia,SO,SOM,1964,NA,NA
Somalia,SO,SOM,1965,0,NA
Somalia,SO,SOM,1966,NA,NA
Somalia,SO,SOM,1967,NA,NA
Somalia,SO,SOM,1968,NA,NA
Somalia,SO,SOM,1969,NA,NA
Somalia,SO,SOM,1970,0,NA
Somalia,SO,SOM,1971,NA,NA
Somalia,SO,SOM,1972,NA,NA
Somalia,SO,SOM,1973,NA,NA
Somalia,SO,SOM,1974,NA,NA
Somalia,SO,SOM,1975,0,NA
Somalia,SO,SOM,1976,0,NA
Somalia,SO,SOM,1977,0,NA
Somalia,SO,SOM,1978,0,NA
Somalia,SO,SOM,1979,0,NA
Somalia,SO,SOM,1980,0,NA
Somalia,SO,SOM,1981,0,NA
Somalia,SO,SOM,1982,0,NA
Somalia,SO,SOM,1983,0,NA
Somalia,SO,SOM,1984,0,NA
Somalia,SO,SOM,1985,0,NA
Somalia,SO,SOM,1986,0,NA
Somalia,SO,SOM,1987,0,NA
Somalia,SO,SOM,1988,0,NA
Somalia,SO,SOM,1989,0,NA
Somalia,SO,SOM,1990,0,0
Somalia,SO,SOM,1991,0,0
Somalia,SO,SOM,1992,0,0
Somalia,SO,SOM,1993,0,0
Somalia,SO,SOM,1994,0,0
Somalia,SO,SOM,1995,0,0
Somalia,SO,SOM,1996,0,0.00150955
Somalia,SO,SOM,1997,0,0.002948713
Somalia,SO,SOM,1998,0,0.00716442
Somalia,SO,SOM,1999,0,0.013910394
Somalia,SO,SOM,2000,0.917277086,0.02
Somalia,SO,SOM,2001,0.93707828,0.079039179
Somalia,SO,SOM,2002,1.062574706,0.115614213
Somalia,SO,SOM,2003,2.049541518,0.376198003
Somalia,SO,SOM,2004,4.942003611,1.053454744
Somalia,SO,SOM,2005,4.776784674,1.077327839
Somalia,SO,SOM,2006,5.099688242,1.1002163679999999
Somalia,SO,SOM,2007,5.396609418,1.122235622
Somalia,SO,SOM,2008,5.478437064,1.142687372
Somalia,SO,SOM,2009,5.464603394,1.160610542
Somalia,SO,SOM,2010,5.389697048,NA
Somalia,SO,SOM,2011,14.73376335,1.25
Somalia,SO,SOM,2012,18.48826148,1.3767
Somalia,SO,SOM,2013,40.32683174,1.5
Somalia,SO,SOM,2014,41.32468921,1.63
Somalia,SO,SOM,2015,42.40075455,1.76
Somalia,SO,SOM,2016,46.54803903,1.88
Somalia,SO,SOM,2017,47.89352903,2.004048698
Somalia,SO,SOM,2018,49.6592909,NA
Somalia,SO,SOM,2019,51.47891598,NA
Somalia,SO,SOM,2020,53.48002324,NA
Somalia,SO,SOM,2021,51.82360917,NA
South Africa,ZA,ZAF,1960,0,NA
South Africa,ZA,ZAF,1961,NA,NA
South Africa,ZA,ZAF,1962,NA,NA
South Africa,ZA,ZAF,1963,NA,NA
South Africa,ZA,ZAF,1964,NA,NA
South Africa,ZA,ZAF,1965,0,NA
South Africa,ZA,ZAF,1966,NA,NA
South Africa,ZA,ZAF,1967,NA,NA
South Africa,ZA,ZAF,1968,NA,NA
South Africa,ZA,ZAF,1969,NA,NA
South Africa,ZA,ZAF,1970,0,NA
South Africa,ZA,ZAF,1971,NA,NA
South Africa,ZA,ZAF,1972,NA,NA
South Africa,ZA,ZAF,1973,NA,NA
South Africa,ZA,ZAF,1974,NA,NA
South Africa,ZA,ZAF,1975,0,NA
South Africa,ZA,ZAF,1976,0,NA
South Africa,ZA,ZAF,1977,0,NA
South Africa,ZA,ZAF,1978,0,NA
South Africa,ZA,ZAF,1979,0,NA
South Africa,ZA,ZAF,1980,0,NA
South Africa,ZA,ZAF,1981,0,NA
South Africa,ZA,ZAF,1982,0,NA
South Africa,ZA,ZAF,1983,0,NA
South Africa,ZA,ZAF,1984,0,NA
South Africa,ZA,ZAF,1985,0,NA
South Africa,ZA,ZAF,1986,0,NA
South Africa,ZA,ZAF,1987,0,NA
South Africa,ZA,ZAF,1988,0,NA
South Africa,ZA,ZAF,1989,0.010292566,NA
South Africa,ZA,ZAF,1990,0.014243596,0
South Africa,ZA,ZAF,1991,0.017354763,0.013283591
South Africa,ZA,ZAF,1992,0.029956355,0.038869106
South Africa,ZA,ZAF,1993,0.094061343,0.113747184
South Africa,ZA,ZAF,1994,0.785800456,0.246905533
South Africa,ZA,ZAF,1995,1.216293771,0.676740104
South Africa,ZA,ZAF,1996,2.133823992,0.841882931
South Africa,ZA,ZAF,1997,4.054318326,1.632093791
South Africa,ZA,ZAF,1998,7.27773689,2.906220867
South Africa,ZA,ZAF,1999,11.18955156,4.116249583
South Africa,ZA,ZAF,2000,17.81332668,5.348559732
South Africa,ZA,ZAF,2001,22.83943536,6.346619318
South Africa,ZA,ZAF,2002,28.7485622,6.710322437
South Africa,ZA,ZAF,2003,35.0490254,7.007691726
South Africa,ZA,ZAF,2004,42.91739338,8.4251186830000009
South Africa,ZA,ZAF,2005,69.28179094,7.48854253
South Africa,ZA,ZAF,2006,80.13859924,7.607139675
South Africa,ZA,ZAF,2007,84.60660947,8.065375174
South Africa,ZA,ZAF,2008,88.99293459,8.43
South Africa,ZA,ZAF,2009,90.74710393,10
South Africa,ZA,ZAF,2010,97.27155903,24
South Africa,ZA,ZAF,2011,122.0365009,33.97
South Africa,ZA,ZAF,2012,128.6931179,41
South Africa,ZA,ZAF,2013,142.6770351,46.5
South Africa,ZA,ZAF,2014,144.8590927,49
South Africa,ZA,ZAF,2015,157.4892588,51.91911572
South Africa,ZA,ZAF,2016,146.0644426,54
South Africa,ZA,ZAF,2017,156.24244530000001,56.16739447
South Africa,ZA,ZAF,2018,161.1938374,62.4
South Africa,ZA,ZAF,2019,166.9433215,68.2
South Africa,ZA,ZAF,2020,163.1909795,70
South Africa,ZA,ZAF,2021,168.9243909,NA
South Asia,8S,SAS,1960,0,NA
South Asia,8S,SAS,1961,NA,NA
South Asia,8S,SAS,1962,NA,NA
South Asia,8S,SAS,1963,NA,NA
South Asia,8S,SAS,1964,NA,NA
South Asia,8S,SAS,1965,0,NA
South Asia,8S,SAS,1966,NA,NA
South Asia,8S,SAS,1967,NA,NA
South Asia,8S,SAS,1968,NA,NA
South Asia,8S,SAS,1969,NA,NA
South Asia,8S,SAS,1970,0,NA
South Asia,8S,SAS,1971,NA,NA
South Asia,8S,SAS,1972,NA,NA
South Asia,8S,SAS,1973,NA,NA
South Asia,8S,SAS,1974,NA,NA
South Asia,8S,SAS,1975,0,NA
South Asia,8S,SAS,1976,0,NA
South Asia,8S,SAS,1977,0,NA
South Asia,8S,SAS,1978,0,NA
South Asia,8S,SAS,1979,0,NA
South Asia,8S,SAS,1980,0,NA
South Asia,8S,SAS,1981,0,NA
South Asia,8S,SAS,1982,0,NA
South Asia,8S,SAS,1983,0,NA
South Asia,8S,SAS,1984,0,NA
South Asia,8S,SAS,1985,0,NA
South Asia,8S,SAS,1986,0,NA
South Asia,8S,SAS,1987,0,NA
South Asia,8S,SAS,1988,0,NA
South Asia,8S,SAS,1989,0,NA
South Asia,8S,SAS,1990,2.63731408769899e-4,0
South Asia,8S,SAS,1991,8.82997997327185e-4,0
South Asia,8S,SAS,1992,0.00137488522230143,8.47207838687609e-5
South Asia,8S,SAS,1993,0.0025580305889457,1.65773394396934e-4
South Asia,8S,SAS,1994,0.0044093944702563,8.51278280873439e-4
South Asia,8S,SAS,1995,0.0134702643590395,0.0199772666301139
South Asia,8S,SAS,1996,0.0362514508452175,0.0405637481805442
South Asia,8S,SAS,1997,0.08740852323053,0.0600382436706591
South Asia,8S,SAS,1998,0.121395926439991,0.116990401523534
South Asia,8S,SAS,1999,0.185814386759095,0.226072840294976
South Asia,8S,SAS,2000,0.327706654002566,0.475420661844925
South Asia,8S,SAS,2001,0.593067077477571,0.67068291101365
South Asia,8S,SAS,2002,1.14862608034088,1.47690181466886
South Asia,8S,SAS,2003,2.63223408158974,1.87425117307681
South Asia,8S,SAS,2004,4.16208109336284,2.22430759837525
South Asia,8S,SAS,2005,7.58727388098178,2.58691677115274
South Asia,8S,SAS,2006,14.6325867593635,3.02063649719987
South Asia,8S,SAS,2007,21.8458687959642,4.00762401449404
South Asia,8S,SAS,2008,31.2158073477115,4.43226331913669
South Asia,8S,SAS,2009,43.0204317955014,5.14247314120649
South Asia,8S,SAS,2010,57.6291791693912,7.1692075913464
South Asia,8S,SAS,2011,67.2807573132345,9.22073937359425
South Asia,8S,SAS,2012,66.3926203399348,10.0980444993938
South Asia,8S,SAS,2013,68.7336008576658,11.3030458223026
South Asia,8S,SAS,2014,72.4889791719549,12.8305507094651
South Asia,8S,SAS,2015,74.9556614470563,14.1607758343666
South Asia,8S,SAS,2016,82.4291020043195,16.1171075081254
South Asia,8S,SAS,2017,85.4473537176186,17.8784091477388
South Asia,8S,SAS,2018,86.1084977084907,19.8273855764518
South Asia,8S,SAS,2019,84.5388393093826,27.2505893717961
South Asia,8S,SAS,2020,84.8788442529692,38.5341337283132
South Asia,8S,SAS,2021,84.9640735050368,NA
South Asia (IDA & IBRD),T5,TSA,1960,0,NA
South Asia (IDA & IBRD),T5,TSA,1961,NA,NA
South Asia (IDA & IBRD),T5,TSA,1962,NA,NA
South Asia (IDA & IBRD),T5,TSA,1963,NA,NA
South Asia (IDA & IBRD),T5,TSA,1964,NA,NA
South Asia (IDA & IBRD),T5,TSA,1965,0,NA
South Asia (IDA & IBRD),T5,TSA,1966,NA,NA
South Asia (IDA & IBRD),T5,TSA,1967,NA,NA
South Asia (IDA & IBRD),T5,TSA,1968,NA,NA
South Asia (IDA & IBRD),T5,TSA,1969,NA,NA
South Asia (IDA & IBRD),T5,TSA,1970,0,NA
South Asia (IDA & IBRD),T5,TSA,1971,NA,NA
South Asia (IDA & IBRD),T5,TSA,1972,NA,NA
South Asia (IDA & IBRD),T5,TSA,1973,NA,NA
South Asia (IDA & IBRD),T5,TSA,1974,NA,NA
South Asia (IDA & IBRD),T5,TSA,1975,0,NA
South Asia (IDA & IBRD),T5,TSA,1976,0,NA
South Asia (IDA & IBRD),T5,TSA,1977,0,NA
South Asia (IDA & IBRD),T5,TSA,1978,0,NA
South Asia (IDA & IBRD),T5,TSA,1979,0,NA
South Asia (IDA & IBRD),T5,TSA,1980,0,NA
South Asia (IDA & IBRD),T5,TSA,1981,0,NA
South Asia (IDA & IBRD),T5,TSA,1982,0,NA
South Asia (IDA & IBRD),T5,TSA,1983,0,NA
South Asia (IDA & IBRD),T5,TSA,1984,0,NA
South Asia (IDA & IBRD),T5,TSA,1985,0,NA
South Asia (IDA & IBRD),T5,TSA,1986,0,NA
South Asia (IDA & IBRD),T5,TSA,1987,0,NA
South Asia (IDA & IBRD),T5,TSA,1988,0,NA
South Asia (IDA & IBRD),T5,TSA,1989,0,NA
South Asia (IDA & IBRD),T5,TSA,1990,2.63731408769899e-4,0
South Asia (IDA & IBRD),T5,TSA,1991,8.82997997327185e-4,0
South Asia (IDA & IBRD),T5,TSA,1992,0.00137488522230143,8.47207838687609e-5
South Asia (IDA & IBRD),T5,TSA,1993,0.0025580305889457,1.65773394396934e-4
South Asia (IDA & IBRD),T5,TSA,1994,0.0044093944702563,8.51278280873439e-4
South Asia (IDA & IBRD),T5,TSA,1995,0.0134702643590395,0.0199772666301139
South Asia (IDA & IBRD),T5,TSA,1996,0.0362514508452175,0.0405637481805442
South Asia (IDA & IBRD),T5,TSA,1997,0.08740852323053,0.0600382436706591
South Asia (IDA & IBRD),T5,TSA,1998,0.121395926439991,0.116990401523534
South Asia (IDA & IBRD),T5,TSA,1999,0.185814386759095,0.226072840294976
South Asia (IDA & IBRD),T5,TSA,2000,0.327706654002566,0.475420661844925
South Asia (IDA & IBRD),T5,TSA,2001,0.593067077477571,0.67068291101365
South Asia (IDA & IBRD),T5,TSA,2002,1.14862608034088,1.47690181466886
South Asia (IDA & IBRD),T5,TSA,2003,2.63223408158974,1.87425117307681
South Asia (IDA & IBRD),T5,TSA,2004,4.16208109336284,2.22430759837525
South Asia (IDA & IBRD),T5,TSA,2005,7.58727388098178,2.58691677115274
South Asia (IDA & IBRD),T5,TSA,2006,14.6325867593635,3.02063649719987
South Asia (IDA & IBRD),T5,TSA,2007,21.8458687959642,4.00762401449404
South Asia (IDA & IBRD),T5,TSA,2008,31.2158073477115,4.43226331913669
South Asia (IDA & IBRD),T5,TSA,2009,43.0204317955014,5.14247314120649
South Asia (IDA & IBRD),T5,TSA,2010,57.6291791693912,7.16920759134639
South Asia (IDA & IBRD),T5,TSA,2011,67.2807573132345,9.22073937359425
South Asia (IDA & IBRD),T5,TSA,2012,66.3926203399348,10.0980444993938
South Asia (IDA & IBRD),T5,TSA,2013,68.7336008576658,11.3030458223026
South Asia (IDA & IBRD),T5,TSA,2014,72.4889791719549,12.8305507094651
South Asia (IDA & IBRD),T5,TSA,2015,74.9556614470563,14.1607758343666
South Asia (IDA & IBRD),T5,TSA,2016,82.4291020043195,16.1171075081254
South Asia (IDA & IBRD),T5,TSA,2017,85.4473537176186,17.8784091477388
South Asia (IDA & IBRD),T5,TSA,2018,86.1084977084907,19.8273855764518
South Asia (IDA & IBRD),T5,TSA,2019,84.5388393093826,27.2505893717961
South Asia (IDA & IBRD),T5,TSA,2020,84.8788442529692,38.5341337283132
South Asia (IDA & IBRD),T5,TSA,2021,84.9640735050368,NA
South Sudan,SS,SSD,1960,NA,NA
South Sudan,SS,SSD,1961,NA,NA
South Sudan,SS,SSD,1962,NA,NA
South Sudan,SS,SSD,1963,NA,NA
South Sudan,SS,SSD,1964,NA,NA
South Sudan,SS,SSD,1965,NA,NA
South Sudan,SS,SSD,1966,NA,NA
South Sudan,SS,SSD,1967,NA,NA
South Sudan,SS,SSD,1968,NA,NA
South Sudan,SS,SSD,1969,NA,NA
South Sudan,SS,SSD,1970,NA,NA
South Sudan,SS,SSD,1971,NA,NA
South Sudan,SS,SSD,1972,NA,NA
South Sudan,SS,SSD,1973,NA,NA
South Sudan,SS,SSD,1974,NA,NA
South Sudan,SS,SSD,1975,NA,NA
South Sudan,SS,SSD,1976,NA,NA
South Sudan,SS,SSD,1977,NA,NA
South Sudan,SS,SSD,1978,NA,NA
South Sudan,SS,SSD,1979,NA,NA
South Sudan,SS,SSD,1980,NA,NA
South Sudan,SS,SSD,1981,NA,NA
South Sudan,SS,SSD,1982,NA,NA
South Sudan,SS,SSD,1983,NA,NA
South Sudan,SS,SSD,1984,NA,NA
South Sudan,SS,SSD,1985,NA,NA
South Sudan,SS,SSD,1986,NA,NA
South Sudan,SS,SSD,1987,NA,NA
South Sudan,SS,SSD,1988,NA,NA
South Sudan,SS,SSD,1989,NA,NA
South Sudan,SS,SSD,1990,NA,NA
South Sudan,SS,SSD,1991,NA,NA
South Sudan,SS,SSD,1992,NA,NA
South Sudan,SS,SSD,1993,NA,NA
South Sudan,SS,SSD,1994,NA,NA
South Sudan,SS,SSD,1995,NA,NA
South Sudan,SS,SSD,1996,NA,NA
South Sudan,SS,SSD,1997,NA,NA
South Sudan,SS,SSD,1998,NA,NA
South Sudan,SS,SSD,1999,NA,NA
South Sudan,SS,SSD,2000,NA,NA
South Sudan,SS,SSD,2001,NA,NA
South Sudan,SS,SSD,2002,NA,NA
South Sudan,SS,SSD,2003,NA,NA
South Sudan,SS,SSD,2004,NA,NA
South Sudan,SS,SSD,2005,NA,NA
South Sudan,SS,SSD,2006,NA,NA
South Sudan,SS,SSD,2007,NA,NA
South Sudan,SS,SSD,2008,NA,NA
South Sudan,SS,SSD,2009,NA,NA
South Sudan,SS,SSD,2010,15.44096302,NA
South Sudan,SS,SSD,2011,17.57289089,NA
South Sudan,SS,SSD,2012,21.4921053,NA
South Sudan,SS,SSD,2013,25.69079809,2.2
South Sudan,SS,SSD,2014,25.64901594,2.6
South Sudan,SS,SSD,2015,25.89711066,3
South Sudan,SS,SSD,2016,24.39882868,3.5
South Sudan,SS,SSD,2017,26.16695311,4.1
South Sudan,SS,SSD,2018,18.43380633,4.8
South Sudan,SS,SSD,2019,21.26759221,5.6
South Sudan,SS,SSD,2020,12.6718012,6.5
South Sudan,SS,SSD,2021,NA,NA
Spain,ES,ESP,1960,0,NA
Spain,ES,ESP,1961,NA,NA
Spain,ES,ESP,1962,NA,NA
Spain,ES,ESP,1963,NA,NA
Spain,ES,ESP,1964,NA,NA
Spain,ES,ESP,1965,0,NA
Spain,ES,ESP,1966,NA,NA
Spain,ES,ESP,1967,NA,NA
Spain,ES,ESP,1968,NA,NA
Spain,ES,ESP,1969,NA,NA
Spain,ES,ESP,1970,0,NA
Spain,ES,ESP,1971,NA,NA
Spain,ES,ESP,1972,NA,NA
Spain,ES,ESP,1973,NA,NA
Spain,ES,ESP,1974,NA,NA
Spain,ES,ESP,1975,0,NA
Spain,ES,ESP,1976,0,NA
Spain,ES,ESP,1977,0,NA
Spain,ES,ESP,1978,0,NA
Spain,ES,ESP,1979,0,NA
Spain,ES,ESP,1980,0,NA
Spain,ES,ESP,1981,0,NA
Spain,ES,ESP,1982,0,NA
Spain,ES,ESP,1983,NA,NA
Spain,ES,ESP,1984,NA,NA
Spain,ES,ESP,1985,NA,NA
Spain,ES,ESP,1986,0.004405194,NA
Spain,ES,ESP,1987,0.010854247,NA
Spain,ES,ESP,1988,0.029983197,NA
Spain,ES,ESP,1989,0.076666811,NA
Spain,ES,ESP,1990,0.140653526,0.012873564
Spain,ES,ESP,1991,0.27810043,0.025686194
Spain,ES,ESP,1992,0.459912366,0.076845453
Spain,ES,ESP,1993,0.652606384,0.127689668
Spain,ES,ESP,1994,1.039604429,0.280069738
Spain,ES,ESP,1995,2.373389764,0.380800728
Spain,ES,ESP,1996,7.494773352,1.331847404
Spain,ES,ESP,1997,10.7956461,2.803319625
Spain,ES,ESP,1998,15.94912844,4.361892394
Spain,ES,ESP,1999,37.00760234,7.085039678
Spain,ES,ESP,2000,59.55835811,13.62496081
Spain,ES,ESP,2001,72.39028278,18.14872269
Spain,ES,ESP,2002,80.84111071,20.39
Spain,ES,ESP,2003,88.13545118,39.93
Spain,ES,ESP,2004,89.90428836,44.01
Spain,ES,ESP,2005,97.73091333,47.88
Spain,ES,ESP,2006,102.8639102,50.37
Spain,ES,ESP,2007,107.0209594,55.11
Spain,ES,ESP,2008,107.9553544,59.6
Spain,ES,ESP,2009,110.1038303,62.4
Spain,ES,ESP,2010,110.3421909,65.8
Spain,ES,ESP,2011,112.5430587,67.08999939
Spain,ES,ESP,2012,108.360446,69.80999994
Spain,ES,ESP,2013,107.6286827,71.635
Spain,ES,ESP,2014,109.3441127,76.19
Spain,ES,ESP,2015,109.9855567,78.68963187
Spain,ES,ESP,2016,110.8625606,80.56133294
Spain,ES,ESP,2017,112.7141001,84.6022457
Spain,ES,ESP,2018,115.7483421,86.10723553
Spain,ES,ESP,2019,117.4481914,90.71866533
Spain,ES,ESP,2020,117.4899328,93.20564892
Spain,ES,ESP,2021,119.623109,93.89752157
Sri Lanka,LK,LKA,1960,0,NA
Sri Lanka,LK,LKA,1961,NA,NA
Sri Lanka,LK,LKA,1962,NA,NA
Sri Lanka,LK,LKA,1963,NA,NA
Sri Lanka,LK,LKA,1964,NA,NA
Sri Lanka,LK,LKA,1965,0,NA
Sri Lanka,LK,LKA,1966,NA,NA
Sri Lanka,LK,LKA,1967,NA,NA
Sri Lanka,LK,LKA,1968,NA,NA
Sri Lanka,LK,LKA,1969,NA,NA
Sri Lanka,LK,LKA,1970,0,NA
Sri Lanka,LK,LKA,1971,NA,NA
Sri Lanka,LK,LKA,1972,NA,NA
Sri Lanka,LK,LKA,1973,NA,NA
Sri Lanka,LK,LKA,1974,NA,NA
Sri Lanka,LK,LKA,1975,0,NA
Sri Lanka,LK,LKA,1976,0,NA
Sri Lanka,LK,LKA,1977,0,NA
Sri Lanka,LK,LKA,1978,0,NA
Sri Lanka,LK,LKA,1979,0,NA
Sri Lanka,LK,LKA,1980,0,NA
Sri Lanka,LK,LKA,1981,0,NA
Sri Lanka,LK,LKA,1982,0,NA
Sri Lanka,LK,LKA,1983,0,NA
Sri Lanka,LK,LKA,1984,0,NA
Sri Lanka,LK,LKA,1985,0,NA
Sri Lanka,LK,LKA,1986,0,NA
Sri Lanka,LK,LKA,1987,0,NA
Sri Lanka,LK,LKA,1988,0,NA
Sri Lanka,LK,LKA,1989,0,NA
Sri Lanka,LK,LKA,1990,0.005870696,0
Sri Lanka,LK,LKA,1991,0.01033497,0
Sri Lanka,LK,LKA,1992,0.015001881,0
Sri Lanka,LK,LKA,1993,0.082392688,0
Sri Lanka,LK,LKA,1994,0.162016515,0.002765448
Sri Lanka,LK,LKA,1995,0.282303929,0.005484436
Sri Lanka,LK,LKA,1996,0.387659854,0.054464499
Sri Lanka,LK,LKA,1997,0.622728788,0.162464548
Sri Lanka,LK,LKA,1998,0.938548009,0.296351104
Sri Lanka,LK,LKA,1999,1.374661758,0.348414425
Sri Lanka,LK,LKA,2000,2.291188217,0.647410011
Sri Lanka,LK,LKA,2001,3.528817631,0.793821864
Sri Lanka,LK,LKA,2002,4.873723405,1.050422706
Sri Lanka,LK,LKA,2003,7.218515291,1.458580228
Sri Lanka,LK,LKA,2004,11.34483891,1.44615998
Sri Lanka,LK,LKA,2005,17.087516,1.792046794
Sri Lanka,LK,LKA,2006,27.23856918,2.537566129
Sri Lanka,LK,LKA,2007,39.76107463,3.88
Sri Lanka,LK,LKA,2008,54.63200747,NA
Sri Lanka,LK,LKA,2009,79.60666574,NA
Sri Lanka,LK,LKA,2010,83.98898868,NA
Sri Lanka,LK,LKA,2011,87.82201679,NA
Sri Lanka,LK,LKA,2012,91.9860531,NA
Sri Lanka,LK,LKA,2013,96.13564533,NA
Sri Lanka,LK,LKA,2014,104.1599133,10.5
Sri Lanka,LK,LKA,2015,112.0119107,12.1
Sri Lanka,LK,LKA,2016,120.4042203,15.1
Sri Lanka,LK,LKA,2017,131.1169828,21.3
Sri Lanka,LK,LKA,2018,140.3243174,26
Sri Lanka,LK,LKA,2019,130.9608639,29
Sri Lanka,LK,LKA,2020,136.9116134,35
Sri Lanka,LK,LKA,2021,141.2920218,NA
St. Kitts and Nevis,KN,KNA,1960,0,NA
St. Kitts and Nevis,KN,KNA,1961,NA,NA
St. Kitts and Nevis,KN,KNA,1962,NA,NA
St. Kitts and Nevis,KN,KNA,1963,NA,NA
St. Kitts and Nevis,KN,KNA,1964,NA,NA
St. Kitts and Nevis,KN,KNA,1965,0,NA
St. Kitts and Nevis,KN,KNA,1966,NA,NA
St. Kitts and Nevis,KN,KNA,1967,NA,NA
St. Kitts and Nevis,KN,KNA,1968,NA,NA
St. Kitts and Nevis,KN,KNA,1969,NA,NA
St. Kitts and Nevis,KN,KNA,1970,0,NA
St. Kitts and Nevis,KN,KNA,1971,NA,NA
St. Kitts and Nevis,KN,KNA,1972,NA,NA
St. Kitts and Nevis,KN,KNA,1973,NA,NA
St. Kitts and Nevis,KN,KNA,1974,NA,NA
St. Kitts and Nevis,KN,KNA,1975,0,NA
St. Kitts and Nevis,KN,KNA,1976,0,NA
St. Kitts and Nevis,KN,KNA,1977,0,NA
St. Kitts and Nevis,KN,KNA,1978,0,NA
St. Kitts and Nevis,KN,KNA,1979,0,NA
St. Kitts and Nevis,KN,KNA,1980,0,NA
St. Kitts and Nevis,KN,KNA,1981,0,NA
St. Kitts and Nevis,KN,KNA,1982,0,NA
St. Kitts and Nevis,KN,KNA,1983,0,NA
St. Kitts and Nevis,KN,KNA,1984,0,NA
St. Kitts and Nevis,KN,KNA,1985,0,NA
St. Kitts and Nevis,KN,KNA,1986,0,NA
St. Kitts and Nevis,KN,KNA,1987,0,NA
St. Kitts and Nevis,KN,KNA,1988,0,NA
St. Kitts and Nevis,KN,KNA,1989,0,NA
St. Kitts and Nevis,KN,KNA,1990,0,0
St. Kitts and Nevis,KN,KNA,1991,NA,0
St. Kitts and Nevis,KN,KNA,1992,NA,0
St. Kitts and Nevis,KN,KNA,1993,NA,0
St. Kitts and Nevis,KN,KNA,1994,NA,0
St. Kitts and Nevis,KN,KNA,1995,NA,0
St. Kitts and Nevis,KN,KNA,1996,0.696104137,1.945569823
St. Kitts and Nevis,KN,KNA,1997,0.469580356,2.258559942
St. Kitts and Nevis,KN,KNA,1998,0.99479991,3.343810607
St. Kitts and Nevis,KN,KNA,1999,1.561628555,4.400440044
St. Kitts and Nevis,KN,KNA,2000,2.639625173,5.86281024
St. Kitts and Nevis,KN,KNA,2001,4.566607228,7.714726556
St. Kitts and Nevis,KN,KNA,2002,10.80753934,21.15238176
St. Kitts and Nevis,KN,KNA,2003,47.38213693,22.96978429
St. Kitts and Nevis,KN,KNA,2004,62.25848003,24.73767754
St. Kitts and Nevis,KN,KNA,2005,109.1492777,34
St. Kitts and Nevis,KN,KNA,2006,108.8023211,38.5
St. Kitts and Nevis,KN,KNA,2007,137.1902584,43.5
St. Kitts and Nevis,KN,KNA,2008,157.9862584,49.2
St. Kitts and Nevis,KN,KNA,2009,159.666709,55.7
St. Kitts and Nevis,KN,KNA,2010,168.7656899,63
St. Kitts and Nevis,KN,KNA,2011,161.8293016,63.2
St. Kitts and Nevis,KN,KNA,2012,159.2390052,64
St. Kitts and Nevis,KN,KNA,2013,161.202529,64.6
St. Kitts and Nevis,KN,KNA,2014,136.014564,68
St. Kitts and Nevis,KN,KNA,2015,152.7704541,75.7
St. Kitts and Nevis,KN,KNA,2016,160.2557127,76.81767491
St. Kitts and Nevis,KN,KNA,2017,160.8797556,80.71019081
St. Kitts and Nevis,KN,KNA,2018,149.9005465,NA
St. Kitts and Nevis,KN,KNA,2019,136.7035547,NA
St. Kitts and Nevis,KN,KNA,2020,163.7210864,NA
St. Kitts and Nevis,KN,KNA,2021,NA,NA
St. Lucia,LC,LCA,1960,0,NA
St. Lucia,LC,LCA,1961,NA,NA
St. Lucia,LC,LCA,1962,NA,NA
St. Lucia,LC,LCA,1963,NA,NA
St. Lucia,LC,LCA,1964,NA,NA
St. Lucia,LC,LCA,1965,0,NA
St. Lucia,LC,LCA,1966,NA,NA
St. Lucia,LC,LCA,1967,NA,NA
St. Lucia,LC,LCA,1968,NA,NA
St. Lucia,LC,LCA,1969,NA,NA
St. Lucia,LC,LCA,1970,0,NA
St. Lucia,LC,LCA,1971,NA,NA
St. Lucia,LC,LCA,1972,NA,NA
St. Lucia,LC,LCA,1973,NA,NA
St. Lucia,LC,LCA,1974,NA,NA
St. Lucia,LC,LCA,1975,0,NA
St. Lucia,LC,LCA,1976,0,NA
St. Lucia,LC,LCA,1977,0,NA
St. Lucia,LC,LCA,1978,0,NA
St. Lucia,LC,LCA,1979,0,NA
St. Lucia,LC,LCA,1980,0,NA
St. Lucia,LC,LCA,1981,0,NA
St. Lucia,LC,LCA,1982,0,NA
St. Lucia,LC,LCA,1983,0,NA
St. Lucia,LC,LCA,1984,0,NA
St. Lucia,LC,LCA,1985,0,NA
St. Lucia,LC,LCA,1986,0,NA
St. Lucia,LC,LCA,1987,0,NA
St. Lucia,LC,LCA,1988,0,NA
St. Lucia,LC,LCA,1989,0,NA
St. Lucia,LC,LCA,1990,0,0
St. Lucia,LC,LCA,1991,NA,0
St. Lucia,LC,LCA,1992,NA,0
St. Lucia,LC,LCA,1993,NA,0
St. Lucia,LC,LCA,1994,0.348031695,0
St. Lucia,LC,LCA,1995,0.656391945,0.305656686
St. Lucia,LC,LCA,1996,0.909273945,0.670465974
St. Lucia,LC,LCA,1997,1.029243377,0.992168483
St. Lucia,LC,LCA,1998,1.211309808,1.304988973
St. Lucia,LC,LCA,1999,1.453341421,1.932105802
St. Lucia,LC,LCA,2000,1.567398119,5.090483341
St. Lucia,LC,LCA,2001,1.681258328,8.181863954
St. Lucia,LC,LCA,2002,8.846160978,14.64183577
St. Lucia,LC,LCA,2003,60.71868848,20.98247346
St. Lucia,LC,LCA,2004,61.49574705,21.39521236
St. Lucia,LC,LCA,2005,63.88448841,21.56758295
St. Lucia,LC,LCA,2006,63.43485313,24.5
St. Lucia,LC,LCA,2007,87.75176399,27.9
St. Lucia,LC,LCA,2008,103.8374383,30
St. Lucia,LC,LCA,2009,111.8158031,31
St. Lucia,LC,LCA,2010,115.9575277,32.5
St. Lucia,LC,LCA,2011,125.7827658,34
St. Lucia,LC,LCA,2012,124.7660636,34.82
St. Lucia,LC,LCA,2013,121.8906988,36
St. Lucia,LC,LCA,2014,107.7498227,39.7
St. Lucia,LC,LCA,2015,106.9000074,41.7
St. Lucia,LC,LCA,2016,100.1326425,43.8
St. Lucia,LC,LCA,2017,99.73470908,46
St. Lucia,LC,LCA,2018,103.9665407,48.3
St. Lucia,LC,LCA,2019,82.75703734,50.7
St. Lucia,LC,LCA,2020,113.2578653,53.3
St. Lucia,LC,LCA,2021,NA,NA
St. Martin (French part),MF,MAF,1960,NA,NA
St. Martin (French part),MF,MAF,1961,NA,NA
St. Martin (French part),MF,MAF,1962,NA,NA
St. Martin (French part),MF,MAF,1963,NA,NA
St. Martin (French part),MF,MAF,1964,NA,NA
St. Martin (French part),MF,MAF,1965,NA,NA
St. Martin (French part),MF,MAF,1966,NA,NA
St. Martin (French part),MF,MAF,1967,NA,NA
St. Martin (French part),MF,MAF,1968,NA,NA
St. Martin (French part),MF,MAF,1969,NA,NA
St. Martin (French part),MF,MAF,1970,NA,NA
St. Martin (French part),MF,MAF,1971,NA,NA
St. Martin (French part),MF,MAF,1972,NA,NA
St. Martin (French part),MF,MAF,1973,NA,NA
St. Martin (French part),MF,MAF,1974,NA,NA
St. Martin (French part),MF,MAF,1975,NA,NA
St. Martin (French part),MF,MAF,1976,NA,NA
St. Martin (French part),MF,MAF,1977,NA,NA
St. Martin (French part),MF,MAF,1978,NA,NA
St. Martin (French part),MF,MAF,1979,NA,NA
St. Martin (French part),MF,MAF,1980,NA,NA
St. Martin (French part),MF,MAF,1981,NA,NA
St. Martin (French part),MF,MAF,1982,NA,NA
St. Martin (French part),MF,MAF,1983,NA,NA
St. Martin (French part),MF,MAF,1984,NA,NA
St. Martin (French part),MF,MAF,1985,NA,NA
St. Martin (French part),MF,MAF,1986,NA,NA
St. Martin (French part),MF,MAF,1987,NA,NA
St. Martin (French part),MF,MAF,1988,NA,NA
St. Martin (French part),MF,MAF,1989,NA,NA
St. Martin (French part),MF,MAF,1990,NA,NA
St. Martin (French part),MF,MAF,1991,NA,NA
St. Martin (French part),MF,MAF,1992,NA,NA
St. Martin (French part),MF,MAF,1993,NA,NA
St. Martin (French part),MF,MAF,1994,NA,NA
St. Martin (French part),MF,MAF,1995,NA,NA
St. Martin (French part),MF,MAF,1996,NA,NA
St. Martin (French part),MF,MAF,1997,NA,NA
St. Martin (French part),MF,MAF,1998,NA,NA
St. Martin (French part),MF,MAF,1999,NA,NA
St. Martin (French part),MF,MAF,2000,NA,NA
St. Martin (French part),MF,MAF,2001,NA,NA
St. Martin (French part),MF,MAF,2002,NA,NA
St. Martin (French part),MF,MAF,2003,NA,NA
St. Martin (French part),MF,MAF,2004,NA,NA
St. Martin (French part),MF,MAF,2005,NA,NA
St. Martin (French part),MF,MAF,2006,NA,NA
St. Martin (French part),MF,MAF,2007,NA,NA
St. Martin (French part),MF,MAF,2008,NA,NA
St. Martin (French part),MF,MAF,2009,NA,NA
St. Martin (French part),MF,MAF,2010,NA,NA
St. Martin (French part),MF,MAF,2011,NA,NA
St. Martin (French part),MF,MAF,2012,NA,NA
St. Martin (French part),MF,MAF,2013,NA,NA
St. Martin (French part),MF,MAF,2014,NA,NA
St. Martin (French part),MF,MAF,2015,NA,NA
St. Martin (French part),MF,MAF,2016,NA,NA
St. Martin (French part),MF,MAF,2017,NA,NA
St. Martin (French part),MF,MAF,2018,NA,NA
St. Martin (French part),MF,MAF,2019,NA,NA
St. Martin (French part),MF,MAF,2020,NA,NA
St. Martin (French part),MF,MAF,2021,NA,NA
St. Vincent and the Grenadines,VC,VCT,1960,0,NA
St. Vincent and the Grenadines,VC,VCT,1961,NA,NA
St. Vincent and the Grenadines,VC,VCT,1962,NA,NA
St. Vincent and the Grenadines,VC,VCT,1963,NA,NA
St. Vincent and the Grenadines,VC,VCT,1964,NA,NA
St. Vincent and the Grenadines,VC,VCT,1965,0,NA
St. Vincent and the Grenadines,VC,VCT,1966,NA,NA
St. Vincent and the Grenadines,VC,VCT,1967,NA,NA
St. Vincent and the Grenadines,VC,VCT,1968,NA,NA
St. Vincent and the Grenadines,VC,VCT,1969,NA,NA
St. Vincent and the Grenadines,VC,VCT,1970,0,NA
St. Vincent and the Grenadines,VC,VCT,1971,NA,NA
St. Vincent and the Grenadines,VC,VCT,1972,NA,NA
St. Vincent and the Grenadines,VC,VCT,1973,NA,NA
St. Vincent and the Grenadines,VC,VCT,1974,NA,NA
St. Vincent and the Grenadines,VC,VCT,1975,0,NA
St. Vincent and the Grenadines,VC,VCT,1976,0,NA
St. Vincent and the Grenadines,VC,VCT,1977,0,NA
St. Vincent and the Grenadines,VC,VCT,1978,0,NA
St. Vincent and the Grenadines,VC,VCT,1979,0,NA
St. Vincent and the Grenadines,VC,VCT,1980,0,NA
St. Vincent and the Grenadines,VC,VCT,1981,0,NA
St. Vincent and the Grenadines,VC,VCT,1982,0,NA
St. Vincent and the Grenadines,VC,VCT,1983,0,NA
St. Vincent and the Grenadines,VC,VCT,1984,0,NA
St. Vincent and the Grenadines,VC,VCT,1985,0,NA
St. Vincent and the Grenadines,VC,VCT,1986,0,NA
St. Vincent and the Grenadines,VC,VCT,1987,0,NA
St. Vincent and the Grenadines,VC,VCT,1988,0,NA
St. Vincent and the Grenadines,VC,VCT,1989,0,NA
St. Vincent and the Grenadines,VC,VCT,1990,0,0
St. Vincent and the Grenadines,VC,VCT,1991,NA,0
St. Vincent and the Grenadines,VC,VCT,1992,0.06182544,0
St. Vincent and the Grenadines,VC,VCT,1993,0.073049876,0
St. Vincent and the Grenadines,VC,VCT,1994,0.131643614,0
St. Vincent and the Grenadines,VC,VCT,1995,0.188309072,0.128634622
St. Vincent and the Grenadines,VC,VCT,1996,0.244990813,0.483248317
St. Vincent and the Grenadines,VC,VCT,1997,0.302775736,0.926371957
St. Vincent and the Grenadines,VC,VCT,1998,0.656949651,1.853997683
St. Vincent and the Grenadines,VC,VCT,1999,1.245679597,2.7820023
St. Vincent and the Grenadines,VC,VCT,2000,2.074473693,3.245037411
St. Vincent and the Grenadines,VC,VCT,2001,6.592691018,5.094809778
St. Vincent and the Grenadines,VC,VCT,2002,8.798589687,5.54959488
St. Vincent and the Grenadines,VC,VCT,2003,55.62029211,6.462274167
St. Vincent and the Grenadines,VC,VCT,2004,63.93861893,7.371165842
St. Vincent and the Grenadines,VC,VCT,2005,63.0299352,9.198278082
St. Vincent and the Grenadines,VC,VCT,2006,78.64771238,12
St. Vincent and the Grenadines,VC,VCT,2007,99.69952357,16
St. Vincent and the Grenadines,VC,VCT,2008,117.9321223,21
St. Vincent and the Grenadines,VC,VCT,2009,110.2640204,31
St. Vincent and the Grenadines,VC,VCT,2010,120.5684854,33.7
St. Vincent and the Grenadines,VC,VCT,2011,121.2571986,36.7
St. Vincent and the Grenadines,VC,VCT,2012,117.4948882,40
St. Vincent and the Grenadines,VC,VCT,2013,116.6849698,43.5
St. Vincent and the Grenadines,VC,VCT,2014,107.5810012,47.4
St. Vincent and the Grenadines,VC,VCT,2015,106.4696381,49.4
St. Vincent and the Grenadines,VC,VCT,2016,106.3097496,51.5
St. Vincent and the Grenadines,VC,VCT,2017,109.7548035,53.7
St. Vincent and the Grenadines,VC,VCT,2018,106.8037614,56
St. Vincent and the Grenadines,VC,VCT,2019,91.85029164,NA
St. Vincent and the Grenadines,VC,VCT,2020,92.76225247,NA
St. Vincent and the Grenadines,VC,VCT,2021,110.1215351,NA
Sub-Saharan Africa,ZG,SSF,1960,0,NA
Sub-Saharan Africa,ZG,SSF,1961,NA,NA
Sub-Saharan Africa,ZG,SSF,1962,NA,NA
Sub-Saharan Africa,ZG,SSF,1963,NA,NA
Sub-Saharan Africa,ZG,SSF,1964,NA,NA
Sub-Saharan Africa,ZG,SSF,1965,0,NA
Sub-Saharan Africa,ZG,SSF,1966,NA,NA
Sub-Saharan Africa,ZG,SSF,1967,NA,NA
Sub-Saharan Africa,ZG,SSF,1968,NA,NA
Sub-Saharan Africa,ZG,SSF,1969,NA,NA
Sub-Saharan Africa,ZG,SSF,1970,0,NA
Sub-Saharan Africa,ZG,SSF,1971,NA,NA
Sub-Saharan Africa,ZG,SSF,1972,NA,NA
Sub-Saharan Africa,ZG,SSF,1973,NA,NA
Sub-Saharan Africa,ZG,SSF,1974,NA,NA
Sub-Saharan Africa,ZG,SSF,1975,0,NA
Sub-Saharan Africa,ZG,SSF,1976,0,NA
Sub-Saharan Africa,ZG,SSF,1977,0,NA
Sub-Saharan Africa,ZG,SSF,1978,0,NA
Sub-Saharan Africa,ZG,SSF,1979,0,NA
Sub-Saharan Africa,ZG,SSF,1980,0,NA
Sub-Saharan Africa,ZG,SSF,1981,0,NA
Sub-Saharan Africa,ZG,SSF,1982,0,NA
Sub-Saharan Africa,ZG,SSF,1983,0,NA
Sub-Saharan Africa,ZG,SSF,1984,0,NA
Sub-Saharan Africa,ZG,SSF,1985,0,NA
Sub-Saharan Africa,ZG,SSF,1986,0,NA
Sub-Saharan Africa,ZG,SSF,1987,0,NA
Sub-Saharan Africa,ZG,SSF,1988,0,NA
Sub-Saharan Africa,ZG,SSF,1989,7.99457889997293e-4,NA
Sub-Saharan Africa,ZG,SSF,1990,0.00153932726251514,0
Sub-Saharan Africa,ZG,SSF,1991,0.00182549379155902,0.00103339006294407
Sub-Saharan Africa,ZG,SSF,1992,0.0034697755422743,0.00300605109319489
Sub-Saharan Africa,ZG,SSF,1993,0.0114871946982522,0.00872450649445177
Sub-Saharan Africa,ZG,SSF,1994,0.0706401704704249,0.0189115927178311
Sub-Saharan Africa,ZG,SSF,1995,0.103020696609934,0.051620303531619303
Sub-Saharan Africa,ZG,SSF,1996,0.18060689182626,0.0723178856418828
Sub-Saharan Africa,ZG,SSF,1997,0.340743407538495,0.135088535529205
Sub-Saharan Africa,ZG,SSF,1998,0.613159873272705,0.244727114553212
Sub-Saharan Africa,ZG,SSF,1999,0.997876917760792,0.373976532861205
Sub-Saharan Africa,ZG,SSF,2000,1.72076740866635,0.516909537706239
Sub-Saharan Africa,ZG,SSF,2001,2.49660398851137,0.656544940051198
Sub-Saharan Africa,ZG,SSF,2002,3.58014716477979,0.839168617392893
Sub-Saharan Africa,ZG,SSF,2003,4.9578340282572,1.11483294800094
Sub-Saharan Africa,ZG,SSF,2004,7.38870510824265,1.49527027233515
Sub-Saharan Africa,ZG,SSF,2005,11.9905095836555,2.01588847155429
Sub-Saharan Africa,ZG,SSF,2006,17.6782496829208,2.65915703173474
Sub-Saharan Africa,ZG,SSF,2007,23.0558320274898,3.36999838568923
Sub-Saharan Africa,ZG,SSF,2008,31.6966758556946,3.669101868449
Sub-Saharan Africa,ZG,SSF,2009,37.4114164834,4.31299810023941
Sub-Saharan Africa,ZG,SSF,2010,44.0939840180983,6.13796784399575
Sub-Saharan Africa,ZG,SSF,2011,52.1634151225671,7.59663525203002
Sub-Saharan Africa,ZG,SSF,2012,58.5825096571309,9.28488742007677
Sub-Saharan Africa,ZG,SSF,2013,64.7110646670392,11.1593890969573
Sub-Saharan Africa,ZG,SSF,2014,69.3784866915021,13.3689854263355
Sub-Saharan Africa,ZG,SSF,2015,74.548794110763,16.103184137443
Sub-Saharan Africa,ZG,SSF,2016,72.6118038944732,18.5864117794462
Sub-Saharan Africa,ZG,SSF,2017,71.9255195735808,20.9664317037232
Sub-Saharan Africa,ZG,SSF,2018,81.1592113688231,24.6867424155325
Sub-Saharan Africa,ZG,SSF,2019,78.6129200786194,26.1896097401722
Sub-Saharan Africa,ZG,SSF,2020,81.984137872445,29.3457584337183
Sub-Saharan Africa,ZG,SSF,2021,92.6055427177787,NA
Sub-Saharan Africa (excluding high income),ZF,SSA,1960,0,NA
Sub-Saharan Africa (excluding high income),ZF,SSA,1961,NA,NA
Sub-Saharan Africa (excluding high income),ZF,SSA,1962,NA,NA
Sub-Saharan Africa (excluding high income),ZF,SSA,1963,NA,NA
Sub-Saharan Africa (excluding high income),ZF,SSA,1964,NA,NA
Sub-Saharan Africa (excluding high income),ZF,SSA,1965,0,NA
Sub-Saharan Africa (excluding high income),ZF,SSA,1966,NA,NA
Sub-Saharan Africa (excluding high income),ZF,SSA,1967,NA,NA
Sub-Saharan Africa (excluding high income),ZF,SSA,1968,NA,NA
Sub-Saharan Africa (excluding high income),ZF,SSA,1969,NA,NA
Sub-Saharan Africa (excluding high income),ZF,SSA,1970,0,NA
Sub-Saharan Africa (excluding high income),ZF,SSA,1971,NA,NA
Sub-Saharan Africa (excluding high income),ZF,SSA,1972,NA,NA
Sub-Saharan Africa (excluding high income),ZF,SSA,1973,NA,NA
Sub-Saharan Africa (excluding high income),ZF,SSA,1974,NA,NA
Sub-Saharan Africa (excluding high income),ZF,SSA,1975,0,NA
Sub-Saharan Africa (excluding high income),ZF,SSA,1976,0,NA
Sub-Saharan Africa (excluding high income),ZF,SSA,1977,0,NA
Sub-Saharan Africa (excluding high income),ZF,SSA,1978,0,NA
Sub-Saharan Africa (excluding high income),ZF,SSA,1979,0,NA
Sub-Saharan Africa (excluding high income),ZF,SSA,1980,0,NA
Sub-Saharan Africa (excluding high income),ZF,SSA,1981,0,NA
Sub-Saharan Africa (excluding high income),ZF,SSA,1982,0,NA
Sub-Saharan Africa (excluding high income),ZF,SSA,1983,0,NA
Sub-Saharan Africa (excluding high income),ZF,SSA,1984,0,NA
Sub-Saharan Africa (excluding high income),ZF,SSA,1985,0,NA
Sub-Saharan Africa (excluding high income),ZF,SSA,1986,0,NA
Sub-Saharan Africa (excluding high income),ZF,SSA,1987,0,NA
Sub-Saharan Africa (excluding high income),ZF,SSA,1988,0,NA
Sub-Saharan Africa (excluding high income),ZF,SSA,1989,7.9957086548209e-4,NA
Sub-Saharan Africa (excluding high income),ZF,SSA,1990,0.00153954096169824,0
Sub-Saharan Africa (excluding high income),ZF,SSA,1991,0.00182574290368838,0.00103353108232207
Sub-Saharan Africa (excluding high income),ZF,SSA,1992,0.00347027650684399,0.00300645429140844
Sub-Saharan Africa (excluding high income),ZF,SSA,1993,0.0114888245733919,0.00872565599783131
Sub-Saharan Africa (excluding high income),ZF,SSA,1994,0.0706500614449473,0.0189140474858541
Sub-Saharan Africa (excluding high income),ZF,SSA,1995,0.103025318707562,0.0516269095580683
Sub-Saharan Africa (excluding high income),ZF,SSA,1996,0.18045572767945,0.072239921157922
Sub-Saharan Africa (excluding high income),ZF,SSA,1997,0.340419157313688,0.134945763092731
Sub-Saharan Africa (excluding high income),ZF,SSA,1998,0.612413375452957,0.24444651395623
Sub-Saharan Africa (excluding high income),ZF,SSA,1999,0.995480350695364,0.373264209407416
Sub-Saharan Africa (excluding high income),ZF,SSA,2000,1.71707091930944,0.51608145917158
Sub-Saharan Africa (excluding high income),ZF,SSA,2001,2.49152805011609,0.655311985260344
Sub-Saharan Africa (excluding high income),ZF,SSA,2002,3.57418673957924,0.837585115247032
Sub-Saharan Africa (excluding high income),ZF,SSA,2003,4.95157000317799,1.11326183139986
Sub-Saharan Africa (excluding high income),ZF,SSA,2004,7.3821474615985,1.49265011420369
Sub-Saharan Africa (excluding high income),ZF,SSA,2005,11.9840725477325,2.0132204805788
Sub-Saharan Africa (excluding high income),ZF,SSA,2006,17.6710664603926,2.65532577778128
Sub-Saharan Africa (excluding high income),ZF,SSA,2007,23.048731490492,3.3661405682563
Sub-Saharan Africa (excluding high income),ZF,SSA,2008,31.6887777349967,3.66493829912678
Sub-Saharan Africa (excluding high income),ZF,SSA,2009,37.4023670808913,4.31299810023941
Sub-Saharan Africa (excluding high income),ZF,SSA,2010,44.0852495533227,6.13405945063333
Sub-Saharan Africa (excluding high income),ZF,SSA,2011,52.1548276219036,7.59275285086043
Sub-Saharan Africa (excluding high income),ZF,SSA,2012,58.5738313056111,9.28081023536209
Sub-Saharan Africa (excluding high income),ZF,SSA,2013,64.7032947876451,11.1552596965179
Sub-Saharan Africa (excluding high income),ZF,SSA,2014,69.3699946933716,13.3650541796102
Sub-Saharan Africa (excluding high income),ZF,SSA,2015,74.5414315139413,16.0992822486337
Sub-Saharan Africa (excluding high income),ZF,SSA,2016,72.6041910215201,18.5827324738236
Sub-Saharan Africa (excluding high income),ZF,SSA,2017,71.9166783511971,20.9628138316541
Sub-Saharan Africa (excluding high income),ZF,SSA,2018,81.1491738074016,24.6822490889968
Sub-Saharan Africa (excluding high income),ZF,SSA,2019,78.6029669851856,26.1847203659418
Sub-Saharan Africa (excluding high income),ZF,SSA,2020,81.9757138666574,29.340636782129
Sub-Saharan Africa (excluding high income),ZF,SSA,2021,92.5957058013316,NA
Sub-Saharan Africa (IDA & IBRD countries),T6,TSS,1960,0,NA
Sub-Saharan Africa (IDA & IBRD countries),T6,TSS,1961,NA,NA
Sub-Saharan Africa (IDA & IBRD countries),T6,TSS,1962,NA,NA
Sub-Saharan Africa (IDA & IBRD countries),T6,TSS,1963,NA,NA
Sub-Saharan Africa (IDA & IBRD countries),T6,TSS,1964,NA,NA
Sub-Saharan Africa (IDA & IBRD countries),T6,TSS,1965,0,NA
Sub-Saharan Africa (IDA & IBRD countries),T6,TSS,1966,NA,NA
Sub-Saharan Africa (IDA & IBRD countries),T6,TSS,1967,NA,NA
Sub-Saharan Africa (IDA & IBRD countries),T6,TSS,1968,NA,NA
Sub-Saharan Africa (IDA & IBRD countries),T6,TSS,1969,NA,NA
Sub-Saharan Africa (IDA & IBRD countries),T6,TSS,1970,0,NA
Sub-Saharan Africa (IDA & IBRD countries),T6,TSS,1971,NA,NA
Sub-Saharan Africa (IDA & IBRD countries),T6,TSS,1972,NA,NA
Sub-Saharan Africa (IDA & IBRD countries),T6,TSS,1973,NA,NA
Sub-Saharan Africa (IDA & IBRD countries),T6,TSS,1974,NA,NA
Sub-Saharan Africa (IDA & IBRD countries),T6,TSS,1975,0,NA
Sub-Saharan Africa (IDA & IBRD countries),T6,TSS,1976,0,NA
Sub-Saharan Africa (IDA & IBRD countries),T6,TSS,1977,0,NA
Sub-Saharan Africa (IDA & IBRD countries),T6,TSS,1978,0,NA
Sub-Saharan Africa (IDA & IBRD countries),T6,TSS,1979,0,NA
Sub-Saharan Africa (IDA & IBRD countries),T6,TSS,1980,0,NA
Sub-Saharan Africa (IDA & IBRD countries),T6,TSS,1981,0,NA
Sub-Saharan Africa (IDA & IBRD countries),T6,TSS,1982,0,NA
Sub-Saharan Africa (IDA & IBRD countries),T6,TSS,1983,0,NA
Sub-Saharan Africa (IDA & IBRD countries),T6,TSS,1984,0,NA
Sub-Saharan Africa (IDA & IBRD countries),T6,TSS,1985,0,NA
Sub-Saharan Africa (IDA & IBRD countries),T6,TSS,1986,0,NA
Sub-Saharan Africa (IDA & IBRD countries),T6,TSS,1987,0,NA
Sub-Saharan Africa (IDA & IBRD countries),T6,TSS,1988,0,NA
Sub-Saharan Africa (IDA & IBRD countries),T6,TSS,1989,7.99457889997293e-4,NA
Sub-Saharan Africa (IDA & IBRD countries),T6,TSS,1990,0.00153932726251514,0
Sub-Saharan Africa (IDA & IBRD countries),T6,TSS,1991,0.00182549379155902,0.00103339006294407
Sub-Saharan Africa (IDA & IBRD countries),T6,TSS,1992,0.0034697755422743,0.00300605109319489
Sub-Saharan Africa (IDA & IBRD countries),T6,TSS,1993,0.0114871946982522,0.00872450649445177
Sub-Saharan Africa (IDA & IBRD countries),T6,TSS,1994,0.0706401704704249,0.0189115927178311
Sub-Saharan Africa (IDA & IBRD countries),T6,TSS,1995,0.103020696609934,0.051620303531619303
Sub-Saharan Africa (IDA & IBRD countries),T6,TSS,1996,0.18060689182626,0.0723178856418828
Sub-Saharan Africa (IDA & IBRD countries),T6,TSS,1997,0.340743407538495,0.135088535529205
Sub-Saharan Africa (IDA & IBRD countries),T6,TSS,1998,0.613159873272705,0.244727114553212
Sub-Saharan Africa (IDA & IBRD countries),T6,TSS,1999,0.997876917760792,0.373976532861205
Sub-Saharan Africa (IDA & IBRD countries),T6,TSS,2000,1.72076740866635,0.516909537706239
Sub-Saharan Africa (IDA & IBRD countries),T6,TSS,2001,2.49660398851137,0.656544940051198
Sub-Saharan Africa (IDA & IBRD countries),T6,TSS,2002,3.58014716477979,0.839168617392893
Sub-Saharan Africa (IDA & IBRD countries),T6,TSS,2003,4.9578340282572,1.11483294800094
Sub-Saharan Africa (IDA & IBRD countries),T6,TSS,2004,7.38870510824264,1.49527027233515
Sub-Saharan Africa (IDA & IBRD countries),T6,TSS,2005,11.9905095836555,2.01588847155429
Sub-Saharan Africa (IDA & IBRD countries),T6,TSS,2006,17.6782496829208,2.65915703173474
Sub-Saharan Africa (IDA & IBRD countries),T6,TSS,2007,23.0558320274898,3.36999838568923
Sub-Saharan Africa (IDA & IBRD countries),T6,TSS,2008,31.6966758556946,3.669101868449
Sub-Saharan Africa (IDA & IBRD countries),T6,TSS,2009,37.4114164834,4.31299810023941
Sub-Saharan Africa (IDA & IBRD countries),T6,TSS,2010,44.0939840180983,6.13796784399575
Sub-Saharan Africa (IDA & IBRD countries),T6,TSS,2011,52.1634151225672,7.59663525203002
Sub-Saharan Africa (IDA & IBRD countries),T6,TSS,2012,58.5825096571309,9.28488742007677
Sub-Saharan Africa (IDA & IBRD countries),T6,TSS,2013,64.7110646670392,11.1593890969573
Sub-Saharan Africa (IDA & IBRD countries),T6,TSS,2014,69.3784866915021,13.3689854263355
Sub-Saharan Africa (IDA & IBRD countries),T6,TSS,2015,74.548794110763,16.103184137443
Sub-Saharan Africa (IDA & IBRD countries),T6,TSS,2016,72.6118038944732,18.5864117794462
Sub-Saharan Africa (IDA & IBRD countries),T6,TSS,2017,71.9255195735808,20.9664317037232
Sub-Saharan Africa (IDA & IBRD countries),T6,TSS,2018,81.1592113688231,24.6867424155325
Sub-Saharan Africa (IDA & IBRD countries),T6,TSS,2019,78.6129200786194,26.1896097401722
Sub-Saharan Africa (IDA & IBRD countries),T6,TSS,2020,81.984137872445,29.3457584337183
Sub-Saharan Africa (IDA & IBRD countries),T6,TSS,2021,92.6055427177787,NA
Sudan,SD,SDN,1960,0,NA
Sudan,SD,SDN,1961,NA,NA
Sudan,SD,SDN,1962,NA,NA
Sudan,SD,SDN,1963,NA,NA
Sudan,SD,SDN,1964,NA,NA
Sudan,SD,SDN,1965,0,NA
Sudan,SD,SDN,1966,NA,NA
Sudan,SD,SDN,1967,NA,NA
Sudan,SD,SDN,1968,NA,NA
Sudan,SD,SDN,1969,NA,NA
Sudan,SD,SDN,1970,0,NA
Sudan,SD,SDN,1971,NA,NA
Sudan,SD,SDN,1972,NA,NA
Sudan,SD,SDN,1973,NA,NA
Sudan,SD,SDN,1974,NA,NA
Sudan,SD,SDN,1975,0,NA
Sudan,SD,SDN,1976,0,NA
Sudan,SD,SDN,1977,0,NA
Sudan,SD,SDN,1978,0,NA
Sudan,SD,SDN,1979,0,NA
Sudan,SD,SDN,1980,0,NA
Sudan,SD,SDN,1981,0,NA
Sudan,SD,SDN,1982,0,NA
Sudan,SD,SDN,1983,0,NA
Sudan,SD,SDN,1984,0,NA
Sudan,SD,SDN,1985,0,NA
Sudan,SD,SDN,1986,0,NA
Sudan,SD,SDN,1987,0,NA
Sudan,SD,SDN,1988,0,NA
Sudan,SD,SDN,1989,0,NA
Sudan,SD,SDN,1990,0,0
Sudan,SD,SDN,1991,0,0
Sudan,SD,SDN,1992,0,0
Sudan,SD,SDN,1993,0,0
Sudan,SD,SDN,1994,0,0
Sudan,SD,SDN,1995,0,0
Sudan,SD,SDN,1996,0.00921958,0
Sudan,SD,SDN,1997,0.015539144,0.001231819
Sudan,SD,SDN,1998,0.034359945,0.004805071
Sudan,SD,SDN,1999,0.050713575,0.008794581
Sudan,SD,SDN,2000,0.087456552,0.025785032
Sudan,SD,SDN,2001,0.385367666,0.140185224
Sudan,SD,SDN,2002,0.691968805,0.439477639
Sudan,SD,SDN,2003,1.870351663,0.538471703
Sudan,SD,SDN,2004,3.636842279,0.791561615
Sudan,SD,SDN,2005,6.187895382,1.292040678
Sudan,SD,SDN,2006,15.43906617,NA
Sudan,SD,SDN,2007,26.34750105,8.66
Sudan,SD,SDN,2008,37.39709613,NA
Sudan,SD,SDN,2009,46.55767523,NA
Sudan,SD,SDN,2010,53.62556885,NA
Sudan,SD,SDN,2011,72.79621939,NA
Sudan,SD,SDN,2012,78.66541133,NA
Sudan,SD,SDN,2013,76.84727423,NA
Sudan,SD,SDN,2014,75.11938953,NA
Sudan,SD,SDN,2015,73.19267695,NA
Sudan,SD,SDN,2016,70.61780648,14.09999994
Sudan,SD,SDN,2017,70.41361876,18.6
Sudan,SD,SDN,2018,71.66925335,24.6
Sudan,SD,SDN,2019,76.36493565,25.9
Sudan,SD,SDN,2020,79.19626937,28.4
Sudan,SD,SDN,2021,36.55233407,NA
Suriname,SR,SUR,1960,0,NA
Suriname,SR,SUR,1961,NA,NA
Suriname,SR,SUR,1962,NA,NA
Suriname,SR,SUR,1963,NA,NA
Suriname,SR,SUR,1964,NA,NA
Suriname,SR,SUR,1965,0,NA
Suriname,SR,SUR,1966,NA,NA
Suriname,SR,SUR,1967,NA,NA
Suriname,SR,SUR,1968,NA,NA
Suriname,SR,SUR,1969,NA,NA
Suriname,SR,SUR,1970,0,NA
Suriname,SR,SUR,1971,NA,NA
Suriname,SR,SUR,1972,NA,NA
Suriname,SR,SUR,1973,NA,NA
Suriname,SR,SUR,1974,NA,NA
Suriname,SR,SUR,1975,0,NA
Suriname,SR,SUR,1976,0,NA
Suriname,SR,SUR,1977,0,NA
Suriname,SR,SUR,1978,0,NA
Suriname,SR,SUR,1979,0,NA
Suriname,SR,SUR,1980,0,NA
Suriname,SR,SUR,1981,0,NA
Suriname,SR,SUR,1982,0,NA
Suriname,SR,SUR,1983,0,NA
Suriname,SR,SUR,1984,0,NA
Suriname,SR,SUR,1985,0,NA
Suriname,SR,SUR,1986,0,NA
Suriname,SR,SUR,1987,0,NA
Suriname,SR,SUR,1988,0,NA
Suriname,SR,SUR,1989,0,NA
Suriname,SR,SUR,1990,0,0
Suriname,SR,SUR,1991,0,0
Suriname,SR,SUR,1992,0,0
Suriname,SR,SUR,1993,0.255223439,0
Suriname,SR,SUR,1994,0.323996361,0
Suriname,SR,SUR,1995,0.388271307,0.114720735
Suriname,SR,SUR,1996,0.544347662,0.226306297
Suriname,SR,SUR,1997,0.498580217,1.003086936
Suriname,SR,SUR,1998,1.300923229,1.670148436
Suriname,SR,SUR,1999,3.719779449,1.891871357
Suriname,SR,SUR,2000,8.569555614,2.506411052
Suriname,SR,SUR,2001,17.85003508,3.064448389
Suriname,SR,SUR,2002,21.86210069,4.161568745
Suriname,SR,SUR,2003,33.45150661,4.719875395
Suriname,SR,SUR,2004,41.68246594,6.076047814
Suriname,SR,SUR,2005,45.09414591,6.403086288
Suriname,SR,SUR,2006,61.30009846,9.499626942
Suriname,SR,SUR,2007,71.97705826,14.11
Suriname,SR,SUR,2008,123.0678468,21.06
Suriname,SR,SUR,2009,141.4685909,31.36
Suriname,SR,SUR,2010,95.43766481,31.59
Suriname,SR,SUR,2011,96.6269791,32
Suriname,SR,SUR,2012,101.9635914,34.6812
Suriname,SR,SUR,2013,154.0215659,37.4
Suriname,SR,SUR,2014,162.8627901,40.08
Suriname,SR,SUR,2015,130.4067075,42.76382778
Suriname,SR,SUR,2016,138.7697716,45.4
Suriname,SR,SUR,2017,135.4535707,48.94517397
Suriname,SR,SUR,2018,126.7057876,53.8
Suriname,SR,SUR,2019,135.5726544,68.75
Suriname,SR,SUR,2020,148.145421,70.06
Suriname,SR,SUR,2021,147.8293071,NA
Sweden,SE,SWE,1960,0,NA
Sweden,SE,SWE,1961,NA,NA
Sweden,SE,SWE,1962,NA,NA
Sweden,SE,SWE,1963,NA,NA
Sweden,SE,SWE,1964,NA,NA
Sweden,SE,SWE,1965,0,NA
Sweden,SE,SWE,1966,NA,NA
Sweden,SE,SWE,1967,NA,NA
Sweden,SE,SWE,1968,NA,NA
Sweden,SE,SWE,1969,NA,NA
Sweden,SE,SWE,1970,0,NA
Sweden,SE,SWE,1971,NA,NA
Sweden,SE,SWE,1972,NA,NA
Sweden,SE,SWE,1973,NA,NA
Sweden,SE,SWE,1974,NA,NA
Sweden,SE,SWE,1975,0,NA
Sweden,SE,SWE,1976,0,NA
Sweden,SE,SWE,1977,0,NA
Sweden,SE,SWE,1978,0,NA
Sweden,SE,SWE,1979,0,NA
Sweden,SE,SWE,1980,0,NA
Sweden,SE,SWE,1981,0.244539035,NA
Sweden,SE,SWE,1982,0.326542435,NA
Sweden,SE,SWE,1983,0.434393001,NA
Sweden,SE,SWE,1984,0.691816912,NA
Sweden,SE,SWE,1985,0.870092455,NA
Sweden,SE,SWE,1986,1.338597214,NA
Sweden,SE,SWE,1987,2.050250332,NA
Sweden,SE,SWE,1988,2.869580405,NA
Sweden,SE,SWE,1989,4.103477233,NA
Sweden,SE,SWE,1990,5.395157881,0.584192066
Sweden,SE,SWE,1991,6.611458698,1.160519453
Sweden,SE,SWE,1992,7.592353574,1.497871352
Sweden,SE,SWE,1993,8.919313209,1.716364182
Sweden,SE,SWE,1994,15.83087445,3.412810096
Sweden,SE,SWE,1995,22.92631064,5.098024244
Sweden,SE,SWE,1996,28.36493884,9.04359976
Sweden,SE,SWE,1997,35.97919088,23.72794756
Sweden,SE,SWE,1998,46.54174661,33.46751233
Sweden,SE,SWE,1999,57.92826117,41.43278316
Sweden,SE,SWE,2000,71.8325825,45.68765221
Sweden,SE,SWE,2001,80.68116575,51.76566494
Sweden,SE,SWE,2002,89.05432796,70.57
Sweden,SE,SWE,2003,98.20893943,79.13
Sweden,SE,SWE,2004,97.56490871,83.89
Sweden,SE,SWE,2005,100.5773698,84.83
Sweden,SE,SWE,2006,105.516699,87.76
Sweden,SE,SWE,2007,110.3944972,82.01
Sweden,SE,SWE,2008,108.5026226,90
Sweden,SE,SWE,2009,112.2410111,91
Sweden,SE,SWE,2010,117.1682302,90
Sweden,SE,SWE,2011,120.9864009,92.76998606
Sweden,SE,SWE,2012,123.9897982,93.17998801
Sweden,SE,SWE,2013,124.5150033,94.7836
Sweden,SE,SWE,2014,126.3146745,92.52
Sweden,SE,SWE,2015,128.3214584,90.61019664
Sweden,SE,SWE,2016,126.02018,89.65094761
Sweden,SE,SWE,2017,124.4688458,93.00626697
Sweden,SE,SWE,2018,124.246327,89.24696316
Sweden,SE,SWE,2019,125.5936109,94.49344341
Sweden,SE,SWE,2020,123.3665446,94.53943122
Sweden,SE,SWE,2021,122.7053021,88.30778589
Switzerland,CH,CHE,1960,0,NA
Switzerland,CH,CHE,1961,NA,NA
Switzerland,CH,CHE,1962,NA,NA
Switzerland,CH,CHE,1963,NA,NA
Switzerland,CH,CHE,1964,NA,NA
Switzerland,CH,CHE,1965,0,NA
Switzerland,CH,CHE,1966,NA,NA
Switzerland,CH,CHE,1967,NA,NA
Switzerland,CH,CHE,1968,NA,NA
Switzerland,CH,CHE,1969,NA,NA
Switzerland,CH,CHE,1970,0,NA
Switzerland,CH,CHE,1971,NA,NA
Switzerland,CH,CHE,1972,NA,NA
Switzerland,CH,CHE,1973,NA,NA
Switzerland,CH,CHE,1974,NA,NA
Switzerland,CH,CHE,1975,0,NA
Switzerland,CH,CHE,1976,0,NA
Switzerland,CH,CHE,1977,0,NA
Switzerland,CH,CHE,1978,0,NA
Switzerland,CH,CHE,1979,0,NA
Switzerland,CH,CHE,1980,0,NA
Switzerland,CH,CHE,1981,0,NA
Switzerland,CH,CHE,1982,0,NA
Switzerland,CH,CHE,1983,0,NA
Switzerland,CH,CHE,1984,0,NA
Switzerland,CH,CHE,1985,0,NA
Switzerland,CH,CHE,1986,0,NA
Switzerland,CH,CHE,1987,0.083658647,NA
Switzerland,CH,CHE,1988,0.466700067,NA
Switzerland,CH,CHE,1989,1.094383444,NA
Switzerland,CH,CHE,1990,1.86312157,0.595714223
Switzerland,CH,CHE,1991,2.568755037,1.17995597
Switzerland,CH,CHE,1992,3.128988784,1.751713322
Switzerland,CH,CHE,1993,3.715376361,2.167270203
Switzerland,CH,CHE,1994,4.750957515,2.720004329
Switzerland,CH,CHE,1995,6.353340872,3.552007211
Switzerland,CH,CHE,1996,9.374002343,4.549656748
Switzerland,CH,CHE,1997,14.73654995,15.1
Switzerland,CH,CHE,1998,23.89578208,24.8
Switzerland,CH,CHE,1999,42.80907642,34
Switzerland,CH,CHE,2000,64.58480778,47.1
Switzerland,CH,CHE,2001,73.02736295,55.1
Switzerland,CH,CHE,2002,78.83348817,61.4
Switzerland,CH,CHE,2003,84.42543709,65.1
Switzerland,CH,CHE,2004,85.01063046,67.8
Switzerland,CH,CHE,2005,92.0009924,70.1
Switzerland,CH,CHE,2006,99.48022812,75.7
Switzerland,CH,CHE,2007,108.8436554,77.2
Switzerland,CH,CHE,2008,116.4751316,79.2
Switzerland,CH,CHE,2009,120.5339002,81.3
Switzerland,CH,CHE,2010,123.2884262,83.9
Switzerland,CH,CHE,2011,127.4511306,85.19302818
Switzerland,CH,CHE,2012,132.0838051,85.2
Switzerland,CH,CHE,2013,136.5991059,86.34
Switzerland,CH,CHE,2014,136.1783661,87.4
Switzerland,CH,CHE,2015,135.7591625,87.4790556
Switzerland,CH,CHE,2016,134.2677888,89.13468774
Switzerland,CH,CHE,2017,131.1998185,89.68614767
Switzerland,CH,CHE,2018,126.7095617,91.8
Switzerland,CH,CHE,2019,126.9492891,93.14608695
Switzerland,CH,CHE,2020,127.4054064,94.2
Switzerland,CH,CHE,2021,127.2601924,95.56937176
Syrian Arab Republic,SY,SYR,1960,0,0
Syrian Arab Republic,SY,SYR,1961,NA,NA
Syrian Arab Republic,SY,SYR,1962,NA,NA
Syrian Arab Republic,SY,SYR,1963,NA,NA
Syrian Arab Republic,SY,SYR,1964,NA,NA
Syrian Arab Republic,SY,SYR,1965,0,0
Syrian Arab Republic,SY,SYR,1966,NA,NA
Syrian Arab Republic,SY,SYR,1967,NA,NA
Syrian Arab Republic,SY,SYR,1968,NA,NA
Syrian Arab Republic,SY,SYR,1969,NA,NA
Syrian Arab Republic,SY,SYR,1970,0,0
Syrian Arab Republic,SY,SYR,1971,NA,NA
Syrian Arab Republic,SY,SYR,1972,NA,NA
Syrian Arab Republic,SY,SYR,1973,NA,NA
Syrian Arab Republic,SY,SYR,1974,NA,NA
Syrian Arab Republic,SY,SYR,1975,0,0
Syrian Arab Republic,SY,SYR,1976,0,0
Syrian Arab Republic,SY,SYR,1977,0,0
Syrian Arab Republic,SY,SYR,1978,0,0
Syrian Arab Republic,SY,SYR,1979,0,0
Syrian Arab Republic,SY,SYR,1980,0,0
Syrian Arab Republic,SY,SYR,1981,0,0
Syrian Arab Republic,SY,SYR,1982,0,0
Syrian Arab Republic,SY,SYR,1983,0,0
Syrian Arab Republic,SY,SYR,1984,0,0
Syrian Arab Republic,SY,SYR,1985,0,0
Syrian Arab Republic,SY,SYR,1986,0,0
Syrian Arab Republic,SY,SYR,1987,0,0
Syrian Arab Republic,SY,SYR,1988,0,0
Syrian Arab Republic,SY,SYR,1989,0,0
Syrian Arab Republic,SY,SYR,1990,0,0
Syrian Arab Republic,SY,SYR,1991,0,0
Syrian Arab Republic,SY,SYR,1992,0,0
Syrian Arab Republic,SY,SYR,1993,0,0
Syrian Arab Republic,SY,SYR,1994,0,0
Syrian Arab Republic,SY,SYR,1995,0,0
Syrian Arab Republic,SY,SYR,1996,0,0
Syrian Arab Republic,SY,SYR,1997,0,0.032607814
Syrian Arab Republic,SY,SYR,1998,0,0.063687286
Syrian Arab Republic,SY,SYR,1999,0.025155331,0.124295462
Syrian Arab Republic,SY,SYR,2000,0.183962696,0.18169858
Syrian Arab Republic,SY,SYR,2001,1.195603908,0.35375913
Syrian Arab Republic,SY,SYR,2002,2.330456249,2.093101019
Syrian Arab Republic,SY,SYR,2003,6.728613061,3.397972614
Syrian Arab Republic,SY,SYR,2004,12.97278861,4.321593778
Syrian Arab Republic,SY,SYR,2005,15.8742484,5.648106049
Syrian Arab Republic,SY,SYR,2006,24.05824328,7.832551569
Syrian Arab Republic,SY,SYR,2007,30.11486497,11.5
Syrian Arab Republic,SY,SYR,2008,32.85898581,14
Syrian Arab Republic,SY,SYR,2009,45.9145095,17.3
Syrian Arab Republic,SY,SYR,2010,52.36023519,20.7
Syrian Arab Republic,SY,SYR,2011,56.82614811,22.5
Syrian Arab Republic,SY,SYR,2012,57.41945892,24.3001
Syrian Arab Republic,SY,SYR,2013,57.17925359,26.2
Syrian Arab Republic,SY,SYR,2014,69.94612757,28.09
Syrian Arab Republic,SY,SYR,2015,74.52298021,29.97979724
Syrian Arab Republic,SY,SYR,2016,70.39486714,31.86962727
Syrian Arab Republic,SY,SYR,2017,81.04987454,32.7
Syrian Arab Republic,SY,SYR,2018,88.60117817,33.77
Syrian Arab Republic,SY,SYR,2019,88.23642913,34.65
Syrian Arab Republic,SY,SYR,2020,80.20304156,35.78
Syrian Arab Republic,SY,SYR,2021,79.67746006,NA
Tajikistan,TJ,TJK,1960,0,NA
Tajikistan,TJ,TJK,1961,NA,NA
Tajikistan,TJ,TJK,1962,NA,NA
Tajikistan,TJ,TJK,1963,NA,NA
Tajikistan,TJ,TJK,1964,NA,NA
Tajikistan,TJ,TJK,1965,0,NA
Tajikistan,TJ,TJK,1966,NA,NA
Tajikistan,TJ,TJK,1967,NA,NA
Tajikistan,TJ,TJK,1968,NA,NA
Tajikistan,TJ,TJK,1969,NA,NA
Tajikistan,TJ,TJK,1970,0,NA
Tajikistan,TJ,TJK,1971,NA,NA
Tajikistan,TJ,TJK,1972,NA,NA
Tajikistan,TJ,TJK,1973,NA,NA
Tajikistan,TJ,TJK,1974,NA,NA
Tajikistan,TJ,TJK,1975,0,NA
Tajikistan,TJ,TJK,1976,0,NA
Tajikistan,TJ,TJK,1977,0,NA
Tajikistan,TJ,TJK,1978,0,NA
Tajikistan,TJ,TJK,1979,0,NA
Tajikistan,TJ,TJK,1980,0,NA
Tajikistan,TJ,TJK,1981,0,NA
Tajikistan,TJ,TJK,1982,0,NA
Tajikistan,TJ,TJK,1983,0,NA
Tajikistan,TJ,TJK,1984,0,NA
Tajikistan,TJ,TJK,1985,0,NA
Tajikistan,TJ,TJK,1986,0,NA
Tajikistan,TJ,TJK,1987,0,NA
Tajikistan,TJ,TJK,1988,0,NA
Tajikistan,TJ,TJK,1989,0,NA
Tajikistan,TJ,TJK,1990,0,0
Tajikistan,TJ,TJK,1991,0,0
Tajikistan,TJ,TJK,1992,0,0
Tajikistan,TJ,TJK,1993,0,0
Tajikistan,TJ,TJK,1994,0,0
Tajikistan,TJ,TJK,1995,0,0
Tajikistan,TJ,TJK,1996,0.001689973,NA
Tajikistan,TJ,TJK,1997,0.005231264,NA
Tajikistan,TJ,TJK,1998,0.006821721,NA
Tajikistan,TJ,TJK,1999,0.01009764,0.032791858
Tajikistan,TJ,TJK,2000,0.018491956,0.048599595
Tajikistan,TJ,TJK,2001,0.025433739,0.051259133
Tajikistan,TJ,TJK,2002,0.201780746,0.055462827
Tajikistan,TJ,TJK,2003,0.713631429,0.064583777
Tajikistan,TJ,TJK,2004,1.984942666,0.077479907
Tajikistan,TJ,TJK,2005,3.824426221,0.298690024
Tajikistan,TJ,TJK,2006,30.46440362,3.772406207
Tajikistan,TJ,TJK,2007,29.66964374,7.197619518
Tajikistan,TJ,TJK,2008,50.15299755,8.78
Tajikistan,TJ,TJK,2009,65.60804735,10.07
Tajikistan,TJ,TJK,2010,77.94560824,11.55
Tajikistan,TJ,TJK,2011,81.23502936,13.03
Tajikistan,TJ,TJK,2012,82.04734262,14.51
Tajikistan,TJ,TJK,2013,92.63194377,16
Tajikistan,TJ,TJK,2014,96.06972949,17.49
Tajikistan,TJ,TJK,2015,99.58867028,18.98
Tajikistan,TJ,TJK,2016,107.7324632,20.47
Tajikistan,TJ,TJK,2017,110.9626605,21.96
Tajikistan,TJ,TJK,2018,109.5514394,NA
Tajikistan,TJ,TJK,2019,117.7572718,NA
Tajikistan,TJ,TJK,2020,121.3847714,NA
Tajikistan,TJ,TJK,2021,NA,NA
Tanzania,TZ,TZA,1960,0,NA
Tanzania,TZ,TZA,1961,NA,NA
Tanzania,TZ,TZA,1962,NA,NA
Tanzania,TZ,TZA,1963,NA,NA
Tanzania,TZ,TZA,1964,NA,NA
Tanzania,TZ,TZA,1965,0,NA
Tanzania,TZ,TZA,1966,NA,NA
Tanzania,TZ,TZA,1967,NA,NA
Tanzania,TZ,TZA,1968,NA,NA
Tanzania,TZ,TZA,1969,NA,NA
Tanzania,TZ,TZA,1970,0,NA
Tanzania,TZ,TZA,1971,NA,NA
Tanzania,TZ,TZA,1972,NA,NA
Tanzania,TZ,TZA,1973,NA,NA
Tanzania,TZ,TZA,1974,NA,NA
Tanzania,TZ,TZA,1975,0,NA
Tanzania,TZ,TZA,1976,0,NA
Tanzania,TZ,TZA,1977,0,NA
Tanzania,TZ,TZA,1978,0,NA
Tanzania,TZ,TZA,1979,0,NA
Tanzania,TZ,TZA,1980,0,NA
Tanzania,TZ,TZA,1981,0,NA
Tanzania,TZ,TZA,1982,0,NA
Tanzania,TZ,TZA,1983,0,NA
Tanzania,TZ,TZA,1984,0,NA
Tanzania,TZ,TZA,1985,0,NA
Tanzania,TZ,TZA,1986,0,NA
Tanzania,TZ,TZA,1987,0,NA
Tanzania,TZ,TZA,1988,0,NA
Tanzania,TZ,TZA,1989,0,NA
Tanzania,TZ,TZA,1990,0,0
Tanzania,TZ,TZA,1991,0,0
Tanzania,TZ,TZA,1992,0,0
Tanzania,TZ,TZA,1993,0,0
Tanzania,TZ,TZA,1994,0.001253449,0
Tanzania,TZ,TZA,1995,0.011452853,0
Tanzania,TZ,TZA,1996,0.02902308,0.001622155
Tanzania,TZ,TZA,1997,0.063550298,0.007900283
Tanzania,TZ,TZA,1998,0.116285848,0.009244125
Tanzania,TZ,TZA,1999,0.152090587,0.075130889
Tanzania,TZ,TZA,2000,0.320679402,0.11719444
Tanzania,TZ,TZA,2001,0.778100025,0.171300351
Tanzania,TZ,TZA,2002,1.669326152,0.222484414
Tanzania,TZ,TZA,2003,3.476731266,0.676962857
Tanzania,TZ,TZA,2004,5.062449169,0.877574971
Tanzania,TZ,TZA,2005,7.515307114,1.1
Tanzania,TZ,TZA,2006,13.82819587,1.3
Tanzania,TZ,TZA,2007,19.78114318,1.6
Tanzania,TZ,TZA,2008,30.33945603,1.9
Tanzania,TZ,TZA,2009,39.74137183,2.4
Tanzania,TZ,TZA,2010,46.5165326,2.9
Tanzania,TZ,TZA,2011,55.29653106,3.2
Tanzania,TZ,TZA,2012,56.96062647,3.95
Tanzania,TZ,TZA,2013,55.7173455,4.4
Tanzania,TZ,TZA,2014,62.70380186,7
Tanzania,TZ,TZA,2015,75.49194539,10
Tanzania,TZ,TZA,2016,73.60819776,13.50423285
Tanzania,TZ,TZA,2017,71.00758398,15.99999943
Tanzania,TZ,TZA,2018,74.87851487,19
Tanzania,TZ,TZA,2019,79.64452642,20
Tanzania,TZ,TZA,2020,83.00888599,22
Tanzania,TZ,TZA,2021,84.99103625,NA
Thailand,TH,THA,1960,0,0
Thailand,TH,THA,1961,NA,NA
Thailand,TH,THA,1962,NA,NA
Thailand,TH,THA,1963,NA,NA
Thailand,TH,THA,1964,NA,NA
Thailand,TH,THA,1965,0,0
Thailand,TH,THA,1966,NA,NA
Thailand,TH,THA,1967,NA,NA
Thailand,TH,THA,1968,NA,NA
Thailand,TH,THA,1969,NA,NA
Thailand,TH,THA,1970,0,0
Thailand,TH,THA,1971,NA,NA
Thailand,TH,THA,1972,NA,NA
Thailand,TH,THA,1973,NA,NA
Thailand,TH,THA,1974,NA,NA
Thailand,TH,THA,1975,0,0
Thailand,TH,THA,1976,0,0
Thailand,TH,THA,1977,0,0
Thailand,TH,THA,1978,0,0
Thailand,TH,THA,1979,0,0
Thailand,TH,THA,1980,0,0
Thailand,TH,THA,1981,0,0
Thailand,TH,THA,1982,0,0
Thailand,TH,THA,1983,0,0
Thailand,TH,THA,1984,0,0
Thailand,TH,THA,1985,0,0
Thailand,TH,THA,1986,0.001592873,0
Thailand,TH,THA,1987,0.011208254,0
Thailand,TH,THA,1988,0.032882761,0
Thailand,TH,THA,1989,0.073514463,0
Thailand,TH,THA,1990,0.114475503,0
Thailand,TH,THA,1991,0.220234042,5.22e-5
Thailand,TH,THA,1992,0.440091874,3.43725e-4
Thailand,TH,THA,1993,0.715792739,0.013580966
Thailand,TH,THA,1994,1.257947235,0.038614321
Thailand,TH,THA,1995,2.183979176,0.074825338
Thailand,TH,THA,1996,3.063599772,0.115472136
Thailand,TH,THA,1997,3.613604252,0.360522185
Thailand,TH,THA,1998,3.201797801,1.091218985
Thailand,TH,THA,1999,3.746479249,2.426242432
Thailand,TH,THA,2000,4.845670931,3.689041279
Thailand,TH,THA,2001,11.86176404,5.556326121
Thailand,TH,THA,2002,27.17095763,7.531250335
Thailand,TH,THA,2003,33.37129642,9.299027238
Thailand,TH,THA,2004,41.28780674,10.67730332
Thailand,TH,THA,2005,46.27713253,15.02600436
Thailand,TH,THA,2006,60.503253,17.16071472
Thailand,TH,THA,2007,79.27063763,20.03
Thailand,TH,THA,2008,91.84432107,18.2
Thailand,TH,THA,2009,97.25521206,20.1
Thailand,TH,THA,2010,105.0619397,22.4
Thailand,TH,THA,2011,112.714004,23.66992562
Thailand,TH,THA,2012,122.9260548,26.46
Thailand,TH,THA,2013,134.8819857,28.94
Thailand,TH,THA,2014,138.7860081,34.89
Thailand,TH,THA,2015,146.4441042,39.31612674
Thailand,TH,THA,2016,169.4859395,47.50496562
Thailand,TH,THA,2017,171.4147843,52.89192934
Thailand,TH,THA,2018,175.8777812,56.81748093
Thailand,TH,THA,2019,181.7670258,66.65241946
Thailand,TH,THA,2020,162.7043297,77.84374066
Thailand,TH,THA,2021,168.7823161,85.26960482
Timor-Leste,TL,TLS,1960,NA,NA
Timor-Leste,TL,TLS,1961,NA,NA
Timor-Leste,TL,TLS,1962,NA,NA
Timor-Leste,TL,TLS,1963,NA,NA
Timor-Leste,TL,TLS,1964,NA,NA
Timor-Leste,TL,TLS,1965,NA,NA
Timor-Leste,TL,TLS,1966,NA,NA
Timor-Leste,TL,TLS,1967,NA,NA
Timor-Leste,TL,TLS,1968,NA,NA
Timor-Leste,TL,TLS,1969,NA,NA
Timor-Leste,TL,TLS,1970,NA,NA
Timor-Leste,TL,TLS,1971,NA,NA
Timor-Leste,TL,TLS,1972,NA,NA
Timor-Leste,TL,TLS,1973,NA,NA
Timor-Leste,TL,TLS,1974,NA,NA
Timor-Leste,TL,TLS,1975,NA,NA
Timor-Leste,TL,TLS,1976,NA,NA
Timor-Leste,TL,TLS,1977,NA,NA
Timor-Leste,TL,TLS,1978,NA,NA
Timor-Leste,TL,TLS,1979,NA,NA
Timor-Leste,TL,TLS,1980,NA,NA
Timor-Leste,TL,TLS,1981,NA,NA
Timor-Leste,TL,TLS,1982,NA,NA
Timor-Leste,TL,TLS,1983,NA,NA
Timor-Leste,TL,TLS,1984,NA,NA
Timor-Leste,TL,TLS,1985,NA,NA
Timor-Leste,TL,TLS,1986,NA,NA
Timor-Leste,TL,TLS,1987,NA,NA
Timor-Leste,TL,TLS,1988,NA,NA
Timor-Leste,TL,TLS,1989,NA,NA
Timor-Leste,TL,TLS,1990,0,0
Timor-Leste,TL,TLS,1991,NA,0
Timor-Leste,TL,TLS,1992,NA,0
Timor-Leste,TL,TLS,1993,NA,0
Timor-Leste,TL,TLS,1994,NA,0
Timor-Leste,TL,TLS,1995,NA,0
Timor-Leste,TL,TLS,1996,NA,NA
Timor-Leste,TL,TLS,1997,NA,NA
Timor-Leste,TL,TLS,1998,NA,NA
Timor-Leste,TL,TLS,1999,NA,NA
Timor-Leste,TL,TLS,2000,NA,NA
Timor-Leste,TL,TLS,2001,NA,NA
Timor-Leste,TL,TLS,2002,NA,0
Timor-Leste,TL,TLS,2003,2.164403133,0
Timor-Leste,TL,TLS,2004,2.719061975,0
Timor-Leste,TL,TLS,2005,3.411897486,0.099031768
Timor-Leste,TL,TLS,2006,4.936836644,0.5
Timor-Leste,TL,TLS,2007,7.672936602,1
Timor-Leste,TL,TLS,2008,11.98397816,1.5
Timor-Leste,TL,TLS,2009,32.93081442,2
Timor-Leste,TL,TLS,2010,43.45669122,3
Timor-Leste,TL,TLS,2011,55.18097425,4
Timor-Leste,TL,TLS,2012,54.58496092,7
Timor-Leste,TL,TLS,2013,55.95946813,11
Timor-Leste,TL,TLS,2014,116.1136197,17.5
Timor-Leste,TL,TLS,2015,114.1693613,18.6
Timor-Leste,TL,TLS,2016,121.8496083,21.2
Timor-Leste,TL,TLS,2017,125.2075432,24.2
Timor-Leste,TL,TLS,2018,116.3766548,27.6
Timor-Leste,TL,TLS,2019,111.3100361,29
Timor-Leste,TL,TLS,2020,105.9938692,29.1
Timor-Leste,TL,TLS,2021,104.9381426,NA
Togo,TG,TGO,1960,0,0
Togo,TG,TGO,1961,NA,NA
Togo,TG,TGO,1962,NA,NA
Togo,TG,TGO,1963,NA,NA
Togo,TG,TGO,1964,NA,NA
Togo,TG,TGO,1965,0,0
Togo,TG,TGO,1966,NA,NA
Togo,TG,TGO,1967,NA,NA
Togo,TG,TGO,1968,NA,NA
Togo,TG,TGO,1969,NA,NA
Togo,TG,TGO,1970,0,0
Togo,TG,TGO,1971,NA,NA
Togo,TG,TGO,1972,NA,NA
Togo,TG,TGO,1973,NA,NA
Togo,TG,TGO,1974,NA,NA
Togo,TG,TGO,1975,0,0
Togo,TG,TGO,1976,0,0
Togo,TG,TGO,1977,0,0
Togo,TG,TGO,1978,0,0
Togo,TG,TGO,1979,0,0
Togo,TG,TGO,1980,0,0
Togo,TG,TGO,1981,0,0
Togo,TG,TGO,1982,0,0
Togo,TG,TGO,1983,0,0
Togo,TG,TGO,1984,0,0
Togo,TG,TGO,1985,0,0
Togo,TG,TGO,1986,0,0
Togo,TG,TGO,1987,0,0
Togo,TG,TGO,1988,0,0
Togo,TG,TGO,1989,0,0
Togo,TG,TGO,1990,0,0
Togo,TG,TGO,1991,0,0
Togo,TG,TGO,1992,0,0
Togo,TG,TGO,1993,0,0
Togo,TG,TGO,1994,0,0
Togo,TG,TGO,1995,0,0
Togo,TG,TGO,1996,0,0.010929139
Togo,TG,TGO,1997,0.065214314,0.211139465
Togo,TG,TGO,1998,0.158619478,0.305583935
Togo,TG,TGO,1999,0.349223553,0.590363264
Togo,TG,TGO,2000,0.998395379,0.8
Togo,TG,TGO,2001,1.846299995,0.9
Togo,TG,TGO,2002,3.126702866,1
Togo,TG,TGO,2003,4.493875669,1.2
Togo,TG,TGO,2004,5.97577669,1.5
Togo,TG,TGO,2005,7.592183484,1.8
Togo,TG,TGO,2006,12.05262298,2
Togo,TG,TGO,2007,19.68271045,2.2
Togo,TG,TGO,2008,24.9023139,2.4
Togo,TG,TGO,2009,34.18444341,2.6
Togo,TG,TGO,2010,39.59738917,3
Togo,TG,TGO,2011,39.93874647,3.5
Togo,TG,TGO,2012,47.81888288,4
Togo,TG,TGO,2013,59.98952468,4.5
Togo,TG,TGO,2014,61.96318168,5.7
Togo,TG,TGO,2015,64.96798974,7.12
Togo,TG,TGO,2016,71.85967389,11.31
Togo,TG,TGO,2017,77.29610922,12.36022497
Togo,TG,TGO,2018,76.36078188,15.5
Togo,TG,TGO,2019,75.68981987,19.3
Togo,TG,TGO,2020,77.18623928,24
Togo,TG,TGO,2021,NA,NA
Tonga,TO,TON,1960,0,NA
Tonga,TO,TON,1961,NA,NA
Tonga,TO,TON,1962,NA,NA
Tonga,TO,TON,1963,NA,NA
Tonga,TO,TON,1964,NA,NA
Tonga,TO,TON,1965,0,NA
Tonga,TO,TON,1966,NA,NA
Tonga,TO,TON,1967,NA,NA
Tonga,TO,TON,1968,NA,NA
Tonga,TO,TON,1969,NA,NA
Tonga,TO,TON,1970,0,NA
Tonga,TO,TON,1971,NA,NA
Tonga,TO,TON,1972,NA,NA
Tonga,TO,TON,1973,NA,NA
Tonga,TO,TON,1974,NA,NA
Tonga,TO,TON,1975,0,NA
Tonga,TO,TON,1976,0,NA
Tonga,TO,TON,1977,0,NA
Tonga,TO,TON,1978,0,NA
Tonga,TO,TON,1979,0,NA
Tonga,TO,TON,1980,0,NA
Tonga,TO,TON,1981,0,NA
Tonga,TO,TON,1982,0,NA
Tonga,TO,TON,1983,0,NA
Tonga,TO,TON,1984,0,NA
Tonga,TO,TON,1985,0,NA
Tonga,TO,TON,1986,0,NA
Tonga,TO,TON,1987,0,NA
Tonga,TO,TON,1988,0,NA
Tonga,TO,TON,1989,0,NA
Tonga,TO,TON,1990,0,0
Tonga,TO,TON,1991,0,0
Tonga,TO,TON,1992,0,0
Tonga,TO,TON,1993,0,0
Tonga,TO,TON,1994,0,0
Tonga,TO,TON,1995,0.300072017,0.12323112
Tonga,TO,TON,1996,0.301412246,0.163793456
Tonga,TO,TON,1997,0.119215562,0.510866122
Tonga,TO,TON,1998,0.128277237,0.765134358
Tonga,TO,TON,1999,0.137279128,1.01796712
Tonga,TO,TON,2000,0.175433467,2.434398044
Tonga,TO,TON,2001,0.228660014,2.825371839
Tonga,TO,TON,2002,3.231089361,2.907297316
Tonga,TO,TON,2003,10.72694186,2.985817368
Tonga,TO,TON,2004,15.61369435,3.952373895
Tonga,TO,TON,2005,28.27877388,4.907782762
Tonga,TO,TON,2006,28.29927488,5.853944095
Tonga,TO,TON,2007,43.62891277,7.179865329
Tonga,TO,TON,2008,47.20008978,8.110769944
Tonga,TO,TON,2009,49.46613903,10
Tonga,TO,TON,2010,50.56619236,16
Tonga,TO,TON,2011,51.11049159,25
Tonga,TO,TON,2012,52.0920541,30
Tonga,TO,TON,2013,53.69365668,32.75396061
Tonga,TO,TON,2014,63.77431396,35.95444145
Tonga,TO,TON,2015,69.25331223,38.65127243
Tonga,TO,TON,2016,75.68017558,39.95
Tonga,TO,TON,2017,102.3933975,41.24872764
Tonga,TO,TON,2018,102.6514503,NA
Tonga,TO,TON,2019,59.17428133,NA
Tonga,TO,TON,2020,58.90512475,NA
Tonga,TO,TON,2021,60.67706123,NA
Trinidad and Tobago,TT,TTO,1960,0,NA
Trinidad and Tobago,TT,TTO,1961,NA,NA
Trinidad and Tobago,TT,TTO,1962,NA,NA
Trinidad and Tobago,TT,TTO,1963,NA,NA
Trinidad and Tobago,TT,TTO,1964,NA,NA
Trinidad and Tobago,TT,TTO,1965,0,NA
Trinidad and Tobago,TT,TTO,1966,NA,NA
Trinidad and Tobago,TT,TTO,1967,NA,NA
Trinidad and Tobago,TT,TTO,1968,NA,NA
Trinidad and Tobago,TT,TTO,1969,NA,NA
Trinidad and Tobago,TT,TTO,1970,0,NA
Trinidad and Tobago,TT,TTO,1971,NA,NA
Trinidad and Tobago,TT,TTO,1972,NA,NA
Trinidad and Tobago,TT,TTO,1973,NA,NA
Trinidad and Tobago,TT,TTO,1974,NA,NA
Trinidad and Tobago,TT,TTO,1975,0,NA
Trinidad and Tobago,TT,TTO,1976,0,NA
Trinidad and Tobago,TT,TTO,1977,0,NA
Trinidad and Tobago,TT,TTO,1978,0,NA
Trinidad and Tobago,TT,TTO,1979,0,NA
Trinidad and Tobago,TT,TTO,1980,0,NA
Trinidad and Tobago,TT,TTO,1981,0,NA
Trinidad and Tobago,TT,TTO,1982,0,NA
Trinidad and Tobago,TT,TTO,1983,0,NA
Trinidad and Tobago,TT,TTO,1984,0,NA
Trinidad and Tobago,TT,TTO,1985,0,NA
Trinidad and Tobago,TT,TTO,1986,0,NA
Trinidad and Tobago,TT,TTO,1987,0,NA
Trinidad and Tobago,TT,TTO,1988,0,NA
Trinidad and Tobago,TT,TTO,1989,0,NA
Trinidad and Tobago,TT,TTO,1990,0,0
Trinidad and Tobago,TT,TTO,1991,0.03337972,0
Trinidad and Tobago,TT,TTO,1992,0.099338624,0
Trinidad and Tobago,TT,TTO,1993,0.129755312,0
Trinidad and Tobago,TT,TTO,1994,0.199709081,0
Trinidad and Tobago,TT,TTO,1995,0.48576947,0.158149899
Trinidad and Tobago,TT,TTO,1996,0.725883448,0.393080525
Trinidad and Tobago,TT,TTO,1997,1.300286533,1.173174658
Trinidad and Tobago,TT,TTO,1998,1.989078855,2.724825339
Trinidad and Tobago,TT,TTO,1999,2.913126892,5.814250962
Trinidad and Tobago,TT,TTO,2000,12.14979999,7.721411474
Trinidad and Tobago,TT,TTO,2001,19.13284879,15.38462722
Trinidad and Tobago,TT,TTO,2002,19.52295901,21.99867548
Trinidad and Tobago,TT,TTO,2003,24.84965439,25.97176411
Trinidad and Tobago,TT,TTO,2004,47.84031702,27.02427008
Trinidad and Tobago,TT,TTO,2005,67.4981283,28.97671243
Trinidad and Tobago,TT,TTO,2006,110.3042372,30.00374858
Trinidad and Tobago,TT,TTO,2007,109.0218506,32.3
Trinidad and Tobago,TT,TTO,2008,129.6752877,34.8
Trinidad and Tobago,TT,TTO,2009,131.7696874,44.3
Trinidad and Tobago,TT,TTO,2010,134.3150658,48.5
Trinidad and Tobago,TT,TTO,2011,128.6038225,55.2
Trinidad and Tobago,TT,TTO,2012,131.6913653,57.5
Trinidad and Tobago,TT,TTO,2013,134.9228758,59.9
Trinidad and Tobago,TT,TTO,2014,136.5285204,62.4
Trinidad and Tobago,TT,TTO,2015,145.4189458,65.1
Trinidad and Tobago,TT,TTO,2016,147.4037146,67.8
Trinidad and Tobago,TT,TTO,2017,137.3344641,70.6
Trinidad and Tobago,TT,TTO,2018,131.0947831,NA
Trinidad and Tobago,TT,TTO,2019,142.3545434,NA
Trinidad and Tobago,TT,TTO,2020,130.9488475,NA
Trinidad and Tobago,TT,TTO,2021,130.8832291,NA
Tunisia,TN,TUN,1960,0,NA
Tunisia,TN,TUN,1961,NA,NA
Tunisia,TN,TUN,1962,NA,NA
Tunisia,TN,TUN,1963,NA,NA
Tunisia,TN,TUN,1964,NA,NA
Tunisia,TN,TUN,1965,0,NA
Tunisia,TN,TUN,1966,NA,NA
Tunisia,TN,TUN,1967,NA,NA
Tunisia,TN,TUN,1968,NA,NA
Tunisia,TN,TUN,1969,NA,NA
Tunisia,TN,TUN,1970,0,NA
Tunisia,TN,TUN,1971,NA,NA
Tunisia,TN,TUN,1972,NA,NA
Tunisia,TN,TUN,1973,NA,NA
Tunisia,TN,TUN,1974,NA,NA
Tunisia,TN,TUN,1975,0,NA
Tunisia,TN,TUN,1976,0,NA
Tunisia,TN,TUN,1977,0,NA
Tunisia,TN,TUN,1978,0,NA
Tunisia,TN,TUN,1979,0,NA
Tunisia,TN,TUN,1980,0,NA
Tunisia,TN,TUN,1981,0,NA
Tunisia,TN,TUN,1982,0,NA
Tunisia,TN,TUN,1983,0,NA
Tunisia,TN,TUN,1984,0,NA
Tunisia,TN,TUN,1985,NA,NA
Tunisia,TN,TUN,1986,NA,NA
Tunisia,TN,TUN,1987,0.002844697,NA
Tunisia,TN,TUN,1988,0.004969767,NA
Tunisia,TN,TUN,1989,0.007703119,NA
Tunisia,TN,TUN,1990,0.011291437,0
Tunisia,TN,TUN,1991,0.014368794,0
Tunisia,TN,TUN,1992,0.022425345,0
Tunisia,TN,TUN,1993,0.025275217,0
Tunisia,TN,TUN,1994,0.029628764,0.007379544
Tunisia,TN,TUN,1995,0.034269045,0.011191954
Tunisia,TN,TUN,1996,0.06892493,0.027615372
Tunisia,TN,TUN,1997,0.080100875,0.043656974
Tunisia,TN,TUN,1998,0.402990633,0.107940957
Tunisia,TN,TUN,1999,0.564544562,1.602494764
Tunisia,TN,TUN,2000,1.204500089,2.750740293
Tunisia,TN,TUN,2001,3.893978704,4.297966035
Tunisia,TN,TUN,2002,5.689539149,5.252887295
Tunisia,TN,TUN,2003,18.8107514,6.490845795
Tunisia,TN,TUN,2004,36.29628543,8.528817752
Tunisia,TN,TUN,2005,54.68365314,9.655086542
Tunisia,TN,TUN,2006,70.00530736,12.98640865
Tunisia,TN,TUN,2007,74.12407326,17.1
Tunisia,TN,TUN,2008,80.54174102,27.53
Tunisia,TN,TUN,2009,90.84354737,34.07
Tunisia,TN,TUN,2010,102.0114066,36.8
Tunisia,TN,TUN,2011,112.2830234,39.1
Tunisia,TN,TUN,2012,114.9404759,41.4416
Tunisia,TN,TUN,2013,112.495978,43.8
Tunisia,TN,TUN,2014,124.9776707,46.16
Tunisia,TN,TUN,2015,126.2861685,46.49999434
Tunisia,TN,TUN,2016,122.2187555,49.59999484
Tunisia,TN,TUN,2017,121.3575682,55.50015506
Tunisia,TN,TUN,2018,123.7705691,64.19081023
Tunisia,TN,TUN,2019,122.5882901,66.6999983
Tunisia,TN,TUN,2020,122.1279008,71.9
Tunisia,TN,TUN,2021,127.5767095,NA
Turkiye,TR,TUR,1960,0,NA
Turkiye,TR,TUR,1961,NA,NA
Turkiye,TR,TUR,1962,NA,NA
Turkiye,TR,TUR,1963,NA,NA
Turkiye,TR,TUR,1964,NA,NA
Turkiye,TR,TUR,1965,0,NA
Turkiye,TR,TUR,1966,NA,NA
Turkiye,TR,TUR,1967,NA,NA
Turkiye,TR,TUR,1968,NA,NA
Turkiye,TR,TUR,1969,NA,NA
Turkiye,TR,TUR,1970,0,NA
Turkiye,TR,TUR,1971,NA,NA
Turkiye,TR,TUR,1972,NA,NA
Turkiye,TR,TUR,1973,NA,NA
Turkiye,TR,TUR,1974,NA,NA
Turkiye,TR,TUR,1975,0,NA
Turkiye,TR,TUR,1976,0,NA
Turkiye,TR,TUR,1977,0,NA
Turkiye,TR,TUR,1978,0,NA
Turkiye,TR,TUR,1979,0,NA
Turkiye,TR,TUR,1980,0,NA
Turkiye,TR,TUR,1981,0,NA
Turkiye,TR,TUR,1982,0,NA
Turkiye,TR,TUR,1983,0,NA
Turkiye,TR,TUR,1984,0,NA
Turkiye,TR,TUR,1985,0,NA
Turkiye,TR,TUR,1986,7.26746e-4,NA
Turkiye,TR,TUR,1987,0.009953141,NA
Turkiye,TR,TUR,1988,0.018834687,NA
Turkiye,TR,TUR,1989,0.029276675,NA
Turkiye,TR,TUR,1990,0.058554077,0
Turkiye,TR,TUR,1991,0.086455146,0
Turkiye,TR,TUR,1992,0.109045788,0
Turkiye,TR,TUR,1993,0.146933448,0.008457732
Turkiye,TR,TUR,1994,0.29973978,0.049869182
Turkiye,TR,TUR,1995,0.737081845,0.081691205
Turkiye,TR,TUR,1996,1.337350088,0.192724936
Turkiye,TR,TUR,1997,2.627083259,0.473695432
Turkiye,TR,TUR,1998,5.633037995,0.698805129
Turkiye,TR,TUR,1999,12.85342716,2.292117685
Turkiye,TR,TUR,2000,25.16380041,3.761685035
Turkiye,TR,TUR,2001,30.07882282,5.189481461
Turkiye,TR,TUR,2002,35.34412873,11.38
Turkiye,TR,TUR,2003,41.70577209,12.33
Turkiye,TR,TUR,2004,51.20234653,14.58
Turkiye,TR,TUR,2005,63.47303185,15.46
Turkiye,TR,TUR,2006,75.66334972,18.24
Turkiye,TR,TUR,2007,87.94778159,28.63
Turkiye,TR,TUR,2008,92.29310145,34.37
Turkiye,TR,TUR,2009,86.92142533,36.4
Turkiye,TR,TUR,2010,84.39011388,39.82
Turkiye,TR,TUR,2011,88.06572866,43.06571043
Turkiye,TR,TUR,2012,89.90814233,45.13
Turkiye,TR,TUR,2013,90.96975758,46.25
Turkiye,TR,TUR,2014,92.0323995,51.04
Turkiye,TR,TUR,2015,92.45799717,53.74497914
Turkiye,TR,TUR,2016,92.64658163,58.34773401
Turkiye,TR,TUR,2017,94.77443648,64.68461768
Turkiye,TR,TUR,2018,96.74999684,71.04276084
Turkiye,TR,TUR,2019,96.77676962,73.97670281
Turkiye,TR,TUR,2020,97.61417509,77.66956038
Turkiye,TR,TUR,2021,101.785223,81.40843745
Turkmenistan,TM,TKM,1960,0,NA
Turkmenistan,TM,TKM,1961,NA,NA
Turkmenistan,TM,TKM,1962,NA,NA
Turkmenistan,TM,TKM,1963,NA,NA
Turkmenistan,TM,TKM,1964,NA,NA
Turkmenistan,TM,TKM,1965,0,NA
Turkmenistan,TM,TKM,1966,NA,NA
Turkmenistan,TM,TKM,1967,NA,NA
Turkmenistan,TM,TKM,1968,NA,NA
Turkmenistan,TM,TKM,1969,NA,NA
Turkmenistan,TM,TKM,1970,0,NA
Turkmenistan,TM,TKM,1971,NA,NA
Turkmenistan,TM,TKM,1972,NA,NA
Turkmenistan,TM,TKM,1973,NA,NA
Turkmenistan,TM,TKM,1974,NA,NA
Turkmenistan,TM,TKM,1975,0,NA
Turkmenistan,TM,TKM,1976,0,NA
Turkmenistan,TM,TKM,1977,0,NA
Turkmenistan,TM,TKM,1978,0,NA
Turkmenistan,TM,TKM,1979,0,NA
Turkmenistan,TM,TKM,1980,0,NA
Turkmenistan,TM,TKM,1981,0,NA
Turkmenistan,TM,TKM,1982,0,NA
Turkmenistan,TM,TKM,1983,0,NA
Turkmenistan,TM,TKM,1984,0,NA
Turkmenistan,TM,TKM,1985,0,NA
Turkmenistan,TM,TKM,1986,0,NA
Turkmenistan,TM,TKM,1987,0,NA
Turkmenistan,TM,TKM,1988,0,NA
Turkmenistan,TM,TKM,1989,0,NA
Turkmenistan,TM,TKM,1990,0,0
Turkmenistan,TM,TKM,1991,0,0
Turkmenistan,TM,TKM,1992,0,0
Turkmenistan,TM,TKM,1993,0,0
Turkmenistan,TM,TKM,1994,0,0
Turkmenistan,TM,TKM,1995,0,0
Turkmenistan,TM,TKM,1996,0,NA
Turkmenistan,TM,TKM,1997,0.057291199,NA
Turkmenistan,TM,TKM,1998,0.067696893,NA
Turkmenistan,TM,TKM,1999,0.088867561,0.04502077
Turkmenistan,TM,TKM,2000,0.164144962,0.133282183
Turkmenistan,TM,TKM,2001,0.176328679,0.175209518
Turkmenistan,TM,TKM,2002,0.173931808,0.302132016
Turkmenistan,TM,TKM,2003,0.193045244,0.425182632
Turkmenistan,TM,TKM,2004,1.039463944,0.754053983
Turkmenistan,TM,TKM,2005,2.1490961,0.997256559
Turkmenistan,TM,TKM,2006,4.377608609,1.319573118
Turkmenistan,TM,TKM,2007,7.595583111,1.406360688
Turkmenistan,TM,TKM,2008,22.25748091,1.75
Turkmenistan,TM,TKM,2009,41.1678769,1.95
Turkmenistan,TM,TKM,2010,60.69935858,3
Turkmenistan,TM,TKM,2011,98.86561961,5
Turkmenistan,TM,TKM,2012,108.0846988,7.1958
Turkmenistan,TM,TKM,2013,110.1654037,9.6
Turkmenistan,TM,TKM,2014,127.2453927,12.2
Turkmenistan,TM,TKM,2015,135.9939734,14.99677482
Turkmenistan,TM,TKM,2016,146.1175668,17.99032446
Turkmenistan,TM,TKM,2017,157.111231,21.25099741
Turkmenistan,TM,TKM,2018,154.6067265,NA
Turkmenistan,TM,TKM,2019,152.2630805,NA
Turkmenistan,TM,TKM,2020,150.0214865,NA
Turkmenistan,TM,TKM,2021,NA,NA
Turks and Caicos Islands,TC,TCA,1960,0,NA
Turks and Caicos Islands,TC,TCA,1961,NA,NA
Turks and Caicos Islands,TC,TCA,1962,NA,NA
Turks and Caicos Islands,TC,TCA,1963,NA,NA
Turks and Caicos Islands,TC,TCA,1964,NA,NA
Turks and Caicos Islands,TC,TCA,1965,0,NA
Turks and Caicos Islands,TC,TCA,1966,NA,NA
Turks and Caicos Islands,TC,TCA,1967,NA,NA
Turks and Caicos Islands,TC,TCA,1968,NA,NA
Turks and Caicos Islands,TC,TCA,1969,NA,NA
Turks and Caicos Islands,TC,TCA,1970,0,NA
Turks and Caicos Islands,TC,TCA,1971,NA,NA
Turks and Caicos Islands,TC,TCA,1972,NA,NA
Turks and Caicos Islands,TC,TCA,1973,NA,NA
Turks and Caicos Islands,TC,TCA,1974,NA,NA
Turks and Caicos Islands,TC,TCA,1975,0,NA
Turks and Caicos Islands,TC,TCA,1976,0,NA
Turks and Caicos Islands,TC,TCA,1977,0,NA
Turks and Caicos Islands,TC,TCA,1978,0,NA
Turks and Caicos Islands,TC,TCA,1979,0,NA
Turks and Caicos Islands,TC,TCA,1980,0,NA
Turks and Caicos Islands,TC,TCA,1981,0,NA
Turks and Caicos Islands,TC,TCA,1982,0,NA
Turks and Caicos Islands,TC,TCA,1983,0,NA
Turks and Caicos Islands,TC,TCA,1984,0,NA
Turks and Caicos Islands,TC,TCA,1985,0,NA
Turks and Caicos Islands,TC,TCA,1986,0,NA
Turks and Caicos Islands,TC,TCA,1987,0,NA
Turks and Caicos Islands,TC,TCA,1988,0,NA
Turks and Caicos Islands,TC,TCA,1989,0,NA
Turks and Caicos Islands,TC,TCA,1990,0,0
Turks and Caicos Islands,TC,TCA,1991,0,0
Turks and Caicos Islands,TC,TCA,1992,0,0
Turks and Caicos Islands,TC,TCA,1993,0,0
Turks and Caicos Islands,TC,TCA,1994,0,0
Turks and Caicos Islands,TC,TCA,1995,0,0
Turks and Caicos Islands,TC,TCA,1996,0,NA
Turks and Caicos Islands,TC,TCA,1997,NA,NA
Turks and Caicos Islands,TC,TCA,1998,NA,NA
Turks and Caicos Islands,TC,TCA,1999,NA,NA
Turks and Caicos Islands,TC,TCA,2000,NA,NA
Turks and Caicos Islands,TC,TCA,2001,NA,NA
Turks and Caicos Islands,TC,TCA,2002,43.94601418,NA
Turks and Caicos Islands,TC,TCA,2003,89.05703772,NA
Turks and Caicos Islands,TC,TCA,2004,109.6899733,NA
Turks and Caicos Islands,TC,TCA,2005,NA,NA
Turks and Caicos Islands,TC,TCA,2006,NA,NA
Turks and Caicos Islands,TC,TCA,2007,NA,NA
Turks and Caicos Islands,TC,TCA,2008,NA,NA
Turks and Caicos Islands,TC,TCA,2009,NA,NA
Turks and Caicos Islands,TC,TCA,2010,NA,NA
Turks and Caicos Islands,TC,TCA,2011,NA,NA
Turks and Caicos Islands,TC,TCA,2012,NA,NA
Turks and Caicos Islands,TC,TCA,2013,NA,NA
Turks and Caicos Islands,TC,TCA,2014,NA,NA
Turks and Caicos Islands,TC,TCA,2015,NA,NA
Turks and Caicos Islands,TC,TCA,2016,NA,NA
Turks and Caicos Islands,TC,TCA,2017,NA,NA
Turks and Caicos Islands,TC,TCA,2018,NA,NA
Turks and Caicos Islands,TC,TCA,2019,NA,NA
Turks and Caicos Islands,TC,TCA,2020,NA,NA
Turks and Caicos Islands,TC,TCA,2021,NA,NA
Tuvalu,TV,TUV,1960,0,NA
Tuvalu,TV,TUV,1961,NA,NA
Tuvalu,TV,TUV,1962,NA,NA
Tuvalu,TV,TUV,1963,NA,NA
Tuvalu,TV,TUV,1964,NA,NA
Tuvalu,TV,TUV,1965,0,NA
Tuvalu,TV,TUV,1966,NA,NA
Tuvalu,TV,TUV,1967,NA,NA
Tuvalu,TV,TUV,1968,NA,NA
Tuvalu,TV,TUV,1969,NA,NA
Tuvalu,TV,TUV,1970,0,NA
Tuvalu,TV,TUV,1971,NA,NA
Tuvalu,TV,TUV,1972,NA,NA
Tuvalu,TV,TUV,1973,NA,NA
Tuvalu,TV,TUV,1974,NA,NA
Tuvalu,TV,TUV,1975,0,NA
Tuvalu,TV,TUV,1976,0,NA
Tuvalu,TV,TUV,1977,0,NA
Tuvalu,TV,TUV,1978,0,NA
Tuvalu,TV,TUV,1979,0,NA
Tuvalu,TV,TUV,1980,0,NA
Tuvalu,TV,TUV,1981,0,NA
Tuvalu,TV,TUV,1982,0,NA
Tuvalu,TV,TUV,1983,0,NA
Tuvalu,TV,TUV,1984,0,NA
Tuvalu,TV,TUV,1985,0,NA
Tuvalu,TV,TUV,1986,0,NA
Tuvalu,TV,TUV,1987,0,NA
Tuvalu,TV,TUV,1988,0,NA
Tuvalu,TV,TUV,1989,0,NA
Tuvalu,TV,TUV,1990,0,0
Tuvalu,TV,TUV,1991,0,0
Tuvalu,TV,TUV,1992,0,0
Tuvalu,TV,TUV,1993,0,0
Tuvalu,TV,TUV,1994,0,0
Tuvalu,TV,TUV,1995,0,0
Tuvalu,TV,TUV,1996,0,NA
Tuvalu,TV,TUV,1997,0,NA
Tuvalu,TV,TUV,1998,0,NA
Tuvalu,TV,TUV,1999,0,NA
Tuvalu,TV,TUV,2000,0,5.241639585
Tuvalu,TV,TUV,2001,0,5.7
Tuvalu,TV,TUV,2002,0,6.3
Tuvalu,TV,TUV,2003,0,6.9
Tuvalu,TV,TUV,2004,5.106730671,7.6
Tuvalu,TV,TUV,2005,13.11541566,8.3
Tuvalu,TV,TUV,2006,15.95214357,9.1
Tuvalu,TV,TUV,2007,17.73573751,10
Tuvalu,TV,TUV,2008,NA,11.2
Tuvalu,TV,TUV,2009,9.607993851,12.8
Tuvalu,TV,TUV,2010,15.16587678,14.6
Tuvalu,TV,TUV,2011,19.90654206,16.5
Tuvalu,TV,TUV,2012,25.79694122,18.7
Tuvalu,TV,TUV,2013,31.14123466,21.2
Tuvalu,TV,TUV,2014,34.865584,24.1
Tuvalu,TV,TUV,2015,60.67849591,27.3
Tuvalu,TV,TUV,2016,70.03317361,31
Tuvalu,TV,TUV,2017,73.88252678,35.2
Tuvalu,TV,TUV,2018,78.2328578,NA
Tuvalu,TV,TUV,2019,82.14676889,NA
Tuvalu,TV,TUV,2020,81.30815792,NA
Tuvalu,TV,TUV,2021,NA,NA
Uganda,UG,UGA,1960,0,NA
Uganda,UG,UGA,1961,NA,NA
Uganda,UG,UGA,1962,NA,NA
Uganda,UG,UGA,1963,NA,NA
Uganda,UG,UGA,1964,NA,NA
Uganda,UG,UGA,1965,0,NA
Uganda,UG,UGA,1966,NA,NA
Uganda,UG,UGA,1967,NA,NA
Uganda,UG,UGA,1968,NA,NA
Uganda,UG,UGA,1969,NA,NA
Uganda,UG,UGA,1970,0,NA
Uganda,UG,UGA,1971,NA,NA
Uganda,UG,UGA,1972,NA,NA
Uganda,UG,UGA,1973,NA,NA
Uganda,UG,UGA,1974,NA,NA
Uganda,UG,UGA,1975,0,NA
Uganda,UG,UGA,1976,0,NA
Uganda,UG,UGA,1977,0,NA
Uganda,UG,UGA,1978,0,NA
Uganda,UG,UGA,1979,0,NA
Uganda,UG,UGA,1980,0,NA
Uganda,UG,UGA,1981,0,NA
Uganda,UG,UGA,1982,0,NA
Uganda,UG,UGA,1983,0,NA
Uganda,UG,UGA,1984,0,NA
Uganda,UG,UGA,1985,0,NA
Uganda,UG,UGA,1986,0,NA
Uganda,UG,UGA,1987,0,NA
Uganda,UG,UGA,1988,0,NA
Uganda,UG,UGA,1989,0,NA
Uganda,UG,UGA,1990,0,0
Uganda,UG,UGA,1991,0,0
Uganda,UG,UGA,1992,0,0
Uganda,UG,UGA,1993,0,0
Uganda,UG,UGA,1994,0,0
Uganda,UG,UGA,1995,0.008447436,0.002863471
Uganda,UG,UGA,1996,0.018823909,0.004625948
Uganda,UG,UGA,1997,0.022855121,0.010319341
Uganda,UG,UGA,1998,0.133110548,0.065289465
Uganda,UG,UGA,1999,0.24209546,0.10554394
Uganda,UG,UGA,2000,0.528348532,0.163714063
Uganda,UG,UGA,2001,1.144918948,0.237945087
Uganda,UG,UGA,2002,1.539669659,0.384093505
Uganda,UG,UGA,2003,2.945083571,0.46484984
Uganda,UG,UGA,2004,4.291723992,0.71997068
Uganda,UG,UGA,2005,4.706477943,1.742205503
Uganda,UG,UGA,2006,6.981552677,2.529363038
Uganda,UG,UGA,2007,14.15897992,3.671965351
Uganda,UG,UGA,2008,28.03966796,3.88
Uganda,UG,UGA,2009,29.8725922,4.1
Uganda,UG,UGA,2010,39.66474519,4.3
Uganda,UG,UGA,2011,50.1475354,4.6
Uganda,UG,UGA,2012,47.72341556,4.8
Uganda,UG,UGA,2013,51.22432461,5.1
Uganda,UG,UGA,2014,56.04810199,5.4
Uganda,UG,UGA,2015,53.95330716,5.7
Uganda,UG,UGA,2016,58.94061569,6
Uganda,UG,UGA,2017,62.17465834,8.1
Uganda,UG,UGA,2018,58.94688705,10.9
Uganda,UG,UGA,2019,59.12932943,14.7
Uganda,UG,UGA,2020,62.35610757,6.1
Uganda,UG,UGA,2021,65.70386414,NA
Ukraine,UA,UKR,1960,0,NA
Ukraine,UA,UKR,1961,NA,NA
Ukraine,UA,UKR,1962,NA,NA
Ukraine,UA,UKR,1963,NA,NA
Ukraine,UA,UKR,1964,NA,NA
Ukraine,UA,UKR,1965,0,NA
Ukraine,UA,UKR,1966,NA,NA
Ukraine,UA,UKR,1967,NA,NA
Ukraine,UA,UKR,1968,NA,NA
Ukraine,UA,UKR,1969,NA,NA
Ukraine,UA,UKR,1970,0,NA
Ukraine,UA,UKR,1971,NA,NA
Ukraine,UA,UKR,1972,NA,NA
Ukraine,UA,UKR,1973,NA,NA
Ukraine,UA,UKR,1974,NA,NA
Ukraine,UA,UKR,1975,0,NA
Ukraine,UA,UKR,1976,0,NA
Ukraine,UA,UKR,1977,0,NA
Ukraine,UA,UKR,1978,0,NA
Ukraine,UA,UKR,1979,0,NA
Ukraine,UA,UKR,1980,0,NA
Ukraine,UA,UKR,1981,0,NA
Ukraine,UA,UKR,1982,0,NA
Ukraine,UA,UKR,1983,0,NA
Ukraine,UA,UKR,1984,0,NA
Ukraine,UA,UKR,1985,0,NA
Ukraine,UA,UKR,1986,0,NA
Ukraine,UA,UKR,1987,0,NA
Ukraine,UA,UKR,1988,0,NA
Ukraine,UA,UKR,1989,0,NA
Ukraine,UA,UKR,1990,0,0
Ukraine,UA,UKR,1991,0,0
Ukraine,UA,UKR,1992,0,0
Ukraine,UA,UKR,1993,1.26662e-4,7.7697e-4
Ukraine,UA,UKR,1994,0.00977526,0.013641246
Ukraine,UA,UKR,1995,0.027501844,0.043083985
Ukraine,UA,UKR,1996,0.059309101,0.098580381
Ukraine,UA,UKR,1997,0.113968483,0.198821885
Ukraine,UA,UKR,1998,0.232167426,0.301075792
Ukraine,UA,UKR,1999,0.439366038,0.405385448
Ukraine,UA,UKR,2000,1.675927027,0.716183762
Ukraine,UA,UKR,2001,4.596007036,1.238759547
Ukraine,UA,UKR,2002,7.696397252,1.873885116
Ukraine,UA,UKR,2003,13.65772731,3.148127588
Ukraine,UA,UKR,2004,29.0897363,3.489477881
Ukraine,UA,UKR,2005,64.00536482,3.749764415
Ukraine,UA,UKR,2006,105.2767922,4.506124564
Ukraine,UA,UKR,2007,119.0876067,6.55
Ukraine,UA,UKR,2008,120.558086,11
Ukraine,UA,UKR,2009,119.4564211,17.9
Ukraine,UA,UKR,2010,117.7678197,23.3
Ukraine,UA,UKR,2011,121.9416066,28.70826284
Ukraine,UA,UKR,2012,130.8590206,35.27
Ukraine,UA,UKR,2013,138.4411243,40.954129
Ukraine,UA,UKR,2014,144.2788474,46.23597546
Ukraine,UA,UKR,2015,142.0030379,48.88464368
Ukraine,UA,UKR,2016,133.1689539,53.0009696
Ukraine,UA,UKR,2017,131.3565115,58.88947945
Ukraine,UA,UKR,2018,127.753861,62.55315539
Ukraine,UA,UKR,2019,130.6294363,70.1248443
Ukraine,UA,UKR,2020,129.3411657,75.03790912
Ukraine,UA,UKR,2021,135.025689,NA
United Arab Emirates,AE,ARE,1960,NA,NA
United Arab Emirates,AE,ARE,1961,NA,NA
United Arab Emirates,AE,ARE,1962,NA,NA
United Arab Emirates,AE,ARE,1963,NA,NA
United Arab Emirates,AE,ARE,1964,NA,NA
United Arab Emirates,AE,ARE,1965,NA,NA
United Arab Emirates,AE,ARE,1966,NA,NA
United Arab Emirates,AE,ARE,1967,NA,NA
United Arab Emirates,AE,ARE,1968,NA,NA
United Arab Emirates,AE,ARE,1969,NA,NA
United Arab Emirates,AE,ARE,1970,NA,NA
United Arab Emirates,AE,ARE,1971,NA,NA
United Arab Emirates,AE,ARE,1972,NA,NA
United Arab Emirates,AE,ARE,1973,NA,NA
United Arab Emirates,AE,ARE,1974,NA,NA
United Arab Emirates,AE,ARE,1975,NA,NA
United Arab Emirates,AE,ARE,1976,NA,NA
United Arab Emirates,AE,ARE,1977,NA,NA
United Arab Emirates,AE,ARE,1978,NA,NA
United Arab Emirates,AE,ARE,1979,NA,NA
United Arab Emirates,AE,ARE,1980,NA,NA
United Arab Emirates,AE,ARE,1981,NA,NA
United Arab Emirates,AE,ARE,1982,0.199510899,NA
United Arab Emirates,AE,ARE,1983,0.287983245,NA
United Arab Emirates,AE,ARE,1984,0.377274558,NA
United Arab Emirates,AE,ARE,1985,0.574396029,NA
United Arab Emirates,AE,ARE,1986,0.761967402,NA
United Arab Emirates,AE,ARE,1987,0.870037547,NA
United Arab Emirates,AE,ARE,1988,0.820998752,NA
United Arab Emirates,AE,ARE,1989,1.392200196,NA
United Arab Emirates,AE,ARE,1990,1.767122718,0
United Arab Emirates,AE,ARE,1991,2.14142422,0
United Arab Emirates,AE,ARE,1992,2.311609649,0
United Arab Emirates,AE,ARE,1993,3.174853055,0
United Arab Emirates,AE,ARE,1994,3.928169053,0
United Arab Emirates,AE,ARE,1995,5.298629246,0.102939175
United Arab Emirates,AE,ARE,1996,7.534161116,0.375393534
United Arab Emirates,AE,ARE,1997,11.26583053,3.295592694
United Arab Emirates,AE,ARE,1998,16.88654733,6.908302986
United Arab Emirates,AE,ARE,1999,26.86844465,14.94269899
United Arab Emirates,AE,ARE,2000,43.60213145,23.62530088
United Arab Emirates,AE,ARE,2001,55.27485686,26.2717542
United Arab Emirates,AE,ARE,2002,66.82174472,28.31648531
United Arab Emirates,AE,ARE,2003,77.94350145,29.47795341
United Arab Emirates,AE,ARE,2004,92.23151353,30.13129617
United Arab Emirates,AE,ARE,2005,105.9133477,40
United Arab Emirates,AE,ARE,2006,112.6626827,52
United Arab Emirates,AE,ARE,2007,131.6533802,61
United Arab Emirates,AE,ARE,2008,133.8983849,63
United Arab Emirates,AE,ARE,2009,133.5212478,64
United Arab Emirates,AE,ARE,2010,128.8176608,68
United Arab Emirates,AE,ARE,2011,136.7594244,78
United Arab Emirates,AE,ARE,2012,158.9763381,84.9999915
United Arab Emirates,AE,ARE,2013,183.5446297,88
United Arab Emirates,AE,ARE,2014,190.3476162,90.4
United Arab Emirates,AE,ARE,2015,201.219729,90.5
United Arab Emirates,AE,ARE,2016,221.308772,90.60000732
United Arab Emirates,AE,ARE,2017,218.6322987,94.81992254
United Arab Emirates,AE,ARE,2018,219.700673,98.45000178
United Arab Emirates,AE,ARE,2019,212.804439,99.14999998
United Arab Emirates,AE,ARE,2020,197.8438703,100
United Arab Emirates,AE,ARE,2021,194.7336208,100
United Kingdom,GB,GBR,1960,0,NA
United Kingdom,GB,GBR,1961,NA,NA
United Kingdom,GB,GBR,1962,NA,NA
United Kingdom,GB,GBR,1963,NA,NA
United Kingdom,GB,GBR,1964,NA,NA
United Kingdom,GB,GBR,1965,0,NA
United Kingdom,GB,GBR,1966,NA,NA
United Kingdom,GB,GBR,1967,NA,NA
United Kingdom,GB,GBR,1968,NA,NA
United Kingdom,GB,GBR,1969,NA,NA
United Kingdom,GB,GBR,1970,0,NA
United Kingdom,GB,GBR,1971,NA,NA
United Kingdom,GB,GBR,1972,NA,NA
United Kingdom,GB,GBR,1973,NA,NA
United Kingdom,GB,GBR,1974,NA,NA
United Kingdom,GB,GBR,1975,0,NA
United Kingdom,GB,GBR,1976,0,NA
United Kingdom,GB,GBR,1977,0,NA
United Kingdom,GB,GBR,1978,0,NA
United Kingdom,GB,GBR,1979,0,NA
United Kingdom,GB,GBR,1980,0,NA
United Kingdom,GB,GBR,1981,0,NA
United Kingdom,GB,GBR,1982,0,NA
United Kingdom,GB,GBR,1983,0,NA
United Kingdom,GB,GBR,1984,0,NA
United Kingdom,GB,GBR,1985,0.088272091,NA
United Kingdom,GB,GBR,1986,0.229188337,NA
United Kingdom,GB,GBR,1987,0.510326887,NA
United Kingdom,GB,GBR,1988,0.983272981,NA
United Kingdom,GB,GBR,1989,1.708245688,NA
United Kingdom,GB,GBR,1990,1.947196982,0.087355319
United Kingdom,GB,GBR,1991,2.196673629,0.174230922
United Kingdom,GB,GBR,1992,2.620448471,0.260615159
United Kingdom,GB,GBR,1993,3.934258199,0.519762001
United Kingdom,GB,GBR,1994,6.818272277,1.036609166
United Kingdom,GB,GBR,1995,9.901172035,1.895168284
United Kingdom,GB,GBR,1996,12.48025391,4.123650336
United Kingdom,GB,GBR,1997,15.17763081,7.385398957
United Kingdom,GB,GBR,1998,25.45932146,13.6699831
United Kingdom,GB,GBR,1999,46.36293399,21.29363827
United Kingdom,GB,GBR,2000,73.83511897,26.82175435
United Kingdom,GB,GBR,2001,78.32360974,33.48109487
United Kingdom,GB,GBR,2002,82.93728874,56.48
United Kingdom,GB,GBR,2003,90.95792762,64.82
United Kingdom,GB,GBR,2004,99.4867395,65.61
United Kingdom,GB,GBR,2005,108.4259834,70
United Kingdom,GB,GBR,2006,115.252733,68.82
United Kingdom,GB,GBR,2007,120.527906,75.09
United Kingdom,GB,GBR,2008,121.3772695,78.39
United Kingdom,GB,GBR,2009,122.8742004,83.56
United Kingdom,GB,GBR,2010,122.2590493,85
United Kingdom,GB,GBR,2011,121.9256338,85.37999855
United Kingdom,GB,GBR,2012,122.7564922,87.47999842
United Kingdom,GB,GBR,2013,122.3501829,89.8441
United Kingdom,GB,GBR,2014,121.1308315,91.61
United Kingdom,GB,GBR,2015,121.5048919,92.00029987
United Kingdom,GB,GBR,2016,120.2210676,94.77580063
United Kingdom,GB,GBR,2017,119.7294099,90.42455049
United Kingdom,GB,GBR,2018,118.7527408,90.69200899
United Kingdom,GB,GBR,2019,120.8484884,92.51662855
United Kingdom,GB,GBR,2020,117.8163133,94.81820132
United Kingdom,GB,GBR,2021,118.5668355,NA
United States,US,USA,1960,0,NA
United States,US,USA,1961,NA,NA
United States,US,USA,1962,NA,NA
United States,US,USA,1963,NA,NA
United States,US,USA,1964,NA,NA
United States,US,USA,1965,0,NA
United States,US,USA,1966,NA,NA
United States,US,USA,1967,NA,NA
United States,US,USA,1968,NA,NA
United States,US,USA,1969,NA,NA
United States,US,USA,1970,0,NA
United States,US,USA,1971,NA,NA
United States,US,USA,1972,NA,NA
United States,US,USA,1973,NA,NA
United States,US,USA,1974,NA,NA
United States,US,USA,1975,0,NA
United States,US,USA,1976,0,NA
United States,US,USA,1977,0,NA
United States,US,USA,1978,0,NA
United States,US,USA,1979,0,NA
United States,US,USA,1980,0,NA
United States,US,USA,1981,NA,NA
United States,US,USA,1982,NA,NA
United States,US,USA,1983,NA,NA
United States,US,USA,1984,0.039352779,NA
United States,US,USA,1985,0.14468149,NA
United States,US,USA,1986,0.28706876,NA
United States,US,USA,1987,0.513170208,NA
United States,US,USA,1988,0.854125086,NA
United States,US,USA,1989,1.432490449,NA
United States,US,USA,1990,2.129545117,0.784728502
United States,US,USA,1991,3.004111275,1.163193726
United States,US,USA,1992,4.323596882,1.724202539
United States,US,USA,1993,6.186519908,2.271673294
United States,US,USA,1994,9.202002036,4.862780635
United States,US,USA,1995,12.71760532,9.237088297
United States,US,USA,1996,16.37381226,16.41935296
United States,US,USA,1997,20.30588082,21.61640097
United States,US,USA,1998,25.09083926,30.09319659
United States,US,USA,1999,30.82116044,35.84872446
United States,US,USA,2000,38.76720665,43.07916264
United States,US,USA,2001,45.01340879,49.08083159
United States,US,USA,2002,49.17630521,58.78540388
United States,US,USA,2003,55.18089359,61.69711712
United States,US,USA,2004,62.87475074,64.75825648
United States,US,USA,2005,68.62220987,67.96805292
United States,US,USA,2006,76.59637266,68.93119327
United States,US,USA,2007,82.34696473,75
United States,US,USA,2008,85.47738005,74
United States,US,USA,2009,88.90512135,71
United States,US,USA,2010,91.6239454,71.69
United States,US,USA,2011,94.75188415,69.72946076
United States,US,USA,2012,96.26929679,74.7
United States,US,USA,2013,97.28308055,71.4
United States,US,USA,2014,100.1748375,73
United States,US,USA,2015,102.3083933,74.55420245
United States,US,USA,2016,103.3702501,85.54442129
United States,US,USA,2017,103.1297891,87.27488917
United States,US,USA,2018,104.847944,88.49890317
United States,US,USA,2019,106.4140195,89.43028486
United States,US,USA,2020,104.9353748,90.9
United States,US,USA,2021,107.3055043,NA
Upper middle income,XT,,1960,0,NA
Upper middle income,XT,,1961,NA,NA
Upper middle income,XT,,1962,NA,NA
Upper middle income,XT,,1963,NA,NA
Upper middle income,XT,,1964,NA,NA
Upper middle income,XT,,1965,0,NA
Upper middle income,XT,,1966,NA,NA
Upper middle income,XT,,1967,NA,NA
Upper middle income,XT,,1968,NA,NA
Upper middle income,XT,,1969,NA,NA
Upper middle income,XT,,1970,0,NA
Upper middle income,XT,,1971,NA,NA
Upper middle income,XT,,1972,NA,NA
Upper middle income,XT,,1973,NA,NA
Upper middle income,XT,,1974,NA,NA
Upper middle income,XT,,1975,0,NA
Upper middle income,XT,,1976,0,NA
Upper middle income,XT,,1977,0,NA
Upper middle income,XT,,1978,0,NA
Upper middle income,XT,,1979,0,NA
Upper middle income,XT,,1980,0,NA
Upper middle income,XT,,1981,0,NA
Upper middle income,XT,,1982,0,NA
Upper middle income,XT,,1983,0,NA
Upper middle income,XT,,1984,0,NA
Upper middle income,XT,,1985,0,NA
Upper middle income,XT,,1986,6.62362776565293e-4,NA
Upper middle income,XT,,1987,0.00158335992265174,NA
Upper middle income,XT,,1988,0.00317973332710291,NA
Upper middle income,XT,,1989,0.00629053407813147,NA
Upper middle income,XT,,1990,0.0150156096269111,0
Upper middle income,XT,,1991,0.0288731194589577,7.83088273298456e-4
Upper middle income,XT,,1992,0.0576902113843101,0.0027168876406741
Upper middle income,XT,,1993,0.11372941368751,0.00832564113917489
Upper middle income,XT,,1994,0.248498710121371,0.0217417219392817
Upper middle income,XT,,1995,0.486951782879062,0.0541548983469174
Upper middle income,XT,,1996,0.845637235762566,0.128155201148544
Upper middle income,XT,,1997,1.53677912857236,0.265391763381741
Upper middle income,XT,,1998,2.51186287021125,0.605813026337313
Upper middle income,XT,,1999,4.51139461134725,1.27886609021521
Upper middle income,XT,,2000,8.1372299384265,2.54626286263058
Upper middle income,XT,,2001,12.54752525964,3.67504678059114
Upper middle income,XT,,2002,17.3897400645072,6.05123478951024
Upper middle income,XT,,2003,22.8121782461241,7.94866286897506
Upper middle income,XT,,2004,30.4312153310786,9.98874760382827
Upper middle income,XT,,2005,39.3961423572332,11.5656451435593
Upper middle income,XT,,2006,47.7893278003662,14.133399793906
Upper middle income,XT,,2007,56.9788255712513,18.9379282687017
Upper middle income,XT,,2008,66.3419432892208,24.0888575317164
Upper middle income,XT,,2009,74.3985296737407,29.7282585655101
Upper middle income,XT,,2010,82.3044458493802,34.7918497539518
Upper middle income,XT,,2011,89.638603711916,39.3633214256083
Upper middle income,XT,,2012,96.7425929245228,43.5146165930606
Upper middle income,XT,,2013,104.091315640798,46.661654733256
Upper middle income,XT,,2014,106.218283138054,49.2553131480643
Upper middle income,XT,,2015,105.947042048883,52.509796271098
Upper middle income,XT,,2016,108.376536107513,56.0005469825547
Upper middle income,XT,,2017,111.60255223223,58.7082631366596
Upper middle income,XT,,2018,118.627633895512,63.0125448740624
Upper middle income,XT,,2019,122.302376447093,67.31600688528
Upper middle income,XT,,2020,119.996413527075,73.200013247728
Upper middle income,XT,,2021,122.878491014598,75.61537229934
Uruguay,UY,URY,1960,0,NA
Uruguay,UY,URY,1961,NA,NA
Uruguay,UY,URY,1962,NA,NA
Uruguay,UY,URY,1963,NA,NA
Uruguay,UY,URY,1964,NA,NA
Uruguay,UY,URY,1965,0,NA
Uruguay,UY,URY,1966,NA,NA
Uruguay,UY,URY,1967,NA,NA
Uruguay,UY,URY,1968,NA,NA
Uruguay,UY,URY,1969,NA,NA
Uruguay,UY,URY,1970,0,NA
Uruguay,UY,URY,1971,NA,NA
Uruguay,UY,URY,1972,NA,NA
Uruguay,UY,URY,1973,NA,NA
Uruguay,UY,URY,1974,NA,NA
Uruguay,UY,URY,1975,0,NA
Uruguay,UY,URY,1976,0,NA
Uruguay,UY,URY,1977,0,NA
Uruguay,UY,URY,1978,0,NA
Uruguay,UY,URY,1979,0,NA
Uruguay,UY,URY,1980,0,NA
Uruguay,UY,URY,1981,0,NA
Uruguay,UY,URY,1982,0,NA
Uruguay,UY,URY,1983,0,NA
Uruguay,UY,URY,1984,0,NA
Uruguay,UY,URY,1985,0,NA
Uruguay,UY,URY,1986,0,NA
Uruguay,UY,URY,1987,0,NA
Uruguay,UY,URY,1988,0,NA
Uruguay,UY,URY,1989,0,NA
Uruguay,UY,URY,1990,0,0
Uruguay,UY,URY,1991,0,0
Uruguay,UY,URY,1992,0.054284892,0
Uruguay,UY,URY,1993,0.156664401,0
Uruguay,UY,URY,1994,0.213953532,0.062474386
Uruguay,UY,URY,1995,1.243773961,0.310128582
Uruguay,UY,URY,1996,2.436006067,1.847472089
Uruguay,UY,URY,1997,3.058024344,3.363239668
Uruguay,UY,URY,1998,4.638544413,6.987069365
Uruguay,UY,URY,1999,9.732680729,9.972765285
Uruguay,UY,URY,2000,12.47749242,10.53905775
Uruguay,UY,URY,2001,15.75282064,11.12143768
Uruguay,UY,URY,2002,15.53114058,11.4194702
Uruguay,UY,URY,2003,15.03020057,15.93713672
Uruguay,UY,URY,2004,18.09909527,17.06309834
Uruguay,UY,URY,2005,34.81132061,20.08818956
Uruguay,UY,URY,2006,70.13284845,29.4
Uruguay,UY,URY,2007,90.25647327,34
Uruguay,UY,URY,2008,105.1463884,39.3
Uruguay,UY,URY,2009,122.9476137,41.8
Uruguay,UY,URY,2010,132.3477451,46.4
Uruguay,UY,URY,2011,141.5210804,51.40466106
Uruguay,UY,URY,2012,148.1833852,54.45376868
Uruguay,UY,URY,2013,155.8020277,57.69
Uruguay,UY,URY,2014,162.0767046,61.46
Uruguay,UY,URY,2015,151.7998906,64.5707871
Uruguay,UY,URY,2016,149.8853759,66.4
Uruguay,UY,URY,2017,148.9559056,70.3223544
Uruguay,UY,URY,2018,130.1172556,80.72684288
Uruguay,UY,URY,2019,132.0241348,83.35153377
Uruguay,UY,URY,2020,132.7256301,86.1
Uruguay,UY,URY,2021,136.9212202,NA
Uzbekistan,UZ,UZB,1960,0,NA
Uzbekistan,UZ,UZB,1961,NA,NA
Uzbekistan,UZ,UZB,1962,NA,NA
Uzbekistan,UZ,UZB,1963,NA,NA
Uzbekistan,UZ,UZB,1964,NA,NA
Uzbekistan,UZ,UZB,1965,0,NA
Uzbekistan,UZ,UZB,1966,NA,NA
Uzbekistan,UZ,UZB,1967,NA,NA
Uzbekistan,UZ,UZB,1968,NA,NA
Uzbekistan,UZ,UZB,1969,NA,NA
Uzbekistan,UZ,UZB,1970,0,NA
Uzbekistan,UZ,UZB,1971,NA,NA
Uzbekistan,UZ,UZB,1972,NA,NA
Uzbekistan,UZ,UZB,1973,NA,NA
Uzbekistan,UZ,UZB,1974,NA,NA
Uzbekistan,UZ,UZB,1975,0,NA
Uzbekistan,UZ,UZB,1976,0,NA
Uzbekistan,UZ,UZB,1977,0,NA
Uzbekistan,UZ,UZB,1978,0,NA
Uzbekistan,UZ,UZB,1979,0,NA
Uzbekistan,UZ,UZB,1980,0,NA
Uzbekistan,UZ,UZB,1981,0,NA
Uzbekistan,UZ,UZB,1982,0,NA
Uzbekistan,UZ,UZB,1983,0,NA
Uzbekistan,UZ,UZB,1984,0,NA
Uzbekistan,UZ,UZB,1985,0,NA
Uzbekistan,UZ,UZB,1986,0,NA
Uzbekistan,UZ,UZB,1987,0,NA
Uzbekistan,UZ,UZB,1988,0,NA
Uzbekistan,UZ,UZB,1989,0,NA
Uzbekistan,UZ,UZB,1990,0,0
Uzbekistan,UZ,UZB,1991,0,0
Uzbekistan,UZ,UZB,1992,0,0
Uzbekistan,UZ,UZB,1993,0.002263886,0
Uzbekistan,UZ,UZB,1994,0.003997388,0
Uzbekistan,UZ,UZB,1995,0.016203277,0.001527093
Uzbekistan,UZ,UZB,1996,0.040526847,0.004285074
Uzbekistan,UZ,UZB,1997,0.072168997,0.010536935
Uzbekistan,UZ,UZB,1998,0.110591783,0.020754437
Uzbekistan,UZ,UZB,1999,0.164164855,0.030688343
Uzbekistan,UZ,UZB,2000,0.213146717,0.484347308
Uzbekistan,UZ,UZB,2001,0.507009442,0.597567994
Uzbekistan,UZ,UZB,2002,0.730676652,1.081939742
Uzbekistan,UZ,UZB,2003,1.238385659,1.912595178
Uzbekistan,UZ,UZB,2004,2.073953104,2.593725421
Uzbekistan,UZ,UZB,2005,2.709474049,3.343509888
Uzbekistan,UZ,UZB,2006,9.397192442,6.388321967
Uzbekistan,UZ,UZB,2007,20.84049076,7.490604681
Uzbekistan,UZ,UZB,2008,44.63288059,9.080114523
Uzbekistan,UZ,UZB,2009,58.28601992,11.9
Uzbekistan,UZ,UZB,2010,73.222317,15.9
Uzbekistan,UZ,UZB,2011,87.55682964,18.6
Uzbekistan,UZ,UZB,2012,68.71862168,23.6
Uzbekistan,UZ,UZB,2013,71.75462348,26.8
Uzbekistan,UZ,UZB,2014,71.07276748,35.5
Uzbekistan,UZ,UZB,2015,70.38355521,42.8
Uzbekistan,UZ,UZB,2016,73.96739398,46.79128694
Uzbekistan,UZ,UZB,2017,75.9584973,48.69999885
Uzbekistan,UZ,UZB,2018,71.57614633,55.20000067
Uzbekistan,UZ,UZB,2019,101.2222235,70.4000024
Uzbekistan,UZ,UZB,2020,99.58344787,71.1
Uzbekistan,UZ,UZB,2021,102.8976203,NA
Vanuatu,VU,VUT,1960,0,NA
Vanuatu,VU,VUT,1961,NA,NA
Vanuatu,VU,VUT,1962,NA,NA
Vanuatu,VU,VUT,1963,NA,NA
Vanuatu,VU,VUT,1964,NA,NA
Vanuatu,VU,VUT,1965,0,NA
Vanuatu,VU,VUT,1966,NA,NA
Vanuatu,VU,VUT,1967,NA,NA
Vanuatu,VU,VUT,1968,NA,NA
Vanuatu,VU,VUT,1969,NA,NA
Vanuatu,VU,VUT,1970,0,NA
Vanuatu,VU,VUT,1971,NA,NA
Vanuatu,VU,VUT,1972,NA,NA
Vanuatu,VU,VUT,1973,NA,NA
Vanuatu,VU,VUT,1974,NA,NA
Vanuatu,VU,VUT,1975,0,NA
Vanuatu,VU,VUT,1976,0,NA
Vanuatu,VU,VUT,1977,0,NA
Vanuatu,VU,VUT,1978,0,NA
Vanuatu,VU,VUT,1979,0,NA
Vanuatu,VU,VUT,1980,0,NA
Vanuatu,VU,VUT,1981,0,NA
Vanuatu,VU,VUT,1982,0,NA
Vanuatu,VU,VUT,1983,0,NA
Vanuatu,VU,VUT,1984,0,NA
Vanuatu,VU,VUT,1985,0,NA
Vanuatu,VU,VUT,1986,0,NA
Vanuatu,VU,VUT,1987,0,NA
Vanuatu,VU,VUT,1988,0,NA
Vanuatu,VU,VUT,1989,0,NA
Vanuatu,VU,VUT,1990,0,0
Vanuatu,VU,VUT,1991,0,0
Vanuatu,VU,VUT,1992,0,0
Vanuatu,VU,VUT,1993,0,0
Vanuatu,VU,VUT,1994,0.038424592,0
Vanuatu,VU,VUT,1995,0.070921154,0
Vanuatu,VU,VUT,1996,0.088144053,0.056845636
Vanuatu,VU,VUT,1997,0.115725858,0.139505815
Vanuatu,VU,VUT,1998,0.120160797,0.274185942
Vanuatu,VU,VUT,1999,0.160058048,0.538300048
Vanuatu,VU,VUT,2000,0.190030926,2.108336891
Vanuatu,VU,VUT,2001,0.177634317,2.830572239
Vanuatu,VU,VUT,2002,2.424242424,3.510038711
Vanuatu,VU,VUT,2003,3.763425296,3.903295845
Vanuatu,VU,VUT,2004,4.944873883,4.746602619
Vanuatu,VU,VUT,2005,5.831862961,5.082333808
Vanuatu,VU,VUT,2006,6.72878079,5.850585059
Vanuatu,VU,VUT,2007,11.38627953,6.8
Vanuatu,VU,VUT,2008,15.38777185,7.269119923
Vanuatu,VU,VUT,2009,54.93869139,7.5
Vanuatu,VU,VUT,2010,69.23321369,8
Vanuatu,VU,VUT,2011,54.50030641,9.2
Vanuatu,VU,VUT,2012,56.77287972,10.598
Vanuatu,VU,VUT,2013,48.28371292,11.3
Vanuatu,VU,VUT,2014,57.8122974,18.8
Vanuatu,VU,VUT,2015,63.23949674,22.35140458
Vanuatu,VU,VUT,2016,77.18541901,24
Vanuatu,VU,VUT,2017,78.56146142,25.71978784
Vanuatu,VU,VUT,2018,84.57103647,NA
Vanuatu,VU,VUT,2019,87.1273045,NA
Vanuatu,VU,VUT,2020,79.00027271,NA
Vanuatu,VU,VUT,2021,78.2951469,NA
"Venezuela, RB",VE,VEN,1960,0,NA
"Venezuela, RB",VE,VEN,1961,NA,NA
"Venezuela, RB",VE,VEN,1962,NA,NA
"Venezuela, RB",VE,VEN,1963,NA,NA
"Venezuela, RB",VE,VEN,1964,NA,NA
"Venezuela, RB",VE,VEN,1965,0,NA
"Venezuela, RB",VE,VEN,1966,NA,NA
"Venezuela, RB",VE,VEN,1967,NA,NA
"Venezuela, RB",VE,VEN,1968,NA,NA
"Venezuela, RB",VE,VEN,1969,NA,NA
"Venezuela, RB",VE,VEN,1970,0,NA
"Venezuela, RB",VE,VEN,1971,NA,NA
"Venezuela, RB",VE,VEN,1972,NA,NA
"Venezuela, RB",VE,VEN,1973,NA,NA
"Venezuela, RB",VE,VEN,1974,NA,NA
"Venezuela, RB",VE,VEN,1975,0,NA
"Venezuela, RB",VE,VEN,1976,0,NA
"Venezuela, RB",VE,VEN,1977,0,NA
"Venezuela, RB",VE,VEN,1978,0,NA
"Venezuela, RB",VE,VEN,1979,0,NA
"Venezuela, RB",VE,VEN,1980,0,NA
"Venezuela, RB",VE,VEN,1981,0,NA
"Venezuela, RB",VE,VEN,1982,0,NA
"Venezuela, RB",VE,VEN,1983,0,NA
"Venezuela, RB",VE,VEN,1984,0,NA
"Venezuela, RB",VE,VEN,1985,0,NA
"Venezuela, RB",VE,VEN,1986,0,NA
"Venezuela, RB",VE,VEN,1987,0,NA
"Venezuela, RB",VE,VEN,1988,0.009574076,NA
"Venezuela, RB",VE,VEN,1989,0.019117739,NA
"Venezuela, RB",VE,VEN,1990,0.037578645,0
"Venezuela, RB",VE,VEN,1991,0.082071711,0
"Venezuela, RB",VE,VEN,1992,0.379508456,0.012082134
"Venezuela, RB",VE,VEN,1993,0.862455779,0.041587233
"Venezuela, RB",VE,VEN,1994,1.474065254,0.055486978
"Venezuela, RB",VE,VEN,1995,1.826547139,0.122214848
"Venezuela, RB",VE,VEN,1996,2.577074097,0.24826058
"Venezuela, RB",VE,VEN,1997,4.652836296,0.390959318
"Venezuela, RB",VE,VEN,1998,8.550767856,1.383990391
"Venezuela, RB",VE,VEN,1999,15.79146876,2.839825767
"Venezuela, RB",VE,VEN,2000,22.29913391,3.359597465
"Venezuela, RB",VE,VEN,2001,26.01499674,4.636000948
"Venezuela, RB",VE,VEN,2002,25.82571685,4.910446327
"Venezuela, RB",VE,VEN,2003,27.20934415,7.499963465
"Venezuela, RB",VE,VEN,2004,32.10814595,8.404469592
"Venezuela, RB",VE,VEN,2005,46.85523169,12.55299791
"Venezuela, RB",VE,VEN,2006,69.32850172,15.22471148
"Venezuela, RB",VE,VEN,2007,86.53968776,20.83
"Venezuela, RB",VE,VEN,2008,98.14040558,25.88
"Venezuela, RB",VE,VEN,2009,99.27872501,32.7
"Venezuela, RB",VE,VEN,2010,97.09249744,37.37
"Venezuela, RB",VE,VEN,2011,98.92026985,40.22
"Venezuela, RB",VE,VEN,2012,103.7279644,49.05008307
"Venezuela, RB",VE,VEN,2013,103.5460059,54.9
"Venezuela, RB",VE,VEN,2014,101.1087376,57
"Venezuela, RB",VE,VEN,2015,95.29573416,58
"Venezuela, RB",VE,VEN,2016,89.78392506,60
"Venezuela, RB",VE,VEN,2017,80.14049665,61.6
"Venezuela, RB",VE,VEN,2018,69.50784615,NA
"Venezuela, RB",VE,VEN,2019,63.77343008,NA
"Venezuela, RB",VE,VEN,2020,58.06789032,NA
"Venezuela, RB",VE,VEN,2021,58.97643272,NA
Vietnam,VN,VNM,1960,0,NA
Vietnam,VN,VNM,1961,NA,NA
Vietnam,VN,VNM,1962,NA,NA
Vietnam,VN,VNM,1963,NA,NA
Vietnam,VN,VNM,1964,NA,NA
Vietnam,VN,VNM,1965,0,NA
Vietnam,VN,VNM,1966,NA,NA
Vietnam,VN,VNM,1967,NA,NA
Vietnam,VN,VNM,1968,NA,NA
Vietnam,VN,VNM,1969,NA,NA
Vietnam,VN,VNM,1970,0,NA
Vietnam,VN,VNM,1971,NA,NA
Vietnam,VN,VNM,1972,NA,NA
Vietnam,VN,VNM,1973,NA,NA
Vietnam,VN,VNM,1974,NA,NA
Vietnam,VN,VNM,1975,0,NA
Vietnam,VN,VNM,1976,0,NA
Vietnam,VN,VNM,1977,0,NA
Vietnam,VN,VNM,1978,0,NA
Vietnam,VN,VNM,1979,0,NA
Vietnam,VN,VNM,1980,0,NA
Vietnam,VN,VNM,1981,0,NA
Vietnam,VN,VNM,1982,0,NA
Vietnam,VN,VNM,1983,0,NA
Vietnam,VN,VNM,1984,0,NA
Vietnam,VN,VNM,1985,0,NA
Vietnam,VN,VNM,1986,0,NA
Vietnam,VN,VNM,1987,0,NA
Vietnam,VN,VNM,1988,0,NA
Vietnam,VN,VNM,1989,0,NA
Vietnam,VN,VNM,1990,0,0
Vietnam,VN,VNM,1991,0,0
Vietnam,VN,VNM,1992,0.001146317,0
Vietnam,VN,VNM,1993,0.005704137,0
Vietnam,VN,VNM,1994,0.017241121,0
Vietnam,VN,VNM,1995,0.031860471,0
Vietnam,VN,VNM,1996,0.091945652,1.34813e-4
Vietnam,VN,VNM,1997,0.210964958,0.003981962
Vietnam,VN,VNM,1998,0.288739207,0.013078543
Vietnam,VN,VNM,1999,0.420705811,0.128926663
Vietnam,VN,VNM,2000,0.99816152,0.254248276
Vietnam,VN,VNM,2001,1.567564328,1.265651236
Vietnam,VN,VNM,2002,2.359044585,1.854999236
Vietnam,VN,VNM,2003,3.365415447,3.780280814
Vietnam,VN,VNM,2004,6.025909442,7.642408528
Vietnam,VN,VNM,2005,11.53831883,12.73992929
Vietnam,VN,VNM,2006,22.50396061,17.25456172
Vietnam,VN,VNM,2007,53.11803062,20.75544477
Vietnam,VN,VNM,2008,87.47047116,23.92
Vietnam,VN,VNM,2009,113.5761578,26.55
Vietnam,VN,VNM,2010,127.6386103,30.65
Vietnam,VN,VNM,2011,144.1078862,35.07
Vietnam,VN,VNM,2012,147.4487893,36.8
Vietnam,VN,VNM,2013,137.0761674,38.5
Vietnam,VN,VNM,2014,149.2271298,41
Vietnam,VN,VNM,2015,130.5154869,45
Vietnam,VN,VNM,2016,129.5014832,53
Vietnam,VN,VNM,2017,127.6319162,58.14
Vietnam,VN,VNM,2018,148.1748225,69.84792868
Vietnam,VN,VNM,2019,142.2374996,68.66158021
Vietnam,VN,VNM,2020,143.7522156,70.3
Vietnam,VN,VNM,2021,138.8654955,74.20999985
Virgin Islands (U.S.),VI,VIR,1960,0,NA
Virgin Islands (U.S.),VI,VIR,1961,NA,NA
Virgin Islands (U.S.),VI,VIR,1962,NA,NA
Virgin Islands (U.S.),VI,VIR,1963,NA,NA
Virgin Islands (U.S.),VI,VIR,1964,NA,NA
Virgin Islands (U.S.),VI,VIR,1965,0,NA
Virgin Islands (U.S.),VI,VIR,1966,NA,NA
Virgin Islands (U.S.),VI,VIR,1967,NA,NA
Virgin Islands (U.S.),VI,VIR,1968,NA,NA
Virgin Islands (U.S.),VI,VIR,1969,NA,NA
Virgin Islands (U.S.),VI,VIR,1970,0,NA
Virgin Islands (U.S.),VI,VIR,1971,NA,NA
Virgin Islands (U.S.),VI,VIR,1972,NA,NA
Virgin Islands (U.S.),VI,VIR,1973,NA,NA
Virgin Islands (U.S.),VI,VIR,1974,NA,NA
Virgin Islands (U.S.),VI,VIR,1975,0,NA
Virgin Islands (U.S.),VI,VIR,1976,0,NA
Virgin Islands (U.S.),VI,VIR,1977,0,NA
Virgin Islands (U.S.),VI,VIR,1978,0,NA
Virgin Islands (U.S.),VI,VIR,1979,0,NA
Virgin Islands (U.S.),VI,VIR,1980,0,NA
Virgin Islands (U.S.),VI,VIR,1981,0,NA
Virgin Islands (U.S.),VI,VIR,1982,0,NA
Virgin Islands (U.S.),VI,VIR,1983,0,NA
Virgin Islands (U.S.),VI,VIR,1984,0,NA
Virgin Islands (U.S.),VI,VIR,1985,0,NA
Virgin Islands (U.S.),VI,VIR,1986,0,NA
Virgin Islands (U.S.),VI,VIR,1987,0,NA
Virgin Islands (U.S.),VI,VIR,1988,0,NA
Virgin Islands (U.S.),VI,VIR,1989,0,NA
Virgin Islands (U.S.),VI,VIR,1990,0,0
Virgin Islands (U.S.),VI,VIR,1991,NA,0
Virgin Islands (U.S.),VI,VIR,1992,NA,0
Virgin Islands (U.S.),VI,VIR,1993,NA,0
Virgin Islands (U.S.),VI,VIR,1994,NA,0.940645283
Virgin Islands (U.S.),VI,VIR,1995,NA,2.801957634
Virgin Islands (U.S.),VI,VIR,1996,NA,4.647185664
Virgin Islands (U.S.),VI,VIR,1997,15.12501772,6.948368986
Virgin Islands (U.S.),VI,VIR,1998,23.39334506,9.245220221
Virgin Islands (U.S.),VI,VIR,1999,27.82234505,11.07460593
Virgin Islands (U.S.),VI,VIR,2000,32.35198965,13.81508054
Virgin Islands (U.S.),VI,VIR,2001,37.96085403,18.37576604
Virgin Islands (U.S.),VI,VIR,2002,41.91188757,27.49443238
Virgin Islands (U.S.),VI,VIR,2003,45.95108493,27.42907299
Virgin Islands (U.S.),VI,VIR,2004,60.14445912,27.37700879
Virgin Islands (U.S.),VI,VIR,2005,75.41251491,27.34431967
Virgin Islands (U.S.),VI,VIR,2006,NA,27.33261054
Virgin Islands (U.S.),VI,VIR,2007,NA,27.33933584
Virgin Islands (U.S.),VI,VIR,2008,NA,27.36177742
Virgin Islands (U.S.),VI,VIR,2009,NA,27.39650968
Virgin Islands (U.S.),VI,VIR,2010,NA,31.22
Virgin Islands (U.S.),VI,VIR,2011,NA,35.6
Virgin Islands (U.S.),VI,VIR,2012,NA,40.5479
Virgin Islands (U.S.),VI,VIR,2013,NA,45.3
Virgin Islands (U.S.),VI,VIR,2014,NA,50.07
Virgin Islands (U.S.),VI,VIR,2015,NA,54.8391373
Virgin Islands (U.S.),VI,VIR,2016,NA,59.6083158
Virgin Islands (U.S.),VI,VIR,2017,NA,64.3774943
Virgin Islands (U.S.),VI,VIR,2018,NA,NA
Virgin Islands (U.S.),VI,VIR,2019,79.34461349,NA
Virgin Islands (U.S.),VI,VIR,2020,79.64795603,NA
Virgin Islands (U.S.),VI,VIR,2021,NA,NA
West Bank and Gaza,PS,PSE,1960,NA,NA
West Bank and Gaza,PS,PSE,1961,NA,NA
West Bank and Gaza,PS,PSE,1962,NA,NA
West Bank and Gaza,PS,PSE,1963,NA,NA
West Bank and Gaza,PS,PSE,1964,NA,NA
West Bank and Gaza,PS,PSE,1965,NA,NA
West Bank and Gaza,PS,PSE,1966,NA,NA
West Bank and Gaza,PS,PSE,1967,NA,NA
West Bank and Gaza,PS,PSE,1968,NA,NA
West Bank and Gaza,PS,PSE,1969,NA,NA
West Bank and Gaza,PS,PSE,1970,NA,NA
West Bank and Gaza,PS,PSE,1971,NA,NA
West Bank and Gaza,PS,PSE,1972,NA,NA
West Bank and Gaza,PS,PSE,1973,NA,NA
West Bank and Gaza,PS,PSE,1974,NA,NA
West Bank and Gaza,PS,PSE,1975,NA,NA
West Bank and Gaza,PS,PSE,1976,NA,NA
West Bank and Gaza,PS,PSE,1977,NA,NA
West Bank and Gaza,PS,PSE,1978,NA,NA
West Bank and Gaza,PS,PSE,1979,NA,NA
West Bank and Gaza,PS,PSE,1980,NA,NA
West Bank and Gaza,PS,PSE,1981,NA,NA
West Bank and Gaza,PS,PSE,1982,NA,NA
West Bank and Gaza,PS,PSE,1983,NA,NA
West Bank and Gaza,PS,PSE,1984,NA,NA
West Bank and Gaza,PS,PSE,1985,NA,NA
West Bank and Gaza,PS,PSE,1986,NA,NA
West Bank and Gaza,PS,PSE,1987,NA,NA
West Bank and Gaza,PS,PSE,1988,NA,NA
West Bank and Gaza,PS,PSE,1989,NA,NA
West Bank and Gaza,PS,PSE,1990,0,0
West Bank and Gaza,PS,PSE,1991,NA,0
West Bank and Gaza,PS,PSE,1992,0,0
West Bank and Gaza,PS,PSE,1993,0,0
West Bank and Gaza,PS,PSE,1994,0,0
West Bank and Gaza,PS,PSE,1995,NA,0
West Bank and Gaza,PS,PSE,1996,NA,NA
West Bank and Gaza,PS,PSE,1997,NA,NA
West Bank and Gaza,PS,PSE,1998,NA,NA
West Bank and Gaza,PS,PSE,1999,NA,NA
West Bank and Gaza,PS,PSE,2000,0.219478704,1.111306207
West Bank and Gaza,PS,PSE,2001,5.315582599,1.836854839
West Bank and Gaza,PS,PSE,2002,7.443484991,3.100092235
West Bank and Gaza,PS,PSE,2003,7.67290408,4.130616356
West Bank and Gaza,PS,PSE,2004,12.4561417,4.400904826
West Bank and Gaza,PS,PSE,2005,15.86333669,16.005
West Bank and Gaza,PS,PSE,2006,22.43870313,18.41
West Bank and Gaza,PS,PSE,2007,27.19264946,21.176
West Bank and Gaza,PS,PSE,2008,34.08129118,24.358
West Bank and Gaza,PS,PSE,2009,45.48130592,32.23
West Bank and Gaza,PS,PSE,2010,64.19671809,37.4
West Bank and Gaza,PS,PSE,2011,69.52308496,41.08
West Bank and Gaza,PS,PSE,2012,73.90418602,43.4
West Bank and Gaza,PS,PSE,2013,73.61753936,46.6
West Bank and Gaza,PS,PSE,2014,72.20164028,53.67
West Bank and Gaza,PS,PSE,2015,77.96137302,56.7
West Bank and Gaza,PS,PSE,2016,80.10067188,59.9
West Bank and Gaza,PS,PSE,2017,84.17979591,63.3
West Bank and Gaza,PS,PSE,2018,89.97575355,64.39999371
West Bank and Gaza,PS,PSE,2019,86.32538513,70.6225837
West Bank and Gaza,PS,PSE,2020,79.63152961,74.6
West Bank and Gaza,PS,PSE,2021,77.60217418,NA
World,1W,WLD,1960,0,NA
World,1W,WLD,1961,NA,NA
World,1W,WLD,1962,NA,NA
World,1W,WLD,1963,NA,NA
World,1W,WLD,1964,NA,NA
World,1W,WLD,1965,0,NA
World,1W,WLD,1966,NA,NA
World,1W,WLD,1967,NA,NA
World,1W,WLD,1968,NA,NA
World,1W,WLD,1969,NA,NA
World,1W,WLD,1970,0,NA
World,1W,WLD,1971,NA,NA
World,1W,WLD,1972,NA,NA
World,1W,WLD,1973,NA,NA
World,1W,WLD,1974,NA,NA
World,1W,WLD,1975,0,NA
World,1W,WLD,1976,0,NA
World,1W,WLD,1977,0,NA
World,1W,WLD,1978,0,NA
World,1W,WLD,1979,0,NA
World,1W,WLD,1980,5.32358559438635e-4,NA
World,1W,WLD,1981,0.00149080916855492,NA
World,1W,WLD,1982,0.00233559509404133,NA
World,1W,WLD,1983,0.00339190468402233,NA
World,1W,WLD,1984,0.0068745853786207,NA
World,1W,WLD,1985,0.0159033980583526,NA
World,1W,WLD,1986,0.0296054334675087,NA
World,1W,WLD,1987,0.0509862421679631,NA
World,1W,WLD,1988,0.085113214682445,NA
World,1W,WLD,1989,0.14208967899789,NA
World,1W,WLD,1990,0.211594271247073,0.0488246930836708
World,1W,WLD,1991,0.302299140293289,0.078810516480602
World,1W,WLD,1992,0.427741587995374,0.125186329068216
World,1W,WLD,1993,0.619175294337521,0.179006679561227
World,1W,WLD,1994,0.991495034555743,0.360508148999431
World,1W,WLD,1995,1.58624957062705,0.6830820605321
World,1W,WLD,1996,2.49966341127963,1.32656715777098
World,1W,WLD,1997,3.65525621935148,2.04269705765004
World,1W,WLD,1998,5.33358304332039,3.14057959772322
World,1W,WLD,1999,8.12312872482729,4.63290278425647
World,1W,WLD,2000,12.0452120650013,6.74371951164793
World,1W,WLD,2001,15.4753874694429,8.05355597290396
World,1W,WLD,2002,18.5066797631028,10.5185284204174
World,1W,WLD,2003,22.202904877942,12.195854587379
World,1W,WLD,2004,27.2640354277213,14.0818185720611
World,1W,WLD,2005,33.72468103697,15.6746614701687
World,1W,WLD,2006,41.5041214579096,17.4227824771635
World,1W,WLD,2007,50.177892865687,20.350853799975
World,1W,WLD,2008,59.2568143289483,23.0022914898677
World,1W,WLD,2009,67.3362462396784,25.5528191872428
World,1W,WLD,2010,75.8476110043433,28.794889725981
World,1W,WLD,2011,83.3382079313344,31.2150097185221
World,1W,WLD,2012,87.490346302686,33.7174057129876
World,1W,WLD,2013,91.9533578149779,35.659656834335
World,1W,WLD,2014,95.0329153216253,37.8926274881521
World,1W,WLD,2015,96.1304610991815,40.2923627761082
World,1W,WLD,2016,99.2900666831858,43.2853710181541
World,1W,WLD,2017,101.380307249074,45.7661676897995
World,1W,WLD,2018,104.747102134642,49.2336352611064
World,1W,WLD,2019,105.847062404745,53.5706603541952
World,1W,WLD,2020,105.484016192339,59.577400514468
World,1W,WLD,2021,110.008901130999,NA
"Yemen, Rep.",YE,YEM,1960,0,NA
"Yemen, Rep.",YE,YEM,1961,NA,NA
"Yemen, Rep.",YE,YEM,1962,NA,NA
"Yemen, Rep.",YE,YEM,1963,NA,NA
"Yemen, Rep.",YE,YEM,1964,NA,NA
"Yemen, Rep.",YE,YEM,1965,0,NA
"Yemen, Rep.",YE,YEM,1966,NA,NA
"Yemen, Rep.",YE,YEM,1967,NA,NA
"Yemen, Rep.",YE,YEM,1968,NA,NA
"Yemen, Rep.",YE,YEM,1969,NA,NA
"Yemen, Rep.",YE,YEM,1970,0,NA
"Yemen, Rep.",YE,YEM,1971,NA,NA
"Yemen, Rep.",YE,YEM,1972,NA,NA
"Yemen, Rep.",YE,YEM,1973,NA,NA
"Yemen, Rep.",YE,YEM,1974,NA,NA
"Yemen, Rep.",YE,YEM,1975,0,NA
"Yemen, Rep.",YE,YEM,1976,0,NA
"Yemen, Rep.",YE,YEM,1977,0,NA
"Yemen, Rep.",YE,YEM,1978,0,NA
"Yemen, Rep.",YE,YEM,1979,0,NA
"Yemen, Rep.",YE,YEM,1980,0,NA
"Yemen, Rep.",YE,YEM,1981,0,NA
"Yemen, Rep.",YE,YEM,1982,0,NA
"Yemen, Rep.",YE,YEM,1983,0,NA
"Yemen, Rep.",YE,YEM,1984,0,NA
"Yemen, Rep.",YE,YEM,1985,0,NA
"Yemen, Rep.",YE,YEM,1986,0,NA
"Yemen, Rep.",YE,YEM,1987,0,NA
"Yemen, Rep.",YE,YEM,1988,0,NA
"Yemen, Rep.",YE,YEM,1989,0,NA
"Yemen, Rep.",YE,YEM,1990,0,0
"Yemen, Rep.",YE,YEM,1991,0,0
"Yemen, Rep.",YE,YEM,1992,0.010738704,0
"Yemen, Rep.",YE,YEM,1993,0.034494156,0
"Yemen, Rep.",YE,YEM,1994,0.052664502,0
"Yemen, Rep.",YE,YEM,1995,0.051231611,0
"Yemen, Rep.",YE,YEM,1996,0.053026527,6.21081e-4
"Yemen, Rep.",YE,YEM,1997,0.071571853,0.015025295
"Yemen, Rep.",YE,YEM,1998,0.091696258,0.023323243
"Yemen, Rep.",YE,YEM,1999,0.152788763,0.056628675
"Yemen, Rep.",YE,YEM,2000,0.172003414,0.082500387
"Yemen, Rep.",YE,YEM,2001,0.772258636,0.090802459
"Yemen, Rep.",YE,YEM,2002,2.475334873,0.518796032
"Yemen, Rep.",YE,YEM,2003,3.344240537,0.6047341
"Yemen, Rep.",YE,YEM,2004,7.11894611,0.881222989
"Yemen, Rep.",YE,YEM,2005,10.68239832,1.048597934
"Yemen, Rep.",YE,YEM,2006,13.55613495,1.247824049
"Yemen, Rep.",YE,YEM,2007,19.2080591,5.01
"Yemen, Rep.",YE,YEM,2008,27.62655448,6.89
"Yemen, Rep.",YE,YEM,2009,34.59484888,9.96
"Yemen, Rep.",YE,YEM,2010,44.79883685,12.35
"Yemen, Rep.",YE,YEM,2011,45.80066974,14.905
"Yemen, Rep.",YE,YEM,2012,53.00611199,17.4465
"Yemen, Rep.",YE,YEM,2013,62.42476561,20
"Yemen, Rep.",YE,YEM,2014,61.61428564,22.55
"Yemen, Rep.",YE,YEM,2015,52.67802604,24.08540947
"Yemen, Rep.",YE,YEM,2016,56.13532103,24.57920836
"Yemen, Rep.",YE,YEM,2017,51.13427811,26.71835477
"Yemen, Rep.",YE,YEM,2018,49.68344957,NA
"Yemen, Rep.",YE,YEM,2019,48.30300585,NA
"Yemen, Rep.",YE,YEM,2020,47.01393376,NA
"Yemen, Rep.",YE,YEM,2021,NA,NA
Zambia,ZM,ZMB,1960,0,NA
Zambia,ZM,ZMB,1961,NA,NA
Zambia,ZM,ZMB,1962,NA,NA
Zambia,ZM,ZMB,1963,NA,NA
Zambia,ZM,ZMB,1964,NA,NA
Zambia,ZM,ZMB,1965,0,NA
Zambia,ZM,ZMB,1966,NA,NA
Zambia,ZM,ZMB,1967,NA,NA
Zambia,ZM,ZMB,1968,NA,NA
Zambia,ZM,ZMB,1969,NA,NA
Zambia,ZM,ZMB,1970,0,NA
Zambia,ZM,ZMB,1971,NA,NA
Zambia,ZM,ZMB,1972,NA,NA
Zambia,ZM,ZMB,1973,NA,NA
Zambia,ZM,ZMB,1974,NA,NA
Zambia,ZM,ZMB,1975,0,NA
Zambia,ZM,ZMB,1976,0,NA
Zambia,ZM,ZMB,1977,0,NA
Zambia,ZM,ZMB,1978,0,NA
Zambia,ZM,ZMB,1979,0,NA
Zambia,ZM,ZMB,1980,0,NA
Zambia,ZM,ZMB,1981,0,NA
Zambia,ZM,ZMB,1982,0,NA
Zambia,ZM,ZMB,1983,0,NA
Zambia,ZM,ZMB,1984,0,NA
Zambia,ZM,ZMB,1985,0,NA
Zambia,ZM,ZMB,1986,0,NA
Zambia,ZM,ZMB,1987,0,NA
Zambia,ZM,ZMB,1988,0,NA
Zambia,ZM,ZMB,1989,0,NA
Zambia,ZM,ZMB,1990,0,0
Zambia,ZM,ZMB,1991,0,0
Zambia,ZM,ZMB,1992,0,0
Zambia,ZM,ZMB,1993,0,0
Zambia,ZM,ZMB,1994,0,0.006776105
Zambia,ZM,ZMB,1995,0.017814096,0.008783623
Zambia,ZM,ZMB,1996,0.0305661,0.009069176
Zambia,ZM,ZMB,1997,0.049818486,0.009329658
Zambia,ZM,ZMB,1998,0.088130826,0.030226183
Zambia,ZM,ZMB,1999,0.292997637,0.147053172
Zambia,ZM,ZMB,2000,0.999409977,0.191071643
Zambia,ZM,ZMB,2001,1.189172175,0.233129556
Zambia,ZM,ZMB,2002,1.323640165,0.477750907
Zambia,ZM,ZMB,2003,2.223663041,0.980483039
Zambia,ZM,ZMB,2004,4.150449945,1.1
Zambia,ZM,ZMB,2005,8.210719187,1.3
Zambia,ZM,ZMB,2006,13.89398615,1.6
Zambia,ZM,ZMB,2007,21.27891039,1.9
Zambia,ZM,ZMB,2008,27.53452394,2.2
Zambia,ZM,ZMB,2009,33.08795024,2.5
Zambia,ZM,ZMB,2010,39.493598,3
Zambia,ZM,ZMB,2011,57.23159576,3.5
Zambia,ZM,ZMB,2012,71.3795871,4.1
Zambia,ZM,ZMB,2013,68.23641206,4.8
Zambia,ZM,ZMB,2014,64.27119101,6.5
Zambia,ZM,ZMB,2015,71.13220948,8.8
Zambia,ZM,ZMB,2016,71.66749335,10.3
Zambia,ZM,ZMB,2017,77.68815498,12.2
Zambia,ZM,ZMB,2018,86.73672801,14.2999971
Zambia,ZM,ZMB,2019,93.68966322,16.8
Zambia,ZM,ZMB,2020,100.932458,19.8
Zambia,ZM,ZMB,2021,103.9746368,NA
Zimbabwe,ZW,ZWE,1960,0,NA
Zimbabwe,ZW,ZWE,1961,NA,NA
Zimbabwe,ZW,ZWE,1962,NA,NA
Zimbabwe,ZW,ZWE,1963,NA,NA
Zimbabwe,ZW,ZWE,1964,NA,NA
Zimbabwe,ZW,ZWE,1965,0,NA
Zimbabwe,ZW,ZWE,1966,NA,NA
Zimbabwe,ZW,ZWE,1967,NA,NA
Zimbabwe,ZW,ZWE,1968,NA,NA
Zimbabwe,ZW,ZWE,1969,NA,NA
Zimbabwe,ZW,ZWE,1970,0,NA
Zimbabwe,ZW,ZWE,1971,NA,NA
Zimbabwe,ZW,ZWE,1972,NA,NA
Zimbabwe,ZW,ZWE,1973,NA,NA
Zimbabwe,ZW,ZWE,1974,NA,NA
Zimbabwe,ZW,ZWE,1975,0,NA
Zimbabwe,ZW,ZWE,1976,0,NA
Zimbabwe,ZW,ZWE,1977,0,NA
Zimbabwe,ZW,ZWE,1978,0,NA
Zimbabwe,ZW,ZWE,1979,0,NA
Zimbabwe,ZW,ZWE,1980,0,NA
Zimbabwe,ZW,ZWE,1981,0,NA
Zimbabwe,ZW,ZWE,1982,0,NA
Zimbabwe,ZW,ZWE,1983,0,NA
Zimbabwe,ZW,ZWE,1984,0,NA
Zimbabwe,ZW,ZWE,1985,0,NA
Zimbabwe,ZW,ZWE,1986,0,NA
Zimbabwe,ZW,ZWE,1987,0,NA
Zimbabwe,ZW,ZWE,1988,0,NA
Zimbabwe,ZW,ZWE,1989,0,NA
Zimbabwe,ZW,ZWE,1990,0,0
Zimbabwe,ZW,ZWE,1991,0,0
Zimbabwe,ZW,ZWE,1992,0,0
Zimbabwe,ZW,ZWE,1993,0,0
Zimbabwe,ZW,ZWE,1994,0,0.00173928
Zimbabwe,ZW,ZWE,1995,0,0.00768354
Zimbabwe,ZW,ZWE,1996,0,0.016790484
Zimbabwe,ZW,ZWE,1997,0.050464682,0.033080327
Zimbabwe,ZW,ZWE,1998,0.164525469,0.081648476
Zimbabwe,ZW,ZWE,1999,1.485090967,0.161675528
Zimbabwe,ZW,ZWE,2000,2.251358635,0.401433535
Zimbabwe,ZW,ZWE,2001,2.636240282,0.799846046
Zimbabwe,ZW,ZWE,2002,2.826775664,1.1
Zimbabwe,ZW,ZWE,2003,3.011395989,1.8
Zimbabwe,ZW,ZWE,2004,3.500938501,2.1
Zimbabwe,ZW,ZWE,2005,5.293440718,2.4
Zimbabwe,ZW,ZWE,2006,6.886555198,2.4
Zimbabwe,ZW,ZWE,2007,9.844161327,3
Zimbabwe,ZW,ZWE,2008,13.18466229,3.5
Zimbabwe,ZW,ZWE,2009,31.47523504,4
Zimbabwe,ZW,ZWE,2010,59.96992158,6.4
Zimbabwe,ZW,ZWE,2011,70.62914059,8.4
Zimbabwe,ZW,ZWE,2012,95.08948552,12
Zimbabwe,ZW,ZWE,2013,100.5735343,15.5
Zimbabwe,ZW,ZWE,2014,85.15345214,16.36473996
Zimbabwe,ZW,ZWE,2015,90.12692886,22.7428181
Zimbabwe,ZW,ZWE,2016,89.11084044,23.11998904
Zimbabwe,ZW,ZWE,2017,95.5325572,24.4
Zimbabwe,ZW,ZWE,2018,85.76158782,25
Zimbabwe,ZW,ZWE,2019,85.94098918,25.1
Zimbabwe,ZW,ZWE,2020,84.1862743,29.29856595
Zimbabwe,ZW,ZWE,2021,89.14601935,NA
