gwcode,year,country,IT.NET.USER.ZS,IT.NET.USER.ZS_imputed,IT.CEL.SETS.P2,IT.CEL.SETS.P2_imputed
2,1960,United States,0,TRUE,0,FALSE
2,1961,United States,0,TRUE,0,TRUE
2,1962,United States,0,TRUE,0,TRUE
2,1963,United States,0,TRUE,0,TRUE
2,1964,United States,0,TRUE,0,TRUE
2,1965,United States,0,TRUE,0,FALSE
2,1966,United States,0,TRUE,0,TRUE
2,1967,United States,0,TRUE,0,TRUE
2,1968,United States,0,TRUE,0,TRUE
2,1969,United States,0,TRUE,0,TRUE
2,1970,United States,0,TRUE,0,FALSE
2,1971,United States,0,TRUE,0,TRUE
2,1972,United States,0,TRUE,0,TRUE
2,1973,United States,0,TRUE,0,TRUE
2,1974,United States,0,TRUE,0,TRUE
2,1975,United States,0,TRUE,0,FALSE
2,1976,United States,0,TRUE,0,FALSE
2,1977,United States,0,TRUE,0,FALSE
2,1978,United States,0,TRUE,0,FALSE
2,1979,United States,0,TRUE,0,FALSE
2,1980,United States,0,TRUE,0,FALSE
2,1981,United States,0,TRUE,0,TRUE
2,1982,United States,0,TRUE,0,TRUE
2,1983,United States,0,TRUE,0,TRUE
2,1984,United States,0,TRUE,0.039352779,FALSE
2,1985,United States,0,TRUE,0.14468149,FALSE
2,1986,United States,0,TRUE,0.28706876,FALSE
2,1987,United States,0,TRUE,0.513170208,FALSE
2,1988,United States,0,TRUE,0.854125086,FALSE
2,1989,United States,0,TRUE,1.432490449,FALSE
2,1990,United States,0.784728502,FALSE,2.129545117,FALSE
2,1991,United States,1.163193726,FALSE,3.004111275,FALSE
2,1992,United States,1.724202539,FALSE,4.323596882,FALSE
2,1993,United States,2.271673294,FALSE,6.186519908,FALSE
2,1994,United States,4.862780635,FALSE,9.202002036,FALSE
2,1995,United States,9.237088297,FALSE,12.71760532,FALSE
2,1996,United States,16.41935296,FALSE,16.37381226,FALSE
2,1997,United States,21.61640097,FALSE,20.30588082,FALSE
2,1998,United States,30.09319659,FALSE,25.09083926,FALSE
2,1999,United States,35.84872446,FALSE,30.82116044,FALSE
2,2000,United States,43.07916264,FALSE,38.76720665,FALSE
2,2001,United States,49.08083159,FALSE,45.01340879,FALSE
2,2002,United States,58.78540388,FALSE,49.17630521,FALSE
2,2003,United States,61.69711712,FALSE,55.18089359,FALSE
2,2004,United States,64.75825648,FALSE,62.87475074,FALSE
2,2005,United States,67.96805292,FALSE,68.62220987,FALSE
2,2006,United States,68.93119327,FALSE,76.59637266,FALSE
2,2007,United States,75,FALSE,82.34696473,FALSE
2,2008,United States,74,FALSE,85.47738005,FALSE
2,2009,United States,71,FALSE,88.90512135,FALSE
2,2010,United States,71.69,FALSE,91.6239454,FALSE
2,2011,United States,69.72946076,FALSE,94.75188415,FALSE
2,2012,United States,74.7,FALSE,96.26929679,FALSE
2,2013,United States,71.4,FALSE,97.28308055,FALSE
2,2014,United States,73,FALSE,100.1748375,FALSE
2,2015,United States,74.55420245,FALSE,102.3083933,FALSE
2,2016,United States,85.54442129,FALSE,103.3702501,FALSE
2,2017,United States,87.27488917,FALSE,103.1297891,FALSE
2,2018,United States,88.49890317,FALSE,104.847944,FALSE
2,2019,United States,89.43028486,FALSE,106.4140195,FALSE
2,2020,United States,90.9,FALSE,104.9353748,FALSE
2,2021,United States,96.16743176346273,TRUE,107.3055043,FALSE
20,1960,Canada,0,TRUE,0,FALSE
20,1961,Canada,0,TRUE,0,TRUE
20,1962,Canada,0,TRUE,0,TRUE
20,1963,Canada,0,TRUE,0,TRUE
20,1964,Canada,0,TRUE,0,TRUE
20,1965,Canada,0,TRUE,0,FALSE
20,1966,Canada,0,TRUE,0,TRUE
20,1967,Canada,0,TRUE,0,TRUE
20,1968,Canada,0,TRUE,0,TRUE
20,1969,Canada,0,TRUE,0,TRUE
20,1970,Canada,0,TRUE,0,FALSE
20,1971,Canada,0,TRUE,0,TRUE
20,1972,Canada,0,TRUE,0,TRUE
20,1973,Canada,0,TRUE,0,TRUE
20,1974,Canada,0,TRUE,0,TRUE
20,1975,Canada,0,TRUE,0,FALSE
20,1976,Canada,0,TRUE,0,FALSE
20,1977,Canada,0,TRUE,0,FALSE
20,1978,Canada,0,TRUE,0,FALSE
20,1979,Canada,0,TRUE,0,FALSE
20,1980,Canada,0,TRUE,0,FALSE
20,1981,Canada,0,TRUE,0,FALSE
20,1982,Canada,0,TRUE,0,FALSE
20,1983,Canada,0,TRUE,0,FALSE
20,1984,Canada,0,TRUE,0,FALSE
20,1985,Canada,0,TRUE,0.046432581,FALSE
20,1986,Canada,0,TRUE,0.229743594,FALSE
20,1987,Canada,0,TRUE,0.37207101,FALSE
20,1988,Canada,0,TRUE,0.75566853,FALSE
20,1989,Canada,0,TRUE,1.266968346,FALSE
20,1990,Canada,0.360999701,FALSE,2.110719507,FALSE
20,1991,Canada,0.570385926,FALSE,2.7692662,FALSE
20,1992,Canada,0.91598104,FALSE,3.621504167,FALSE
20,1993,Canada,1.184557509,FALSE,4.649694019,FALSE
20,1994,Canada,2.378693853,FALSE,6.437896665,FALSE
20,1995,Canada,4.163525253,FALSE,8.842031473,FALSE
20,1996,Canada,6.76023965,FALSE,11.81927704,FALSE
20,1997,Canada,15.07235736,FALSE,14.03819836,FALSE
20,1998,Canada,24.8974003,FALSE,17.73439489,FALSE
20,1999,Canada,36.18644004,FALSE,22.73384365,FALSE
20,2000,Canada,51.3,FALSE,28.44217078,FALSE
20,2001,Canada,60.2,FALSE,34.34855145,FALSE
20,2002,Canada,61.59329927,FALSE,37.90258971,FALSE
20,2003,Canada,64.2,FALSE,42.03425423,FALSE
20,2004,Canada,65.95596346,FALSE,47.06742374,FALSE
20,2005,Canada,71.66,FALSE,52.82047544,FALSE
20,2006,Canada,72.4,FALSE,57.63302795,FALSE
20,2007,Canada,73.2,FALSE,61.70384455,FALSE
20,2008,Canada,76.7,FALSE,66.5065332,FALSE
20,2009,Canada,80.3,FALSE,70.88158252,FALSE
20,2010,Canada,80.3,FALSE,76.03888561,FALSE
20,2011,Canada,83,FALSE,78.19708293,FALSE
20,2012,Canada,83,FALSE,79.90342869,FALSE
20,2013,Canada,85.8,FALSE,80.8813881,FALSE
20,2014,Canada,87.12,FALSE,81.31427412,FALSE
20,2015,Canada,90,FALSE,83.30038912,FALSE
20,2016,Canada,91.16,FALSE,85.15367591,FALSE
20,2017,Canada,92.70137191,FALSE,86.70104032,FALSE
20,2018,Canada,94.64,FALSE,89.67401709,FALSE
20,2019,Canada,96.5,FALSE,91.59004081,FALSE
20,2020,Canada,92.3,FALSE,85.40841921,FALSE
20,2021,Canada,99.15971779893692,TRUE,85.7633068,FALSE
31,1960,"Bahamas, The",0,TRUE,0,FALSE
31,1961,"Bahamas, The",0,TRUE,0,TRUE
31,1962,"Bahamas, The",0,TRUE,0,TRUE
31,1963,"Bahamas, The",0,TRUE,0,TRUE
31,1964,"Bahamas, The",0,TRUE,0,TRUE
31,1965,"Bahamas, The",0,TRUE,0,FALSE
31,1966,"Bahamas, The",0,TRUE,0,TRUE
31,1967,"Bahamas, The",0,TRUE,0,TRUE
31,1968,"Bahamas, The",0,TRUE,0,TRUE
31,1969,"Bahamas, The",0,TRUE,0,TRUE
31,1970,"Bahamas, The",0,TRUE,0,FALSE
31,1971,"Bahamas, The",0,TRUE,0,TRUE
31,1972,"Bahamas, The",0,TRUE,0,TRUE
31,1973,"Bahamas, The",0,TRUE,0,TRUE
31,1974,"Bahamas, The",0,TRUE,0,TRUE
31,1975,"Bahamas, The",0,TRUE,0,FALSE
31,1976,"Bahamas, The",0,TRUE,0,FALSE
31,1977,"Bahamas, The",0,TRUE,0,FALSE
31,1978,"Bahamas, The",0,TRUE,0,FALSE
31,1979,"Bahamas, The",0,TRUE,0,FALSE
31,1980,"Bahamas, The",0,TRUE,0,FALSE
31,1981,"Bahamas, The",0,TRUE,0,FALSE
31,1982,"Bahamas, The",0,TRUE,0,FALSE
31,1983,"Bahamas, The",0,TRUE,0,FALSE
31,1984,"Bahamas, The",0,TRUE,0,FALSE
31,1985,"Bahamas, The",0,TRUE,0,FALSE
31,1986,"Bahamas, The",0,TRUE,0,FALSE
31,1987,"Bahamas, The",0,TRUE,0,FALSE
31,1988,"Bahamas, The",0,TRUE,0,FALSE
31,1989,"Bahamas, The",0,TRUE,0,FALSE
31,1990,"Bahamas, The",0,FALSE,0.710066167,FALSE
31,1991,"Bahamas, The",0,FALSE,0.731730289,FALSE
31,1992,"Bahamas, The",0,FALSE,0.922074099,FALSE
31,1993,"Bahamas, The",0,FALSE,0.833206091,FALSE
31,1994,"Bahamas, The",0,FALSE,0.18514817369360426,TRUE
31,1995,"Bahamas, The",0.960030721,FALSE,1.36870147,FALSE
31,1996,"Bahamas, The",1.746950698,FALSE,1.622656855,FALSE
31,1997,"Bahamas, The",1.362953903,FALSE,1.998903827,FALSE
31,1998,"Bahamas, The",2.33559071,FALSE,2.55930602,FALSE
31,1999,"Bahamas, The",3.764557822,FALSE,4.96796473,FALSE
31,2000,"Bahamas, The",8,FALSE,9.699274493,FALSE
31,2001,"Bahamas, The",11.8,FALSE,18.37082026,FALSE
31,2002,"Bahamas, The",18,FALSE,36.45457213,FALSE
31,2003,"Bahamas, The",20,FALSE,36.10978168,FALSE
31,2004,"Bahamas, The",22,FALSE,54.2152205,FALSE
31,2005,"Bahamas, The",25,FALSE,65.48832101,FALSE
31,2006,"Bahamas, The",26,FALSE,71.73598666,FALSE
31,2007,"Bahamas, The",27,FALSE,104.5665509,FALSE
31,2008,"Bahamas, The",31.54,FALSE,98.69209884,FALSE
31,2009,"Bahamas, The",33.88,FALSE,97.4881608,FALSE
31,2010,"Bahamas, The",43,FALSE,114.7626932,FALSE
31,2011,"Bahamas, The",65,FALSE,79.05543061,FALSE
31,2012,"Bahamas, The",71.74820281,FALSE,78.52149264,FALSE
31,2013,"Bahamas, The",72,FALSE,74.41981071,FALSE
31,2014,"Bahamas, The",76.92,FALSE,80.9089998,FALSE
31,2015,"Bahamas, The",78,FALSE,79.24028134,FALSE
31,2016,"Bahamas, The",80,FALSE,90.965109,FALSE
31,2017,"Bahamas, The",80.6,FALSE,88.60207508,FALSE
31,2018,"Bahamas, The",83,FALSE,96.71589874,FALSE
31,2019,"Bahamas, The",85,FALSE,105.1785039,FALSE
31,2020,"Bahamas, The",87,FALSE,114.6450432,FALSE
31,2021,"Bahamas, The",93.48332064915736,TRUE,93.17620058817263,TRUE
40,1960,Cuba,0,TRUE,0,FALSE
40,1961,Cuba,0,TRUE,0,TRUE
40,1962,Cuba,0,TRUE,0,TRUE
40,1963,Cuba,0,TRUE,0,TRUE
40,1964,Cuba,0,TRUE,0,TRUE
40,1965,Cuba,0,TRUE,0,FALSE
40,1966,Cuba,0,TRUE,0,TRUE
40,1967,Cuba,0,TRUE,0,TRUE
40,1968,Cuba,0,TRUE,0,TRUE
40,1969,Cuba,0,TRUE,0,TRUE
40,1970,Cuba,0,TRUE,0,FALSE
40,1971,Cuba,0,TRUE,0,TRUE
40,1972,Cuba,0,TRUE,0,TRUE
40,1973,Cuba,0,TRUE,0,TRUE
40,1974,Cuba,0,TRUE,0,TRUE
40,1975,Cuba,0,TRUE,0,FALSE
40,1976,Cuba,0,TRUE,0,FALSE
40,1977,Cuba,0,TRUE,0,FALSE
40,1978,Cuba,0,TRUE,0,FALSE
40,1979,Cuba,0,TRUE,0,FALSE
40,1980,Cuba,0,TRUE,0,FALSE
40,1981,Cuba,0,TRUE,0,FALSE
40,1982,Cuba,0,TRUE,0,FALSE
40,1983,Cuba,0,TRUE,0,FALSE
40,1984,Cuba,0,TRUE,0,FALSE
40,1985,Cuba,0,TRUE,0,FALSE
40,1986,Cuba,0,TRUE,0,FALSE
40,1987,Cuba,0,TRUE,0,FALSE
40,1988,Cuba,0,TRUE,0,FALSE
40,1989,Cuba,0,TRUE,0,FALSE
40,1990,Cuba,0,FALSE,0,FALSE
40,1991,Cuba,0,FALSE,0,FALSE
40,1992,Cuba,0,FALSE,0.002169932,FALSE
40,1993,Cuba,0,FALSE,0.004612149,FALSE
40,1994,Cuba,0,FALSE,0.010581227,FALSE
40,1995,Cuba,9.17e-5,FALSE,0.017745518,FALSE
40,1996,Cuba,0.031949001,FALSE,0.022138038,FALSE
40,1997,Cuba,0.068220214,FALSE,0.027222812,FALSE
40,1998,Cuba,0.226699199,FALSE,0.036759914,FALSE
40,1999,Cuba,0.314690541,FALSE,0.04639527,FALSE
40,2000,Cuba,0.541182549,FALSE,0.058852179,FALSE
40,2001,Cuba,1.079751722,FALSE,0.077016808,FALSE
40,2002,Cuba,3.770585038,FALSE,0.159811267,FALSE
40,2003,Cuba,5.241269054,FALSE,0.315700642,FALSE
40,2004,Cuba,8.407984759,FALSE,0.675233985,FALSE
40,2005,Cuba,9.738062208,FALSE,1.205162957,FALSE
40,2006,Cuba,11.15960131,FALSE,1.356185222,FALSE
40,2007,Cuba,11.69,FALSE,1.759130327,FALSE
40,2008,Cuba,12.94,FALSE,2.941806353,FALSE
40,2009,Cuba,14.33,FALSE,5.505147704,FALSE
40,2010,Cuba,15.9,FALSE,8.883772062,FALSE
40,2011,Cuba,16.0172908,FALSE,11.63974471,FALSE
40,2012,Cuba,21.2,FALSE,14.86958951,FALSE
40,2013,Cuba,27.93,FALSE,17.62738063,FALSE
40,2014,Cuba,29.07018437,FALSE,22.33274085,FALSE
40,2015,Cuba,37.30509742,FALSE,29.41249715,FALSE
40,2016,Cuba,42.97867519,FALSE,35.16042833,FALSE
40,2017,Cuba,57.14840432,FALSE,40.6988106,FALSE
40,2018,Cuba,62.67892362,FALSE,47.43291193,FALSE
40,2019,Cuba,67.97080866,FALSE,53.39569959,FALSE
40,2020,Cuba,74,FALSE,58.95001353,FALSE
40,2021,Cuba,71.11907507,FALSE,63.10466641,FALSE
41,1960,Haiti,0,TRUE,0,FALSE
41,1961,Haiti,0,TRUE,0,TRUE
41,1962,Haiti,0,TRUE,0,TRUE
41,1963,Haiti,0,TRUE,0,TRUE
41,1964,Haiti,0,TRUE,0,TRUE
41,1965,Haiti,0,TRUE,0,FALSE
41,1966,Haiti,0,TRUE,0,TRUE
41,1967,Haiti,0,TRUE,0,TRUE
41,1968,Haiti,0,TRUE,0,TRUE
41,1969,Haiti,0,TRUE,0,TRUE
41,1970,Haiti,0,TRUE,0,FALSE
41,1971,Haiti,0,TRUE,0,TRUE
41,1972,Haiti,0,TRUE,0,TRUE
41,1973,Haiti,0,TRUE,0,TRUE
41,1974,Haiti,0,TRUE,0,TRUE
41,1975,Haiti,0,TRUE,0,FALSE
41,1976,Haiti,0,TRUE,0,FALSE
41,1977,Haiti,0,TRUE,0,FALSE
41,1978,Haiti,0,TRUE,0,FALSE
41,1979,Haiti,0,TRUE,0,FALSE
41,1980,Haiti,0,TRUE,0,FALSE
41,1981,Haiti,0,TRUE,0,FALSE
41,1982,Haiti,0,TRUE,0,FALSE
41,1983,Haiti,0,TRUE,0,FALSE
41,1984,Haiti,0,TRUE,0,FALSE
41,1985,Haiti,0,TRUE,0,FALSE
41,1986,Haiti,0,TRUE,0,FALSE
41,1987,Haiti,0,TRUE,0,FALSE
41,1988,Haiti,0,TRUE,0,FALSE
41,1989,Haiti,0,TRUE,0,FALSE
41,1990,Haiti,0,FALSE,0,FALSE
41,1991,Haiti,0,FALSE,0,FALSE
41,1992,Haiti,0,FALSE,0,FALSE
41,1993,Haiti,0,FALSE,0,FALSE
41,1994,Haiti,0,FALSE,0,FALSE
41,1995,Haiti,0,FALSE,0,FALSE
41,1996,Haiti,0.007484253,FALSE,0,FALSE
41,1997,Haiti,0,TRUE,0,FALSE
41,1998,Haiti,0.023999477,FALSE,0.124055688,FALSE
41,1999,Haiti,0.070658478,FALSE,0.304545982,FALSE
41,2000,Haiti,0.231270715,FALSE,0.65787711,FALSE
41,2001,Haiti,0.340832326,FALSE,1.074987359,FALSE
41,2002,Haiti,0.893432988,FALSE,1.616339623,FALSE
41,2003,Haiti,1.647358346,FALSE,3.63131075,FALSE
41,2004,Haiti,5.401261908,FALSE,4.463543451,FALSE
41,2005,Haiti,6.376201635,FALSE,5.489524687,FALSE
41,2006,Haiti,6.796000481,FALSE,12.95016947,FALSE
41,2007,Haiti,7.2,FALSE,26.53695122,FALSE
41,2008,Haiti,7.6,FALSE,33.41949994,FALSE
41,2009,Haiti,8.1,FALSE,37.48983366,FALSE
41,2010,Haiti,8.37,FALSE,40.63851231,FALSE
41,2011,Haiti,9,FALSE,42.19277033,FALSE
41,2012,Haiti,9.8,FALSE,60.29503373,FALSE
41,2013,Haiti,10.6,FALSE,69.77932224,FALSE
41,2014,Haiti,11.4,FALSE,65.00990133,FALSE
41,2015,Haiti,14.2,FALSE,69.10420223,FALSE
41,2016,Haiti,22.8,FALSE,60.7065734,FALSE
41,2017,Haiti,27.2,FALSE,58.04608514,FALSE
41,2018,Haiti,32.47362713,FALSE,59.95845963,FALSE
41,2019,Haiti,33.3,FALSE,61.31820274,FALSE
41,2020,Haiti,34.5,FALSE,64.73094691,FALSE
41,2021,Haiti,41.26957052668048,TRUE,63.9775839184395,TRUE
42,1960,Dominican Republic,0,TRUE,0,FALSE
42,1961,Dominican Republic,0,TRUE,0,TRUE
42,1962,Dominican Republic,0,TRUE,0,TRUE
42,1963,Dominican Republic,0,TRUE,0,TRUE
42,1964,Dominican Republic,0,TRUE,0,TRUE
42,1965,Dominican Republic,0,TRUE,0,FALSE
42,1966,Dominican Republic,0,TRUE,0,TRUE
42,1967,Dominican Republic,0,TRUE,0,TRUE
42,1968,Dominican Republic,0,TRUE,0,TRUE
42,1969,Dominican Republic,0,TRUE,0,TRUE
42,1970,Dominican Republic,0,TRUE,0,FALSE
42,1971,Dominican Republic,0,TRUE,0,TRUE
42,1972,Dominican Republic,0,TRUE,0,TRUE
42,1973,Dominican Republic,0,TRUE,0,TRUE
42,1974,Dominican Republic,0,TRUE,0,TRUE
42,1975,Dominican Republic,0,TRUE,0,FALSE
42,1976,Dominican Republic,0,TRUE,0,FALSE
42,1977,Dominican Republic,0,TRUE,0,FALSE
42,1978,Dominican Republic,0,TRUE,0,FALSE
42,1979,Dominican Republic,0,TRUE,0,FALSE
42,1980,Dominican Republic,0,TRUE,0,FALSE
42,1981,Dominican Republic,0,TRUE,0,FALSE
42,1982,Dominican Republic,0,TRUE,0,FALSE
42,1983,Dominican Republic,0,TRUE,0,FALSE
42,1984,Dominican Republic,0,TRUE,0,FALSE
42,1985,Dominican Republic,0,TRUE,0,FALSE
42,1986,Dominican Republic,0,TRUE,0,FALSE
42,1987,Dominican Republic,0,TRUE,0,TRUE
42,1988,Dominican Republic,0,TRUE,0,TRUE
42,1989,Dominican Republic,0,TRUE,0,TRUE
42,1990,Dominican Republic,0,FALSE,0.044410131,FALSE
42,1991,Dominican Republic,0,FALSE,0.077008662,FALSE
42,1992,Dominican Republic,0,FALSE,0.096804509,FALSE
42,1993,Dominican Republic,0,FALSE,0.136799086,FALSE
42,1994,Dominican Republic,0,FALSE,0.27175271,FALSE
42,1995,Dominican Republic,0.017233601,FALSE,0.711318386,FALSE
42,1996,Dominican Republic,0.074987053,FALSE,1.030251685,FALSE
42,1997,Dominican Republic,0.142687565,FALSE,1.737308953,FALSE
42,1998,Dominican Republic,0.233914189,FALSE,2.528143136,FALSE
42,1999,Dominican Republic,1.104743874,FALSE,5.045953253,FALSE
42,2000,Dominican Republic,3.704692356,FALSE,8.259550168,FALSE
42,2001,Dominican Republic,4.429390697,FALSE,14.65078025,FALSE
42,2002,Dominican Republic,6.823725733,FALSE,19.33586664,FALSE
42,2003,Dominican Republic,7.898392937,FALSE,23.45233979,FALSE
42,2004,Dominican Republic,8.865553461,FALSE,28.02197735,FALSE
42,2005,Dominican Republic,11.48319778,FALSE,39.53497786,FALSE
42,2006,Dominican Republic,14.84492837,FALSE,49.60766544,FALSE
42,2007,Dominican Republic,17.66,FALSE,58.63367597,FALSE
42,2008,Dominican Republic,20.82,FALSE,75.71692085,FALSE
42,2009,Dominican Republic,27.72,FALSE,89.44610736,FALSE
42,2010,Dominican Republic,31.4,FALSE,90.967736,FALSE
42,2011,Dominican Republic,38,FALSE,88.56030809,FALSE
42,2012,Dominican Republic,42.32,FALSE,89.06690359,FALSE
42,2013,Dominican Republic,45.9,FALSE,90.581508349999993,FALSE
42,2014,Dominican Republic,49.58,FALSE,80.75708159,FALSE
42,2015,Dominican Republic,54.21576634,FALSE,84.54150519,FALSE
42,2016,Dominican Republic,63.87086474,FALSE,82.71721586,FALSE
42,2017,Dominican Republic,67.57124533,FALSE,82.36053386,FALSE
42,2018,Dominican Republic,74.82204836,FALSE,83.02096599,FALSE
42,2019,Dominican Republic,75.8,FALSE,82.22940664,FALSE
42,2020,Dominican Republic,76.9,FALSE,81.72601454,FALSE
42,2021,Dominican Republic,83.77950451890716,TRUE,87.56486177,FALSE
51,1960,Jamaica,0,TRUE,0,FALSE
51,1961,Jamaica,0,TRUE,0,TRUE
51,1962,Jamaica,0,TRUE,0,TRUE
51,1963,Jamaica,0,TRUE,0,TRUE
51,1964,Jamaica,0,TRUE,0,TRUE
51,1965,Jamaica,0,TRUE,0,FALSE
51,1966,Jamaica,0,TRUE,0,TRUE
51,1967,Jamaica,0,TRUE,0,TRUE
51,1968,Jamaica,0,TRUE,0,TRUE
51,1969,Jamaica,0,TRUE,0,TRUE
51,1970,Jamaica,0,TRUE,0,FALSE
51,1971,Jamaica,0,TRUE,0,TRUE
51,1972,Jamaica,0,TRUE,0,TRUE
51,1973,Jamaica,0,TRUE,0,TRUE
51,1974,Jamaica,0,TRUE,0,TRUE
51,1975,Jamaica,0,TRUE,0,FALSE
51,1976,Jamaica,0,TRUE,0,FALSE
51,1977,Jamaica,0,TRUE,0,FALSE
51,1978,Jamaica,0,TRUE,0,FALSE
51,1979,Jamaica,0,TRUE,0,FALSE
51,1980,Jamaica,0,TRUE,0,FALSE
51,1981,Jamaica,0,TRUE,0,FALSE
51,1982,Jamaica,0,TRUE,0,FALSE
51,1983,Jamaica,0,TRUE,0,FALSE
51,1984,Jamaica,0,TRUE,0,FALSE
51,1985,Jamaica,0,TRUE,0,FALSE
51,1986,Jamaica,0,TRUE,0,FALSE
51,1987,Jamaica,0,TRUE,0,FALSE
51,1988,Jamaica,0,TRUE,0,FALSE
51,1989,Jamaica,0,TRUE,0,FALSE
51,1990,Jamaica,0,FALSE,0,FALSE
51,1991,Jamaica,0,FALSE,0.101456672,FALSE
51,1992,Jamaica,0,FALSE,0.313319702,FALSE
51,1993,Jamaica,0,FALSE,0.618975853,FALSE
51,1994,Jamaica,0.036817104,FALSE,1.050889186,FALSE
51,1995,Jamaica,0.109487986,FALSE,1.798776746,FALSE
51,1996,Jamaica,0.591145842,FALSE,2.157216212,FALSE
51,1997,Jamaica,0.797797441,FALSE,2.583021064,FALSE
51,1998,Jamaica,1.978726318,FALSE,3.051502251,FALSE
51,1999,Jamaica,2.355688556,FALSE,5.561363032,FALSE
51,2000,Jamaica,3.115778027,FALSE,14.04759581,FALSE
51,2001,Jamaica,3.863020387,FALSE,22.7708106,FALSE
51,2002,Jamaica,6.1,FALSE,47.18957003,FALSE
51,2003,Jamaica,7.8,FALSE,59.4622386,FALSE
51,2004,Jamaica,10,FALSE,68.97655577,FALSE
51,2005,Jamaica,12.8,FALSE,74.02186813,FALSE
51,2006,Jamaica,16.4,FALSE,84.57016872,FALSE
51,2007,Jamaica,21.1,FALSE,99.37472721,FALSE
51,2008,Jamaica,23.6,FALSE,100.4407361,FALSE
51,2009,Jamaica,24.3,FALSE,108.582825,FALSE
51,2010,Jamaica,27.67,FALSE,116.3904918,FALSE
51,2011,Jamaica,37.43861341,FALSE,107.2546492,FALSE
51,2012,Jamaica,33.79,FALSE,98.37384145,FALSE
51,2013,Jamaica,37.1,FALSE,102.6348215,FALSE
51,2014,Jamaica,40.4027351,FALSE,107.934767,FALSE
51,2015,Jamaica,42.22122119,FALSE,112.2660894,FALSE
51,2016,Jamaica,44.36685637,FALSE,116.5786502,FALSE
51,2017,Jamaica,55.07206705,FALSE,110.0715146,FALSE
51,2018,Jamaica,68.21451709,FALSE,105.44623,FALSE
51,2019,Jamaica,65.01908977253073,TRUE,107.4668426,FALSE
51,2020,Jamaica,69.06294096054681,TRUE,101.8728665,FALSE
51,2021,Jamaica,72.83463051180948,TRUE,102.7483172,FALSE
52,1960,Trinidad and Tobago,0,TRUE,0,FALSE
52,1961,Trinidad and Tobago,0,TRUE,0,TRUE
52,1962,Trinidad and Tobago,0,TRUE,0,TRUE
52,1963,Trinidad and Tobago,0,TRUE,0,TRUE
52,1964,Trinidad and Tobago,0,TRUE,0,TRUE
52,1965,Trinidad and Tobago,0,TRUE,0,FALSE
52,1966,Trinidad and Tobago,0,TRUE,0,TRUE
52,1967,Trinidad and Tobago,0,TRUE,0,TRUE
52,1968,Trinidad and Tobago,0,TRUE,0,TRUE
52,1969,Trinidad and Tobago,0,TRUE,0,TRUE
52,1970,Trinidad and Tobago,0,TRUE,0,FALSE
52,1971,Trinidad and Tobago,0,TRUE,0,TRUE
52,1972,Trinidad and Tobago,0,TRUE,0,TRUE
52,1973,Trinidad and Tobago,0,TRUE,0,TRUE
52,1974,Trinidad and Tobago,0,TRUE,0,TRUE
52,1975,Trinidad and Tobago,0,TRUE,0,FALSE
52,1976,Trinidad and Tobago,0,TRUE,0,FALSE
52,1977,Trinidad and Tobago,0,TRUE,0,FALSE
52,1978,Trinidad and Tobago,0,TRUE,0,FALSE
52,1979,Trinidad and Tobago,0,TRUE,0,FALSE
52,1980,Trinidad and Tobago,0,TRUE,0,FALSE
52,1981,Trinidad and Tobago,0,TRUE,0,FALSE
52,1982,Trinidad and Tobago,0,TRUE,0,FALSE
52,1983,Trinidad and Tobago,0,TRUE,0,FALSE
52,1984,Trinidad and Tobago,0,TRUE,0,FALSE
52,1985,Trinidad and Tobago,0,TRUE,0,FALSE
52,1986,Trinidad and Tobago,0,TRUE,0,FALSE
52,1987,Trinidad and Tobago,0,TRUE,0,FALSE
52,1988,Trinidad and Tobago,0,TRUE,0,FALSE
52,1989,Trinidad and Tobago,0,TRUE,0,FALSE
52,1990,Trinidad and Tobago,0,FALSE,0,FALSE
52,1991,Trinidad and Tobago,0,FALSE,0.03337972,FALSE
52,1992,Trinidad and Tobago,0,FALSE,0.099338624,FALSE
52,1993,Trinidad and Tobago,0,FALSE,0.129755312,FALSE
52,1994,Trinidad and Tobago,0,FALSE,0.199709081,FALSE
52,1995,Trinidad and Tobago,0.158149899,FALSE,0.48576947,FALSE
52,1996,Trinidad and Tobago,0.393080525,FALSE,0.725883448,FALSE
52,1997,Trinidad and Tobago,1.173174658,FALSE,1.300286533,FALSE
52,1998,Trinidad and Tobago,2.724825339,FALSE,1.989078855,FALSE
52,1999,Trinidad and Tobago,5.814250962,FALSE,2.913126892,FALSE
52,2000,Trinidad and Tobago,7.721411474,FALSE,12.14979999,FALSE
52,2001,Trinidad and Tobago,15.38462722,FALSE,19.13284879,FALSE
52,2002,Trinidad and Tobago,21.99867548,FALSE,19.52295901,FALSE
52,2003,Trinidad and Tobago,25.97176411,FALSE,24.84965439,FALSE
52,2004,Trinidad and Tobago,27.02427008,FALSE,47.84031702,FALSE
52,2005,Trinidad and Tobago,28.97671243,FALSE,67.4981283,FALSE
52,2006,Trinidad and Tobago,30.00374858,FALSE,110.3042372,FALSE
52,2007,Trinidad and Tobago,32.3,FALSE,109.0218506,FALSE
52,2008,Trinidad and Tobago,34.8,FALSE,129.6752877,FALSE
52,2009,Trinidad and Tobago,44.3,FALSE,131.7696874,FALSE
52,2010,Trinidad and Tobago,48.5,FALSE,134.3150658,FALSE
52,2011,Trinidad and Tobago,55.2,FALSE,128.6038225,FALSE
52,2012,Trinidad and Tobago,57.5,FALSE,131.6913653,FALSE
52,2013,Trinidad and Tobago,59.9,FALSE,134.9228758,FALSE
52,2014,Trinidad and Tobago,62.4,FALSE,136.5285204,FALSE
52,2015,Trinidad and Tobago,65.1,FALSE,145.4189458,FALSE
52,2016,Trinidad and Tobago,67.8,FALSE,147.4037146,FALSE
52,2017,Trinidad and Tobago,70.6,FALSE,137.3344641,FALSE
52,2018,Trinidad and Tobago,78.99758147506188,TRUE,131.0947831,FALSE
52,2019,Trinidad and Tobago,81.89797878949028,TRUE,142.3545434,FALSE
52,2020,Trinidad and Tobago,84.4765445557819,TRUE,130.9488475,FALSE
52,2021,Trinidad and Tobago,86.7472409601049,TRUE,130.8832291,FALSE
53,1960,Barbados,0,TRUE,0,FALSE
53,1961,Barbados,0,TRUE,0,TRUE
53,1962,Barbados,0,TRUE,0,TRUE
53,1963,Barbados,0,TRUE,0,TRUE
53,1964,Barbados,0,TRUE,0,TRUE
53,1965,Barbados,0,TRUE,0,FALSE
53,1966,Barbados,0,TRUE,0,TRUE
53,1967,Barbados,0,TRUE,0,TRUE
53,1968,Barbados,0,TRUE,0,TRUE
53,1969,Barbados,0,TRUE,0,TRUE
53,1970,Barbados,0,TRUE,0,FALSE
53,1971,Barbados,0,TRUE,0,TRUE
53,1972,Barbados,0,TRUE,0,TRUE
53,1973,Barbados,0,TRUE,0,TRUE
53,1974,Barbados,0,TRUE,0,TRUE
53,1975,Barbados,0,TRUE,0,FALSE
53,1976,Barbados,0,TRUE,0,FALSE
53,1977,Barbados,0,TRUE,0,FALSE
53,1978,Barbados,0,TRUE,0,FALSE
53,1979,Barbados,0,TRUE,0,FALSE
53,1980,Barbados,0,TRUE,0,FALSE
53,1981,Barbados,0,TRUE,0,FALSE
53,1982,Barbados,0,TRUE,0,FALSE
53,1983,Barbados,0,TRUE,0,FALSE
53,1984,Barbados,0,TRUE,0,FALSE
53,1985,Barbados,0,TRUE,0,FALSE
53,1986,Barbados,0,TRUE,0,FALSE
53,1987,Barbados,0,TRUE,0,FALSE
53,1988,Barbados,0,TRUE,0,FALSE
53,1989,Barbados,0,TRUE,0,FALSE
53,1990,Barbados,0,FALSE,0,FALSE
53,1991,Barbados,0,FALSE,0.187353991,FALSE
53,1992,Barbados,0,FALSE,0.305904416,FALSE
53,1993,Barbados,0,FALSE,0.59771031,FALSE
53,1994,Barbados,0,FALSE,1.133688941,FALSE
53,1995,Barbados,0.007752238,FALSE,1.759027693,FALSE
53,1996,Barbados,0.389464214,FALSE,2.390846062,FALSE
53,1997,Barbados,0.783428912,FALSE,3.044175303,FALSE
53,1998,Barbados,1.970249237,FALSE,4.551626827,FALSE
53,1999,Barbados,2.376247035,FALSE,7.687852519,FALSE
53,2000,Barbados,3.973678355,FALSE,10.75618631,FALSE
53,2001,Barbados,11.93645034,FALSE,20.01341488,FALSE
53,2002,Barbados,27.83632242,FALSE,36.47632809,FALSE
53,2003,Barbados,39.68962712,FALSE,52.33664425,FALSE
53,2004,Barbados,49.8,FALSE,74.53790432,FALSE
53,2005,Barbados,52.5,FALSE,76.51487882,FALSE
53,2006,Barbados,55.3,FALSE,87.68350676,FALSE
53,2007,Barbados,58.2,FALSE,94.89839525,FALSE
53,2008,Barbados,61.4,FALSE,105.8785556,FALSE
53,2009,Barbados,64.7,FALSE,123.1084181,FALSE
53,2010,Barbados,65.1,FALSE,127.4288252,FALSE
53,2011,Barbados,66.5,FALSE,126.2920802,FALSE
53,2012,Barbados,71.2,FALSE,126.4657963,FALSE
53,2013,Barbados,71.8,FALSE,111.1400863,FALSE
53,2014,Barbados,75.16,FALSE,110.077011,FALSE
53,2015,Barbados,76.11,FALSE,120.3928324,FALSE
53,2016,Barbados,79.54939789,FALSE,119.2209554,FALSE
53,2017,Barbados,81.76077839,FALSE,118.0445365,FALSE
53,2018,Barbados,92.12658920622948,TRUE,117.7476331,FALSE
53,2019,Barbados,93.594582946422,TRUE,117.5408666,FALSE
53,2020,Barbados,94.80430627374946,TRUE,105.0970277,FALSE
53,2021,Barbados,95.79582449837336,TRUE,112.6006401,FALSE
70,1960,Mexico,0,TRUE,0,FALSE
70,1961,Mexico,0,TRUE,0,TRUE
70,1962,Mexico,0,TRUE,0,TRUE
70,1963,Mexico,0,TRUE,0,TRUE
70,1964,Mexico,0,TRUE,0,TRUE
70,1965,Mexico,0,TRUE,0,FALSE
70,1966,Mexico,0,TRUE,0,TRUE
70,1967,Mexico,0,TRUE,0,TRUE
70,1968,Mexico,0,TRUE,0,TRUE
70,1969,Mexico,0,TRUE,0,TRUE
70,1970,Mexico,0,TRUE,0,FALSE
70,1971,Mexico,0,TRUE,0,TRUE
70,1972,Mexico,0,TRUE,0,TRUE
70,1973,Mexico,0,TRUE,0,TRUE
70,1974,Mexico,0,TRUE,0,TRUE
70,1975,Mexico,0,TRUE,0,FALSE
70,1976,Mexico,0,TRUE,0,FALSE
70,1977,Mexico,0,TRUE,0,FALSE
70,1978,Mexico,0,TRUE,0,FALSE
70,1979,Mexico,0,TRUE,0,FALSE
70,1980,Mexico,0,TRUE,0,FALSE
70,1981,Mexico,0,TRUE,0,FALSE
70,1982,Mexico,0,TRUE,0,FALSE
70,1983,Mexico,0,TRUE,0,FALSE
70,1984,Mexico,0,TRUE,0,FALSE
70,1985,Mexico,0,TRUE,0,FALSE
70,1986,Mexico,0,TRUE,0,FALSE
70,1987,Mexico,0,TRUE,0,FALSE
70,1988,Mexico,0,TRUE,0.001901333,FALSE
70,1989,Mexico,0,TRUE,0.010594046,FALSE
70,1990,Mexico,0,FALSE,0.078225239,FALSE
70,1991,Mexico,0.005880695,FALSE,0.193035298,FALSE
70,1992,Mexico,0.01730781,FALSE,0.367849584,FALSE
70,1993,Mexico,0.028305042,FALSE,0.445630607,FALSE
70,1994,Mexico,0.043339167,FALSE,0.644573077,FALSE
70,1995,Mexico,0.10256419,FALSE,0.765273175,FALSE
70,1996,Mexico,0.20040628,FALSE,1.115775127,FALSE
70,1997,Mexico,0.62731154,FALSE,1.868165056,FALSE
70,1998,Mexico,1.265783278,FALSE,3.534421225,FALSE
70,1999,Mexico,1.857436221,FALSE,8.02579566,FALSE
70,2000,Mexico,5.081384153,FALSE,14.38375898,FALSE
70,2001,Mexico,7.038023117,FALSE,21.89015027,FALSE
70,2002,Mexico,11.9,FALSE,25.69264365,FALSE
70,2003,Mexico,12.9,FALSE,29.3838657,FALSE
70,2004,Mexico,14.1,FALSE,36.99151884,FALSE
70,2005,Mexico,17.21,FALSE,44.69619916,FALSE
70,2006,Mexico,19.52,FALSE,51.82629303,FALSE
70,2007,Mexico,20.81,FALSE,61.45672658,FALSE
70,2008,Mexico,21.71,FALSE,68.65461989,FALSE
70,2009,Mexico,26.34,FALSE,74.91580596,FALSE
70,2010,Mexico,31.05,FALSE,81.206383400000007,FALSE
70,2011,Mexico,37.17629541,FALSE,82.85839199,FALSE
70,2012,Mexico,39.75,FALSE,87.0169211,FALSE
70,2013,Mexico,43.46,FALSE,91.01095461,FALSE
70,2014,Mexico,44.39,FALSE,88.37316756,FALSE
70,2015,Mexico,57.43104299,FALSE,89.62827659,FALSE
70,2016,Mexico,59.540446,FALSE,91.94482417,FALSE
70,2017,Mexico,63.85224909,FALSE,93.07232465,FALSE
70,2018,Mexico,65.77263448,FALSE,96.89668563,FALSE
70,2019,Mexico,70.06991047,FALSE,97.561569,FALSE
70,2020,Mexico,71.96819405,FALSE,97.53972081,FALSE
70,2021,Mexico,71.96819405,FALSE,97.80246796,FALSE
80,1960,Belize,0,TRUE,0,FALSE
80,1961,Belize,0,TRUE,0,TRUE
80,1962,Belize,0,TRUE,0,TRUE
80,1963,Belize,0,TRUE,0,TRUE
80,1964,Belize,0,TRUE,0,TRUE
80,1965,Belize,0,TRUE,0,FALSE
80,1966,Belize,0,TRUE,0,TRUE
80,1967,Belize,0,TRUE,0,TRUE
80,1968,Belize,0,TRUE,0,TRUE
80,1969,Belize,0,TRUE,0,TRUE
80,1970,Belize,0,TRUE,0,FALSE
80,1971,Belize,0,TRUE,0,TRUE
80,1972,Belize,0,TRUE,0,TRUE
80,1973,Belize,0,TRUE,0,TRUE
80,1974,Belize,0,TRUE,0,TRUE
80,1975,Belize,0,TRUE,0,FALSE
80,1976,Belize,0,TRUE,0,FALSE
80,1977,Belize,0,TRUE,0,FALSE
80,1978,Belize,0,TRUE,0,FALSE
80,1979,Belize,0,TRUE,0,FALSE
80,1980,Belize,0,TRUE,0,FALSE
80,1981,Belize,0,TRUE,0,FALSE
80,1982,Belize,0,TRUE,0,FALSE
80,1983,Belize,0,TRUE,0,FALSE
80,1984,Belize,0,TRUE,0,FALSE
80,1985,Belize,0,TRUE,0,FALSE
80,1986,Belize,0,TRUE,0,FALSE
80,1987,Belize,0,TRUE,0,FALSE
80,1988,Belize,0,TRUE,0,FALSE
80,1989,Belize,0,TRUE,0,FALSE
80,1990,Belize,0,FALSE,0,FALSE
80,1991,Belize,0,FALSE,0,FALSE
80,1992,Belize,0,FALSE,0,FALSE
80,1993,Belize,0,FALSE,0.205997621,FALSE
80,1994,Belize,0,FALSE,0.419321022,FALSE
80,1995,Belize,0.04539718,FALSE,0.759987424,FALSE
80,1996,Belize,0.882807327,FALSE,1.040792985,FALSE
80,1997,Belize,1.288582302,FALSE,1.171718474,FALSE
80,1998,Belize,2.091516391,FALSE,1.571760772,FALSE
80,1999,Belize,4.076740564,FALSE,2.832000619,FALSE
80,2000,Belize,5.963835303,FALSE,6.993169888,FALSE
80,2001,Belize,8.926292504121818,TRUE,15.78194277,FALSE
80,2002,Belize,5.684251214,FALSE,20.2076668,FALSE
80,2003,Belize,11.504699951868098,TRUE,22.88009758,FALSE
80,2004,Belize,9.8,FALSE,27.56055974,FALSE
80,2005,Belize,17,FALSE,34.23985733,FALSE
80,2006,Belize,24,FALSE,40.86877314,FALSE
80,2007,Belize,24.6,FALSE,39.813038830000004,FALSE
80,2008,Belize,26.3,FALSE,52.35432867,FALSE
80,2009,Belize,27.2,FALSE,51.49536875,FALSE
80,2010,Belize,28.2,FALSE,60.29102221,FALSE
80,2011,Belize,30.7,FALSE,67.49054737,FALSE
80,2012,Belize,31,FALSE,51.15513901,FALSE
80,2013,Belize,33.6,FALSE,50.65885671,FALSE
80,2014,Belize,38.7,FALSE,48.90232307,FALSE
80,2015,Belize,41.59,FALSE,58.89499293,FALSE
80,2016,Belize,44.57574032,FALSE,60.69172801,FALSE
80,2017,Belize,47.0826258,FALSE,63.90324879,FALSE
80,2018,Belize,49.8,FALSE,64.46818089,FALSE
80,2019,Belize,50.8,FALSE,65.51587659,FALSE
80,2020,Belize,58.9243039837783,TRUE,66.84898207,FALSE
80,2021,Belize,62.294663682414104,TRUE,61.28441326752014,TRUE
90,1960,Guatemala,0,TRUE,0,FALSE
90,1961,Guatemala,0,TRUE,0,TRUE
90,1962,Guatemala,0,TRUE,0,TRUE
90,1963,Guatemala,0,TRUE,0,TRUE
90,1964,Guatemala,0,TRUE,0,TRUE
90,1965,Guatemala,0,TRUE,0,FALSE
90,1966,Guatemala,0,TRUE,0,TRUE
90,1967,Guatemala,0,TRUE,0,TRUE
90,1968,Guatemala,0,TRUE,0,TRUE
90,1969,Guatemala,0,TRUE,0,TRUE
90,1970,Guatemala,0,TRUE,0,FALSE
90,1971,Guatemala,0,TRUE,0,TRUE
90,1972,Guatemala,0,TRUE,0,TRUE
90,1973,Guatemala,0,TRUE,0,TRUE
90,1974,Guatemala,0,TRUE,0,TRUE
90,1975,Guatemala,0,TRUE,0,FALSE
90,1976,Guatemala,0,TRUE,0,FALSE
90,1977,Guatemala,0,TRUE,0,FALSE
90,1978,Guatemala,0,TRUE,0,FALSE
90,1979,Guatemala,0,TRUE,0,FALSE
90,1980,Guatemala,0,TRUE,0,FALSE
90,1981,Guatemala,0,TRUE,0,FALSE
90,1982,Guatemala,0,TRUE,0,FALSE
90,1983,Guatemala,0,TRUE,0,FALSE
90,1984,Guatemala,0,TRUE,0,FALSE
90,1985,Guatemala,0,TRUE,0,FALSE
90,1986,Guatemala,0,TRUE,0,FALSE
90,1987,Guatemala,0,TRUE,0,FALSE
90,1988,Guatemala,0,TRUE,0,FALSE
90,1989,Guatemala,0,TRUE,0,FALSE
90,1990,Guatemala,0,FALSE,0.003225174,FALSE
90,1991,Guatemala,0,FALSE,0.01308744,FALSE
90,1992,Guatemala,0,FALSE,0.022356507,FALSE
90,1993,Guatemala,0,FALSE,0.030411311,FALSE
90,1994,Guatemala,0,FALSE,0.103636274,FALSE
90,1995,Guatemala,0.002998005,FALSE,0.289479296,FALSE
90,1996,Guatemala,0.019534871,FALSE,0.408387918,FALSE
90,1997,Guatemala,0.095476021,FALSE,0.588645184,FALSE
90,1998,Guatemala,0.466590444,FALSE,0.996465318,FALSE
90,1999,Guatemala,0.592652945,FALSE,2.946742985,FALSE
90,2000,Guatemala,0.712332905,FALSE,7.300943584,FALSE
90,2001,Guatemala,1.738201782,FALSE,9.546360896,FALSE
90,2002,Guatemala,3.39174627,FALSE,12.83241236,FALSE
90,2003,Guatemala,4.548854908,FALSE,16.18690866,FALSE
90,2004,Guatemala,5.1,FALSE,24.65101557,FALSE
90,2005,Guatemala,5.7,FALSE,34.34196966,FALSE
90,2006,Guatemala,6.5,FALSE,53.52317101,FALSE
90,2007,Guatemala,7.3,FALSE,86.86504525,FALSE
90,2008,Guatemala,8.3,FALSE,106.9329547,FALSE
90,2009,Guatemala,9.3,FALSE,121.3756936,FALSE
90,2010,Guatemala,10.5,FALSE,124.2372253,FALSE
90,2011,Guatemala,12.3,FALSE,131.3187407,FALSE
90,2012,Guatemala,16,FALSE,137.4052058,FALSE
90,2013,Guatemala,19.7,FALSE,140.8080978,FALSE
90,2014,Guatemala,23.4,FALSE,107.624353,FALSE
90,2015,Guatemala,28.80594156,FALSE,113.250852,FALSE
90,2016,Guatemala,34.50932609,FALSE,112.1141459,FALSE
90,2017,Guatemala,37.9,FALSE,120.555015,FALSE
90,2018,Guatemala,41.5,FALSE,121.4676927,FALSE
90,2019,Guatemala,44.40104984,FALSE,122.0257077,FALSE
90,2020,Guatemala,49.97,FALSE,117.4393951,FALSE
90,2021,Guatemala,50.84164945,FALSE,125.6487512,FALSE
91,1960,Honduras,0,TRUE,0,FALSE
91,1961,Honduras,0,TRUE,0,TRUE
91,1962,Honduras,0,TRUE,0,TRUE
91,1963,Honduras,0,TRUE,0,TRUE
91,1964,Honduras,0,TRUE,0,TRUE
91,1965,Honduras,0,TRUE,0,FALSE
91,1966,Honduras,0,TRUE,0,TRUE
91,1967,Honduras,0,TRUE,0,TRUE
91,1968,Honduras,0,TRUE,0,TRUE
91,1969,Honduras,0,TRUE,0,TRUE
91,1970,Honduras,0,TRUE,0,FALSE
91,1971,Honduras,0,TRUE,0,TRUE
91,1972,Honduras,0,TRUE,0,TRUE
91,1973,Honduras,0,TRUE,0,TRUE
91,1974,Honduras,0,TRUE,0,TRUE
91,1975,Honduras,0,TRUE,0,FALSE
91,1976,Honduras,0,TRUE,0,FALSE
91,1977,Honduras,0,TRUE,0,FALSE
91,1978,Honduras,0,TRUE,0,FALSE
91,1979,Honduras,0,TRUE,0,FALSE
91,1980,Honduras,0,TRUE,0,FALSE
91,1981,Honduras,0,TRUE,0,FALSE
91,1982,Honduras,0,TRUE,0,FALSE
91,1983,Honduras,0,TRUE,0,FALSE
91,1984,Honduras,0,TRUE,0,FALSE
91,1985,Honduras,0,TRUE,0,FALSE
91,1986,Honduras,0,TRUE,0,FALSE
91,1987,Honduras,0,TRUE,0,FALSE
91,1988,Honduras,0,TRUE,0,FALSE
91,1989,Honduras,0,TRUE,0,FALSE
91,1990,Honduras,0,FALSE,0,FALSE
91,1991,Honduras,0,FALSE,0,FALSE
91,1992,Honduras,0,FALSE,0,FALSE
91,1993,Honduras,0,FALSE,0,FALSE
91,1994,Honduras,0,FALSE,0,FALSE
91,1995,Honduras,0.036775252,FALSE,0,FALSE
91,1996,Honduras,0.043711246,FALSE,0.038667793,FALSE
91,1997,Honduras,0.170996468,FALSE,0.234810173,FALSE
91,1998,Honduras,0.301247214,FALSE,0.553155193,FALSE
91,1999,Honduras,0.573575476,FALSE,1.213271137,FALSE
91,2000,Honduras,1.203855999,FALSE,2.332543405,FALSE
91,2001,Honduras,1.415281931,FALSE,3.475194439,FALSE
91,2002,Honduras,2.597402597,FALSE,4.651172067,FALSE
91,2003,Honduras,4.8,FALSE,5.267541253,FALSE
91,2004,Honduras,5.6,FALSE,9.578248846,FALSE
91,2005,Honduras,6.5,FALSE,16.94021888,FALSE
91,2006,Honduras,7.8,FALSE,28.93089914,FALSE
91,2007,Honduras,9.4,FALSE,52.80906136,FALSE
91,2008,Honduras,9.6,FALSE,76.65862687,FALSE
91,2009,Honduras,9.8,FALSE,101.3706519,FALSE
91,2010,Honduras,11.09,FALSE,112.473642,FALSE
91,2011,Honduras,15.9,FALSE,93.50217756,FALSE
91,2012,Honduras,18.12,FALSE,83.82310291,FALSE
91,2013,Honduras,17.8,FALSE,86.68153462,FALSE
91,2014,Honduras,23,FALSE,84.63214651,FALSE
91,2015,Honduras,27.1,FALSE,86.59296148,FALSE
91,2016,Honduras,29.5,FALSE,82.79219153,FALSE
91,2017,Honduras,31.7,FALSE,85.52647898,FALSE
91,2018,Honduras,36,FALSE,77.49076112,FALSE
91,2019,Honduras,39.38835219,FALSE,75.91082245,FALSE
91,2020,Honduras,42.05,FALSE,68.76918576,FALSE
91,2021,Honduras,48.09866377460848,TRUE,73.55959801,FALSE
92,1960,El Salvador,0,TRUE,0,FALSE
92,1961,El Salvador,0,TRUE,0,TRUE
92,1962,El Salvador,0,TRUE,0,TRUE
92,1963,El Salvador,0,TRUE,0,TRUE
92,1964,El Salvador,0,TRUE,0,TRUE
92,1965,El Salvador,0,TRUE,0,FALSE
92,1966,El Salvador,0,TRUE,0,TRUE
92,1967,El Salvador,0,TRUE,0,TRUE
92,1968,El Salvador,0,TRUE,0,TRUE
92,1969,El Salvador,0,TRUE,0,TRUE
92,1970,El Salvador,0,TRUE,0,FALSE
92,1971,El Salvador,0,TRUE,0,TRUE
92,1972,El Salvador,0,TRUE,0,TRUE
92,1973,El Salvador,0,TRUE,0,TRUE
92,1974,El Salvador,0,TRUE,0,TRUE
92,1975,El Salvador,0,TRUE,0,FALSE
92,1976,El Salvador,0,TRUE,0,FALSE
92,1977,El Salvador,0,TRUE,0,FALSE
92,1978,El Salvador,0,TRUE,0,FALSE
92,1979,El Salvador,0,TRUE,0,FALSE
92,1980,El Salvador,0,TRUE,0,FALSE
92,1981,El Salvador,0,TRUE,0,FALSE
92,1982,El Salvador,0,TRUE,0,FALSE
92,1983,El Salvador,0,TRUE,0,FALSE
92,1984,El Salvador,0,TRUE,0,FALSE
92,1985,El Salvador,0,TRUE,0,FALSE
92,1986,El Salvador,0,TRUE,0,FALSE
92,1987,El Salvador,0,TRUE,0,FALSE
92,1988,El Salvador,0,TRUE,0,FALSE
92,1989,El Salvador,0,TRUE,0,FALSE
92,1990,El Salvador,0,FALSE,0,FALSE
92,1991,El Salvador,0,FALSE,0,FALSE
92,1992,El Salvador,0,FALSE,0,FALSE
92,1993,El Salvador,0,FALSE,0.028982486,FALSE
92,1994,El Salvador,0,FALSE,0.085507948,FALSE
92,1995,El Salvador,0,FALSE,0.234421373,FALSE
92,1996,El Salvador,0.086389580999999993,FALSE,0.401404831,FALSE
92,1997,El Salvador,0.256960679,FALSE,0.68741209,FALSE
92,1998,El Salvador,0.425253672,FALSE,2.32985669,FALSE
92,1999,El Salvador,0.845428741,FALSE,8.632305466,FALSE
92,2000,El Salvador,1.177397269,FALSE,12.48015854,FALSE
92,2001,El Salvador,1.5,FALSE,14.32478944,FALSE
92,2002,El Salvador,1.9,FALSE,14.78584826,FALSE
92,2003,El Salvador,2.5,FALSE,19.07779987,FALSE
92,2004,El Salvador,3.2,FALSE,30.36254883,FALSE
92,2005,El Salvador,4.2,FALSE,39.94412219,FALSE
92,2006,El Salvador,5.5,FALSE,63.82719114,FALSE
92,2007,El Salvador,6.11,FALSE,101.542819,FALSE
92,2008,El Salvador,10.08,FALSE,114.5449835,FALSE
92,2009,El Salvador,12.11,FALSE,124.2162448,FALSE
92,2010,El Salvador,15.9,FALSE,125.9452597,FALSE
92,2011,El Salvador,18.9,FALSE,135.5007081,FALSE
92,2012,El Salvador,20.32138772,FALSE,140.3764699,FALSE
92,2013,El Salvador,23.1093,FALSE,145.3672715,FALSE
92,2014,El Salvador,24.76171215,FALSE,148.0522346,FALSE
92,2015,El Salvador,26.80260496,FALSE,149.7999219,FALSE
92,2016,El Salvador,28.99707305,FALSE,154.1835626,FALSE
92,2017,El Salvador,33.8207289,FALSE,151.2456887,FALSE
92,2018,El Salvador,43.8,FALSE,150.3024373,FALSE
92,2019,El Salvador,50.49119319,FALSE,165.5481968,FALSE
92,2020,El Salvador,54.60137027,FALSE,158.1030557,FALSE
92,2021,El Salvador,58.024676935957594,TRUE,175.3370318,FALSE
93,1960,Nicaragua,0,TRUE,0,FALSE
93,1961,Nicaragua,0,TRUE,0,TRUE
93,1962,Nicaragua,0,TRUE,0,TRUE
93,1963,Nicaragua,0,TRUE,0,TRUE
93,1964,Nicaragua,0,TRUE,0,TRUE
93,1965,Nicaragua,0,TRUE,0,FALSE
93,1966,Nicaragua,0,TRUE,0,TRUE
93,1967,Nicaragua,0,TRUE,0,TRUE
93,1968,Nicaragua,0,TRUE,0,TRUE
93,1969,Nicaragua,0,TRUE,0,TRUE
93,1970,Nicaragua,0,TRUE,0,FALSE
93,1971,Nicaragua,0,TRUE,0,TRUE
93,1972,Nicaragua,0,TRUE,0,TRUE
93,1973,Nicaragua,0,TRUE,0,TRUE
93,1974,Nicaragua,0,TRUE,0,TRUE
93,1975,Nicaragua,0,TRUE,0,FALSE
93,1976,Nicaragua,0,TRUE,0,FALSE
93,1977,Nicaragua,0,TRUE,0,FALSE
93,1978,Nicaragua,0,TRUE,0,FALSE
93,1979,Nicaragua,0,TRUE,0,FALSE
93,1980,Nicaragua,0,TRUE,0,FALSE
93,1981,Nicaragua,0,TRUE,0,FALSE
93,1982,Nicaragua,0,TRUE,0,FALSE
93,1983,Nicaragua,0,TRUE,0,FALSE
93,1984,Nicaragua,0,TRUE,0,FALSE
93,1985,Nicaragua,0,TRUE,0,FALSE
93,1986,Nicaragua,0,TRUE,0,FALSE
93,1987,Nicaragua,0,TRUE,0,FALSE
93,1988,Nicaragua,0,TRUE,0,FALSE
93,1989,Nicaragua,0,TRUE,0,FALSE
93,1990,Nicaragua,0,FALSE,0,FALSE
93,1991,Nicaragua,0,FALSE,0,FALSE
93,1992,Nicaragua,0,FALSE,0,FALSE
93,1993,Nicaragua,0,FALSE,0.007157551,FALSE
93,1994,Nicaragua,0.013166228,FALSE,0.047197347,FALSE
93,1995,Nicaragua,0.030046478,FALSE,0.093182257,FALSE
93,1996,Nicaragua,0.084093291,FALSE,0.105976404,FALSE
93,1997,Nicaragua,0.206216818,FALSE,0.154412963,FALSE
93,1998,Nicaragua,0.303808975,FALSE,0.368073346,FALSE
93,1999,Nicaragua,0.497901643,FALSE,0.875842941,FALSE
93,2000,Nicaragua,0.980216487,FALSE,1.762445586,FALSE
93,2001,Nicaragua,1.448799428,FALSE,3.168043069,FALSE
93,2002,Nicaragua,1.714729584,FALSE,4.511270761,FALSE
93,2003,Nicaragua,1.880412532,FALSE,8.767622846,FALSE
93,2004,Nicaragua,2.320664609,FALSE,13.71320868,FALSE
93,2005,Nicaragua,2.566351177,FALSE,20.52144966,FALSE
93,2006,Nicaragua,2.805573063,FALSE,33.09732772,FALSE
93,2007,Nicaragua,3.9,FALSE,44.62419926,FALSE
93,2008,Nicaragua,5.3,FALSE,54.64384473,FALSE
93,2009,Nicaragua,7.3,FALSE,57.95828815,FALSE
93,2010,Nicaragua,10,FALSE,67.66439527,FALSE
93,2011,Nicaragua,10.6,FALSE,81.16938965,FALSE
93,2012,Nicaragua,13.5,FALSE,97.03373143,FALSE
93,2013,Nicaragua,15.5,FALSE,111.2683166,FALSE
93,2014,Nicaragua,17.6,FALSE,113.8384416,FALSE
93,2015,Nicaragua,19.7042915,FALSE,115.3296496,FALSE
93,2016,Nicaragua,24.57183396,FALSE,121.2275335,FALSE
93,2017,Nicaragua,30.4,FALSE,126.2222916,FALSE
93,2018,Nicaragua,37.6,FALSE,113.2267851,FALSE
93,2019,Nicaragua,37.8,FALSE,86.86221512,FALSE
93,2020,Nicaragua,45.2,FALSE,88.25160841,FALSE
93,2021,Nicaragua,50.55503072176615,TRUE,90.99814029,FALSE
94,1960,Costa Rica,0,TRUE,0,FALSE
94,1961,Costa Rica,0,TRUE,0,TRUE
94,1962,Costa Rica,0,TRUE,0,TRUE
94,1963,Costa Rica,0,TRUE,0,TRUE
94,1964,Costa Rica,0,TRUE,0,TRUE
94,1965,Costa Rica,0,TRUE,0,FALSE
94,1966,Costa Rica,0,TRUE,0,TRUE
94,1967,Costa Rica,0,TRUE,0,TRUE
94,1968,Costa Rica,0,TRUE,0,TRUE
94,1969,Costa Rica,0,TRUE,0,TRUE
94,1970,Costa Rica,0,TRUE,0,FALSE
94,1971,Costa Rica,0,TRUE,0,TRUE
94,1972,Costa Rica,0,TRUE,0,TRUE
94,1973,Costa Rica,0,TRUE,0,TRUE
94,1974,Costa Rica,0,TRUE,0,TRUE
94,1975,Costa Rica,0,TRUE,0,FALSE
94,1976,Costa Rica,0,TRUE,0,FALSE
94,1977,Costa Rica,0,TRUE,0,FALSE
94,1978,Costa Rica,0,TRUE,0,FALSE
94,1979,Costa Rica,0,TRUE,0,FALSE
94,1980,Costa Rica,0,TRUE,0,FALSE
94,1981,Costa Rica,0,TRUE,0,FALSE
94,1982,Costa Rica,0,TRUE,0,FALSE
94,1983,Costa Rica,0,TRUE,0,FALSE
94,1984,Costa Rica,0,TRUE,0,FALSE
94,1985,Costa Rica,0,TRUE,0,FALSE
94,1986,Costa Rica,0,TRUE,0,FALSE
94,1987,Costa Rica,0,TRUE,0,FALSE
94,1988,Costa Rica,0,TRUE,0,FALSE
94,1989,Costa Rica,0,TRUE,0,FALSE
94,1990,Costa Rica,0,FALSE,0,FALSE
94,1991,Costa Rica,0,FALSE,0,FALSE
94,1992,Costa Rica,0.001113325,FALSE,0.090549498,FALSE
94,1993,Costa Rica,0.081509754,FALSE,0.133113211,FALSE
94,1994,Costa Rica,0.279912479,FALSE,0.200191909,FALSE
94,1995,Costa Rica,0.416829206,FALSE,0.524790252,FALSE
94,1996,Costa Rica,0.84105704,FALSE,1.272648304,FALSE
94,1997,Costa Rica,1.640221288,FALSE,1.721843643,FALSE
94,1998,Costa Rica,2.666378698,FALSE,2.846322652,FALSE
94,1999,Costa Rica,3.904323257,FALSE,3.541727008,FALSE
94,2000,Costa Rica,5.800253023,FALSE,5.31801431,FALSE
94,2001,Costa Rica,9.559482135,FALSE,8.066274189,FALSE
94,2002,Costa Rica,19.89485113,FALSE,12.18830827,FALSE
94,2003,Costa Rica,20.33361481,FALSE,18.58131934,FALSE
94,2004,Costa Rica,20.79230671,FALSE,21.70532355,FALSE
94,2005,Costa Rica,22.07,FALSE,25.51746605,FALSE
94,2006,Costa Rica,25.1,FALSE,32.97533765,FALSE
94,2007,Costa Rica,28.4,FALSE,33.96875103,FALSE
94,2008,Costa Rica,32.29,FALSE,41.90588862,FALSE
94,2009,Costa Rica,34.33,FALSE,42.74082225,FALSE
94,2010,Costa Rica,36.5,FALSE,67.68068898,FALSE
94,2011,Costa Rica,39.212196,FALSE,88.74215105,FALSE
94,2012,Costa Rica,47.5,FALSE,113.5432338,FALSE
94,2013,Costa Rica,45.96,FALSE,148.4280298,FALSE
94,2014,Costa Rica,53,FALSE,144.9214415,FALSE
94,2015,Costa Rica,59.76295014,FALSE,153.9372109,FALSE
94,2016,Costa Rica,65.88044919,FALSE,168.4594269,FALSE
94,2017,Costa Rica,71.58166462,FALSE,177.0248638,FALSE
94,2018,Costa Rica,73.47972844,FALSE,168.5386493,FALSE
94,2019,Costa Rica,81.20259644,FALSE,168.1618485,FALSE
94,2020,Costa Rica,80.530186079999993,FALSE,146.6370492,FALSE
94,2021,Costa Rica,82.74901607,FALSE,152.0081561,FALSE
95,1960,Panama,0,TRUE,0,FALSE
95,1961,Panama,0,TRUE,0,TRUE
95,1962,Panama,0,TRUE,0,TRUE
95,1963,Panama,0,TRUE,0,TRUE
95,1964,Panama,0,TRUE,0,TRUE
95,1965,Panama,0,TRUE,0,FALSE
95,1966,Panama,0,TRUE,0,TRUE
95,1967,Panama,0,TRUE,0,TRUE
95,1968,Panama,0,TRUE,0,TRUE
95,1969,Panama,0,TRUE,0,TRUE
95,1970,Panama,0,TRUE,0,FALSE
95,1971,Panama,0,TRUE,0,TRUE
95,1972,Panama,0,TRUE,0,TRUE
95,1973,Panama,0,TRUE,0,TRUE
95,1974,Panama,0,TRUE,0,TRUE
95,1975,Panama,0,TRUE,0,FALSE
95,1976,Panama,0,TRUE,0,FALSE
95,1977,Panama,0,TRUE,0,FALSE
95,1978,Panama,0,TRUE,0,FALSE
95,1979,Panama,0,TRUE,0,FALSE
95,1980,Panama,0,TRUE,0,FALSE
95,1981,Panama,0,TRUE,0,FALSE
95,1982,Panama,0,TRUE,0,FALSE
95,1983,Panama,0,TRUE,0,FALSE
95,1984,Panama,0,TRUE,0,FALSE
95,1985,Panama,0,TRUE,0,FALSE
95,1986,Panama,0,TRUE,0,FALSE
95,1987,Panama,0,TRUE,0,FALSE
95,1988,Panama,0,TRUE,0,FALSE
95,1989,Panama,0,TRUE,0,FALSE
95,1990,Panama,0,FALSE,0,FALSE
95,1991,Panama,0,FALSE,0,FALSE
95,1992,Panama,0,FALSE,0,FALSE
95,1993,Panama,0,FALSE,0,FALSE
95,1994,Panama,0.007636899,FALSE,0,FALSE
95,1995,Panama,0.056123043,FALSE,0,FALSE
95,1996,Panama,0.219998526,FALSE,0.25256115,FALSE
95,1997,Panama,0.539065541,FALSE,0.830058925,FALSE
95,1998,Panama,2.750648071,FALSE,2.976698822,FALSE
95,1999,Panama,3.836864509,FALSE,7.912963114,FALSE
95,2000,Panama,6.554796477,FALSE,13.67214451,FALSE
95,2001,Panama,7.268399878,FALSE,15.52228927,FALSE
95,2002,Panama,8.518077815,FALSE,16.8486602,FALSE
95,2003,Panama,9.987424077,FALSE,21.76276901,FALSE
95,2004,Panama,11.14086254,FALSE,38.84758508,FALSE
95,2005,Panama,11.48400928,FALSE,52.89805885,FALSE
95,2006,Panama,17.34956617,FALSE,64.55108304,FALSE
95,2007,Panama,22.29,FALSE,87.73233237,FALSE
95,2008,Panama,33.82,FALSE,112.0153602,FALSE
95,2009,Panama,39.08,FALSE,170.4438993,FALSE
95,2010,Panama,40.1,FALSE,183.417508,FALSE
95,2011,Panama,42.7,FALSE,182.5975676,FALSE
95,2012,Panama,40.30189522,FALSE,165.480489,FALSE
95,2013,Panama,44.03,FALSE,162.3588926,FALSE
95,2014,Panama,44.92,FALSE,177.5895959,FALSE
95,2015,Panama,51.20542499,FALSE,145.1045438,FALSE
95,2016,Panama,54,FALSE,127.7034008,FALSE
95,2017,Panama,59.9506309,FALSE,128.909028,FALSE
95,2018,Panama,61.80553132,FALSE,137.3834585,FALSE
95,2019,Panama,63.62841477,FALSE,137.6404715,FALSE
95,2020,Panama,64.25,FALSE,142.2454753,FALSE
95,2021,Panama,74.28210086387378,TRUE,137.9656776,FALSE
100,1960,Colombia,0,TRUE,0,FALSE
100,1961,Colombia,0,TRUE,0,TRUE
100,1962,Colombia,0,TRUE,0,TRUE
100,1963,Colombia,0,TRUE,0,TRUE
100,1964,Colombia,0,TRUE,0,TRUE
100,1965,Colombia,0,TRUE,0,FALSE
100,1966,Colombia,0,TRUE,0,TRUE
100,1967,Colombia,0,TRUE,0,TRUE
100,1968,Colombia,0,TRUE,0,TRUE
100,1969,Colombia,0,TRUE,0,TRUE
100,1970,Colombia,0,TRUE,0,FALSE
100,1971,Colombia,0,TRUE,0,TRUE
100,1972,Colombia,0,TRUE,0,TRUE
100,1973,Colombia,0,TRUE,0,TRUE
100,1974,Colombia,0,TRUE,0,TRUE
100,1975,Colombia,0,TRUE,0,FALSE
100,1976,Colombia,0,TRUE,0,FALSE
100,1977,Colombia,0,TRUE,0,FALSE
100,1978,Colombia,0,TRUE,0,FALSE
100,1979,Colombia,0,TRUE,0,FALSE
100,1980,Colombia,0,TRUE,0,FALSE
100,1981,Colombia,0,TRUE,0,FALSE
100,1982,Colombia,0,TRUE,0,FALSE
100,1983,Colombia,0,TRUE,0,FALSE
100,1984,Colombia,0,TRUE,0,FALSE
100,1985,Colombia,0,TRUE,0,FALSE
100,1986,Colombia,0,TRUE,0,FALSE
100,1987,Colombia,0,TRUE,0,FALSE
100,1988,Colombia,0,TRUE,0,FALSE
100,1989,Colombia,0,TRUE,0,FALSE
100,1990,Colombia,0,FALSE,0,FALSE
100,1991,Colombia,0,FALSE,0,FALSE
100,1992,Colombia,0,FALSE,0,FALSE
100,1993,Colombia,0,FALSE,0,FALSE
100,1994,Colombia,0.107173945,FALSE,0.245938139,FALSE
100,1995,Colombia,0.18804679,FALSE,0.763384012,FALSE
100,1996,Colombia,0.330017773,FALSE,1.42730078,FALSE
100,1997,Colombia,0.550521023,FALSE,3.391517836,FALSE
100,1998,Colombia,1.126225245,FALSE,4.744384773,FALSE
100,1999,Colombia,1.697730794,FALSE,5.096626456,FALSE
100,2000,Colombia,2.207532993,FALSE,5.75492345,FALSE
100,2001,Colombia,2.854199971,FALSE,8.196373426,FALSE
100,2002,Colombia,4.6,FALSE,11.36250635,FALSE
100,2003,Colombia,7.388923711,FALSE,15.0671079,FALSE
100,2004,Colombia,9.118690303,FALSE,24.97241422,FALSE
100,2005,Colombia,11.00726389,FALSE,51.75155503,FALSE
100,2006,Colombia,15.34167454,FALSE,69.58309594,FALSE
100,2007,Colombia,21.8,FALSE,78.37404023,FALSE
100,2008,Colombia,25.6,FALSE,94.40706951,FALSE
100,2009,Colombia,30,FALSE,95.13853853,FALSE
100,2010,Colombia,36.5,FALSE,99.24479163,FALSE
100,2011,Colombia,40.35091575,FALSE,101.9676509,FALSE
100,2012,Colombia,48.98,FALSE,107.1729328,FALSE
100,2013,Colombia,51.7,FALSE,108.7745797,FALSE
100,2014,Colombia,52.57,FALSE,118.5362158,FALSE
100,2015,Colombia,55.90497251,FALSE,121.6634145,FALSE
100,2016,Colombia,58.13649357,FALSE,123.2204667,FALSE
100,2017,Colombia,62.25988032,FALSE,128.6822441,FALSE
100,2018,Colombia,64.12637682,FALSE,130.9211763,FALSE
100,2019,Colombia,65.00690072,FALSE,132.0713308,FALSE
100,2020,Colombia,69.79,FALSE,132.8719623,FALSE
100,2021,Colombia,79.50769728210328,TRUE,145.6931676,FALSE
101,1960,"Venezuela, RB",0,TRUE,0,FALSE
101,1961,"Venezuela, RB",0,TRUE,0,TRUE
101,1962,"Venezuela, RB",0,TRUE,0,TRUE
101,1963,"Venezuela, RB",0,TRUE,0,TRUE
101,1964,"Venezuela, RB",0,TRUE,0,TRUE
101,1965,"Venezuela, RB",0,TRUE,0,FALSE
101,1966,"Venezuela, RB",0,TRUE,0,TRUE
101,1967,"Venezuela, RB",0,TRUE,0,TRUE
101,1968,"Venezuela, RB",0,TRUE,0,TRUE
101,1969,"Venezuela, RB",0,TRUE,0,TRUE
101,1970,"Venezuela, RB",0,TRUE,0,FALSE
101,1971,"Venezuela, RB",0,TRUE,0,TRUE
101,1972,"Venezuela, RB",0,TRUE,0,TRUE
101,1973,"Venezuela, RB",0,TRUE,0,TRUE
101,1974,"Venezuela, RB",0,TRUE,0,TRUE
101,1975,"Venezuela, RB",0,TRUE,0,FALSE
101,1976,"Venezuela, RB",0,TRUE,0,FALSE
101,1977,"Venezuela, RB",0,TRUE,0,FALSE
101,1978,"Venezuela, RB",0,TRUE,0,FALSE
101,1979,"Venezuela, RB",0,TRUE,0,FALSE
101,1980,"Venezuela, RB",0,TRUE,0,FALSE
101,1981,"Venezuela, RB",0,TRUE,0,FALSE
101,1982,"Venezuela, RB",0,TRUE,0,FALSE
101,1983,"Venezuela, RB",0,TRUE,0,FALSE
101,1984,"Venezuela, RB",0,TRUE,0,FALSE
101,1985,"Venezuela, RB",0,TRUE,0,FALSE
101,1986,"Venezuela, RB",0,TRUE,0,FALSE
101,1987,"Venezuela, RB",0,TRUE,0,FALSE
101,1988,"Venezuela, RB",0,TRUE,0.009574076,FALSE
101,1989,"Venezuela, RB",0,TRUE,0.019117739,FALSE
101,1990,"Venezuela, RB",0,FALSE,0.037578645,FALSE
101,1991,"Venezuela, RB",0,FALSE,0.082071711,FALSE
101,1992,"Venezuela, RB",0.012082134,FALSE,0.379508456,FALSE
101,1993,"Venezuela, RB",0.041587233,FALSE,0.862455779,FALSE
101,1994,"Venezuela, RB",0.055486978,FALSE,1.474065254,FALSE
101,1995,"Venezuela, RB",0.122214848,FALSE,1.826547139,FALSE
101,1996,"Venezuela, RB",0.24826058,FALSE,2.577074097,FALSE
101,1997,"Venezuela, RB",0.390959318,FALSE,4.652836296,FALSE
101,1998,"Venezuela, RB",1.383990391,FALSE,8.550767856,FALSE
101,1999,"Venezuela, RB",2.839825767,FALSE,15.79146876,FALSE
101,2000,"Venezuela, RB",3.359597465,FALSE,22.29913391,FALSE
101,2001,"Venezuela, RB",4.636000948,FALSE,26.01499674,FALSE
101,2002,"Venezuela, RB",4.910446327,FALSE,25.82571685,FALSE
101,2003,"Venezuela, RB",7.499963465,FALSE,27.20934415,FALSE
101,2004,"Venezuela, RB",8.404469592,FALSE,32.10814595,FALSE
101,2005,"Venezuela, RB",12.55299791,FALSE,46.85523169,FALSE
101,2006,"Venezuela, RB",15.22471148,FALSE,69.32850172,FALSE
101,2007,"Venezuela, RB",20.83,FALSE,86.53968776,FALSE
101,2008,"Venezuela, RB",25.88,FALSE,98.14040558,FALSE
101,2009,"Venezuela, RB",32.7,FALSE,99.27872501,FALSE
101,2010,"Venezuela, RB",37.37,FALSE,97.09249744,FALSE
101,2011,"Venezuela, RB",40.22,FALSE,98.92026985,FALSE
101,2012,"Venezuela, RB",49.05008307,FALSE,103.7279644,FALSE
101,2013,"Venezuela, RB",54.9,FALSE,103.5460059,FALSE
101,2014,"Venezuela, RB",57,FALSE,101.1087376,FALSE
101,2015,"Venezuela, RB",58,FALSE,95.29573416,FALSE
101,2016,"Venezuela, RB",60,FALSE,89.78392506,FALSE
101,2017,"Venezuela, RB",61.6,FALSE,80.14049665,FALSE
101,2018,"Venezuela, RB",74.50893351280989,TRUE,69.50784615,FALSE
101,2019,"Venezuela, RB",78.4478233701506,TRUE,63.77343008,FALSE
101,2020,"Venezuela, RB",81.92571722179906,TRUE,58.06789032,FALSE
101,2021,"Venezuela, RB",84.9500504919802,TRUE,58.97643272,FALSE
110,1960,Guyana,0,TRUE,0,FALSE
110,1961,Guyana,0,TRUE,0,TRUE
110,1962,Guyana,0,TRUE,0,TRUE
110,1963,Guyana,0,TRUE,0,TRUE
110,1964,Guyana,0,TRUE,0,TRUE
110,1965,Guyana,0,TRUE,0,FALSE
110,1966,Guyana,0,TRUE,0,TRUE
110,1967,Guyana,0,TRUE,0,TRUE
110,1968,Guyana,0,TRUE,0,TRUE
110,1969,Guyana,0,TRUE,0,TRUE
110,1970,Guyana,0,TRUE,0,FALSE
110,1971,Guyana,0,TRUE,0,TRUE
110,1972,Guyana,0,TRUE,0,TRUE
110,1973,Guyana,0,TRUE,0,TRUE
110,1974,Guyana,0,TRUE,0,TRUE
110,1975,Guyana,0,TRUE,0,FALSE
110,1976,Guyana,0,TRUE,0,FALSE
110,1977,Guyana,0,TRUE,0,FALSE
110,1978,Guyana,0,TRUE,0,FALSE
110,1979,Guyana,0,TRUE,0,FALSE
110,1980,Guyana,0,TRUE,0,FALSE
110,1981,Guyana,0,TRUE,0,FALSE
110,1982,Guyana,0,TRUE,0,FALSE
110,1983,Guyana,0,TRUE,0,FALSE
110,1984,Guyana,0,TRUE,0,FALSE
110,1985,Guyana,0,TRUE,0,FALSE
110,1986,Guyana,0,TRUE,0,FALSE
110,1987,Guyana,0,TRUE,0,FALSE
110,1988,Guyana,0,TRUE,0,FALSE
110,1989,Guyana,0,TRUE,0,FALSE
110,1990,Guyana,0,FALSE,0,FALSE
110,1991,Guyana,0,FALSE,0,FALSE
110,1992,Guyana,0,FALSE,0.112886209,FALSE
110,1993,Guyana,0,FALSE,0.13771616,FALSE
110,1994,Guyana,0,FALSE,0.166901031,FALSE
110,1995,Guyana,0,FALSE,0.16536094,FALSE
110,1996,Guyana,0.065854115,FALSE,0.159242008,FALSE
110,1997,Guyana,0.131828033,FALSE,0.185378656,FALSE
110,1998,Guyana,0.26408811,FALSE,0.192151141,FALSE
110,1999,Guyana,0.4,FALSE,0.371365173,FALSE
110,2000,Guyana,0.6,FALSE,5.247341746,FALSE
110,2001,Guyana,1,FALSE,9.913004567,FALSE
110,2002,Guyana,1.5,FALSE,10.44291644,FALSE
110,2003,Guyana,2.4,FALSE,18.1385607,FALSE
110,2004,Guyana,3.7,FALSE,22.57372203,FALSE
110,2005,Guyana,5.7,FALSE,37.03628626,FALSE
110,2006,Guyana,8.9,FALSE,52.74491111,FALSE
110,2007,Guyana,13.8,FALSE,71.21732245,FALSE
110,2008,Guyana,18.2,FALSE,59.37399722,FALSE
110,2009,Guyana,23.9,FALSE,65.0286586,FALSE
110,2010,Guyana,29.9,FALSE,74.9261965,FALSE
110,2011,Guyana,30,FALSE,71.04752563,FALSE
110,2012,Guyana,30.5,FALSE,73.53118288,FALSE
110,2013,Guyana,31,FALSE,74.26012148,FALSE
110,2014,Guyana,32,FALSE,75.47512698,FALSE
110,2015,Guyana,34,FALSE,71.86433405,FALSE
110,2016,Guyana,35.66,FALSE,77.02134274,FALSE
110,2017,Guyana,37.32583679,FALSE,84.27229801,FALSE
110,2018,Guyana,48.37750078740659,TRUE,83.36180170295917,TRUE
110,2019,Guyana,52.550984209770014,TRUE,97.40182509,FALSE
110,2020,Guyana,56.68913026318531,TRUE,107.375546,FALSE
110,2021,Guyana,60.73602673963996,TRUE,83.54308625038665,TRUE
115,1960,Suriname,0,TRUE,0,FALSE
115,1961,Suriname,0,TRUE,0,TRUE
115,1962,Suriname,0,TRUE,0,TRUE
115,1963,Suriname,0,TRUE,0,TRUE
115,1964,Suriname,0,TRUE,0,TRUE
115,1965,Suriname,0,TRUE,0,FALSE
115,1966,Suriname,0,TRUE,0,TRUE
115,1967,Suriname,0,TRUE,0,TRUE
115,1968,Suriname,0,TRUE,0,TRUE
115,1969,Suriname,0,TRUE,0,TRUE
115,1970,Suriname,0,TRUE,0,FALSE
115,1971,Suriname,0,TRUE,0,TRUE
115,1972,Suriname,0,TRUE,0,TRUE
115,1973,Suriname,0,TRUE,0,TRUE
115,1974,Suriname,0,TRUE,0,TRUE
115,1975,Suriname,0,TRUE,0,FALSE
115,1976,Suriname,0,TRUE,0,FALSE
115,1977,Suriname,0,TRUE,0,FALSE
115,1978,Suriname,0,TRUE,0,FALSE
115,1979,Suriname,0,TRUE,0,FALSE
115,1980,Suriname,0,TRUE,0,FALSE
115,1981,Suriname,0,TRUE,0,FALSE
115,1982,Suriname,0,TRUE,0,FALSE
115,1983,Suriname,0,TRUE,0,FALSE
115,1984,Suriname,0,TRUE,0,FALSE
115,1985,Suriname,0,TRUE,0,FALSE
115,1986,Suriname,0,TRUE,0,FALSE
115,1987,Suriname,0,TRUE,0,FALSE
115,1988,Suriname,0,TRUE,0,FALSE
115,1989,Suriname,0,TRUE,0,FALSE
115,1990,Suriname,0,FALSE,0,FALSE
115,1991,Suriname,0,FALSE,0,FALSE
115,1992,Suriname,0,FALSE,0,FALSE
115,1993,Suriname,0,FALSE,0.255223439,FALSE
115,1994,Suriname,0,FALSE,0.323996361,FALSE
115,1995,Suriname,0.114720735,FALSE,0.388271307,FALSE
115,1996,Suriname,0.226306297,FALSE,0.544347662,FALSE
115,1997,Suriname,1.003086936,FALSE,0.498580217,FALSE
115,1998,Suriname,1.670148436,FALSE,1.300923229,FALSE
115,1999,Suriname,1.891871357,FALSE,3.719779449,FALSE
115,2000,Suriname,2.506411052,FALSE,8.569555614,FALSE
115,2001,Suriname,3.064448389,FALSE,17.85003508,FALSE
115,2002,Suriname,4.161568745,FALSE,21.86210069,FALSE
115,2003,Suriname,4.719875395,FALSE,33.45150661,FALSE
115,2004,Suriname,6.076047814,FALSE,41.68246594,FALSE
115,2005,Suriname,6.403086288,FALSE,45.09414591,FALSE
115,2006,Suriname,9.499626942,FALSE,61.30009846,FALSE
115,2007,Suriname,14.11,FALSE,71.97705826,FALSE
115,2008,Suriname,21.06,FALSE,123.0678468,FALSE
115,2009,Suriname,31.36,FALSE,141.4685909,FALSE
115,2010,Suriname,31.59,FALSE,95.43766481,FALSE
115,2011,Suriname,32,FALSE,96.6269791,FALSE
115,2012,Suriname,34.6812,FALSE,101.9635914,FALSE
115,2013,Suriname,37.4,FALSE,154.0215659,FALSE
115,2014,Suriname,40.08,FALSE,162.8627901,FALSE
115,2015,Suriname,42.76382778,FALSE,130.4067075,FALSE
115,2016,Suriname,45.4,FALSE,138.7697716,FALSE
115,2017,Suriname,48.94517397,FALSE,135.4535707,FALSE
115,2018,Suriname,53.8,FALSE,126.7057876,FALSE
115,2019,Suriname,68.75,FALSE,135.5726544,FALSE
115,2020,Suriname,70.06,FALSE,148.145421,FALSE
115,2021,Suriname,71.9395692773945,TRUE,147.8293071,FALSE
130,1960,Ecuador,0,TRUE,0,FALSE
130,1961,Ecuador,0,TRUE,0,TRUE
130,1962,Ecuador,0,TRUE,0,TRUE
130,1963,Ecuador,0,TRUE,0,TRUE
130,1964,Ecuador,0,TRUE,0,TRUE
130,1965,Ecuador,0,TRUE,0,FALSE
130,1966,Ecuador,0,TRUE,0,TRUE
130,1967,Ecuador,0,TRUE,0,TRUE
130,1968,Ecuador,0,TRUE,0,TRUE
130,1969,Ecuador,0,TRUE,0,TRUE
130,1970,Ecuador,0,TRUE,0,FALSE
130,1971,Ecuador,0,TRUE,0,TRUE
130,1972,Ecuador,0,TRUE,0,TRUE
130,1973,Ecuador,0,TRUE,0,TRUE
130,1974,Ecuador,0,TRUE,0,TRUE
130,1975,Ecuador,0,TRUE,0,FALSE
130,1976,Ecuador,0,TRUE,0,FALSE
130,1977,Ecuador,0,TRUE,0,FALSE
130,1978,Ecuador,0,TRUE,0,FALSE
130,1979,Ecuador,0,TRUE,0,FALSE
130,1980,Ecuador,0,TRUE,0,FALSE
130,1981,Ecuador,0,TRUE,0,FALSE
130,1982,Ecuador,0,TRUE,0,FALSE
130,1983,Ecuador,0,TRUE,0,FALSE
130,1984,Ecuador,0,TRUE,0,FALSE
130,1985,Ecuador,0,TRUE,0,FALSE
130,1986,Ecuador,0,TRUE,0,FALSE
130,1987,Ecuador,0,TRUE,0,FALSE
130,1988,Ecuador,0,TRUE,0,FALSE
130,1989,Ecuador,0,TRUE,0,FALSE
130,1990,Ecuador,0,FALSE,0,FALSE
130,1991,Ecuador,0,FALSE,0,FALSE
130,1992,Ecuador,0.005118035,FALSE,0,FALSE
130,1993,Ecuador,0.016400751,FALSE,0,FALSE
130,1994,Ecuador,0.034833586,FALSE,0.166730527,FALSE
130,1995,Ecuador,0.043833641,FALSE,0.470346789,FALSE
130,1996,Ecuador,0.086161276,FALSE,0.507667711,FALSE
130,1997,Ecuador,0.110217959,FALSE,1.055277857,FALSE
130,1998,Ecuador,0.125272771,FALSE,1.990312216,FALSE
130,1999,Ecuador,0.823371634,FALSE,3.087202545,FALSE
130,2000,Ecuador,1.462188536,FALSE,3.819053045,FALSE
130,2001,Ecuador,2.670443674,FALSE,6.688339072,FALSE
130,2002,Ecuador,4.260796915,FALSE,11.94176277,FALSE
130,2003,Ecuador,4.460228345,FALSE,18.02968067,FALSE
130,2004,Ecuador,4.834442638,FALSE,26.1860424,FALSE
130,2005,Ecuador,5.994255161,FALSE,45.36184863,FALSE
130,2006,Ecuador,7.2,FALSE,60.56829501,FALSE
130,2007,Ecuador,10.8,FALSE,69.74523844,FALSE
130,2008,Ecuador,18.8,FALSE,80.60041815,FALSE
130,2009,Ecuador,24.6,FALSE,89.81868124,FALSE
130,2010,Ecuador,29.03,FALSE,98.60665932,FALSE
130,2011,Ecuador,31.36680836,FALSE,100.6233672,FALSE
130,2012,Ecuador,35.13514645,FALSE,106.2830299,FALSE
130,2013,Ecuador,40.27912194,FALSE,105.7445117,FALSE
130,2014,Ecuador,45.59039067,FALSE,104.0590503,FALSE
130,2015,Ecuador,48.94043379,FALSE,79.92016129,FALSE
130,2016,Ecuador,54.06292473,FALSE,84.44422411,FALSE
130,2017,Ecuador,55.8,FALSE,87.74901563,FALSE
130,2018,Ecuador,57.5,FALSE,92.69594524,FALSE
130,2019,Ecuador,59.2,FALSE,91.40531396,FALSE
130,2020,Ecuador,70.7,FALSE,88.04208636,FALSE
130,2021,Ecuador,75.13855043989777,TRUE,94.33558884,FALSE
135,1960,Peru,0,TRUE,0,FALSE
135,1961,Peru,0,TRUE,0,TRUE
135,1962,Peru,0,TRUE,0,TRUE
135,1963,Peru,0,TRUE,0,TRUE
135,1964,Peru,0,TRUE,0,TRUE
135,1965,Peru,0,TRUE,0,FALSE
135,1966,Peru,0,TRUE,0,TRUE
135,1967,Peru,0,TRUE,0,TRUE
135,1968,Peru,0,TRUE,0,TRUE
135,1969,Peru,0,TRUE,0,TRUE
135,1970,Peru,0,TRUE,0,FALSE
135,1971,Peru,0,TRUE,0,TRUE
135,1972,Peru,0,TRUE,0,TRUE
135,1973,Peru,0,TRUE,0,TRUE
135,1974,Peru,0,TRUE,0,TRUE
135,1975,Peru,0,TRUE,0,FALSE
135,1976,Peru,0,TRUE,0,FALSE
135,1977,Peru,0,TRUE,0,FALSE
135,1978,Peru,0,TRUE,0,FALSE
135,1979,Peru,0,TRUE,0,FALSE
135,1980,Peru,0,TRUE,0,FALSE
135,1981,Peru,0,TRUE,0,FALSE
135,1982,Peru,0,TRUE,0,FALSE
135,1983,Peru,0,TRUE,0,FALSE
135,1984,Peru,0,TRUE,0,FALSE
135,1985,Peru,0,TRUE,0,FALSE
135,1986,Peru,0,TRUE,0,FALSE
135,1987,Peru,0,TRUE,0,FALSE
135,1988,Peru,0,TRUE,0,FALSE
135,1989,Peru,0,TRUE,0,FALSE
135,1990,Peru,0,FALSE,0.007462991,FALSE
135,1991,Peru,0,FALSE,0.025240218,FALSE
135,1992,Peru,0,FALSE,0.093503571,FALSE
135,1993,Peru,0,FALSE,0.154376891,FALSE
135,1994,Peru,0.008504578,FALSE,0.21765183,FALSE
135,1995,Peru,0.033412305,FALSE,0.300800992,FALSE
135,1996,Peru,0.24623258,FALSE,0.806879781,FALSE
135,1997,Peru,0.403429701,FALSE,1.662951236,FALSE
135,1998,Peru,1.19038044,FALSE,2.876425359,FALSE
135,1999,Peru,1.952497608,FALSE,3.859914577,FALSE
135,2000,Peru,3.076430611,FALSE,4.779155172,FALSE
135,2001,Peru,7.578762957,FALSE,6.638127117,FALSE
135,2002,Peru,8.96694917,FALSE,8.43967421,FALSE
135,2003,Peru,11.6,FALSE,10.60821354,FALSE
135,2004,Peru,14.1,FALSE,14.67186871,FALSE
135,2005,Peru,17.1,FALSE,19.83622779,FALSE
135,2006,Peru,20.7,FALSE,32.13408596,FALSE
135,2007,Peru,25.2,FALSE,53.90572862,FALSE
135,2008,Peru,30.57,FALSE,72.73380352,FALSE
135,2009,Peru,31.4,FALSE,85.14627675,FALSE
135,2010,Peru,34.77,FALSE,99.60853686,FALSE
135,2011,Peru,36.01,FALSE,110.1218612,FALSE
135,2012,Peru,38.2,FALSE,98.78481683,FALSE
135,2013,Peru,39.2,FALSE,99.18268397,FALSE
135,2014,Peru,40.2,FALSE,105.0276552,FALSE
135,2015,Peru,40.85260091,FALSE,111.4742209,FALSE
135,2016,Peru,45.46174069,FALSE,118.631109,FALSE
135,2017,Peru,50.45041218,FALSE,123.1285796,FALSE
135,2018,Peru,55.05433424,FALSE,130.8994047,FALSE
135,2019,Peru,59.95050106,FALSE,121.3854737,FALSE
135,2020,Peru,65.25179881,FALSE,118.176464,FALSE
135,2021,Peru,71.10782643,FALSE,127.9216675,FALSE
140,1960,Brazil,0,TRUE,0,FALSE
140,1961,Brazil,0,TRUE,0,TRUE
140,1962,Brazil,0,TRUE,0,TRUE
140,1963,Brazil,0,TRUE,0,TRUE
140,1964,Brazil,0,TRUE,0,TRUE
140,1965,Brazil,0,TRUE,0,FALSE
140,1966,Brazil,0,TRUE,0,TRUE
140,1967,Brazil,0,TRUE,0,TRUE
140,1968,Brazil,0,TRUE,0,TRUE
140,1969,Brazil,0,TRUE,0,TRUE
140,1970,Brazil,0,TRUE,0,FALSE
140,1971,Brazil,0,TRUE,0,TRUE
140,1972,Brazil,0,TRUE,0,TRUE
140,1973,Brazil,0,TRUE,0,TRUE
140,1974,Brazil,0,TRUE,0,TRUE
140,1975,Brazil,0,TRUE,0,FALSE
140,1976,Brazil,0,TRUE,0,FALSE
140,1977,Brazil,0,TRUE,0,FALSE
140,1978,Brazil,0,TRUE,0,FALSE
140,1979,Brazil,0,TRUE,0,FALSE
140,1980,Brazil,0,TRUE,0,FALSE
140,1981,Brazil,0,TRUE,0,FALSE
140,1982,Brazil,0,TRUE,0,FALSE
140,1983,Brazil,0,TRUE,0,FALSE
140,1984,Brazil,0,TRUE,0,FALSE
140,1985,Brazil,0,TRUE,0,FALSE
140,1986,Brazil,0,TRUE,0,FALSE
140,1987,Brazil,0,TRUE,0,FALSE
140,1988,Brazil,0,TRUE,0,FALSE
140,1989,Brazil,0,TRUE,0,FALSE
140,1990,Brazil,0,FALSE,4.42582e-4,FALSE
140,1991,Brazil,0.003288171,FALSE,0.004369477,FALSE
140,1992,Brazil,0.012946262,FALSE,0.020525874,FALSE
140,1993,Brazil,0.025498253,FALSE,0.114869348,FALSE
140,1994,Brazil,0.037672709,FALSE,0.356570578,FALSE
140,1995,Brazil,0.105138168,FALSE,0.786185011,FALSE
140,1996,Brazil,0.450789179,FALSE,1.504575585,FALSE
140,1997,Brazil,0.786079155,FALSE,2.69954844,FALSE
140,1998,Brazil,1.477874959,FALSE,4.307896658,FALSE
140,1999,Brazil,2.038732184,FALSE,8.665064415,FALSE
140,2000,Brazil,2.870685159,FALSE,13.18455708,FALSE
140,2001,Brazil,4.528494869,FALSE,16.13010807,FALSE
140,2002,Brazil,9.149425086,FALSE,19.32713015,FALSE
140,2003,Brazil,13.2075861,FALSE,25.39202175,FALSE
140,2004,Brazil,19.07367227,FALSE,35.51552318,FALSE
140,2005,Brazil,21.02274725,FALSE,46.15180215,FALSE
140,2006,Brazil,28.17838018,FALSE,52.91720162,FALSE
140,2007,Brazil,30.88,FALSE,63.4135915,FALSE
140,2008,Brazil,33.83,FALSE,78.18528647,FALSE
140,2009,Brazil,39.22,FALSE,87.07984742,FALSE
140,2010,Brazil,40.65,FALSE,100.293596,FALSE
140,2011,Brazil,45.69,FALSE,118.2517092,FALSE
140,2012,Brazil,48.56,FALSE,124.1756934,FALSE
140,2013,Brazil,51.04,FALSE,134.3929329,FALSE
140,2014,Brazil,54.55100188,FALSE,137.9776265,FALSE
140,2015,Brazil,58.32795173,FALSE,125.6477067,FALSE
140,2016,Brazil,60.87254007,FALSE,117.9869738,FALSE
140,2017,Brazil,67.47128452,FALSE,106.1217992,FALSE
140,2018,Brazil,70.43428254,FALSE,99.64002652,FALSE
140,2019,Brazil,73.91244005,FALSE,95.38505233,FALSE
140,2020,Brazil,81.34269353,FALSE,96.54706819,FALSE
140,2021,Brazil,82.68765427726473,TRUE,102.48887,FALSE
145,1960,Bolivia,0,TRUE,0,FALSE
145,1961,Bolivia,0,TRUE,0,TRUE
145,1962,Bolivia,0,TRUE,0,TRUE
145,1963,Bolivia,0,TRUE,0,TRUE
145,1964,Bolivia,0,TRUE,0,TRUE
145,1965,Bolivia,0,TRUE,0,FALSE
145,1966,Bolivia,0,TRUE,0,TRUE
145,1967,Bolivia,0,TRUE,0,TRUE
145,1968,Bolivia,0,TRUE,0,TRUE
145,1969,Bolivia,0,TRUE,0,TRUE
145,1970,Bolivia,0,TRUE,0,FALSE
145,1971,Bolivia,0,TRUE,0,TRUE
145,1972,Bolivia,0,TRUE,0,TRUE
145,1973,Bolivia,0,TRUE,0,TRUE
145,1974,Bolivia,0,TRUE,0,TRUE
145,1975,Bolivia,0,TRUE,0,FALSE
145,1976,Bolivia,0,TRUE,0,FALSE
145,1977,Bolivia,0,TRUE,0,FALSE
145,1978,Bolivia,0,TRUE,0,FALSE
145,1979,Bolivia,0,TRUE,0,FALSE
145,1980,Bolivia,0,TRUE,0,FALSE
145,1981,Bolivia,0,TRUE,0,FALSE
145,1982,Bolivia,0,TRUE,0,FALSE
145,1983,Bolivia,0,TRUE,0,FALSE
145,1984,Bolivia,0,TRUE,0,FALSE
145,1985,Bolivia,0,TRUE,0,FALSE
145,1986,Bolivia,0,TRUE,0,FALSE
145,1987,Bolivia,0,TRUE,0,FALSE
145,1988,Bolivia,0,TRUE,0,FALSE
145,1989,Bolivia,0,TRUE,0,FALSE
145,1990,Bolivia,0,FALSE,0,FALSE
145,1991,Bolivia,0,FALSE,0.004071835,FALSE
145,1992,Bolivia,0,FALSE,0.020975279,FALSE
145,1993,Bolivia,0,FALSE,0.035244269,FALSE
145,1994,Bolivia,0,FALSE,0.052718307,FALSE
145,1995,Bolivia,0.066807568,FALSE,0.092189324,FALSE
145,1996,Bolivia,0.196081174,FALSE,0.418055648,FALSE
145,1997,Bolivia,0.447839036,FALSE,1.455376388,FALSE
145,1998,Bolivia,0.626484062,FALSE,2.887342571,FALSE
145,1999,Bolivia,0.981815187,FALSE,4.980938617,FALSE
145,2000,Bolivia,1.442763585,FALSE,6.780441344,FALSE
145,2001,Bolivia,2.120462534,FALSE,8.917328029,FALSE
145,2002,Bolivia,3.117192947,FALSE,11.49737045,FALSE
145,2003,Bolivia,3.508596401,FALSE,14.11936214,FALSE
145,2004,Bolivia,4.439924601,FALSE,19.53921968,FALSE
145,2005,Bolivia,5.227583957,FALSE,25.82171069,FALSE
145,2006,Bolivia,6.200671255,FALSE,30.13983939,FALSE
145,2007,Bolivia,10.49924432,FALSE,33.51209002,FALSE
145,2008,Bolivia,12.5,FALSE,50.99491498,FALSE
145,2009,Bolivia,16.8,FALSE,64.31385416,FALSE
145,2010,Bolivia,22.4,FALSE,70.22501607,FALSE
145,2011,Bolivia,30,FALSE,80.34893557,FALSE
145,2012,Bolivia,35.34,FALSE,89.81531826,FALSE
145,2013,Bolivia,36.99,FALSE,97.04333351,FALSE
145,2014,Bolivia,34.6,FALSE,95.72549681,FALSE
145,2015,Bolivia,37.49,FALSE,91.63886556,FALSE
145,2016,Bolivia,39.6975146,FALSE,89.7292164,FALSE
145,2017,Bolivia,43.83227607,FALSE,95.86980372,FALSE
145,2018,Bolivia,44.2861422,FALSE,98.61224848,FALSE
145,2019,Bolivia,47.47481911,FALSE,99.24869117,FALSE
145,2020,Bolivia,59.94010155,FALSE,98.89563329,FALSE
145,2021,Bolivia,62.664849363184594,TRUE,99.62307127,FALSE
150,1960,Paraguay,0,TRUE,0,FALSE
150,1961,Paraguay,0,TRUE,0,TRUE
150,1962,Paraguay,0,TRUE,0,TRUE
150,1963,Paraguay,0,TRUE,0,TRUE
150,1964,Paraguay,0,TRUE,0,TRUE
150,1965,Paraguay,0,TRUE,0,FALSE
150,1966,Paraguay,0,TRUE,0,TRUE
150,1967,Paraguay,0,TRUE,0,TRUE
150,1968,Paraguay,0,TRUE,0,TRUE
150,1969,Paraguay,0,TRUE,0,TRUE
150,1970,Paraguay,0,TRUE,0,FALSE
150,1971,Paraguay,0,TRUE,0,TRUE
150,1972,Paraguay,0,TRUE,0,TRUE
150,1973,Paraguay,0,TRUE,0,TRUE
150,1974,Paraguay,0,TRUE,0,TRUE
150,1975,Paraguay,0,TRUE,0,FALSE
150,1976,Paraguay,0,TRUE,0,FALSE
150,1977,Paraguay,0,TRUE,0,FALSE
150,1978,Paraguay,0,TRUE,0,FALSE
150,1979,Paraguay,0,TRUE,0,FALSE
150,1980,Paraguay,0,TRUE,0,FALSE
150,1981,Paraguay,0,TRUE,0,FALSE
150,1982,Paraguay,0,TRUE,0,FALSE
150,1983,Paraguay,0,TRUE,0,FALSE
150,1984,Paraguay,0,TRUE,0,FALSE
150,1985,Paraguay,0,TRUE,0,FALSE
150,1986,Paraguay,0,TRUE,0,FALSE
150,1987,Paraguay,0,TRUE,0,FALSE
150,1988,Paraguay,0,TRUE,0,FALSE
150,1989,Paraguay,0,TRUE,0,FALSE
150,1990,Paraguay,0,FALSE,0,FALSE
150,1991,Paraguay,0,FALSE,0,FALSE
150,1992,Paraguay,0,FALSE,0.035070893,FALSE
150,1993,Paraguay,0,FALSE,0.077287822,FALSE
150,1994,Paraguay,0,FALSE,0.170400158,FALSE
150,1995,Paraguay,0,FALSE,0.343338075,FALSE
150,1996,Paraguay,0.020359612,FALSE,0.697419336,FALSE
150,1997,Paraguay,0.099576719,FALSE,1.748338466,FALSE
150,1998,Paraguay,0.194904951,FALSE,4.702393647,FALSE
150,1999,Paraguay,0.38165732,FALSE,8.667097358,FALSE
150,2000,Paraguay,0.747630712,FALSE,16.0194964,FALSE
150,2001,Paraguay,1.098793836,FALSE,22.06640992,FALSE
150,2002,Paraguay,1.794969598,FALSE,31.53341939,FALSE
150,2003,Paraguay,2.111942082,FALSE,33.0704465,FALSE
150,2004,Paraguay,3.452438431,FALSE,32.29215977,FALSE
150,2005,Paraguay,7.907007861,FALSE,34.45393525,FALSE
150,2006,Paraguay,7.962073884,FALSE,58.41069259,FALSE
150,2007,Paraguay,11.21,FALSE,83.97567218,FALSE
150,2008,Paraguay,14.27,FALSE,102.5794009,FALSE
150,2009,Paraguay,18.9,FALSE,98.52812081,FALSE
150,2010,Paraguay,19.8,FALSE,102.6392137,FALSE
150,2011,Paraguay,24.76351588,FALSE,111.7235159,FALSE
150,2012,Paraguay,29.34,FALSE,114.6941362,FALSE
150,2013,Paraguay,36.9,FALSE,117.4443175,FALSE
150,2014,Paraguay,43,FALSE,119.9410874,FALSE
150,2015,Paraguay,49.71630466,FALSE,119.974846,FALSE
150,2016,Paraguay,53.40412748,FALSE,119.5138493,FALSE
150,2017,Paraguay,61.07575622,FALSE,117.5106256,FALSE
150,2018,Paraguay,64.99354302,FALSE,115.4634996,FALSE
150,2019,Paraguay,68.51762842,FALSE,118.8639678,FALSE
150,2020,Paraguay,73.95751114,FALSE,118.8308269,FALSE
150,2021,Paraguay,77.01838621,FALSE,118.9635011,FALSE
155,1960,Chile,0,TRUE,0,FALSE
155,1961,Chile,0,TRUE,0,TRUE
155,1962,Chile,0,TRUE,0,TRUE
155,1963,Chile,0,TRUE,0,TRUE
155,1964,Chile,0,TRUE,0,TRUE
155,1965,Chile,0,TRUE,0,FALSE
155,1966,Chile,0,TRUE,0,TRUE
155,1967,Chile,0,TRUE,0,TRUE
155,1968,Chile,0,TRUE,0,TRUE
155,1969,Chile,0,TRUE,0,TRUE
155,1970,Chile,0,TRUE,0,FALSE
155,1971,Chile,0,TRUE,0,TRUE
155,1972,Chile,0,TRUE,0,TRUE
155,1973,Chile,0,TRUE,0,TRUE
155,1974,Chile,0,TRUE,0,TRUE
155,1975,Chile,0,TRUE,0,FALSE
155,1976,Chile,0,TRUE,0,FALSE
155,1977,Chile,0,TRUE,0,FALSE
155,1978,Chile,0,TRUE,0,FALSE
155,1979,Chile,0,TRUE,0,FALSE
155,1980,Chile,0,TRUE,0,FALSE
155,1981,Chile,0,TRUE,0,FALSE
155,1982,Chile,0,TRUE,0,FALSE
155,1983,Chile,0,TRUE,0,FALSE
155,1984,Chile,0,TRUE,0,FALSE
155,1985,Chile,0,TRUE,0,FALSE
155,1986,Chile,0,TRUE,0,FALSE
155,1987,Chile,0,TRUE,0,FALSE
155,1988,Chile,0,TRUE,0,FALSE
155,1989,Chile,0,TRUE,0.037216408,FALSE
155,1990,Chile,0,FALSE,0.104332892,FALSE
155,1991,Chile,0,FALSE,0.266451437,FALSE
155,1992,Chile,0.036548938,FALSE,0.467541804,FALSE
155,1993,Chile,0.071783144,FALSE,0.608541585,FALSE
155,1994,Chile,0.141084507,FALSE,0.814113391,FALSE
155,1995,Chile,0.346980781,FALSE,1.368639745,FALSE
155,1996,Chile,0.68347561,FALSE,2.185860172,FALSE
155,1997,Chile,1.057092496,FALSE,2.766776987,FALSE
155,1998,Chile,1.662322022,FALSE,6.429716534,FALSE
155,1999,Chile,4.103419297,FALSE,14.89605908,FALSE
155,2000,Chile,16.6,FALSE,22.15717664,FALSE
155,2001,Chile,19.1,FALSE,32.85744801,FALSE
155,2002,Chile,22.1,FALSE,39.78841312,FALSE
155,2003,Chile,25.47377889,FALSE,45.83031509,FALSE
155,2004,Chile,28.17791012,FALSE,57.81873304,FALSE
155,2005,Chile,31.17534703,FALSE,65.34385645,FALSE
155,2006,Chile,34.49775117,FALSE,76.22360399,FALSE
155,2007,Chile,35.9,FALSE,84.59985967,FALSE
155,2008,Chile,37.3,FALSE,88.80729074,FALSE
155,2009,Chile,41.56,FALSE,97.72343715,FALSE
155,2010,Chile,45,FALSE,116.7493111,FALSE
155,2011,Chile,52.24960729,FALSE,129.9394599,FALSE
155,2012,Chile,55.05,FALSE,138.0537951,FALSE
155,2013,Chile,58,FALSE,135.1310128,FALSE
155,2014,Chile,61.11,FALSE,133.8868853,FALSE
155,2015,Chile,76.62959195,FALSE,129.861175,FALSE
155,2016,Chile,83.55858602,FALSE,128.8584324,FALSE
155,2017,Chile,82.32748693,FALSE,125.28541,FALSE
155,2018,Chile,84.9,FALSE,134.6365175,FALSE
155,2019,Chile,86.1,FALSE,131.5774455,FALSE
155,2020,Chile,88.3,FALSE,129.8851806,FALSE
155,2021,Chile,89.71254060734196,TRUE,136.3134058,FALSE
160,1960,Argentina,0,TRUE,0,FALSE
160,1961,Argentina,0,TRUE,0,TRUE
160,1962,Argentina,0,TRUE,0,TRUE
160,1963,Argentina,0,TRUE,0,TRUE
160,1964,Argentina,0,TRUE,0,TRUE
160,1965,Argentina,0,TRUE,0,FALSE
160,1966,Argentina,0,TRUE,0,TRUE
160,1967,Argentina,0,TRUE,0,TRUE
160,1968,Argentina,0,TRUE,0,TRUE
160,1969,Argentina,0,TRUE,0,TRUE
160,1970,Argentina,0,TRUE,0,FALSE
160,1971,Argentina,0,TRUE,0,TRUE
160,1972,Argentina,0,TRUE,0,TRUE
160,1973,Argentina,0,TRUE,0,TRUE
160,1974,Argentina,0,TRUE,0,TRUE
160,1975,Argentina,0,TRUE,0,FALSE
160,1976,Argentina,0,TRUE,0,FALSE
160,1977,Argentina,0,TRUE,0,FALSE
160,1978,Argentina,0,TRUE,0,FALSE
160,1979,Argentina,0,TRUE,0,FALSE
160,1980,Argentina,0,TRUE,0,FALSE
160,1981,Argentina,0,TRUE,0,FALSE
160,1982,Argentina,0,TRUE,0,FALSE
160,1983,Argentina,0,TRUE,0,FALSE
160,1984,Argentina,0,TRUE,0,FALSE
160,1985,Argentina,0,TRUE,0,FALSE
160,1986,Argentina,0,TRUE,0,FALSE
160,1987,Argentina,0,TRUE,0,FALSE
160,1988,Argentina,0,TRUE,0,FALSE
160,1989,Argentina,0,TRUE,0.007150459,FALSE
160,1990,Argentina,0,FALSE,0.036767345,FALSE
160,1991,Argentina,0,FALSE,0.075515553,FALSE
160,1992,Argentina,0.002992874,FALSE,0.13879172,FALSE
160,1993,Argentina,0.029527065,FALSE,0.329148059,FALSE
160,1994,Argentina,0.043705951,FALSE,0.6992523,FALSE
160,1995,Argentina,0.086277081,FALSE,1.160057586,FALSE
160,1996,Argentina,0.141954704,FALSE,1.884803688,FALSE
160,1997,Argentina,0.280339882,FALSE,5.609433289,FALSE
160,1998,Argentina,0.83076668,FALSE,7.371312411,FALSE
160,1999,Argentina,3.284481956,FALSE,10.50082052,FALSE
160,2000,Argentina,7.038683086,FALSE,17.5015229,FALSE
160,2001,Argentina,9.780807285,FALSE,17.987466649999998,FALSE
160,2002,Argentina,10.88212438,FALSE,17.33333812,FALSE
160,2003,Argentina,11.91369655,FALSE,20.48748472,FALSE
160,2004,Argentina,16.03668411,FALSE,34.94389378,FALSE
160,2005,Argentina,17.72058337,FALSE,56.70883514,FALSE
160,2006,Argentina,20.9272021,FALSE,79.81991978,FALSE
160,2007,Argentina,25.94663294,FALSE,101.3182303,FALSE
160,2008,Argentina,28.11262348,FALSE,115.4815533,FALSE
160,2009,Argentina,34,FALSE,128.9999606,FALSE
160,2010,Argentina,45,FALSE,138.8859542,FALSE
160,2011,Argentina,51,FALSE,146.2467408,FALSE
160,2012,Argentina,55.8,FALSE,153.3349717,FALSE
160,2013,Argentina,59.9,FALSE,158.9154655,FALSE
160,2014,Argentina,64.7,FALSE,142.9902363,FALSE
160,2015,Argentina,68.04306411,FALSE,142.9639551,FALSE
160,2016,Argentina,70.96898082,FALSE,145.9179567,FALSE
160,2017,Argentina,74.29490687,FALSE,140.5014607,FALSE
160,2018,Argentina,77.7,FALSE,131.9371685,FALSE
160,2019,Argentina,79.9,FALSE,125.9409814,FALSE
160,2020,Argentina,85.5,FALSE,121.6001889,FALSE
160,2021,Argentina,87.14829302,FALSE,130.4550081,FALSE
165,1960,Uruguay,0,TRUE,0,FALSE
165,1961,Uruguay,0,TRUE,0,TRUE
165,1962,Uruguay,0,TRUE,0,TRUE
165,1963,Uruguay,0,TRUE,0,TRUE
165,1964,Uruguay,0,TRUE,0,TRUE
165,1965,Uruguay,0,TRUE,0,FALSE
165,1966,Uruguay,0,TRUE,0,TRUE
165,1967,Uruguay,0,TRUE,0,TRUE
165,1968,Uruguay,0,TRUE,0,TRUE
165,1969,Uruguay,0,TRUE,0,TRUE
165,1970,Uruguay,0,TRUE,0,FALSE
165,1971,Uruguay,0,TRUE,0,TRUE
165,1972,Uruguay,0,TRUE,0,TRUE
165,1973,Uruguay,0,TRUE,0,TRUE
165,1974,Uruguay,0,TRUE,0,TRUE
165,1975,Uruguay,0,TRUE,0,FALSE
165,1976,Uruguay,0,TRUE,0,FALSE
165,1977,Uruguay,0,TRUE,0,FALSE
165,1978,Uruguay,0,TRUE,0,FALSE
165,1979,Uruguay,0,TRUE,0,FALSE
165,1980,Uruguay,0,TRUE,0,FALSE
165,1981,Uruguay,0,TRUE,0,FALSE
165,1982,Uruguay,0,TRUE,0,FALSE
165,1983,Uruguay,0,TRUE,0,FALSE
165,1984,Uruguay,0,TRUE,0,FALSE
165,1985,Uruguay,0,TRUE,0,FALSE
165,1986,Uruguay,0,TRUE,0,FALSE
165,1987,Uruguay,0,TRUE,0,FALSE
165,1988,Uruguay,0,TRUE,0,FALSE
165,1989,Uruguay,0,TRUE,0,FALSE
165,1990,Uruguay,0,FALSE,0,FALSE
165,1991,Uruguay,0,FALSE,0,FALSE
165,1992,Uruguay,0,FALSE,0.054284892,FALSE
165,1993,Uruguay,0,FALSE,0.156664401,FALSE
165,1994,Uruguay,0.062474386,FALSE,0.213953532,FALSE
165,1995,Uruguay,0.310128582,FALSE,1.243773961,FALSE
165,1996,Uruguay,1.847472089,FALSE,2.436006067,FALSE
165,1997,Uruguay,3.363239668,FALSE,3.058024344,FALSE
165,1998,Uruguay,6.987069365,FALSE,4.638544413,FALSE
165,1999,Uruguay,9.972765285,FALSE,9.732680729,FALSE
165,2000,Uruguay,10.53905775,FALSE,12.47749242,FALSE
165,2001,Uruguay,11.12143768,FALSE,15.75282064,FALSE
165,2002,Uruguay,11.4194702,FALSE,15.53114058,FALSE
165,2003,Uruguay,15.93713672,FALSE,15.03020057,FALSE
165,2004,Uruguay,17.06309834,FALSE,18.09909527,FALSE
165,2005,Uruguay,20.08818956,FALSE,34.81132061,FALSE
165,2006,Uruguay,29.4,FALSE,70.13284845,FALSE
165,2007,Uruguay,34,FALSE,90.25647327,FALSE
165,2008,Uruguay,39.3,FALSE,105.1463884,FALSE
165,2009,Uruguay,41.8,FALSE,122.9476137,FALSE
165,2010,Uruguay,46.4,FALSE,132.3477451,FALSE
165,2011,Uruguay,51.40466106,FALSE,141.5210804,FALSE
165,2012,Uruguay,54.45376868,FALSE,148.1833852,FALSE
165,2013,Uruguay,57.69,FALSE,155.8020277,FALSE
165,2014,Uruguay,61.46,FALSE,162.0767046,FALSE
165,2015,Uruguay,64.5707871,FALSE,151.7998906,FALSE
165,2016,Uruguay,66.4,FALSE,149.8853759,FALSE
165,2017,Uruguay,70.3223544,FALSE,148.9559056,FALSE
165,2018,Uruguay,80.72684288,FALSE,130.1172556,FALSE
165,2019,Uruguay,83.35153377,FALSE,132.0241348,FALSE
165,2020,Uruguay,86.1,FALSE,132.7256301,FALSE
165,2021,Uruguay,87.05173761530313,TRUE,136.9212202,FALSE
200,1960,United Kingdom,0,TRUE,0,FALSE
200,1961,United Kingdom,0,TRUE,0,TRUE
200,1962,United Kingdom,0,TRUE,0,TRUE
200,1963,United Kingdom,0,TRUE,0,TRUE
200,1964,United Kingdom,0,TRUE,0,TRUE
200,1965,United Kingdom,0,TRUE,0,FALSE
200,1966,United Kingdom,0,TRUE,0,TRUE
200,1967,United Kingdom,0,TRUE,0,TRUE
200,1968,United Kingdom,0,TRUE,0,TRUE
200,1969,United Kingdom,0,TRUE,0,TRUE
200,1970,United Kingdom,0,TRUE,0,FALSE
200,1971,United Kingdom,0,TRUE,0,TRUE
200,1972,United Kingdom,0,TRUE,0,TRUE
200,1973,United Kingdom,0,TRUE,0,TRUE
200,1974,United Kingdom,0,TRUE,0,TRUE
200,1975,United Kingdom,0,TRUE,0,FALSE
200,1976,United Kingdom,0,TRUE,0,FALSE
200,1977,United Kingdom,0,TRUE,0,FALSE
200,1978,United Kingdom,0,TRUE,0,FALSE
200,1979,United Kingdom,0,TRUE,0,FALSE
200,1980,United Kingdom,0,TRUE,0,FALSE
200,1981,United Kingdom,0,TRUE,0,FALSE
200,1982,United Kingdom,0,TRUE,0,FALSE
200,1983,United Kingdom,0,TRUE,0,FALSE
200,1984,United Kingdom,0,TRUE,0,FALSE
200,1985,United Kingdom,0,TRUE,0.088272091,FALSE
200,1986,United Kingdom,0,TRUE,0.229188337,FALSE
200,1987,United Kingdom,0,TRUE,0.510326887,FALSE
200,1988,United Kingdom,0,TRUE,0.983272981,FALSE
200,1989,United Kingdom,0,TRUE,1.708245688,FALSE
200,1990,United Kingdom,0.087355319,FALSE,1.947196982,FALSE
200,1991,United Kingdom,0.174230922,FALSE,2.196673629,FALSE
200,1992,United Kingdom,0.260615159,FALSE,2.620448471,FALSE
200,1993,United Kingdom,0.519762001,FALSE,3.934258199,FALSE
200,1994,United Kingdom,1.036609166,FALSE,6.818272277,FALSE
200,1995,United Kingdom,1.895168284,FALSE,9.901172035,FALSE
200,1996,United Kingdom,4.123650336,FALSE,12.48025391,FALSE
200,1997,United Kingdom,7.385398957,FALSE,15.17763081,FALSE
200,1998,United Kingdom,13.6699831,FALSE,25.45932146,FALSE
200,1999,United Kingdom,21.29363827,FALSE,46.36293399,FALSE
200,2000,United Kingdom,26.82175435,FALSE,73.83511897,FALSE
200,2001,United Kingdom,33.48109487,FALSE,78.32360974,FALSE
200,2002,United Kingdom,56.48,FALSE,82.93728874,FALSE
200,2003,United Kingdom,64.82,FALSE,90.95792762,FALSE
200,2004,United Kingdom,65.61,FALSE,99.4867395,FALSE
200,2005,United Kingdom,70,FALSE,108.4259834,FALSE
200,2006,United Kingdom,68.82,FALSE,115.252733,FALSE
200,2007,United Kingdom,75.09,FALSE,120.527906,FALSE
200,2008,United Kingdom,78.39,FALSE,121.3772695,FALSE
200,2009,United Kingdom,83.56,FALSE,122.8742004,FALSE
200,2010,United Kingdom,85,FALSE,122.2590493,FALSE
200,2011,United Kingdom,85.37999855,FALSE,121.9256338,FALSE
200,2012,United Kingdom,87.47999842,FALSE,122.7564922,FALSE
200,2013,United Kingdom,89.8441,FALSE,122.3501829,FALSE
200,2014,United Kingdom,91.61,FALSE,121.1308315,FALSE
200,2015,United Kingdom,92.00029987,FALSE,121.5048919,FALSE
200,2016,United Kingdom,94.77580063,FALSE,120.2210676,FALSE
200,2017,United Kingdom,90.42455049,FALSE,119.7294099,FALSE
200,2018,United Kingdom,90.69200899,FALSE,118.7527408,FALSE
200,2019,United Kingdom,92.51662855,FALSE,120.8484884,FALSE
200,2020,United Kingdom,94.81820132,FALSE,117.8163133,FALSE
200,2021,United Kingdom,99.60427036977319,TRUE,118.5668355,FALSE
205,1960,Ireland,0,TRUE,0,FALSE
205,1961,Ireland,0,TRUE,0,TRUE
205,1962,Ireland,0,TRUE,0,TRUE
205,1963,Ireland,0,TRUE,0,TRUE
205,1964,Ireland,0,TRUE,0,TRUE
205,1965,Ireland,0,TRUE,0,FALSE
205,1966,Ireland,0,TRUE,0,TRUE
205,1967,Ireland,0,TRUE,0,TRUE
205,1968,Ireland,0,TRUE,0,TRUE
205,1969,Ireland,0,TRUE,0,TRUE
205,1970,Ireland,0,TRUE,0,FALSE
205,1971,Ireland,0,TRUE,0,TRUE
205,1972,Ireland,0,TRUE,0,TRUE
205,1973,Ireland,0,TRUE,0,TRUE
205,1974,Ireland,0,TRUE,0,TRUE
205,1975,Ireland,0,TRUE,0,FALSE
205,1976,Ireland,0,TRUE,0,FALSE
205,1977,Ireland,0,TRUE,0,FALSE
205,1978,Ireland,0,TRUE,0,FALSE
205,1979,Ireland,0,TRUE,0,FALSE
205,1980,Ireland,0,TRUE,0,FALSE
205,1981,Ireland,0,TRUE,0,FALSE
205,1982,Ireland,0,TRUE,0,FALSE
205,1983,Ireland,0,TRUE,0,FALSE
205,1984,Ireland,0,TRUE,0,FALSE
205,1985,Ireland,0,TRUE,0.008557324,FALSE
205,1986,Ireland,0,TRUE,0.042666121,FALSE
205,1987,Ireland,0,TRUE,0.098898597,FALSE
205,1988,Ireland,0,TRUE,0.180101371,FALSE
205,1989,Ireland,0,TRUE,0.389829915,FALSE
205,1990,Ireland,0,FALSE,0.717283138,FALSE
205,1991,Ireland,0.056796044,FALSE,0.913032251,FALSE
205,1992,Ireland,0.169686377,FALSE,1.24703581,FALSE
205,1993,Ireland,0.281141005,FALSE,1.723214034,FALSE
205,1994,Ireland,0.558377222,FALSE,2.472328186,FALSE
205,1995,Ireland,1.108386328,FALSE,4.414046502,FALSE
205,1996,Ireland,2.199301832,FALSE,8.001712355,FALSE
205,1997,Ireland,4.08825507,FALSE,14.9719105,FALSE
205,1998,Ireland,8.096010043,FALSE,25.71583674,FALSE
205,1999,Ireland,10.93380859,FALSE,45.08171161,FALSE
205,2000,Ireland,17.85046724,FALSE,65.29670067,FALSE
205,2001,Ireland,23.13881219,FALSE,77.56557948,FALSE
205,2002,Ireland,25.85,FALSE,77.03649835,FALSE
205,2003,Ireland,34.31,FALSE,88.41275114,FALSE
205,2004,Ireland,36.99,FALSE,95.7352192,FALSE
205,2005,Ireland,41.61,FALSE,103.6101966,FALSE
205,2006,Ireland,54.82,FALSE,110.7520628,FALSE
205,2007,Ireland,61.15832455,FALSE,114.0116573,FALSE
205,2008,Ireland,65.34,FALSE,113.3801112,FALSE
205,2009,Ireland,67.38,FALSE,104.5492103,FALSE
205,2010,Ireland,69.85,FALSE,103.9095077,FALSE
205,2011,Ireland,74.88997297,FALSE,107.9623924,FALSE
205,2012,Ireland,76.91999254,FALSE,109.8394365,FALSE
205,2013,Ireland,78.2477,FALSE,106.3624033,FALSE
205,2014,Ireland,83.49172234,FALSE,106.283914,FALSE
205,2015,Ireland,83.49479167,FALSE,105.0634623,FALSE
205,2016,Ireland,83.5,FALSE,103.3786082,FALSE
205,2017,Ireland,84.11400706,FALSE,102.6618166,FALSE
205,2018,Ireland,87.00014011,FALSE,102.8335051,FALSE
205,2019,Ireland,87.00005524,FALSE,105.3980591,FALSE
205,2020,Ireland,91.99989097,FALSE,105.8205231,FALSE
205,2021,Ireland,96.72340530413886,TRUE,107.7677124,FALSE
210,1960,Netherlands,0,TRUE,0,FALSE
210,1961,Netherlands,0,TRUE,0,TRUE
210,1962,Netherlands,0,TRUE,0,TRUE
210,1963,Netherlands,0,TRUE,0,TRUE
210,1964,Netherlands,0,TRUE,0,TRUE
210,1965,Netherlands,0,TRUE,0,FALSE
210,1966,Netherlands,0,TRUE,0,TRUE
210,1967,Netherlands,0,TRUE,0,TRUE
210,1968,Netherlands,0,TRUE,0,TRUE
210,1969,Netherlands,0,TRUE,0,TRUE
210,1970,Netherlands,0,TRUE,0,FALSE
210,1971,Netherlands,0,TRUE,0,TRUE
210,1972,Netherlands,0,TRUE,0,TRUE
210,1973,Netherlands,0,TRUE,0,TRUE
210,1974,Netherlands,0,TRUE,0,TRUE
210,1975,Netherlands,0,TRUE,0,FALSE
210,1976,Netherlands,0,TRUE,0,FALSE
210,1977,Netherlands,0,TRUE,0,FALSE
210,1978,Netherlands,0,TRUE,0,FALSE
210,1979,Netherlands,0,TRUE,0,FALSE
210,1980,Netherlands,0,TRUE,0,FALSE
210,1981,Netherlands,0,TRUE,0,FALSE
210,1982,Netherlands,0,TRUE,0,FALSE
210,1983,Netherlands,0,TRUE,0,FALSE
210,1984,Netherlands,0,TRUE,0,TRUE
210,1985,Netherlands,0,TRUE,0.033067635,FALSE
210,1986,Netherlands,0,TRUE,0.104848165,FALSE
210,1987,Netherlands,0,TRUE,0.164902921,FALSE
210,1988,Netherlands,0,TRUE,0.223542129,FALSE
210,1989,Netherlands,0,TRUE,0.377098663,FALSE
210,1990,Netherlands,0.334386942,FALSE,0.528620872,FALSE
210,1991,Netherlands,0.531496128,FALSE,0.764293078,FALSE
210,1992,Netherlands,1.320008028,FALSE,1.095660031,FALSE
210,1993,Netherlands,1.967087737,FALSE,1.416292584,FALSE
210,1994,Netherlands,3.257308831,FALSE,2.091276329,FALSE
210,1995,Netherlands,6.47315766,FALSE,3.489425681,FALSE
210,1996,Netherlands,9.649069145,FALSE,6.538548864,FALSE
210,1997,Netherlands,14.0655114,FALSE,10.98535148,FALSE
210,1998,Netherlands,22.24382769,FALSE,21.31327693,FALSE
210,1999,Netherlands,39.17600725,FALSE,42.65907064,FALSE
210,2000,Netherlands,43.98435137,FALSE,67.6451895,FALSE
210,2001,Netherlands,49.37306211,FALSE,76.3376165,FALSE
210,2002,Netherlands,61.29,FALSE,75.3563546,FALSE
210,2003,Netherlands,64.35,FALSE,81.84737461,FALSE
210,2004,Netherlands,68.52,FALSE,91.38038468,FALSE
210,2005,Netherlands,81,FALSE,97.3691093,FALSE
210,2006,Netherlands,83.7,FALSE,105.9435391,FALSE
210,2007,Netherlands,85.82,FALSE,117.6543655,FALSE
210,2008,Netherlands,87.42,FALSE,125.3100554,FALSE
210,2009,Netherlands,89.63,FALSE,121.8477658,FALSE
210,2010,Netherlands,90.72,FALSE,115.4171328,FALSE
210,2011,Netherlands,91.41999576,FALSE,118.7279121,FALSE
210,2012,Netherlands,92.85999236,FALSE,117.4658849,FALSE
210,2013,Netherlands,93.9564,FALSE,115.4123066,FALSE
210,2014,Netherlands,91.666666,FALSE,115.3822493,FALSE
210,2015,Netherlands,91.72413793,FALSE,122.1109286,FALSE
210,2016,Netherlands,90.4109589,FALSE,121.9889276,FALSE
210,2017,Netherlands,93.19727891,FALSE,119.3221581,FALSE
210,2018,Netherlands,91.89189189,FALSE,122.1100816,FALSE
210,2019,Netherlands,93.2885906,FALSE,125.3335923,FALSE
210,2020,Netherlands,91.33333333,FALSE,122.8307665,FALSE
210,2021,Netherlands,92.05298013,FALSE,125.0621654,FALSE
211,1960,Belgium,0,TRUE,0,FALSE
211,1961,Belgium,0,TRUE,0,TRUE
211,1962,Belgium,0,TRUE,0,TRUE
211,1963,Belgium,0,TRUE,0,TRUE
211,1964,Belgium,0,TRUE,0,TRUE
211,1965,Belgium,0,TRUE,0,FALSE
211,1966,Belgium,0,TRUE,0,TRUE
211,1967,Belgium,0,TRUE,0,TRUE
211,1968,Belgium,0,TRUE,0,TRUE
211,1969,Belgium,0,TRUE,0,TRUE
211,1970,Belgium,0,TRUE,0,FALSE
211,1971,Belgium,0,TRUE,0,TRUE
211,1972,Belgium,0,TRUE,0,TRUE
211,1973,Belgium,0,TRUE,0,TRUE
211,1974,Belgium,0,TRUE,0,TRUE
211,1975,Belgium,0,TRUE,0,FALSE
211,1976,Belgium,0,TRUE,0,FALSE
211,1977,Belgium,0,TRUE,0,FALSE
211,1978,Belgium,0,TRUE,0,FALSE
211,1979,Belgium,0,TRUE,0,FALSE
211,1980,Belgium,0,TRUE,0,FALSE
211,1981,Belgium,0,TRUE,0,FALSE
211,1982,Belgium,0,TRUE,0,FALSE
211,1983,Belgium,0,TRUE,0,FALSE
211,1984,Belgium,0,TRUE,0,FALSE
211,1985,Belgium,0,TRUE,0,FALSE
211,1986,Belgium,0,TRUE,0.038410913,FALSE
211,1987,Belgium,0,TRUE,0.07295796,FALSE
211,1988,Belgium,0,TRUE,0.193123711,FALSE
211,1989,Belgium,0,TRUE,0.30985683,FALSE
211,1990,Belgium,0.00100674,FALSE,0.430541108,FALSE
211,1991,Belgium,0.020072645,FALSE,0.514865721,FALSE
211,1992,Belgium,0.100041027,FALSE,0.613590337,FALSE
211,1993,Belgium,0.199446059,FALSE,0.67475874,FALSE
211,1994,Belgium,0.69599469,FALSE,1.271910668,FALSE
211,1995,Belgium,0.99166299,FALSE,2.330395105,FALSE
211,1996,Belgium,2.968411647,FALSE,4.72351216,FALSE
211,1997,Belgium,4.93808091,FALSE,9.596319875,FALSE
211,1998,Belgium,7.886622701,FALSE,17.23787063,FALSE
211,1999,Belgium,13.77221446,FALSE,31.16718928,FALSE
211,2000,Belgium,29.43169169,FALSE,54.8403395,FALSE
211,2001,Belgium,31.28839551,FALSE,74.66106187,FALSE
211,2002,Belgium,46.33,FALSE,78.23594997,FALSE
211,2003,Belgium,49.97,FALSE,82.72811955,FALSE
211,2004,Belgium,53.86,FALSE,87.33323948,FALSE
211,2005,Belgium,55.82,FALSE,91.32561654,FALSE
211,2006,Belgium,59.72,FALSE,93.04921348,FALSE
211,2007,Belgium,64.44,FALSE,100.792448,FALSE
211,2008,Belgium,66,FALSE,105.7332365,FALSE
211,2009,Belgium,70,FALSE,109.0163124,FALSE
211,2010,Belgium,75,FALSE,111.731029,FALSE
211,2011,Belgium,81.609996,FALSE,114.0583084,FALSE
211,2012,Belgium,80.71999055,FALSE,111.623776,FALSE
211,2013,Belgium,82.1702,FALSE,110.9153557,FALSE
211,2014,Belgium,85,FALSE,113.9396941,FALSE
211,2015,Belgium,85.05294175,FALSE,113.5645872,FALSE
211,2016,Belgium,86.51647666,FALSE,110.9039753,FALSE
211,2017,Belgium,87.67968082,FALSE,99.76104331,FALSE
211,2018,Belgium,88.647343,FALSE,99.9891253,FALSE
211,2019,Belgium,90.27542981,FALSE,99.99135577,FALSE
211,2020,Belgium,91.52641629,FALSE,99.72332827,FALSE
211,2021,Belgium,92.78867618,FALSE,101.1083743,FALSE
212,1960,Luxembourg,0,TRUE,0,FALSE
212,1961,Luxembourg,0,TRUE,0,TRUE
212,1962,Luxembourg,0,TRUE,0,TRUE
212,1963,Luxembourg,0,TRUE,0,TRUE
212,1964,Luxembourg,0,TRUE,0,TRUE
212,1965,Luxembourg,0,TRUE,0,FALSE
212,1966,Luxembourg,0,TRUE,0,TRUE
212,1967,Luxembourg,0,TRUE,0,TRUE
212,1968,Luxembourg,0,TRUE,0,TRUE
212,1969,Luxembourg,0,TRUE,0,TRUE
212,1970,Luxembourg,0,TRUE,0,FALSE
212,1971,Luxembourg,0,TRUE,0,TRUE
212,1972,Luxembourg,0,TRUE,0,TRUE
212,1973,Luxembourg,0,TRUE,0,TRUE
212,1974,Luxembourg,0,TRUE,0,TRUE
212,1975,Luxembourg,0,TRUE,0,FALSE
212,1976,Luxembourg,0,TRUE,0,FALSE
212,1977,Luxembourg,0,TRUE,0,FALSE
212,1978,Luxembourg,0,TRUE,0,FALSE
212,1979,Luxembourg,0,TRUE,0,FALSE
212,1980,Luxembourg,0,TRUE,0,FALSE
212,1981,Luxembourg,0,TRUE,0,FALSE
212,1982,Luxembourg,0,TRUE,0,FALSE
212,1983,Luxembourg,0,TRUE,0,FALSE
212,1984,Luxembourg,0,TRUE,0,FALSE
212,1985,Luxembourg,0,TRUE,0.010915064,FALSE
212,1986,Luxembourg,0,TRUE,0.079311188,FALSE
212,1987,Luxembourg,0,TRUE,0.101207473,FALSE
212,1988,Luxembourg,0,TRUE,0.145140213,FALSE
212,1989,Luxembourg,0,TRUE,0.176416438,FALSE
212,1990,Luxembourg,0,FALSE,0.216122077,FALSE
212,1991,Luxembourg,0,FALSE,0.294773782,FALSE
212,1992,Luxembourg,0.153198791,FALSE,0.286067491,FALSE
212,1993,Luxembourg,0.302155121,FALSE,1.281075276,FALSE
212,1994,Luxembourg,0.496486119,FALSE,3.207360388,FALSE
212,1995,Luxembourg,1.590941911,FALSE,6.583831123,FALSE
212,1996,Luxembourg,5.551653306,FALSE,10.89055716,FALSE
212,1997,Luxembourg,7.142704085,FALSE,16.06263683,FALSE
212,1998,Luxembourg,11.74555372,FALSE,30.80925647,FALSE
212,1999,Luxembourg,17.3879578,FALSE,48.72271444,FALSE
212,2000,Luxembourg,22.88732797,FALSE,69.61765543,FALSE
212,2001,Luxembourg,36.16342251,FALSE,92.70572238,FALSE
212,2002,Luxembourg,39.84,FALSE,106.0745033,FALSE
212,2003,Luxembourg,54.55,FALSE,119.4189901,FALSE
212,2004,Luxembourg,65.88,FALSE,102.6676103,FALSE
212,2005,Luxembourg,70,FALSE,109.7104505,FALSE
212,2006,Luxembourg,72.51,FALSE,150.9301361,FALSE
212,2007,Luxembourg,78.92,FALSE,142.6433936,FALSE
212,2008,Luxembourg,82.23,FALSE,144.6887759,FALSE
212,2009,Luxembourg,87.31,FALSE,144.6166454,FALSE
212,2010,Luxembourg,90.62,FALSE,143.3727099,FALSE
212,2011,Luxembourg,90.02985856,FALSE,147.6194795,FALSE
212,2012,Luxembourg,91.94992374,FALSE,143.4857751,FALSE
212,2013,Luxembourg,93.7765,FALSE,145.1703844,FALSE
212,2014,Luxembourg,94.67,FALSE,144.2986392,FALSE
212,2015,Luxembourg,96.37671417,FALSE,141.6910194,FALSE
212,2016,Luxembourg,98.13669867,FALSE,130.9674621,FALSE
212,2017,Luxembourg,97.36296032,FALSE,133.158472,FALSE
212,2018,Luxembourg,97.06129871,FALSE,131.3674819,FALSE
212,2019,Luxembourg,97.12063569,FALSE,134.8284522,FALSE
212,2020,Luxembourg,98.82242384,FALSE,141.180203,FALSE
212,2021,Luxembourg,98.82696739,FALSE,140.2391611749869,TRUE
220,1960,France,0,TRUE,0,FALSE
220,1961,France,0,TRUE,0,TRUE
220,1962,France,0,TRUE,0,TRUE
220,1963,France,0,TRUE,0,TRUE
220,1964,France,0,TRUE,0,TRUE
220,1965,France,0,TRUE,0,FALSE
220,1966,France,0,TRUE,0,TRUE
220,1967,France,0,TRUE,0,TRUE
220,1968,France,0,TRUE,0,TRUE
220,1969,France,0,TRUE,0,TRUE
220,1970,France,0,TRUE,0,FALSE
220,1971,France,0,TRUE,0,TRUE
220,1972,France,0,TRUE,0,TRUE
220,1973,France,0,TRUE,0,TRUE
220,1974,France,0,TRUE,0,TRUE
220,1975,France,0,TRUE,0,FALSE
220,1976,France,0,TRUE,0,FALSE
220,1977,France,0,TRUE,0,FALSE
220,1978,France,0,TRUE,0,FALSE
220,1979,France,0,TRUE,0,FALSE
220,1980,France,0,TRUE,0,FALSE
220,1981,France,0,TRUE,0,FALSE
220,1982,France,0,TRUE,0,FALSE
220,1983,France,0,TRUE,0,FALSE
220,1984,France,0,TRUE,0,FALSE
220,1985,France,0,TRUE,0,FALSE
220,1986,France,0,TRUE,0.016353137,FALSE
220,1987,France,0,TRUE,0.070512065,FALSE
220,1988,France,0,TRUE,0.175870865,FALSE
220,1989,France,0,TRUE,0.317607558,FALSE
220,1990,France,0.052777862,FALSE,0.502012864,FALSE
220,1991,France,0.140113895,FALSE,0.662015306,FALSE
220,1992,France,0.279049463,FALSE,0.767972059,FALSE
220,1993,France,0.590619383,FALSE,1.002563689,FALSE
220,1994,France,0.899867425,FALSE,1.542895357,FALSE
220,1995,France,1.637947245,FALSE,2.268352438,FALSE
220,1996,France,2.584033979,FALSE,4.273801074,FALSE
220,1997,France,4.255003872,FALSE,10.05768321,FALSE
220,1998,France,6.319778722,FALSE,19.30102205,FALSE
220,1999,France,9.125317889,FALSE,36.73125788,FALSE
220,2000,France,14.30792394,FALSE,49.52209267,FALSE
220,2001,France,26.32590355,FALSE,62.69176131,FALSE
220,2002,France,30.18,FALSE,64.98819173,FALSE
220,2003,France,36.14,FALSE,69.81954372,FALSE
220,2004,France,39.15,FALSE,74.1060681,FALSE
220,2005,France,42.87,FALSE,79.471056720000007,FALSE
220,2006,France,46.87,FALSE,84.8042036,FALSE
220,2007,France,66.09,FALSE,90.2635957,FALSE
220,2008,France,70.68,FALSE,93.92587863,FALSE
220,2009,France,71.58,FALSE,93.27577006,FALSE
220,2010,France,77.28,FALSE,92.53807461,FALSE
220,2011,France,77.81999899,FALSE,95.28593331,FALSE
220,2012,France,81.44,FALSE,98.71349646,FALSE
220,2013,France,81.9198,FALSE,99.98234788,FALSE
220,2014,France,83.75,FALSE,102.8881154,FALSE
220,2015,France,78.00603771,FALSE,104.4996731,FALSE
220,2016,France,79.26981132,FALSE,105.5973124,FALSE
220,2017,France,80.50245972,FALSE,107.5983841,FALSE
220,2018,France,82.04318678,FALSE,109.5588076,FALSE
220,2019,France,83.33974409,FALSE,111.8637727,FALSE
220,2020,France,84.8,FALSE,112.8271405,FALSE
220,2021,France,86.09548575,FALSE,103.45887181585353,TRUE
225,1960,Switzerland,0,TRUE,0,FALSE
225,1961,Switzerland,0,TRUE,0,TRUE
225,1962,Switzerland,0,TRUE,0,TRUE
225,1963,Switzerland,0,TRUE,0,TRUE
225,1964,Switzerland,0,TRUE,0,TRUE
225,1965,Switzerland,0,TRUE,0,FALSE
225,1966,Switzerland,0,TRUE,0,TRUE
225,1967,Switzerland,0,TRUE,0,TRUE
225,1968,Switzerland,0,TRUE,0,TRUE
225,1969,Switzerland,0,TRUE,0,TRUE
225,1970,Switzerland,0,TRUE,0,FALSE
225,1971,Switzerland,0,TRUE,0,TRUE
225,1972,Switzerland,0,TRUE,0,TRUE
225,1973,Switzerland,0,TRUE,0,TRUE
225,1974,Switzerland,0,TRUE,0,TRUE
225,1975,Switzerland,0,TRUE,0,FALSE
225,1976,Switzerland,0,TRUE,0,FALSE
225,1977,Switzerland,0,TRUE,0,FALSE
225,1978,Switzerland,0,TRUE,0,FALSE
225,1979,Switzerland,0,TRUE,0,FALSE
225,1980,Switzerland,0,TRUE,0,FALSE
225,1981,Switzerland,0,TRUE,0,FALSE
225,1982,Switzerland,0,TRUE,0,FALSE
225,1983,Switzerland,0,TRUE,0,FALSE
225,1984,Switzerland,0,TRUE,0,FALSE
225,1985,Switzerland,0,TRUE,0,FALSE
225,1986,Switzerland,0,TRUE,0,FALSE
225,1987,Switzerland,0,TRUE,0.083658647,FALSE
225,1988,Switzerland,0,TRUE,0.466700067,FALSE
225,1989,Switzerland,0,TRUE,1.094383444,FALSE
225,1990,Switzerland,0.595714223,FALSE,1.86312157,FALSE
225,1991,Switzerland,1.17995597,FALSE,2.568755037,FALSE
225,1992,Switzerland,1.751713322,FALSE,3.128988784,FALSE
225,1993,Switzerland,2.167270203,FALSE,3.715376361,FALSE
225,1994,Switzerland,2.720004329,FALSE,4.750957515,FALSE
225,1995,Switzerland,3.552007211,FALSE,6.353340872,FALSE
225,1996,Switzerland,4.549656748,FALSE,9.374002343,FALSE
225,1997,Switzerland,15.1,FALSE,14.73654995,FALSE
225,1998,Switzerland,24.8,FALSE,23.89578208,FALSE
225,1999,Switzerland,34,FALSE,42.80907642,FALSE
225,2000,Switzerland,47.1,FALSE,64.58480778,FALSE
225,2001,Switzerland,55.1,FALSE,73.02736295,FALSE
225,2002,Switzerland,61.4,FALSE,78.83348817,FALSE
225,2003,Switzerland,65.1,FALSE,84.42543709,FALSE
225,2004,Switzerland,67.8,FALSE,85.01063046,FALSE
225,2005,Switzerland,70.1,FALSE,92.0009924,FALSE
225,2006,Switzerland,75.7,FALSE,99.48022812,FALSE
225,2007,Switzerland,77.2,FALSE,108.8436554,FALSE
225,2008,Switzerland,79.2,FALSE,116.4751316,FALSE
225,2009,Switzerland,81.3,FALSE,120.5339002,FALSE
225,2010,Switzerland,83.9,FALSE,123.2884262,FALSE
225,2011,Switzerland,85.19302818,FALSE,127.4511306,FALSE
225,2012,Switzerland,85.2,FALSE,132.0838051,FALSE
225,2013,Switzerland,86.34,FALSE,136.5991059,FALSE
225,2014,Switzerland,87.4,FALSE,136.1783661,FALSE
225,2015,Switzerland,87.4790556,FALSE,135.7591625,FALSE
225,2016,Switzerland,89.13468774,FALSE,134.2677888,FALSE
225,2017,Switzerland,89.68614767,FALSE,131.1998185,FALSE
225,2018,Switzerland,91.8,FALSE,126.7095617,FALSE
225,2019,Switzerland,93.14608695,FALSE,126.9492891,FALSE
225,2020,Switzerland,94.2,FALSE,127.4054064,FALSE
225,2021,Switzerland,95.56937176,FALSE,127.2601924,FALSE
230,1960,Spain,0,TRUE,0,FALSE
230,1961,Spain,0,TRUE,0,TRUE
230,1962,Spain,0,TRUE,0,TRUE
230,1963,Spain,0,TRUE,0,TRUE
230,1964,Spain,0,TRUE,0,TRUE
230,1965,Spain,0,TRUE,0,FALSE
230,1966,Spain,0,TRUE,0,TRUE
230,1967,Spain,0,TRUE,0,TRUE
230,1968,Spain,0,TRUE,0,TRUE
230,1969,Spain,0,TRUE,0,TRUE
230,1970,Spain,0,TRUE,0,FALSE
230,1971,Spain,0,TRUE,0,TRUE
230,1972,Spain,0,TRUE,0,TRUE
230,1973,Spain,0,TRUE,0,TRUE
230,1974,Spain,0,TRUE,0,TRUE
230,1975,Spain,0,TRUE,0,FALSE
230,1976,Spain,0,TRUE,0,FALSE
230,1977,Spain,0,TRUE,0,FALSE
230,1978,Spain,0,TRUE,0,FALSE
230,1979,Spain,0,TRUE,0,FALSE
230,1980,Spain,0,TRUE,0,FALSE
230,1981,Spain,0,TRUE,0,FALSE
230,1982,Spain,0,TRUE,0,FALSE
230,1983,Spain,0,TRUE,0,TRUE
230,1984,Spain,0,TRUE,0,TRUE
230,1985,Spain,0,TRUE,0,TRUE
230,1986,Spain,0,TRUE,0.004405194,FALSE
230,1987,Spain,0,TRUE,0.010854247,FALSE
230,1988,Spain,0,TRUE,0.029983197,FALSE
230,1989,Spain,0,TRUE,0.076666811,FALSE
230,1990,Spain,0.012873564,FALSE,0.140653526,FALSE
230,1991,Spain,0.025686194,FALSE,0.27810043,FALSE
230,1992,Spain,0.076845453,FALSE,0.459912366,FALSE
230,1993,Spain,0.127689668,FALSE,0.652606384,FALSE
230,1994,Spain,0.280069738,FALSE,1.039604429,FALSE
230,1995,Spain,0.380800728,FALSE,2.373389764,FALSE
230,1996,Spain,1.331847404,FALSE,7.494773352,FALSE
230,1997,Spain,2.803319625,FALSE,10.7956461,FALSE
230,1998,Spain,4.361892394,FALSE,15.94912844,FALSE
230,1999,Spain,7.085039678,FALSE,37.00760234,FALSE
230,2000,Spain,13.62496081,FALSE,59.55835811,FALSE
230,2001,Spain,18.14872269,FALSE,72.39028278,FALSE
230,2002,Spain,20.39,FALSE,80.84111071,FALSE
230,2003,Spain,39.93,FALSE,88.13545118,FALSE
230,2004,Spain,44.01,FALSE,89.90428836,FALSE
230,2005,Spain,47.88,FALSE,97.73091333,FALSE
230,2006,Spain,50.37,FALSE,102.8639102,FALSE
230,2007,Spain,55.11,FALSE,107.0209594,FALSE
230,2008,Spain,59.6,FALSE,107.9553544,FALSE
230,2009,Spain,62.4,FALSE,110.1038303,FALSE
230,2010,Spain,65.8,FALSE,110.3421909,FALSE
230,2011,Spain,67.08999939,FALSE,112.5430587,FALSE
230,2012,Spain,69.80999994,FALSE,108.360446,FALSE
230,2013,Spain,71.635,FALSE,107.6286827,FALSE
230,2014,Spain,76.19,FALSE,109.3441127,FALSE
230,2015,Spain,78.68963187,FALSE,109.9855567,FALSE
230,2016,Spain,80.56133294,FALSE,110.8625606,FALSE
230,2017,Spain,84.6022457,FALSE,112.7141001,FALSE
230,2018,Spain,86.10723553,FALSE,115.7483421,FALSE
230,2019,Spain,90.71866533,FALSE,117.4481914,FALSE
230,2020,Spain,93.20564892,FALSE,117.4899328,FALSE
230,2021,Spain,93.89752157,FALSE,119.623109,FALSE
232,1960,Andorra,0,TRUE,0,FALSE
232,1961,Andorra,0,TRUE,0,TRUE
232,1962,Andorra,0,TRUE,0,TRUE
232,1963,Andorra,0,TRUE,0,TRUE
232,1964,Andorra,0,TRUE,0,TRUE
232,1965,Andorra,0,TRUE,0,FALSE
232,1966,Andorra,0,TRUE,0,TRUE
232,1967,Andorra,0,TRUE,0,TRUE
232,1968,Andorra,0,TRUE,0,TRUE
232,1969,Andorra,0,TRUE,0,TRUE
232,1970,Andorra,0,TRUE,0,FALSE
232,1971,Andorra,0,TRUE,0,TRUE
232,1972,Andorra,0,TRUE,0,TRUE
232,1973,Andorra,0,TRUE,0,TRUE
232,1974,Andorra,0,TRUE,0,TRUE
232,1975,Andorra,0,TRUE,0,FALSE
232,1976,Andorra,0,TRUE,0,FALSE
232,1977,Andorra,0,TRUE,0,FALSE
232,1978,Andorra,0,TRUE,0,FALSE
232,1979,Andorra,0,TRUE,0,FALSE
232,1980,Andorra,0,TRUE,0,FALSE
232,1981,Andorra,0,TRUE,0,FALSE
232,1982,Andorra,0,TRUE,0,FALSE
232,1983,Andorra,0,TRUE,0,FALSE
232,1984,Andorra,0,TRUE,0,FALSE
232,1985,Andorra,0,TRUE,0,FALSE
232,1986,Andorra,0,TRUE,0,FALSE
232,1987,Andorra,0,TRUE,0,FALSE
232,1988,Andorra,0,TRUE,0,FALSE
232,1989,Andorra,0,TRUE,0,FALSE
232,1990,Andorra,0,FALSE,0,FALSE
232,1991,Andorra,0,FALSE,0,FALSE
232,1992,Andorra,0,FALSE,1.344203341,FALSE
232,1993,Andorra,0,FALSE,1.318547569,FALSE
232,1994,Andorra,0,FALSE,1.284466799,FALSE
232,1995,Andorra,0,FALSE,4.489257564,FALSE
232,1996,Andorra,1.526601023,FALSE,8.555349432,FALSE
232,1997,Andorra,3.050175385,FALSE,13.32364491,FALSE
232,1998,Andorra,6.886209218,FALSE,21.65649066,FALSE
232,1999,Andorra,7.635686143,FALSE,31.37613282,FALSE
232,2000,Andorra,10.53883561,FALSE,35.61832431,FALSE
232,2001,Andorra,12.879554097038817,TRUE,43.39280448,FALSE
232,2002,Andorra,11.26046872,FALSE,46.28218157,FALSE
232,2003,Andorra,13.54641288,FALSE,70.21296747,FALSE
232,2004,Andorra,26.83795439,FALSE,75.86601328,FALSE
232,2005,Andorra,37.60576622,FALSE,80.87590509,FALSE
232,2006,Andorra,48.936847,FALSE,86.01844926,FALSE
232,2007,Andorra,70.87,FALSE,81.23912599,FALSE
232,2008,Andorra,70.04,FALSE,84.41522582,FALSE
232,2009,Andorra,78.53,FALSE,87.40318475,FALSE
232,2010,Andorra,81,FALSE,91.57706344,FALSE
232,2011,Andorra,81,FALSE,92.17208933,FALSE
232,2012,Andorra,82.7,FALSE,89.93550386,FALSE
232,2013,Andorra,84.4,FALSE,89.58187372,FALSE
232,2014,Andorra,86.1,FALSE,92.48694535,FALSE
232,2015,Andorra,87.9,FALSE,99.42853957,FALSE
232,2016,Andorra,89.7,FALSE,104.9517508,FALSE
232,2017,Andorra,91.56746703,FALSE,108.8046481,FALSE
232,2018,Andorra,98.6055291023224,TRUE,110.1329103,FALSE
232,2019,Andorra,99.02584807177885,TRUE,115.1500465,FALSE
232,2020,Andorra,99.32034847535594,TRUE,120.978121,FALSE
232,2021,Andorra,99.52624303481946,TRUE,103.10287076806395,TRUE
235,1960,Portugal,0,TRUE,0,FALSE
235,1961,Portugal,0,TRUE,0,TRUE
235,1962,Portugal,0,TRUE,0,TRUE
235,1963,Portugal,0,TRUE,0,TRUE
235,1964,Portugal,0,TRUE,0,TRUE
235,1965,Portugal,0,TRUE,0,FALSE
235,1966,Portugal,0,TRUE,0,TRUE
235,1967,Portugal,0,TRUE,0,TRUE
235,1968,Portugal,0,TRUE,0,TRUE
235,1969,Portugal,0,TRUE,0,TRUE
235,1970,Portugal,0,TRUE,0,FALSE
235,1971,Portugal,0,TRUE,0,TRUE
235,1972,Portugal,0,TRUE,0,TRUE
235,1973,Portugal,0,TRUE,0,TRUE
235,1974,Portugal,0,TRUE,0,TRUE
235,1975,Portugal,0,TRUE,0,FALSE
235,1976,Portugal,0,TRUE,0,FALSE
235,1977,Portugal,0,TRUE,0,FALSE
235,1978,Portugal,0,TRUE,0,FALSE
235,1979,Portugal,0,TRUE,0,FALSE
235,1980,Portugal,0,TRUE,0,FALSE
235,1981,Portugal,0,TRUE,0,FALSE
235,1982,Portugal,0,TRUE,0,FALSE
235,1983,Portugal,0,TRUE,0,FALSE
235,1984,Portugal,0,TRUE,0,FALSE
235,1985,Portugal,0,TRUE,0,FALSE
235,1986,Portugal,0,TRUE,0,FALSE
235,1987,Portugal,0,TRUE,0,FALSE
235,1988,Portugal,0,TRUE,0,FALSE
235,1989,Portugal,0,TRUE,0.027763601,FALSE
235,1990,Portugal,0,FALSE,0.064952286,FALSE
235,1991,Portugal,0.10023057,FALSE,0.126171404,FALSE
235,1992,Portugal,0.250426501,FALSE,0.373413728,FALSE
235,1993,Portugal,0.450161608,FALSE,1.013800598,FALSE
235,1994,Portugal,0.718905754,FALSE,1.731944488,FALSE
235,1995,Portugal,1.494334529,FALSE,3.391071437,FALSE
235,1996,Portugal,2.98087767,FALSE,6.578849672,FALSE
235,1997,Portugal,4.953001955,FALSE,14.87538336,FALSE
235,1998,Portugal,9.870446442,FALSE,30.20441744,FALSE
235,1999,Portugal,14.74233784,FALSE,45.64926761,FALSE
235,2000,Portugal,16.43046769,FALSE,64.70432962,FALSE
235,2001,Portugal,18.08713656,FALSE,76.91550537,FALSE
235,2002,Portugal,19.37,FALSE,83.11831542,FALSE
235,2003,Portugal,29.67,FALSE,95.50631584,FALSE
235,2004,Portugal,31.78,FALSE,100.6625516,FALSE
235,2005,Portugal,34.99,FALSE,108.7804944,FALSE
235,2006,Portugal,38.01,FALSE,115.9569577,FALSE
235,2007,Portugal,42.09,FALSE,127.559973,FALSE
235,2008,Portugal,44.13,FALSE,132.7779993,FALSE
235,2009,Portugal,48.27,FALSE,111.3652914,FALSE
235,2010,Portugal,53.3,FALSE,115.3184225,FALSE
235,2011,Portugal,55.24999688,FALSE,116.7515206,FALSE
235,2012,Portugal,60.33999749,FALSE,113.2623797,FALSE
235,2013,Portugal,62.0956,FALSE,114.5869644,FALSE
235,2014,Portugal,64.59,FALSE,114.2890262,FALSE
235,2015,Portugal,68.63286148,FALSE,113.0168861,FALSE
235,2016,Portugal,70.42356709,FALSE,111.9942091,FALSE
235,2017,Portugal,73.79121395,FALSE,114.1311837,FALSE
235,2018,Portugal,74.66096815,FALSE,115.2549871,FALSE
235,2019,Portugal,75.34637794,FALSE,115.7418865,FALSE
235,2020,Portugal,78.26166044,FALSE,115.078977,FALSE
235,2021,Portugal,82.30902804,FALSE,121.244316,FALSE
260,1960,Germany,0,TRUE,0,FALSE
260,1961,Germany,0,TRUE,0,TRUE
260,1962,Germany,0,TRUE,0,TRUE
260,1963,Germany,0,TRUE,0,TRUE
260,1964,Germany,0,TRUE,0,TRUE
260,1965,Germany,0,TRUE,0,FALSE
260,1966,Germany,0,TRUE,0,TRUE
260,1967,Germany,0,TRUE,0,TRUE
260,1968,Germany,0,TRUE,0,TRUE
260,1969,Germany,0,TRUE,0,TRUE
260,1970,Germany,0,TRUE,0,FALSE
260,1971,Germany,0,TRUE,0,TRUE
260,1972,Germany,0,TRUE,0,TRUE
260,1973,Germany,0,TRUE,0,TRUE
260,1974,Germany,0,TRUE,0,TRUE
260,1975,Germany,0,TRUE,0,FALSE
260,1976,Germany,0,TRUE,0,FALSE
260,1977,Germany,0,TRUE,0,FALSE
260,1978,Germany,0,TRUE,0,FALSE
260,1979,Germany,0,TRUE,0,FALSE
260,1980,Germany,0,TRUE,0,FALSE
260,1981,Germany,0,TRUE,0,FALSE
260,1982,Germany,0,TRUE,0,FALSE
260,1983,Germany,0,TRUE,0,FALSE
260,1984,Germany,0,TRUE,0,FALSE
260,1985,Germany,0,TRUE,0.001391057,FALSE
260,1986,Germany,0,TRUE,0.030589939,FALSE
260,1987,Germany,0,TRUE,0.06242341,FALSE
260,1988,Germany,0,TRUE,0.125848762,FALSE
260,1989,Germany,0,TRUE,0.207331963,FALSE
260,1990,Germany,0.125892223,FALSE,0.343465197,FALSE
260,1991,Germany,0.250274153,FALSE,0.666964587,FALSE
260,1992,Germany,0.43528529,FALSE,1.211756918,FALSE
260,1993,Germany,0.463635096,FALSE,2.20218591,FALSE
260,1994,Germany,0.922541043,FALSE,3.079172276,FALSE
260,1995,Germany,1.837737754,FALSE,4.59177788,FALSE
260,1996,Germany,3.054805234,FALSE,6.779755664,FALSE
260,1997,Germany,6.711087477,FALSE,10.1625708,FALSE
260,1998,Germany,9.877852428,FALSE,17.06605986,FALSE
260,1999,Germany,20.84598264,FALSE,28.74800454,FALSE
260,2000,Germany,30.2163466,FALSE,59.10608068,FALSE
260,2001,Germany,31.65093942,FALSE,68.85395013,FALSE
260,2002,Germany,48.82,FALSE,72.60008929,FALSE
260,2003,Germany,55.9,FALSE,79.65893192,FALSE
260,2004,Germany,64.73,FALSE,87.76291359,FALSE
260,2005,Germany,68.71,FALSE,97.6097572,FALSE
260,2006,Germany,72.16,FALSE,105.5115846,FALSE
260,2007,Germany,75.16,FALSE,118.5370597,FALSE
260,2008,Germany,78,FALSE,129.9265409,FALSE
260,2009,Germany,79,FALSE,129.2138879,FALSE
260,2010,Germany,82,FALSE,108.6995416,FALSE
260,2011,Germany,81.26999954,FALSE,111.6386991,FALSE
260,2012,Germany,82.34999847,FALSE,113.3108833,FALSE
260,2013,Germany,84.17,FALSE,122.4697309,FALSE
260,2014,Germany,86.19,FALSE,121.5873792,FALSE
260,2015,Germany,87.58979935,FALSE,117.4073504,FALSE
260,2016,Germany,84.16520664,FALSE,125.6749823,FALSE
260,2017,Germany,84.3941537,FALSE,132.7695384,FALSE
260,2018,Germany,87.03711209,FALSE,129.6794748,FALSE
260,2019,Germany,88.13451691,FALSE,128.9265144,FALSE
260,2020,Germany,89.81294133,FALSE,128.8867207,FALSE
260,2021,Germany,91.43060973,FALSE,127.5648538,FALSE
290,1960,Poland,0,TRUE,0,FALSE
290,1961,Poland,0,TRUE,0,TRUE
290,1962,Poland,0,TRUE,0,TRUE
290,1963,Poland,0,TRUE,0,TRUE
290,1964,Poland,0,TRUE,0,TRUE
290,1965,Poland,0,TRUE,0,FALSE
290,1966,Poland,0,TRUE,0,TRUE
290,1967,Poland,0,TRUE,0,TRUE
290,1968,Poland,0,TRUE,0,TRUE
290,1969,Poland,0,TRUE,0,TRUE
290,1970,Poland,0,TRUE,0,FALSE
290,1971,Poland,0,TRUE,0,TRUE
290,1972,Poland,0,TRUE,0,TRUE
290,1973,Poland,0,TRUE,0,TRUE
290,1974,Poland,0,TRUE,0,TRUE
290,1975,Poland,0,TRUE,0,FALSE
290,1976,Poland,0,TRUE,0,FALSE
290,1977,Poland,0,TRUE,0,FALSE
290,1978,Poland,0,TRUE,0,FALSE
290,1979,Poland,0,TRUE,0,FALSE
290,1980,Poland,0,TRUE,0,FALSE
290,1981,Poland,0,TRUE,0,FALSE
290,1982,Poland,0,TRUE,0,FALSE
290,1983,Poland,0,TRUE,0,FALSE
290,1984,Poland,0,TRUE,0,FALSE
290,1985,Poland,0,TRUE,0,FALSE
290,1986,Poland,0,TRUE,0,FALSE
290,1987,Poland,0,TRUE,0,FALSE
290,1988,Poland,0,TRUE,0,FALSE
290,1989,Poland,0,TRUE,0,FALSE
290,1990,Poland,0,FALSE,0,FALSE
290,1991,Poland,0.005229468,FALSE,0,FALSE
290,1992,Poland,0.052127181,FALSE,0.005738221,FALSE
290,1993,Poland,0.129961704,FALSE,0.040968916,FALSE
290,1994,Poland,0.389098144,FALSE,0.101476311,FALSE
290,1995,Poland,0.647752333,FALSE,0.19530244,FALSE
290,1996,Poland,1.295200255,FALSE,0.56482304,FALSE
290,1997,Poland,2.073465474,FALSE,2.115317351,FALSE
290,1998,Poland,4.102272002,FALSE,5.023560454,FALSE
290,1999,Poland,5.45644373,FALSE,10.3154857,FALSE
290,2000,Poland,7.285428708,FALSE,17.52265863,FALSE
290,2001,Poland,9.900669707,FALSE,25.87666945,FALSE
290,2002,Poland,21.15,FALSE,35.96216995,FALSE
290,2003,Poland,24.87,FALSE,45.055754,FALSE
290,2004,Poland,32.53,FALSE,59.84050126,FALSE
290,2005,Poland,38.81,FALSE,75.60778279,FALSE
290,2006,Poland,44.58,FALSE,95.32592008,FALSE
290,2007,Poland,48.6,FALSE,107.4422651,FALSE
290,2008,Poland,53.13,FALSE,114.0266842,FALSE
290,2009,Poland,58.97,FALSE,116.2139851,FALSE
290,2010,Poland,62.32,FALSE,121.6459352,FALSE
290,2011,Poland,61.94999897,FALSE,129.8786171,FALSE
290,2012,Poland,62.30999727,FALSE,140.0258516,FALSE
290,2013,Poland,62.8492,FALSE,147.5698282,FALSE
290,2014,Poland,66.6,FALSE,147.4923404,FALSE
290,2015,Poland,67.99698716,FALSE,141.4598694,FALSE
290,2016,Poland,73.3007041,FALSE,137.5522178,FALSE
290,2017,Poland,75.98536595,FALSE,130.9503547,FALSE
290,2018,Poland,77.54173454,FALSE,125.3471416,FALSE
290,2019,Poland,80.43590724,FALSE,125.7168536,FALSE
290,2020,Poland,83.18488715,FALSE,128.4226449,FALSE
290,2021,Poland,85.37490811,FALSE,132.0589612,FALSE
305,1960,Austria,0,TRUE,0,FALSE
305,1961,Austria,0,TRUE,0,TRUE
305,1962,Austria,0,TRUE,0,TRUE
305,1963,Austria,0,TRUE,0,TRUE
305,1964,Austria,0,TRUE,0,TRUE
305,1965,Austria,0,TRUE,0,FALSE
305,1966,Austria,0,TRUE,0,TRUE
305,1967,Austria,0,TRUE,0,TRUE
305,1968,Austria,0,TRUE,0,TRUE
305,1969,Austria,0,TRUE,0,TRUE
305,1970,Austria,0,TRUE,0,FALSE
305,1971,Austria,0,TRUE,0,TRUE
305,1972,Austria,0,TRUE,0,TRUE
305,1973,Austria,0,TRUE,0,TRUE
305,1974,Austria,0,TRUE,0,TRUE
305,1975,Austria,0,TRUE,0,FALSE
305,1976,Austria,0,TRUE,0,FALSE
305,1977,Austria,0,TRUE,0,FALSE
305,1978,Austria,0,TRUE,0,FALSE
305,1979,Austria,0,TRUE,0,FALSE
305,1980,Austria,0,TRUE,0,FALSE
305,1981,Austria,0,TRUE,0,FALSE
305,1982,Austria,0,TRUE,0,FALSE
305,1983,Austria,0,TRUE,0,FALSE
305,1984,Austria,0,TRUE,0,FALSE
305,1985,Austria,0,TRUE,0.129090886,FALSE
305,1986,Austria,0,TRUE,0.252456375,FALSE
305,1987,Austria,0,TRUE,0.346297993,FALSE
305,1988,Austria,0,TRUE,0.486618775,FALSE
305,1989,Austria,0,TRUE,0.665683123,FALSE
305,1990,Austria,0.130369377,FALSE,0.959768212,FALSE
305,1991,Austria,0.259081553,FALSE,1.487975586,FALSE
305,1992,Austria,0.642817619,FALSE,2.199426692,FALSE
305,1993,Austria,0.76534273,FALSE,2.793816992,FALSE
305,1994,Austria,1.393422968,FALSE,3.505812272,FALSE
305,1995,Austria,1.890210524,FALSE,4.825981063,FALSE
305,1996,Austria,6.909162353,FALSE,7.523308814,FALSE
305,1997,Austria,9.533974317,FALSE,14.5561248,FALSE
305,1998,Austria,15.42121932,FALSE,28.74798987,FALSE
305,1999,Austria,23.0443171,FALSE,53.18724835,FALSE
305,2000,Austria,33.73013295,FALSE,76.36296088,FALSE
305,2001,Austria,39.18545018,FALSE,81.35950603,FALSE
305,2002,Austria,36.56,FALSE,83.37673809,FALSE
305,2003,Austria,42.7,FALSE,89.58013346,FALSE
305,2004,Austria,54.28,FALSE,97.80672818,FALSE
305,2005,Austria,58,FALSE,105.3234981,FALSE
305,2006,Austria,63.6,FALSE,112.2552739,FALSE
305,2007,Austria,69.37,FALSE,119.4976758,FALSE
305,2008,Austria,72.87,FALSE,129.9823149,FALSE
305,2009,Austria,73.45,FALSE,137.0500745,FALSE
305,2010,Austria,75.17,FALSE,146.3739125,FALSE
305,2011,Austria,78.7399931,FALSE,155.1932739,FALSE
305,2012,Austria,80.02999392,FALSE,161.1931998,FALSE
305,2013,Austria,80.6188,FALSE,156.5179428,FALSE
305,2014,Austria,80.99582496,FALSE,151.5621925,FALSE
305,2015,Austria,83.94014193,FALSE,155.8663134,FALSE
305,2016,Austria,84.32374257,FALSE,126.8182509,FALSE
305,2017,Austria,87.93558659,FALSE,123.4328495,FALSE
305,2018,Austria,87.47913723,FALSE,124.2461975,FALSE
305,2019,Austria,87.75220479,FALSE,120.7891044,FALSE
305,2020,Austria,87.52942813,FALSE,120.3155961,FALSE
305,2021,Austria,92.52915104,FALSE,121.9694798,FALSE
310,1960,Hungary,0,TRUE,0,FALSE
310,1961,Hungary,0,TRUE,0,TRUE
310,1962,Hungary,0,TRUE,0,TRUE
310,1963,Hungary,0,TRUE,0,TRUE
310,1964,Hungary,0,TRUE,0,TRUE
310,1965,Hungary,0,TRUE,0,FALSE
310,1966,Hungary,0,TRUE,0,TRUE
310,1967,Hungary,0,TRUE,0,TRUE
310,1968,Hungary,0,TRUE,0,TRUE
310,1969,Hungary,0,TRUE,0,TRUE
310,1970,Hungary,0,TRUE,0,FALSE
310,1971,Hungary,0,TRUE,0,TRUE
310,1972,Hungary,0,TRUE,0,TRUE
310,1973,Hungary,0,TRUE,0,TRUE
310,1974,Hungary,0,TRUE,0,TRUE
310,1975,Hungary,0,TRUE,0,FALSE
310,1976,Hungary,0,TRUE,0,FALSE
310,1977,Hungary,0,TRUE,0,FALSE
310,1978,Hungary,0,TRUE,0,FALSE
310,1979,Hungary,0,TRUE,0,FALSE
310,1980,Hungary,0,TRUE,0,FALSE
310,1981,Hungary,0,TRUE,0,FALSE
310,1982,Hungary,0,TRUE,0,FALSE
310,1983,Hungary,0,TRUE,0,FALSE
310,1984,Hungary,0,TRUE,0,FALSE
310,1985,Hungary,0,TRUE,0,FALSE
310,1986,Hungary,0,TRUE,0,FALSE
310,1987,Hungary,0,TRUE,0,FALSE
310,1988,Hungary,0,TRUE,0,FALSE
310,1989,Hungary,0,TRUE,0,FALSE
310,1990,Hungary,0,FALSE,0.025491543,FALSE
310,1991,Hungary,0.00338263,FALSE,0.081708017,FALSE
310,1992,Hungary,0.048353421,FALSE,0.224608151,FALSE
310,1993,Hungary,0.193414395,FALSE,0.441345432,FALSE
310,1994,Hungary,0.483580975,FALSE,1.382653252,FALSE
310,1995,Hungary,0.677486054,FALSE,2.566046652,FALSE
310,1996,Hungary,0.969239536,FALSE,4.589519791,FALSE
310,1997,Hungary,1.942449872,FALSE,6.861470978,FALSE
310,1998,Hungary,3.894643278,FALSE,10.42936893,FALSE
310,1999,Hungary,5.857840749,FALSE,15.91507583,FALSE
310,2000,Hungary,6.999676351,FALSE,30.15352299,FALSE
310,2001,Hungary,14.5285543,FALSE,48.8057768,FALSE
310,2002,Hungary,16.67,FALSE,67.85414098,FALSE
310,2003,Hungary,21.63,FALSE,78.51885074,FALSE
310,2004,Hungary,27.74,FALSE,86.45494989,FALSE
310,2005,Hungary,38.97,FALSE,92.51973936,FALSE
310,2006,Hungary,47.06,FALSE,99.09176258,FALSE
310,2007,Hungary,53.3,FALSE,109.8470378,FALSE
310,2008,Hungary,61,FALSE,121.954914,FALSE
310,2009,Hungary,62,FALSE,117.8236573,FALSE
310,2010,Hungary,65,FALSE,120.2766945,FALSE
310,2011,Hungary,68.01998789,FALSE,117.4485123,FALSE
310,2012,Hungary,70.57999815,FALSE,116.7030517,FALSE
310,2013,Hungary,72.6439,FALSE,117.1374199,FALSE
310,2014,Hungary,75.65319745,FALSE,118.8347046,FALSE
310,2015,Hungary,72.83473703,FALSE,100.5722734,FALSE
310,2016,Hungary,79.25941213,FALSE,101.3947585,FALSE
310,2017,Hungary,76.75054712,FALSE,101.5946158,FALSE
310,2018,Hungary,76.07436064,FALSE,102.7165638,FALSE
310,2019,Hungary,80.37169361,FALSE,105.1259564,FALSE
310,2020,Hungary,84.77115202,FALSE,105.9697831,FALSE
310,2021,Hungary,88.64083466,FALSE,105.549731,FALSE
316,1960,Czechia,0,TRUE,0,FALSE
316,1961,Czechia,0,TRUE,0,TRUE
316,1962,Czechia,0,TRUE,0,TRUE
316,1963,Czechia,0,TRUE,0,TRUE
316,1964,Czechia,0,TRUE,0,TRUE
316,1965,Czechia,0,TRUE,0,FALSE
316,1966,Czechia,0,TRUE,0,TRUE
316,1967,Czechia,0,TRUE,0,TRUE
316,1968,Czechia,0,TRUE,0,TRUE
316,1969,Czechia,0,TRUE,0,TRUE
316,1970,Czechia,0,TRUE,0,FALSE
316,1971,Czechia,0,TRUE,0,TRUE
316,1972,Czechia,0,TRUE,0,TRUE
316,1973,Czechia,0,TRUE,0,TRUE
316,1974,Czechia,0,TRUE,0,TRUE
316,1975,Czechia,0,TRUE,0,FALSE
316,1976,Czechia,0,TRUE,0,FALSE
316,1977,Czechia,0,TRUE,0,FALSE
316,1978,Czechia,0,TRUE,0,FALSE
316,1979,Czechia,0,TRUE,0,FALSE
316,1980,Czechia,0,TRUE,0,FALSE
316,1981,Czechia,0,TRUE,0,FALSE
316,1982,Czechia,0,TRUE,0,FALSE
316,1983,Czechia,0,TRUE,0,FALSE
316,1984,Czechia,0,TRUE,0,FALSE
316,1985,Czechia,0,TRUE,0,FALSE
316,1986,Czechia,0,TRUE,0,FALSE
316,1987,Czechia,0,TRUE,0,FALSE
316,1988,Czechia,0,TRUE,0,FALSE
316,1989,Czechia,0,TRUE,0,FALSE
316,1990,Czechia,0,FALSE,0,FALSE
316,1991,Czechia,0,FALSE,0.012054318,FALSE
316,1992,Czechia,0,FALSE,0.04510736,FALSE
316,1993,Czechia,0.581319529,FALSE,0.136089876,FALSE
316,1994,Czechia,1.259217838,FALSE,0.294817456,FALSE
316,1995,Czechia,1.45357584,FALSE,0.474218514,FALSE
316,1996,Czechia,1.940378193,FALSE,1.945627333,FALSE
316,1997,Czechia,2.915698695,FALSE,5.12050537,FALSE
316,1998,Czechia,3.895906065,FALSE,9.406584208,FALSE
316,1999,Czechia,6.832802018,FALSE,18.97282769,FALSE
316,2000,Czechia,9.780527888,FALSE,42.46343082,FALSE
316,2001,Czechia,14.69717212,FALSE,67.90775733,FALSE
316,2002,Czechia,23.93,FALSE,84.09878914,FALSE
316,2003,Czechia,34.3,FALSE,94.73699258,FALSE
316,2004,Czechia,35.5,FALSE,105.0830138,FALSE
316,2005,Czechia,35.27,FALSE,114.5500833,FALSE
316,2006,Czechia,47.93,FALSE,120.3922535,FALSE
316,2007,Czechia,51.93,FALSE,127.9633374,FALSE
316,2008,Czechia,62.97,FALSE,132.7750137,FALSE
316,2009,Czechia,64.43,FALSE,125.3428438,FALSE
316,2010,Czechia,68.82,FALSE,123.5968488,FALSE
316,2011,Czechia,70.49,FALSE,125.4499409,FALSE
316,2012,Czechia,73.43000782,FALSE,128.6444455,FALSE
316,2013,Czechia,74.1104,FALSE,130.4791683,FALSE
316,2014,Czechia,74.23171164,FALSE,132.2892387,FALSE
316,2015,Czechia,75.6688387,FALSE,118.34677,FALSE
316,2016,Czechia,76.4811987,FALSE,118.5935717,FALSE
316,2017,Czechia,78.71917285,FALSE,119.9885389,FALSE
316,2018,Czechia,80.68816754,FALSE,120.5956604,FALSE
316,2019,Czechia,80.86694441,FALSE,124.3382405,FALSE
316,2020,Czechia,81.33889705,FALSE,123.4438209,FALSE
316,2021,Czechia,82.67062427,FALSE,124.9188212,FALSE
317,1960,Slovak Republic,0,TRUE,0,FALSE
317,1961,Slovak Republic,0,TRUE,0,TRUE
317,1962,Slovak Republic,0,TRUE,0,TRUE
317,1963,Slovak Republic,0,TRUE,0,TRUE
317,1964,Slovak Republic,0,TRUE,0,TRUE
317,1965,Slovak Republic,0,TRUE,0,FALSE
317,1966,Slovak Republic,0,TRUE,0,TRUE
317,1967,Slovak Republic,0,TRUE,0,TRUE
317,1968,Slovak Republic,0,TRUE,0,TRUE
317,1969,Slovak Republic,0,TRUE,0,TRUE
317,1970,Slovak Republic,0,TRUE,0,FALSE
317,1971,Slovak Republic,0,TRUE,0,TRUE
317,1972,Slovak Republic,0,TRUE,0,TRUE
317,1973,Slovak Republic,0,TRUE,0,TRUE
317,1974,Slovak Republic,0,TRUE,0,TRUE
317,1975,Slovak Republic,0,TRUE,0,FALSE
317,1976,Slovak Republic,0,TRUE,0,FALSE
317,1977,Slovak Republic,0,TRUE,0,FALSE
317,1978,Slovak Republic,0,TRUE,0,FALSE
317,1979,Slovak Republic,0,TRUE,0,FALSE
317,1980,Slovak Republic,0,TRUE,0,FALSE
317,1981,Slovak Republic,0,TRUE,0,FALSE
317,1982,Slovak Republic,0,TRUE,0,FALSE
317,1983,Slovak Republic,0,TRUE,0,FALSE
317,1984,Slovak Republic,0,TRUE,0,FALSE
317,1985,Slovak Republic,0,TRUE,0,FALSE
317,1986,Slovak Republic,0,TRUE,0,FALSE
317,1987,Slovak Republic,0,TRUE,0,FALSE
317,1988,Slovak Republic,0,TRUE,0,FALSE
317,1989,Slovak Republic,0,TRUE,0,FALSE
317,1990,Slovak Republic,0,FALSE,0,FALSE
317,1991,Slovak Republic,0,FALSE,0.002253691,FALSE
317,1992,Slovak Republic,0,FALSE,0.028989651,FALSE
317,1993,Slovak Republic,0.127829232,FALSE,0.058720083,FALSE
317,1994,Slovak Republic,0.318509704,FALSE,0.111373113,FALSE
317,1995,Slovak Republic,0.523210163,FALSE,0.230187088,FALSE
317,1996,Slovak Republic,0.783290109,FALSE,0.534834907,FALSE
317,1997,Slovak Republic,1.173381014,FALSE,3.729898959,FALSE
317,1998,Slovak Republic,2.689809786,FALSE,8.664253744,FALSE
317,1999,Slovak Republic,5.437758139,FALSE,12.35570143,FALSE
317,2000,Slovak Republic,9.426803201,FALSE,23.13200129,FALSE
317,2001,Slovak Republic,12.52832185,FALSE,39.93952522,FALSE
317,2002,Slovak Republic,40.14,FALSE,54.38643654,FALSE
317,2003,Slovak Republic,43.04,FALSE,68.45025357,FALSE
317,2004,Slovak Republic,52.89,FALSE,79.53895594,FALSE
317,2005,Slovak Republic,55.19,FALSE,84.45255999,FALSE
317,2006,Slovak Republic,56.08,FALSE,90.99901883,FALSE
317,2007,Slovak Republic,61.8,FALSE,112.8232059,FALSE
317,2008,Slovak Republic,66.05,FALSE,102.5718387,FALSE
317,2009,Slovak Republic,70,FALSE,102.0188253,FALSE
317,2010,Slovak Republic,75.71,FALSE,109.7951532,FALSE
317,2011,Slovak Republic,74.43999717,FALSE,110.7424278,FALSE
317,2012,Slovak Republic,76.70999012,FALSE,112.6667989,FALSE
317,2013,Slovak Republic,77.8826,FALSE,114.6576409,FALSE
317,2014,Slovak Republic,79.98,FALSE,117.686388,FALSE
317,2015,Slovak Republic,77.63468203,FALSE,123.0642809,FALSE
317,2016,Slovak Republic,80.47585728,FALSE,128.6989641,FALSE
317,2017,Slovak Republic,81.62566752,FALSE,130.8550955,FALSE
317,2018,Slovak Republic,80.44892248,FALSE,132.9546485,FALSE
317,2019,Slovak Republic,82.8536605,FALSE,135.6735811,FALSE
317,2020,Slovak Republic,89.9209082,FALSE,133.5923247,FALSE
317,2021,Slovak Republic,88.92562911,FALSE,135.1475011,FALSE
325,1960,Italy,0,TRUE,0,FALSE
325,1961,Italy,0,TRUE,0,TRUE
325,1962,Italy,0,TRUE,0,TRUE
325,1963,Italy,0,TRUE,0,TRUE
325,1964,Italy,0,TRUE,0,TRUE
325,1965,Italy,0,TRUE,0,FALSE
325,1966,Italy,0,TRUE,0,TRUE
325,1967,Italy,0,TRUE,0,TRUE
325,1968,Italy,0,TRUE,0,TRUE
325,1969,Italy,0,TRUE,0,TRUE
325,1970,Italy,0,TRUE,0,FALSE
325,1971,Italy,0,TRUE,0,TRUE
325,1972,Italy,0,TRUE,0,TRUE
325,1973,Italy,0,TRUE,0,TRUE
325,1974,Italy,0,TRUE,0,TRUE
325,1975,Italy,0,TRUE,0,FALSE
325,1976,Italy,0,TRUE,0,FALSE
325,1977,Italy,0,TRUE,0,FALSE
325,1978,Italy,0,TRUE,0,FALSE
325,1979,Italy,0,TRUE,0,FALSE
325,1980,Italy,0,TRUE,0,FALSE
325,1981,Italy,0,TRUE,0,FALSE
325,1982,Italy,0,TRUE,0,FALSE
325,1983,Italy,0,TRUE,0,FALSE
325,1984,Italy,0,TRUE,0,FALSE
325,1985,Italy,0,TRUE,0.011326625,FALSE
325,1986,Italy,0,TRUE,0.015967781,FALSE
325,1987,Italy,0,TRUE,0.02918905,FALSE
325,1988,Italy,0,TRUE,0.059305582,FALSE
325,1989,Italy,0,TRUE,0.116501895,FALSE
325,1990,Italy,0.017544562,FALSE,0.468668283,FALSE
325,1991,Italy,0.035063256,FALSE,1.000097034,FALSE
325,1992,Italy,0.070053433,FALSE,1.377716182,FALSE
325,1993,Italy,0.122462053,FALSE,2.122712485,FALSE
325,1994,Italy,0.192304619,FALSE,3.937850938,FALSE
325,1995,Italy,0.524412787,FALSE,6.896354594,FALSE
325,1996,Italy,1.023289903,FALSE,11.2866712,FALSE
325,1997,Italy,2.276737834,FALSE,20.61965576,FALSE
325,1998,Italy,4.558519565,FALSE,35.98428894,FALSE
325,1999,Italy,14.37841019,FALSE,53.20214913,FALSE
325,2000,Italy,23.11087424,FALSE,74.15950715,FALSE
325,2001,Italy,27.22211698,FALSE,89.9131629,FALSE
325,2002,Italy,28.04,FALSE,94.9085968,FALSE
325,2003,Italy,29.04,FALSE,98.85908053,FALSE
325,2004,Italy,33.24,FALSE,108.4501955,FALSE
325,2005,Italy,35,FALSE,122.8524954,FALSE
325,2006,Italy,37.99,FALSE,137.6315822,FALSE
325,2007,Italy,40.79,FALSE,152.7786988,FALSE
325,2008,Italy,44.53,FALSE,152.5406123,FALSE
325,2009,Italy,48.83,FALSE,151.1561311,FALSE
325,2010,Italy,53.68,FALSE,156.5734737,FALSE
325,2011,Italy,54.3899983,FALSE,159.9989834,FALSE
325,2012,Italy,55.82999799,FALSE,161.4693276,FALSE
325,2013,Italy,58.4593,FALSE,160.6017791,FALSE
325,2014,Italy,55.63846022,FALSE,149.0557814,FALSE
325,2015,Italy,58.14173496,FALSE,145.5869288,FALSE
325,2016,Italy,61.32425277,FALSE,142.9771615,FALSE
325,2017,Italy,63.077347,FALSE,139.776512,FALSE
325,2018,Italy,74.38718292,FALSE,139.1884938,FALSE
325,2019,Italy,67.85071029,FALSE,133.0713342,FALSE
325,2020,Italy,70.48342785,FALSE,130.3870472,FALSE
325,2021,Italy,74.8623274,FALSE,131.86107,FALSE
338,1960,Malta,0,TRUE,0,FALSE
338,1961,Malta,0,TRUE,0,TRUE
338,1962,Malta,0,TRUE,0,TRUE
338,1963,Malta,0,TRUE,0,TRUE
338,1964,Malta,0,TRUE,0,TRUE
338,1965,Malta,0,TRUE,0,FALSE
338,1966,Malta,0,TRUE,0,TRUE
338,1967,Malta,0,TRUE,0,TRUE
338,1968,Malta,0,TRUE,0,TRUE
338,1969,Malta,0,TRUE,0,TRUE
338,1970,Malta,0,TRUE,0,FALSE
338,1971,Malta,0,TRUE,0,TRUE
338,1972,Malta,0,TRUE,0,TRUE
338,1973,Malta,0,TRUE,0,TRUE
338,1974,Malta,0,TRUE,0,TRUE
338,1975,Malta,0,TRUE,0,FALSE
338,1976,Malta,0,TRUE,0,FALSE
338,1977,Malta,0,TRUE,0,FALSE
338,1978,Malta,0,TRUE,0,FALSE
338,1979,Malta,0,TRUE,0,FALSE
338,1980,Malta,0,TRUE,0,FALSE
338,1981,Malta,0,TRUE,0,FALSE
338,1982,Malta,0,TRUE,0,FALSE
338,1983,Malta,0,TRUE,0,FALSE
338,1984,Malta,0,TRUE,0,FALSE
338,1985,Malta,0,TRUE,0,FALSE
338,1986,Malta,0,TRUE,0,FALSE
338,1987,Malta,0,TRUE,0,FALSE
338,1988,Malta,0,TRUE,0,FALSE
338,1989,Malta,0,TRUE,0,FALSE
338,1990,Malta,0,FALSE,0,FALSE
338,1991,Malta,0,FALSE,0.618439255,FALSE
338,1992,Malta,0,FALSE,0.941163816,FALSE
338,1993,Malta,0,FALSE,1.412425614,FALSE
338,1994,Malta,0,FALSE,1.981176185,FALSE
338,1995,Malta,0.224995699,FALSE,2.825993589,FALSE
338,1996,Malta,1.051527475,FALSE,3.24448632,FALSE
338,1997,Malta,3.920605132,FALSE,4.549709648,FALSE
338,1998,Malta,6.500783995,FALSE,5.740645431,FALSE
338,1999,Malta,7.759798038,FALSE,9.480481436,FALSE
338,2000,Malta,13.11370871,FALSE,28.66747493,FALSE
338,2001,Malta,17.87784832,FALSE,59.53370865,FALSE
338,2002,Malta,28.92,FALSE,68.41109071,FALSE
338,2003,Malta,31.64,FALSE,71.26528867,FALSE
338,2004,Malta,34.62,FALSE,74.86998469,FALSE
338,2005,Malta,41.24,FALSE,78.97944457,FALSE
338,2006,Malta,40.41,FALSE,84.33187905,FALSE
338,2007,Malta,46.9,FALSE,89.43144673,FALSE
338,2008,Malta,50.08,FALSE,93.28353515,FALSE
338,2009,Malta,58.86,FALSE,101.5843562,FALSE
338,2010,Malta,63,FALSE,108.793686,FALSE
338,2011,Malta,68.01982379,FALSE,123.1784046,FALSE
338,2012,Malta,68.19987429,FALSE,123.800729,FALSE
338,2013,Malta,68.9138,FALSE,127.2274727,FALSE
338,2014,Malta,73.17,FALSE,122.3518897,FALSE
338,2015,Malta,75.96001898,FALSE,114.8018196,FALSE
338,2016,Malta,78.0751488,FALSE,125.1793331,FALSE
338,2017,Malta,81.01191108,FALSE,126.1236254,FALSE
338,2018,Malta,81.65804429,FALSE,125.2767573,FALSE
338,2019,Malta,85.77856081,FALSE,125.9617103,FALSE
338,2020,Malta,86.85876416,FALSE,122.8511054,FALSE
338,2021,Malta,87.46977302,FALSE,122.4409015,FALSE
339,1960,Albania,0,TRUE,0,FALSE
339,1961,Albania,0,TRUE,0,TRUE
339,1962,Albania,0,TRUE,0,TRUE
339,1963,Albania,0,TRUE,0,TRUE
339,1964,Albania,0,TRUE,0,TRUE
339,1965,Albania,0,TRUE,0,FALSE
339,1966,Albania,0,TRUE,0,TRUE
339,1967,Albania,0,TRUE,0,TRUE
339,1968,Albania,0,TRUE,0,TRUE
339,1969,Albania,0,TRUE,0,TRUE
339,1970,Albania,0,TRUE,0,FALSE
339,1971,Albania,0,TRUE,0,TRUE
339,1972,Albania,0,TRUE,0,TRUE
339,1973,Albania,0,TRUE,0,TRUE
339,1974,Albania,0,TRUE,0,TRUE
339,1975,Albania,0,TRUE,0,FALSE
339,1976,Albania,0,TRUE,0,FALSE
339,1977,Albania,0,TRUE,0,FALSE
339,1978,Albania,0,TRUE,0,FALSE
339,1979,Albania,0,TRUE,0,FALSE
339,1980,Albania,0,TRUE,0,FALSE
339,1981,Albania,0,TRUE,0,FALSE
339,1982,Albania,0,TRUE,0,FALSE
339,1983,Albania,0,TRUE,0,FALSE
339,1984,Albania,0,TRUE,0,FALSE
339,1985,Albania,0,TRUE,0,FALSE
339,1986,Albania,0,TRUE,0,FALSE
339,1987,Albania,0,TRUE,0,FALSE
339,1988,Albania,0,TRUE,0,FALSE
339,1989,Albania,0,TRUE,0,FALSE
339,1990,Albania,0,FALSE,0,FALSE
339,1991,Albania,0,FALSE,0,FALSE
339,1992,Albania,0,FALSE,0,FALSE
339,1993,Albania,0,FALSE,0,FALSE
339,1994,Albania,0,FALSE,0,FALSE
339,1995,Albania,0.011168695,FALSE,0,FALSE
339,1996,Albania,0.032196828,FALSE,0.070307774,FALSE
339,1997,Albania,0.048593919,FALSE,0.101422403,FALSE
339,1998,Albania,0.06502737,FALSE,0.173257946,FALSE
339,1999,Albania,0.081437045,FALSE,0.343114336,FALSE
339,2000,Albania,0.114097347,FALSE,0.936229188,FALSE
339,2001,Albania,0.325798377,FALSE,12.45080244,FALSE
339,2002,Albania,0.390081273,FALSE,27.24463279,FALSE
339,2003,Albania,0.971900415,FALSE,35.56428066,FALSE
339,2004,Albania,2.420387798,FALSE,41.12783099,FALSE
339,2005,Albania,6.043890864,FALSE,50.45923775,FALSE
339,2006,Albania,9.609991316,FALSE,63.59103905,FALSE
339,2007,Albania,15.03611541,FALSE,78.03664144,FALSE
339,2008,Albania,23.86,FALSE,63.00230139,FALSE
339,2009,Albania,41.2,FALSE,84.07120051,FALSE
339,2010,Albania,45,FALSE,92.41340015,FALSE
339,2011,Albania,47,FALSE,106.8724501,FALSE
339,2012,Albania,49.4,FALSE,121.0154371,FALSE
339,2013,Albania,51.8,FALSE,127.67458,FALSE
339,2014,Albania,54.3,FALSE,116.4887372,FALSE
339,2015,Albania,56.9,FALSE,117.9871153,FALSE
339,2016,Albania,59.6,FALSE,116.9622462,FALSE
339,2017,Albania,62.4,FALSE,125.9205273,FALSE
339,2018,Albania,65.4,FALSE,94.36446759,FALSE
339,2019,Albania,68.55039112,FALSE,91.51642864,FALSE
339,2020,Albania,72.23767711,FALSE,91.35050062,FALSE
339,2021,Albania,79.32371752,FALSE,92.31992041,FALSE
340,2006,Serbia,27.2,FALSE,89.37585492,FALSE
340,2007,Serbia,33.15,FALSE,114.2961107,FALSE
340,2008,Serbia,35.6,FALSE,130.6946168,FALSE
340,2009,Serbia,38.1,FALSE,135.3233088,FALSE
340,2010,Serbia,40.9,FALSE,136.0150378,FALSE
340,2011,Serbia,42.2,FALSE,141.0434365,FALSE
340,2012,Serbia,48.1,FALSE,127.1991843,FALSE
340,2013,Serbia,53.45036418,FALSE,128.668141,FALSE
340,2014,Serbia,62.07508046,FALSE,131.3531175,FALSE
340,2015,Serbia,65.3170254,FALSE,129.3835881,FALSE
340,2016,Serbia,67.05684137,FALSE,129.1774948,FALSE
340,2017,Serbia,70.33083553,FALSE,123.1427546,FALSE
340,2018,Serbia,73.36070915,FALSE,121.0748239,FALSE
340,2019,Serbia,77.41677362,FALSE,122.0477413,FALSE
340,2020,Serbia,78.36804077,FALSE,120.2168595,FALSE
340,2021,Serbia,81.16588116,FALSE,123.7205974,FALSE
341,1960,Montenegro,0,TRUE,0,TRUE
341,1961,Montenegro,0,TRUE,0,TRUE
341,1962,Montenegro,0,TRUE,0,TRUE
341,1963,Montenegro,0,TRUE,0,TRUE
341,1964,Montenegro,0,TRUE,0,TRUE
341,1965,Montenegro,0,TRUE,0,TRUE
341,1966,Montenegro,0,TRUE,0,TRUE
341,1967,Montenegro,0,TRUE,0,TRUE
341,1968,Montenegro,0,TRUE,0,TRUE
341,1969,Montenegro,0,TRUE,0,TRUE
341,1970,Montenegro,0,TRUE,0,TRUE
341,1971,Montenegro,0,TRUE,0,TRUE
341,1972,Montenegro,0,TRUE,0,TRUE
341,1973,Montenegro,0,TRUE,0,TRUE
341,1974,Montenegro,0,TRUE,0,TRUE
341,1975,Montenegro,0,TRUE,0,TRUE
341,1976,Montenegro,0,TRUE,0,TRUE
341,1977,Montenegro,0,TRUE,0,TRUE
341,1978,Montenegro,0,TRUE,0,TRUE
341,1979,Montenegro,0,TRUE,0,TRUE
341,1980,Montenegro,0,TRUE,0,TRUE
341,1981,Montenegro,0,TRUE,0,TRUE
341,1982,Montenegro,0,TRUE,0,TRUE
341,1983,Montenegro,0,TRUE,0,TRUE
341,1984,Montenegro,0,TRUE,0,TRUE
341,1985,Montenegro,0,TRUE,0,TRUE
341,1986,Montenegro,0,TRUE,0,TRUE
341,1987,Montenegro,0,TRUE,0,TRUE
341,1988,Montenegro,0,TRUE,0,TRUE
341,1989,Montenegro,0,TRUE,0,TRUE
341,1990,Montenegro,2.4756021015177234,TRUE,0.05527786369235995,TRUE
341,1991,Montenegro,2.916640646554823,TRUE,0.07096703991005882,TRUE
341,1992,Montenegro,3.433485727603802,TRUE,0.09110511944006454,TRUE
341,1993,Montenegro,4.03810912838581,TRUE,0.11695102650555148,TRUE
341,1994,Montenegro,4.743973757650697,TRUE,0.15011822567369917,TRUE
341,1995,Montenegro,5.566067348404615,TRUE,0.19267346633274757,TRUE
341,1996,Montenegro,6.520870893706302,TRUE,0.24726231566347745,TRUE
341,1997,Montenegro,7.626234490045579,TRUE,0.31726828424851894,TRUE
341,1998,Montenegro,8.901128440995922,TRUE,0.4070137715896127,TRUE
341,1999,Montenegro,10.365234250959217,TRUE,0.5220125693558397,TRUE
341,2000,Montenegro,12.038340207960738,TRUE,0.6692850924284856,TRUE
341,2001,Montenegro,13.939511842603636,TRUE,0.8577485413711985,TRUE
341,2002,Montenegro,16.086021205837135,TRUE,1.098694263059318,TRUE
341,2003,Montenegro,18.492042978332027,TRUE,1.4063627043245475,TRUE
341,2004,Montenegro,25.3500686,FALSE,76.47930187,FALSE
341,2005,Montenegro,27.1,FALSE,85.83355981,FALSE
341,2006,Montenegro,28.9,FALSE,101.7605072,FALSE
341,2007,Montenegro,30.8,FALSE,142.4226408,FALSE
341,2008,Montenegro,32.9,FALSE,183.3878625,FALSE
341,2009,Montenegro,35.1,FALSE,205.0386418,FALSE
341,2010,Montenegro,37.5,FALSE,185.4070398,FALSE
341,2011,Montenegro,35.61154125,FALSE,183.4653396,FALSE
341,2012,Montenegro,56.83878255,FALSE,156.5227762,FALSE
341,2013,Montenegro,60.31,FALSE,156.7802305,FALSE
341,2014,Montenegro,61,FALSE,159.751787,FALSE
341,2015,Montenegro,68.11978601,FALSE,158.981712,FALSE
341,2016,Montenegro,69.88164684,FALSE,164.3464653,FALSE
341,2017,Montenegro,71.27233254,FALSE,165.1820416,FALSE
341,2018,Montenegro,71.51710049,FALSE,179.6504897,FALSE
341,2019,Montenegro,73.47666575,FALSE,182.5833286,FALSE
341,2020,Montenegro,77.60879306,FALSE,171.7021595,FALSE
341,2021,Montenegro,82.21969752,FALSE,178.3957863,FALSE
343,1960,North Macedonia,0,TRUE,0,FALSE
343,1961,North Macedonia,0,TRUE,0,TRUE
343,1962,North Macedonia,0,TRUE,0,TRUE
343,1963,North Macedonia,0,TRUE,0,TRUE
343,1964,North Macedonia,0,TRUE,0,TRUE
343,1965,North Macedonia,0,TRUE,0,FALSE
343,1966,North Macedonia,0,TRUE,0,TRUE
343,1967,North Macedonia,0,TRUE,0,TRUE
343,1968,North Macedonia,0,TRUE,0,TRUE
343,1969,North Macedonia,0,TRUE,0,TRUE
343,1970,North Macedonia,0,TRUE,0,FALSE
343,1971,North Macedonia,0,TRUE,0,TRUE
343,1972,North Macedonia,0,TRUE,0,TRUE
343,1973,North Macedonia,0,TRUE,0,TRUE
343,1974,North Macedonia,0,TRUE,0,TRUE
343,1975,North Macedonia,0,TRUE,0,FALSE
343,1976,North Macedonia,0,TRUE,0,FALSE
343,1977,North Macedonia,0,TRUE,0,FALSE
343,1978,North Macedonia,0,TRUE,0,FALSE
343,1979,North Macedonia,0,TRUE,0,FALSE
343,1980,North Macedonia,0,TRUE,0,FALSE
343,1981,North Macedonia,0,TRUE,0,FALSE
343,1982,North Macedonia,0,TRUE,0,FALSE
343,1983,North Macedonia,0,TRUE,0,FALSE
343,1984,North Macedonia,0,TRUE,0,FALSE
343,1985,North Macedonia,0,TRUE,0,FALSE
343,1986,North Macedonia,0,TRUE,0,FALSE
343,1987,North Macedonia,0,TRUE,0,FALSE
343,1988,North Macedonia,0,TRUE,0,FALSE
343,1989,North Macedonia,0,TRUE,0,FALSE
343,1990,North Macedonia,0,FALSE,0,FALSE
343,1991,North Macedonia,0,FALSE,0,FALSE
343,1992,North Macedonia,0,FALSE,0,FALSE
343,1993,North Macedonia,0,FALSE,0,FALSE
343,1994,North Macedonia,0,FALSE,0,FALSE
343,1995,North Macedonia,0.04074384,FALSE,0,FALSE
343,1996,North Macedonia,0.075995734,FALSE,0.053053164,FALSE
343,1997,North Macedonia,0.503985009,FALSE,0.616794247,FALSE
343,1998,North Macedonia,1.002861666,FALSE,1.494750711,FALSE
343,1999,North Macedonia,1.49733026,FALSE,2.408021038,FALSE
343,2000,North Macedonia,2.485566316,FALSE,5.679668056,FALSE
343,2001,North Macedonia,3.468184608,FALSE,10.87351416,FALSE
343,2002,North Macedonia,17.33,FALSE,17.69455383,FALSE
343,2003,North Macedonia,19.07,FALSE,37.46725237,FALSE
343,2004,North Macedonia,24.44,FALSE,47.47879688,FALSE
343,2005,North Macedonia,26.45,FALSE,54.41028893,FALSE
343,2006,North Macedonia,28.62,FALSE,60.73017035,FALSE
343,2007,North Macedonia,36.3,FALSE,86.12638998,FALSE
343,2008,North Macedonia,46.04,FALSE,94.3104945,FALSE
343,2009,North Macedonia,51.77,FALSE,92.98627421,FALSE
343,2010,North Macedonia,51.9,FALSE,102.8463178,FALSE
343,2011,North Macedonia,56.7,FALSE,105.5373638,FALSE
343,2012,North Macedonia,57.44994731,FALSE,106.4769433,FALSE
343,2013,North Macedonia,65.24,FALSE,106.4234629,FALSE
343,2014,North Macedonia,68.06,FALSE,105.6594552,FALSE
343,2015,North Macedonia,70.38020308,FALSE,98.8434801,FALSE
343,2016,North Macedonia,72.15681447,FALSE,97.17078414,FALSE
343,2017,North Macedonia,74.51682418,FALSE,95.07708173,FALSE
343,2018,North Macedonia,79.16775519,FALSE,93.16855383,FALSE
343,2019,North Macedonia,81.41288276,FALSE,90.86343805,FALSE
343,2020,North Macedonia,81.40553811,FALSE,88.20817101,FALSE
343,2021,North Macedonia,90.12719588363741,TRUE,92.29897353,FALSE
344,1960,Croatia,0,TRUE,0,FALSE
344,1961,Croatia,0,TRUE,0,TRUE
344,1962,Croatia,0,TRUE,0,TRUE
344,1963,Croatia,0,TRUE,0,TRUE
344,1964,Croatia,0,TRUE,0,TRUE
344,1965,Croatia,0,TRUE,0,FALSE
344,1966,Croatia,0,TRUE,0,TRUE
344,1967,Croatia,0,TRUE,0,TRUE
344,1968,Croatia,0,TRUE,0,TRUE
344,1969,Croatia,0,TRUE,0,TRUE
344,1970,Croatia,0,TRUE,0,FALSE
344,1971,Croatia,0,TRUE,0,TRUE
344,1972,Croatia,0,TRUE,0,TRUE
344,1973,Croatia,0,TRUE,0,TRUE
344,1974,Croatia,0,TRUE,0,TRUE
344,1975,Croatia,0,TRUE,0,FALSE
344,1976,Croatia,0,TRUE,0,FALSE
344,1977,Croatia,0,TRUE,0,FALSE
344,1978,Croatia,0,TRUE,0,FALSE
344,1979,Croatia,0,TRUE,0,FALSE
344,1980,Croatia,0,TRUE,0,FALSE
344,1981,Croatia,0,TRUE,0,FALSE
344,1982,Croatia,0,TRUE,0,FALSE
344,1983,Croatia,0,TRUE,0,FALSE
344,1984,Croatia,0,TRUE,0,FALSE
344,1985,Croatia,0,TRUE,0,FALSE
344,1986,Croatia,0,TRUE,0,FALSE
344,1987,Croatia,0,TRUE,0,FALSE
344,1988,Croatia,0,TRUE,0,FALSE
344,1989,Croatia,0,TRUE,0,FALSE
344,1990,Croatia,0,FALSE,0.004924384,FALSE
344,1991,Croatia,0,FALSE,0.041675938,FALSE
344,1992,Croatia,0,FALSE,0.131712739,FALSE
344,1993,Croatia,0.097213389,FALSE,0.237500944,FALSE
344,1994,Croatia,0.268318997,FALSE,0.449514112,FALSE
344,1995,Croatia,0.51402859,FALSE,0.700796738,FALSE
344,1996,Croatia,0.858982368,FALSE,1.364742106,FALSE
344,1997,Croatia,1.729609312,FALSE,2.555942822,FALSE
344,1998,Croatia,3.273220279,FALSE,3.916366162,FALSE
344,1999,Croatia,4.405359119,FALSE,6.405622704,FALSE
344,2000,Croatia,6.644882544,FALSE,22.71111332,FALSE
344,2001,Croatia,11.55857318,FALSE,38.94150985,FALSE
344,2002,Croatia,17.76,FALSE,51.5875105,FALSE
344,2003,Croatia,22.75,FALSE,56.87562232,FALSE
344,2004,Croatia,30.91,FALSE,63.81446431,FALSE
344,2005,Croatia,33.14,FALSE,82.39191888,FALSE
344,2006,Croatia,37.98,FALSE,99.49383823,FALSE
344,2007,Croatia,41.44,FALSE,114.2786388,FALSE
344,2008,Croatia,44.24,FALSE,103.6669395,FALSE
344,2009,Croatia,50.58,FALSE,106.6836675,FALSE
344,2010,Croatia,56.55,FALSE,112.8109576,FALSE
344,2011,Croatia,57.78997899,FALSE,117.5396533,FALSE
344,2012,Croatia,61.93997315,FALSE,114.7695513,FALSE
344,2013,Croatia,66.7476,FALSE,109.5654436,FALSE
344,2014,Croatia,68.57,FALSE,104.1405499,FALSE
344,2015,Croatia,69.84503592,FALSE,103.7803054,FALSE
344,2016,Croatia,72.69726967,FALSE,104.5124819,FALSE
344,2017,Croatia,67.09619204,FALSE,102.9365288,FALSE
344,2018,Croatia,75.29462599,FALSE,105.479914,FALSE
344,2019,Croatia,79.07978368,FALSE,106.6565741,FALSE
344,2020,Croatia,78.32093274,FALSE,106.805903,FALSE
344,2021,Croatia,81.25399889,FALSE,108.4252864,FALSE
345,1960,Yugoslavia/Serbia & Montenegro,0,TRUE,0,TRUE
345,1961,Yugoslavia/Serbia & Montenegro,0,TRUE,0,TRUE
345,1962,Yugoslavia/Serbia & Montenegro,0,TRUE,0,TRUE
345,1963,Yugoslavia/Serbia & Montenegro,0,TRUE,0,TRUE
345,1964,Yugoslavia/Serbia & Montenegro,0,TRUE,0,TRUE
345,1965,Yugoslavia/Serbia & Montenegro,0,TRUE,0,TRUE
345,1966,Yugoslavia/Serbia & Montenegro,0,TRUE,0,TRUE
345,1967,Yugoslavia/Serbia & Montenegro,0,TRUE,0,TRUE
345,1968,Yugoslavia/Serbia & Montenegro,0,TRUE,0,TRUE
345,1969,Yugoslavia/Serbia & Montenegro,0,TRUE,0,TRUE
345,1970,Yugoslavia/Serbia & Montenegro,0,TRUE,0,TRUE
345,1971,Yugoslavia/Serbia & Montenegro,0,TRUE,0,TRUE
345,1972,Yugoslavia/Serbia & Montenegro,0,TRUE,0,TRUE
345,1973,Yugoslavia/Serbia & Montenegro,0,TRUE,0,TRUE
345,1974,Yugoslavia/Serbia & Montenegro,0,TRUE,0,TRUE
345,1975,Yugoslavia/Serbia & Montenegro,0,TRUE,0,TRUE
345,1976,Yugoslavia/Serbia & Montenegro,0,TRUE,0,TRUE
345,1977,Yugoslavia/Serbia & Montenegro,0,TRUE,0,TRUE
345,1978,Yugoslavia/Serbia & Montenegro,0,TRUE,0,TRUE
345,1979,Yugoslavia/Serbia & Montenegro,0,TRUE,0,TRUE
345,1980,Yugoslavia/Serbia & Montenegro,0,TRUE,0,TRUE
345,1981,Yugoslavia/Serbia & Montenegro,0,TRUE,0,TRUE
345,1982,Yugoslavia/Serbia & Montenegro,0,TRUE,0,TRUE
345,1983,Yugoslavia/Serbia & Montenegro,0,TRUE,0,TRUE
345,1984,Yugoslavia/Serbia & Montenegro,0,TRUE,0,TRUE
345,1985,Yugoslavia/Serbia & Montenegro,0,TRUE,0,TRUE
345,1986,Yugoslavia/Serbia & Montenegro,0,TRUE,0,TRUE
345,1987,Yugoslavia/Serbia & Montenegro,0,TRUE,0,TRUE
345,1988,Yugoslavia/Serbia & Montenegro,0,TRUE,0,TRUE
345,1989,Yugoslavia/Serbia & Montenegro,0,TRUE,0,TRUE
345,1990,Yugoslavia/Serbia & Montenegro,1.4941168933402273,TRUE,0.05527786369235995,TRUE
345,1991,Yugoslavia/Serbia & Montenegro,1.831666412829326,TRUE,0.07096703991005882,TRUE
345,1992,Yugoslavia/Serbia & Montenegro,2.2437378083425275,TRUE,0.09110511944006454,TRUE
345,1993,Yugoslavia/Serbia & Montenegro,2.74592014648268,TRUE,0.11695102650555148,TRUE
345,1994,Yugoslavia/Serbia & Montenegro,3.3566391402202065,TRUE,0.15011822567369917,TRUE
345,1995,Yugoslavia/Serbia & Montenegro,4.097465180734471,TRUE,0.19267346633274757,TRUE
345,1996,Yugoslavia/Serbia & Montenegro,4.9933471350479355,TRUE,0.24726231566347745,TRUE
345,1997,Yugoslavia/Serbia & Montenegro,6.072704049058635,TRUE,0.31726828424851894,TRUE
345,1998,Yugoslavia/Serbia & Montenegro,7.367281461361808,TRUE,0.4070137715896127,TRUE
345,1999,Yugoslavia/Serbia & Montenegro,8.911652274945643,TRUE,0.5220125693558397,TRUE
345,2000,Yugoslavia/Serbia & Montenegro,10.742220046985242,TRUE,0.6692850924284856,TRUE
345,2001,Yugoslavia/Serbia & Montenegro,12.89557566771328,TRUE,0.8577485413711985,TRUE
345,2002,Yugoslavia/Serbia & Montenegro,15.406082291807099,TRUE,1.098694263059318,TRUE
345,2003,Yugoslavia/Serbia & Montenegro,18.302637100122773,TRUE,1.4063627043245475,TRUE
345,2004,Yugoslavia/Serbia & Montenegro,23.5,FALSE,51.17181283,FALSE
345,2005,Yugoslavia/Serbia & Montenegro,26.3,FALSE,73.72001754,FALSE
345,2006,Yugoslavia/Serbia & Montenegro,27.2,FALSE,89.37585492,FALSE
346,1960,Bosnia and Herzegovina,0,TRUE,0,FALSE
346,1961,Bosnia and Herzegovina,0,TRUE,0,TRUE
346,1962,Bosnia and Herzegovina,0,TRUE,0,TRUE
346,1963,Bosnia and Herzegovina,0,TRUE,0,TRUE
346,1964,Bosnia and Herzegovina,0,TRUE,0,TRUE
346,1965,Bosnia and Herzegovina,0,TRUE,0,FALSE
346,1966,Bosnia and Herzegovina,0,TRUE,0,TRUE
346,1967,Bosnia and Herzegovina,0,TRUE,0,TRUE
346,1968,Bosnia and Herzegovina,0,TRUE,0,TRUE
346,1969,Bosnia and Herzegovina,0,TRUE,0,TRUE
346,1970,Bosnia and Herzegovina,0,TRUE,0,FALSE
346,1971,Bosnia and Herzegovina,0,TRUE,0,TRUE
346,1972,Bosnia and Herzegovina,0,TRUE,0,TRUE
346,1973,Bosnia and Herzegovina,0,TRUE,0,TRUE
346,1974,Bosnia and Herzegovina,0,TRUE,0,TRUE
346,1975,Bosnia and Herzegovina,0,TRUE,0,FALSE
346,1976,Bosnia and Herzegovina,0,TRUE,0,FALSE
346,1977,Bosnia and Herzegovina,0,TRUE,0,FALSE
346,1978,Bosnia and Herzegovina,0,TRUE,0,FALSE
346,1979,Bosnia and Herzegovina,0,TRUE,0,FALSE
346,1980,Bosnia and Herzegovina,0,TRUE,0,FALSE
346,1981,Bosnia and Herzegovina,0,TRUE,0,FALSE
346,1982,Bosnia and Herzegovina,0,TRUE,0,FALSE
346,1983,Bosnia and Herzegovina,0,TRUE,0,FALSE
346,1984,Bosnia and Herzegovina,0,TRUE,0,FALSE
346,1985,Bosnia and Herzegovina,0,TRUE,0,FALSE
346,1986,Bosnia and Herzegovina,0,TRUE,0,FALSE
346,1987,Bosnia and Herzegovina,0,TRUE,0,FALSE
346,1988,Bosnia and Herzegovina,0,TRUE,0,FALSE
346,1989,Bosnia and Herzegovina,0,TRUE,0,FALSE
346,1990,Bosnia and Herzegovina,0,FALSE,0,FALSE
346,1991,Bosnia and Herzegovina,0,FALSE,0,FALSE
346,1992,Bosnia and Herzegovina,0,FALSE,0,FALSE
346,1993,Bosnia and Herzegovina,0,FALSE,0,FALSE
346,1994,Bosnia and Herzegovina,0,FALSE,0,FALSE
346,1995,Bosnia and Herzegovina,0,FALSE,0,FALSE
346,1996,Bosnia and Herzegovina,0.015125563,FALSE,0.03838526,FALSE
346,1997,Bosnia and Herzegovina,0.059425563,FALSE,0.222345857,FALSE
346,1998,Bosnia and Herzegovina,0.14367106,FALSE,0.611923183,FALSE
346,1999,Bosnia and Herzegovina,0.1943742,FALSE,1.266718581,FALSE
346,2000,Bosnia and Herzegovina,1.08296075,FALSE,2.234462297,FALSE
346,2001,Bosnia and Herzegovina,1.200526951,FALSE,10.6011492,FALSE
346,2002,Bosnia and Herzegovina,2.648267914,FALSE,17.834847,FALSE
346,2003,Bosnia and Herzegovina,3.965036834,FALSE,25.68958952,FALSE
346,2004,Bosnia and Herzegovina,15.46897162,FALSE,33.97269036,FALSE
346,2005,Bosnia and Herzegovina,21.326701,FALSE,38.94116621,FALSE
346,2006,Bosnia and Herzegovina,25.12238569,FALSE,46.5199604,FALSE
346,2007,Bosnia and Herzegovina,27.92,FALSE,61.14023987,FALSE
346,2008,Bosnia and Herzegovina,34.66,FALSE,80.6167888,FALSE
346,2009,Bosnia and Herzegovina,37.74,FALSE,83.99816904,FALSE
346,2010,Bosnia and Herzegovina,42.75,FALSE,81.61010714,FALSE
346,2011,Bosnia and Herzegovina,43.88768653,FALSE,84.72248715,FALSE
346,2012,Bosnia and Herzegovina,45.06450043,FALSE,91.37722507,FALSE
346,2013,Bosnia and Herzegovina,48.52131417,FALSE,96.42745189,FALSE
346,2014,Bosnia and Herzegovina,49.91773243,FALSE,97.76313417,FALSE
346,2015,Bosnia and Herzegovina,52.6,FALSE,97.70724826,FALSE
346,2016,Bosnia and Herzegovina,60.25653543,FALSE,97.78962053,FALSE
346,2017,Bosnia and Herzegovina,64.89202051,FALSE,100.001686,FALSE
346,2018,Bosnia and Herzegovina,70.12013504,FALSE,101.7919614,FALSE
346,2019,Bosnia and Herzegovina,69.94634763,FALSE,111.7477784,FALSE
346,2020,Bosnia and Herzegovina,73.21175294,FALSE,105.7638198,FALSE
346,2021,Bosnia and Herzegovina,75.67620138,FALSE,113.9969422,FALSE
347,1960,Kosovo,0,TRUE,0,TRUE
347,1961,Kosovo,0,TRUE,0,TRUE
347,1962,Kosovo,0,TRUE,0,TRUE
347,1963,Kosovo,0,TRUE,0,TRUE
347,1964,Kosovo,0,TRUE,0,TRUE
347,1965,Kosovo,0,TRUE,0,TRUE
347,1966,Kosovo,0,TRUE,0,TRUE
347,1967,Kosovo,0,TRUE,0,TRUE
347,1968,Kosovo,0,TRUE,0,TRUE
347,1969,Kosovo,0,TRUE,0,TRUE
347,1970,Kosovo,0,TRUE,0,TRUE
347,1971,Kosovo,0,TRUE,0,TRUE
347,1972,Kosovo,0,TRUE,0,TRUE
347,1973,Kosovo,0,TRUE,0,TRUE
347,1974,Kosovo,0,TRUE,0,TRUE
347,1975,Kosovo,0,TRUE,0,TRUE
347,1976,Kosovo,0,TRUE,0,TRUE
347,1977,Kosovo,0,TRUE,0,TRUE
347,1978,Kosovo,0,TRUE,0,TRUE
347,1979,Kosovo,0,TRUE,0,TRUE
347,1980,Kosovo,0,TRUE,0,TRUE
347,1981,Kosovo,0,TRUE,0,TRUE
347,1982,Kosovo,0,TRUE,0,TRUE
347,1983,Kosovo,0,TRUE,0,TRUE
347,1984,Kosovo,0,TRUE,0,TRUE
347,1985,Kosovo,0,TRUE,0,TRUE
347,1986,Kosovo,0,TRUE,0,TRUE
347,1987,Kosovo,0,TRUE,0,TRUE
347,1988,Kosovo,0,TRUE,0,TRUE
347,1989,Kosovo,0,TRUE,0,TRUE
347,1990,Kosovo,9.850524638608492e-4,TRUE,0.05527786369235995,TRUE
347,1991,Kosovo,0.0016045777584989987,TRUE,0.07096703991005882,TRUE
347,1992,Kosovo,0.002613728553184374,TRUE,0.09110511944006454,TRUE
347,1993,Kosovo,0.004257527287049609,TRUE,0.11695102650555148,TRUE
347,1994,Kosovo,0.006935054974493669,TRUE,0.15011822567369917,TRUE
347,1995,Kosovo,0.011296269964965591,TRUE,0.19267346633274757,TRUE
347,1996,Kosovo,0.018399596788859378,TRUE,0.24726231566347745,TRUE
347,1997,Kosovo,0.029968302824926955,TRUE,0.31726828424851894,TRUE
347,1998,Kosovo,0.048807256556689896,TRUE,0.4070137715896127,TRUE
347,1999,Kosovo,0.07947951354611046,TRUE,0.5220125693558397,TRUE
347,2000,Kosovo,0.12940237832290236,TRUE,0.6692850924284856,TRUE
347,2001,Kosovo,0.21061681691831127,TRUE,0.8577485413711985,TRUE
347,2002,Kosovo,0.342627514946469,TRUE,1.098694263059318,TRUE
347,2003,Kosovo,0.5569182826982549,TRUE,1.4063627043245475,TRUE
347,2004,Kosovo,0.9040179290913077,TRUE,1.798620996209156,TRUE
347,2005,Kosovo,1.464262254368154,TRUE,32.30209935,FALSE
347,2006,Kosovo,2.363424484728628,TRUE,32.30209935,FALSE
347,2007,Kosovo,3.7934799632419143,TRUE,32.30209935,FALSE
347,2008,Kosovo,6.035342499513048,TRUE,32.30209935,FALSE
347,2009,Kosovo,9.471658809387666,TRUE,32.30209935,FALSE
347,2010,Kosovo,14.5613017749845,TRUE,32.30209935,FALSE
347,2011,Kosovo,21.72942370217343,TRUE,9.534946489910949,TRUE
347,2012,Kosovo,31.14010783179736,TRUE,11.920292202211755,TRUE
347,2013,Kosovo,42.41768663995101,TRUE,14.804719803168947,TRUE
347,2014,Kosovo,54.544353971800085,TRUE,18.242552380635637,TRUE
347,2015,Kosovo,66.15489222394707,TRUE,22.270013882530886,TRUE
347,2016,Kosovo,76.09930505113385,TRUE,26.894142136999513,TRUE
347,2017,Kosovo,83.89359681,FALSE,32.0821300824607,TRUE
347,2018,Kosovo,89.44303197,FALSE,37.754066879814545,TRUE
347,2019,Kosovo,93.22586323382379,TRUE,43.78234991142019,TRUE
347,2020,Kosovo,95.72968341844233,TRUE,50,TRUE
347,2021,Kosovo,97.33451512280236,TRUE,56.21765008857981,TRUE
349,1960,Slovenia,0,TRUE,0,FALSE
349,1961,Slovenia,0,TRUE,0,TRUE
349,1962,Slovenia,0,TRUE,0,TRUE
349,1963,Slovenia,0,TRUE,0,TRUE
349,1964,Slovenia,0,TRUE,0,TRUE
349,1965,Slovenia,0,TRUE,0,FALSE
349,1966,Slovenia,0,TRUE,0,TRUE
349,1967,Slovenia,0,TRUE,0,TRUE
349,1968,Slovenia,0,TRUE,0,TRUE
349,1969,Slovenia,0,TRUE,0,TRUE
349,1970,Slovenia,0,TRUE,0,FALSE
349,1971,Slovenia,0,TRUE,0,TRUE
349,1972,Slovenia,0,TRUE,0,TRUE
349,1973,Slovenia,0,TRUE,0,TRUE
349,1974,Slovenia,0,TRUE,0,TRUE
349,1975,Slovenia,0,TRUE,0,FALSE
349,1976,Slovenia,0,TRUE,0,FALSE
349,1977,Slovenia,0,TRUE,0,FALSE
349,1978,Slovenia,0,TRUE,0,FALSE
349,1979,Slovenia,0,TRUE,0,FALSE
349,1980,Slovenia,0,TRUE,0,FALSE
349,1981,Slovenia,0,TRUE,0,FALSE
349,1982,Slovenia,0,TRUE,0,FALSE
349,1983,Slovenia,0,TRUE,0,FALSE
349,1984,Slovenia,0,TRUE,0,FALSE
349,1985,Slovenia,0,TRUE,0,FALSE
349,1986,Slovenia,0,TRUE,0,FALSE
349,1987,Slovenia,0,TRUE,0,FALSE
349,1988,Slovenia,0,TRUE,0,FALSE
349,1989,Slovenia,0,TRUE,0,FALSE
349,1990,Slovenia,0,FALSE,0,FALSE
349,1991,Slovenia,0,FALSE,0.026284088,FALSE
349,1992,Slovenia,0,FALSE,0.175761045,FALSE
349,1993,Slovenia,0.409792399,FALSE,0.326356829,FALSE
349,1994,Slovenia,1.071570172,FALSE,0.820106365,FALSE
349,1995,Slovenia,2.898985609,FALSE,1.371147493,FALSE
349,1996,Slovenia,5.072272271,FALSE,2.069909231,FALSE
349,1997,Slovenia,7.591923004,FALSE,4.70447697,FALSE
349,1998,Slovenia,10.10460285,FALSE,8.127933756,FALSE
349,1999,Slovenia,12.61093843,FALSE,31.78892401,FALSE
349,2000,Slovenia,15.11025956,FALSE,61.25974443,FALSE
349,2001,Slovenia,30.17591047,FALSE,74.15357579,FALSE
349,2002,Slovenia,27.83888542,FALSE,84.04384184,FALSE
349,2003,Slovenia,31.85479301,FALSE,87.42014596,FALSE
349,2004,Slovenia,40.81,FALSE,92.58359451,FALSE
349,2005,Slovenia,46.81,FALSE,87.75196057,FALSE
349,2006,Slovenia,54.01,FALSE,90.36547028,FALSE
349,2007,Slovenia,56.74,FALSE,95.31358042,FALSE
349,2008,Slovenia,58,FALSE,101.0258437,FALSE
349,2009,Slovenia,64,FALSE,102.6817359,FALSE
349,2010,Slovenia,70,FALSE,103.1430699,FALSE
349,2011,Slovenia,67.33999481,FALSE,104.991399,FALSE
349,2012,Slovenia,68.34997453,FALSE,108.3023978,FALSE
349,2013,Slovenia,72.6756,FALSE,110.1911624,FALSE
349,2014,Slovenia,71.59,FALSE,112.1194727,FALSE
349,2015,Slovenia,73.09865997,FALSE,113.1226386,FALSE
349,2016,Slovenia,75.49850426,FALSE,114.1499603,FALSE
349,2017,Slovenia,78.88542636,FALSE,116.4306764,FALSE
349,2018,Slovenia,79.7499766,FALSE,117.0914525,FALSE
349,2019,Slovenia,83.1083578,FALSE,118.8876247,FALSE
349,2020,Slovenia,86.60130109,FALSE,120.4592752,FALSE
349,2021,Slovenia,89.00399524,FALSE,123.0185759,FALSE
350,1960,Greece,0,TRUE,0,FALSE
350,1961,Greece,0,TRUE,0,TRUE
350,1962,Greece,0,TRUE,0,TRUE
350,1963,Greece,0,TRUE,0,TRUE
350,1964,Greece,0,TRUE,0,TRUE
350,1965,Greece,0,TRUE,0,FALSE
350,1966,Greece,0,TRUE,0,TRUE
350,1967,Greece,0,TRUE,0,TRUE
350,1968,Greece,0,TRUE,0,TRUE
350,1969,Greece,0,TRUE,0,TRUE
350,1970,Greece,0,TRUE,0,FALSE
350,1971,Greece,0,TRUE,0,TRUE
350,1972,Greece,0,TRUE,0,TRUE
350,1973,Greece,0,TRUE,0,TRUE
350,1974,Greece,0,TRUE,0,TRUE
350,1975,Greece,0,TRUE,0,FALSE
350,1976,Greece,0,TRUE,0,FALSE
350,1977,Greece,0,TRUE,0,FALSE
350,1978,Greece,0,TRUE,0,FALSE
350,1979,Greece,0,TRUE,0,FALSE
350,1980,Greece,0,TRUE,0,FALSE
350,1981,Greece,0,TRUE,0,FALSE
350,1982,Greece,0,TRUE,0,FALSE
350,1983,Greece,0,TRUE,0,FALSE
350,1984,Greece,0,TRUE,0,FALSE
350,1985,Greece,0,TRUE,0,FALSE
350,1986,Greece,0,TRUE,0,FALSE
350,1987,Greece,0,TRUE,0,FALSE
350,1988,Greece,0,TRUE,0,FALSE
350,1989,Greece,0,TRUE,0,FALSE
350,1990,Greece,0,FALSE,0,FALSE
350,1991,Greece,0.048788803,FALSE,0,FALSE
350,1992,Greece,0.048291602,FALSE,0,FALSE
350,1993,Greece,0.191062242,FALSE,0.454397431,FALSE
350,1994,Greece,0.378174312,FALSE,1.436968369,FALSE
350,1995,Greece,0.749616477,FALSE,2.544760045,FALSE
350,1996,Greece,1.395360779,FALSE,4.924190605,FALSE
350,1997,Greece,1.849634688,FALSE,8.622311493,FALSE
350,1998,Greece,3.221821786,FALSE,18.71204971,FALSE
350,1999,Greece,6.877292144,FALSE,35.51072407,FALSE
350,2000,Greece,9.138837308,FALSE,53.74474015,FALSE
350,2001,Greece,10.93502581,FALSE,71.92567824,FALSE
350,2002,Greece,14.67,FALSE,83.93784195,FALSE
350,2003,Greece,17.8,FALSE,80.43033577,FALSE
350,2004,Greece,21.42,FALSE,83.88897436,FALSE
350,2005,Greece,24,FALSE,92.32414639,FALSE
350,2006,Greece,32.25,FALSE,98.86308353,FALSE
350,2007,Greece,35.88,FALSE,110.849938,FALSE
350,2008,Greece,38.2,FALSE,124.6144893,FALSE
350,2009,Greece,42.4,FALSE,120.2577704,FALSE
350,2010,Greece,44.4,FALSE,111.4098039,FALSE
350,2011,Greece,51.64999517,FALSE,110.2070802,FALSE
350,2012,Greece,55.06999344,FALSE,121.8599599,FALSE
350,2013,Greece,59.8663,FALSE,114.697312,FALSE
350,2014,Greece,63.21,FALSE,111.7981465,FALSE
350,2015,Greece,66.83495949,FALSE,116.2863558,FALSE
350,2016,Greece,69.08791547,FALSE,116.6439809,FALSE
350,2017,Greece,69.89297065,FALSE,120.9954184,FALSE
350,2018,Greece,72.23837339,FALSE,114.4592115,FALSE
350,2019,Greece,75.67120669,FALSE,112.370475,FALSE
350,2020,Greece,78.11584474,FALSE,108.5687131,FALSE
350,2021,Greece,78.49426371,FALSE,110.0393141,FALSE
352,1960,Cyprus,0,TRUE,0,FALSE
352,1961,Cyprus,0,TRUE,0,TRUE
352,1962,Cyprus,0,TRUE,0,TRUE
352,1963,Cyprus,0,TRUE,0,TRUE
352,1964,Cyprus,0,TRUE,0,TRUE
352,1965,Cyprus,0,TRUE,0,FALSE
352,1966,Cyprus,0,TRUE,0,TRUE
352,1967,Cyprus,0,TRUE,0,TRUE
352,1968,Cyprus,0,TRUE,0,TRUE
352,1969,Cyprus,0,TRUE,0,TRUE
352,1970,Cyprus,0,TRUE,0,FALSE
352,1971,Cyprus,0,TRUE,0,TRUE
352,1972,Cyprus,0,TRUE,0,TRUE
352,1973,Cyprus,0,TRUE,0,TRUE
352,1974,Cyprus,0,TRUE,0,TRUE
352,1975,Cyprus,0,TRUE,0,FALSE
352,1976,Cyprus,0,TRUE,0,FALSE
352,1977,Cyprus,0,TRUE,0,FALSE
352,1978,Cyprus,0,TRUE,0,FALSE
352,1979,Cyprus,0,TRUE,0,FALSE
352,1980,Cyprus,0,TRUE,0,FALSE
352,1981,Cyprus,0,TRUE,0,FALSE
352,1982,Cyprus,0,TRUE,0,FALSE
352,1983,Cyprus,0,TRUE,0,FALSE
352,1984,Cyprus,0,TRUE,0,FALSE
352,1985,Cyprus,0,TRUE,0,FALSE
352,1986,Cyprus,0,TRUE,0,FALSE
352,1987,Cyprus,0,TRUE,0,FALSE
352,1988,Cyprus,0,TRUE,0.030037547,FALSE
352,1989,Cyprus,0,TRUE,0.23753304,FALSE
352,1990,Cyprus,0,FALSE,0.544701415,FALSE
352,1991,Cyprus,0,FALSE,0.862497899,FALSE
352,1992,Cyprus,0.05006043,FALSE,1.594988536,FALSE
352,1993,Cyprus,0.05636748199999999,FALSE,2.44295302,FALSE
352,1994,Cyprus,0.111034621,FALSE,3.589671362,FALSE
352,1995,Cyprus,0.410120685,FALSE,6.773274417,FALSE
352,1996,Cyprus,0.673343541,FALSE,10.62299265,FALSE
352,1997,Cyprus,4.378272095,FALSE,13.62085308,FALSE
352,1998,Cyprus,8.890539159,FALSE,17.04920193,FALSE
352,1999,Cyprus,11.34239866,FALSE,21.9622013,FALSE
352,2000,Cyprus,15.25539437,FALSE,31.3009319,FALSE
352,2001,Cyprus,18.81875904,FALSE,44.55776045,FALSE
352,2002,Cyprus,28.32,FALSE,58.55863808,FALSE
352,2003,Cyprus,30.09,FALSE,76.32480288,FALSE
352,2004,Cyprus,33.83,FALSE,89.8,FALSE
352,2005,Cyprus,32.81,FALSE,105.1751344,FALSE
352,2006,Cyprus,35.83,FALSE,114.4986146,FALSE
352,2007,Cyprus,40.77,FALSE,127.2941783,FALSE
352,2008,Cyprus,42.31,FALSE,127.5867737,FALSE
352,2009,Cyprus,49.81,FALSE,119.3408619,FALSE
352,2010,Cyprus,52.99,FALSE,123.1330079,FALSE
352,2011,Cyprus,56.85989235,FALSE,126.5596288,FALSE
352,2012,Cyprus,60.6898684,FALSE,128.2983023,FALSE
352,2013,Cyprus,65.4548,FALSE,128.1609557,FALSE
352,2014,Cyprus,69.33,FALSE,131.1454545,FALSE
352,2015,Cyprus,71.71574092,FALSE,130.9823176,FALSE
352,2016,Cyprus,75.9002054,FALSE,132.6368741,FALSE
352,2017,Cyprus,80.74318897,FALSE,136.1722981,FALSE
352,2018,Cyprus,84.43358252,FALSE,137.0450965,FALSE
352,2019,Cyprus,86.06362996,FALSE,139.994482,FALSE
352,2020,Cyprus,90.80194723,FALSE,139.6351351,FALSE
352,2021,Cyprus,90.75966792,FALSE,148.7380631,FALSE
355,1960,Bulgaria,0,TRUE,0,FALSE
355,1961,Bulgaria,0,TRUE,0,TRUE
355,1962,Bulgaria,0,TRUE,0,TRUE
355,1963,Bulgaria,0,TRUE,0,TRUE
355,1964,Bulgaria,0,TRUE,0,TRUE
355,1965,Bulgaria,0,TRUE,0,FALSE
355,1966,Bulgaria,0,TRUE,0,TRUE
355,1967,Bulgaria,0,TRUE,0,TRUE
355,1968,Bulgaria,0,TRUE,0,TRUE
355,1969,Bulgaria,0,TRUE,0,TRUE
355,1970,Bulgaria,0,TRUE,0,FALSE
355,1971,Bulgaria,0,TRUE,0,TRUE
355,1972,Bulgaria,0,TRUE,0,TRUE
355,1973,Bulgaria,0,TRUE,0,TRUE
355,1974,Bulgaria,0,TRUE,0,TRUE
355,1975,Bulgaria,0,TRUE,0,FALSE
355,1976,Bulgaria,0,TRUE,0,FALSE
355,1977,Bulgaria,0,TRUE,0,FALSE
355,1978,Bulgaria,0,TRUE,0,FALSE
355,1979,Bulgaria,0,TRUE,0,FALSE
355,1980,Bulgaria,0,TRUE,0,FALSE
355,1981,Bulgaria,0,TRUE,0,FALSE
355,1982,Bulgaria,0,TRUE,0,FALSE
355,1983,Bulgaria,0,TRUE,0,FALSE
355,1984,Bulgaria,0,TRUE,0,FALSE
355,1985,Bulgaria,0,TRUE,0,FALSE
355,1986,Bulgaria,0,TRUE,0,FALSE
355,1987,Bulgaria,0,TRUE,0,FALSE
355,1988,Bulgaria,0,TRUE,0,FALSE
355,1989,Bulgaria,0,TRUE,0,FALSE
355,1990,Bulgaria,0,FALSE,0,FALSE
355,1991,Bulgaria,0,FALSE,0,FALSE
355,1992,Bulgaria,0,FALSE,0,FALSE
355,1993,Bulgaria,0.002339042,FALSE,0.01161233,FALSE
355,1994,Bulgaria,0.019526669,FALSE,0.076037034,FALSE
355,1995,Bulgaria,0.119665549,FALSE,0.246768535,FALSE
355,1996,Bulgaria,0.725251167,FALSE,0.316471968,FALSE
355,1997,Bulgaria,1.219813132,FALSE,0.841450728,FALSE
355,1998,Bulgaria,1.844965121,FALSE,1.542211607,FALSE
355,1999,Bulgaria,2.908154025,FALSE,4.288006531,FALSE
355,2000,Bulgaria,5.370923469,FALSE,9.113707955,FALSE
355,2001,Bulgaria,7.612297749,FALSE,19.29093973,FALSE
355,2002,Bulgaria,9.08,FALSE,32.5719108,FALSE
355,2003,Bulgaria,12.04,FALSE,44.21550847,FALSE
355,2004,Bulgaria,18.13,FALSE,60.13402386,FALSE
355,2005,Bulgaria,19.97,FALSE,79.90716067,FALSE
355,2006,Bulgaria,27.09,FALSE,106.2757886,FALSE
355,2007,Bulgaria,33.64,FALSE,128.2216717,FALSE
355,2008,Bulgaria,39.67,FALSE,135.8844328,FALSE
355,2009,Bulgaria,45,FALSE,136.9375706,FALSE
355,2010,Bulgaria,46.23,FALSE,134.3463722,FALSE
355,2011,Bulgaria,47.97999305,FALSE,138.869183,FALSE
355,2012,Bulgaria,51.89998767,FALSE,143.966837,FALSE
355,2013,Bulgaria,53.0615,FALSE,141.1194769,FALSE
355,2014,Bulgaria,55.49,FALSE,128.6861675,FALSE
355,2015,Bulgaria,56.65625161,FALSE,125.7944108,FALSE
355,2016,Bulgaria,59.82554766,FALSE,123.8462766,FALSE
355,2017,Bulgaria,63.41010138,FALSE,118.8025553,FALSE
355,2018,Bulgaria,64.78201069,FALSE,117.8397093,FALSE
355,2019,Bulgaria,67.94698094,FALSE,115.3427025,FALSE
355,2020,Bulgaria,70.16248359,FALSE,113.849275,FALSE
355,2021,Bulgaria,75.27144583,FALSE,114.7677533,FALSE
359,1960,Moldova,0,TRUE,0,FALSE
359,1961,Moldova,0,TRUE,0,TRUE
359,1962,Moldova,0,TRUE,0,TRUE
359,1963,Moldova,0,TRUE,0,TRUE
359,1964,Moldova,0,TRUE,0,TRUE
359,1965,Moldova,0,TRUE,0,FALSE
359,1966,Moldova,0,TRUE,0,TRUE
359,1967,Moldova,0,TRUE,0,TRUE
359,1968,Moldova,0,TRUE,0,TRUE
359,1969,Moldova,0,TRUE,0,TRUE
359,1970,Moldova,0,TRUE,0,FALSE
359,1971,Moldova,0,TRUE,0,TRUE
359,1972,Moldova,0,TRUE,0,TRUE
359,1973,Moldova,0,TRUE,0,TRUE
359,1974,Moldova,0,TRUE,0,TRUE
359,1975,Moldova,0,TRUE,0,FALSE
359,1976,Moldova,0,TRUE,0,FALSE
359,1977,Moldova,0,TRUE,0,FALSE
359,1978,Moldova,0,TRUE,0,FALSE
359,1979,Moldova,0,TRUE,0,FALSE
359,1980,Moldova,0,TRUE,0,FALSE
359,1981,Moldova,0,TRUE,0,FALSE
359,1982,Moldova,0,TRUE,0,FALSE
359,1983,Moldova,0,TRUE,0,FALSE
359,1984,Moldova,0,TRUE,0,FALSE
359,1985,Moldova,0,TRUE,0,FALSE
359,1986,Moldova,0,TRUE,0,FALSE
359,1987,Moldova,0,TRUE,0,FALSE
359,1988,Moldova,0,TRUE,0,FALSE
359,1989,Moldova,0,TRUE,0,FALSE
359,1990,Moldova,0,FALSE,0,FALSE
359,1991,Moldova,0,FALSE,0,FALSE
359,1992,Moldova,0,FALSE,0,FALSE
359,1993,Moldova,0,FALSE,0,FALSE
359,1994,Moldova,8.25391e-4,FALSE,0,FALSE
359,1995,Moldova,0.003457217,FALSE,3.13815e-4,FALSE
359,1996,Moldova,0.004643901,FALSE,0.02076658,FALSE
359,1997,Moldova,0.028128808,FALSE,0.050070668,FALSE
359,1998,Moldova,0.260818206,FALSE,0.160788913,FALSE
359,1999,Moldova,0.600695269,FALSE,0.418221638,FALSE
359,2000,Moldova,1.282846417,FALSE,3.269378181,FALSE
359,2001,Moldova,1.487812952,FALSE,5.356503903,FALSE
359,2002,Moldova,3.787242799,FALSE,8.154633404,FALSE
359,2003,Moldova,7.407544584,FALSE,11.62540529,FALSE
359,2004,Moldova,10.62939084,FALSE,19.4465228,FALSE
359,2005,Moldova,14.63027046,FALSE,27.2355901,FALSE
359,2006,Moldova,19.62064771,FALSE,34.44683759,FALSE
359,2007,Moldova,20.45,FALSE,48.56606264,FALSE
359,2008,Moldova,23.39,FALSE,63.56631034,FALSE
359,2009,Moldova,27.5,FALSE,56.97862537,FALSE
359,2010,Moldova,32.3,FALSE,69.34374716,FALSE
359,2011,Moldova,38,FALSE,89.48951998,FALSE
359,2012,Moldova,43.37,FALSE,102.1981124,FALSE
359,2013,Moldova,60,FALSE,108.2043477,FALSE
359,2014,Moldova,67,FALSE,111.9756969,FALSE
359,2015,Moldova,69.00000447,FALSE,113.2956183,FALSE
359,2016,Moldova,70.99999911,FALSE,117.468078,FALSE
359,2017,Moldova,76.12451989,FALSE,117.8002494,FALSE
359,2018,Moldova,82.85840649556454,TRUE,115.7581058,FALSE
359,2019,Moldova,86.4304765672553,TRUE,116.2198572,FALSE
359,2020,Moldova,89.35381826168098,TRUE,110.876909,FALSE
359,2021,Moldova,91.70779405548411,TRUE,127.3941322,FALSE
360,1960,Romania,0,TRUE,0,FALSE
360,1961,Romania,0,TRUE,0,TRUE
360,1962,Romania,0,TRUE,0,TRUE
360,1963,Romania,0,TRUE,0,TRUE
360,1964,Romania,0,TRUE,0,TRUE
360,1965,Romania,0,TRUE,0,FALSE
360,1966,Romania,0,TRUE,0,TRUE
360,1967,Romania,0,TRUE,0,TRUE
360,1968,Romania,0,TRUE,0,TRUE
360,1969,Romania,0,TRUE,0,TRUE
360,1970,Romania,0,TRUE,0,FALSE
360,1971,Romania,0,TRUE,0,TRUE
360,1972,Romania,0,TRUE,0,TRUE
360,1973,Romania,0,TRUE,0,TRUE
360,1974,Romania,0,TRUE,0,TRUE
360,1975,Romania,0,TRUE,0,FALSE
360,1976,Romania,0,TRUE,0,FALSE
360,1977,Romania,0,TRUE,0,FALSE
360,1978,Romania,0,TRUE,0,FALSE
360,1979,Romania,0,TRUE,0,FALSE
360,1980,Romania,0,TRUE,0,FALSE
360,1981,Romania,0,TRUE,0,FALSE
360,1982,Romania,0,TRUE,0,FALSE
360,1983,Romania,0,TRUE,0,FALSE
360,1984,Romania,0,TRUE,0,FALSE
360,1985,Romania,0,TRUE,0,FALSE
360,1986,Romania,0,TRUE,0,FALSE
360,1987,Romania,0,TRUE,0,FALSE
360,1988,Romania,0,TRUE,0,FALSE
360,1989,Romania,0,TRUE,0,FALSE
360,1990,Romania,0,FALSE,0,FALSE
360,1991,Romania,0,FALSE,0,FALSE
360,1992,Romania,0,FALSE,0,FALSE
360,1993,Romania,0.003703214,FALSE,0.00352087,FALSE
360,1994,Romania,0.026300162,FALSE,0.012260979,FALSE
360,1995,Romania,0.074952756,FALSE,0.04024296,FALSE
360,1996,Romania,0.221622649,FALSE,0.075832364,FALSE
360,1997,Romania,0.445444676,FALSE,0.901768476,FALSE
360,1998,Romania,2.237649473,FALSE,2.901461931,FALSE
360,1999,Romania,2.697580217,FALSE,6.150458594,FALSE
360,2000,Romania,3.613717291,FALSE,11.40061194,FALSE
360,2001,Romania,4.538669029,FALSE,17.64009691,FALSE
360,2002,Romania,6.58,FALSE,23.60165076,FALSE
360,2003,Romania,8.9,FALSE,32.77218532,FALSE
360,2004,Romania,15,FALSE,47.9837041,FALSE
360,2005,Romania,21.5,FALSE,63.31296631,FALSE
360,2006,Romania,24.66,FALSE,76.4775578,FALSE
360,2007,Romania,28.3,FALSE,98.34059881,FALSE
360,2008,Romania,32.42,FALSE,118.8007792,FALSE
360,2009,Romania,36.6,FALSE,122.6405258,FALSE
360,2010,Romania,39.93,FALSE,119.7922166,FALSE
360,2011,Romania,40.00999678,FALSE,115.8242824,FALSE
360,2012,Romania,45.87999425,FALSE,113.4223875,FALSE
360,2013,Romania,49.7645,FALSE,114.1701218,FALSE
360,2014,Romania,54.08,FALSE,114.6238647,FALSE
360,2015,Romania,55.76315563,FALSE,116.1454247,FALSE
360,2016,Romania,59.50395129,FALSE,115.669301,FALSE
360,2017,Romania,63.74728218,FALSE,113.7122045,FALSE
360,2018,Romania,70.68127793,FALSE,115.4396415,FALSE
360,2019,Romania,73.65747575,FALSE,116.1173683,FALSE
360,2020,Romania,78.45526741,FALSE,116.1812357,FALSE
360,2021,Romania,83.59043346,FALSE,118.6275646,FALSE
365,1960,Russian Federation,0,TRUE,0,FALSE
365,1961,Russian Federation,0,TRUE,0,TRUE
365,1962,Russian Federation,0,TRUE,0,TRUE
365,1963,Russian Federation,0,TRUE,0,TRUE
365,1964,Russian Federation,0,TRUE,0,TRUE
365,1965,Russian Federation,0,TRUE,0,FALSE
365,1966,Russian Federation,0,TRUE,0,TRUE
365,1967,Russian Federation,0,TRUE,0,TRUE
365,1968,Russian Federation,0,TRUE,0,TRUE
365,1969,Russian Federation,0,TRUE,0,TRUE
365,1970,Russian Federation,0,TRUE,0,FALSE
365,1971,Russian Federation,0,TRUE,0,TRUE
365,1972,Russian Federation,0,TRUE,0,TRUE
365,1973,Russian Federation,0,TRUE,0,TRUE
365,1974,Russian Federation,0,TRUE,0,TRUE
365,1975,Russian Federation,0,TRUE,0,FALSE
365,1976,Russian Federation,0,TRUE,0,FALSE
365,1977,Russian Federation,0,TRUE,0,FALSE
365,1978,Russian Federation,0,TRUE,0,FALSE
365,1979,Russian Federation,0,TRUE,0,FALSE
365,1980,Russian Federation,0,TRUE,0,FALSE
365,1981,Russian Federation,0,TRUE,0,FALSE
365,1982,Russian Federation,0,TRUE,0,FALSE
365,1983,Russian Federation,0,TRUE,0,FALSE
365,1984,Russian Federation,0,TRUE,0,FALSE
365,1985,Russian Federation,0,TRUE,0,FALSE
365,1986,Russian Federation,0,TRUE,0,FALSE
365,1987,Russian Federation,0,TRUE,0,FALSE
365,1988,Russian Federation,0,TRUE,0,FALSE
365,1989,Russian Federation,0,TRUE,0,FALSE
365,1990,Russian Federation,0,FALSE,0,FALSE
365,1991,Russian Federation,0,FALSE,2.02709e-4,FALSE
365,1992,Russian Federation,6.72532e-4,FALSE,0.00404671,FALSE
365,1993,Russian Federation,0.013447238,FALSE,0.006739744,FALSE
365,1994,Russian Federation,0.053817493,FALSE,0.018701789,FALSE
365,1995,Russian Federation,0.148151042,FALSE,0.059723075,FALSE
365,1996,Russian Federation,0.26975293,FALSE,0.150655806,FALSE
365,1997,Russian Federation,0.472963763,FALSE,0.328222391,FALSE
365,1998,Russian Federation,0.812744451,FALSE,0.507028324,FALSE
365,1999,Russian Federation,1.018984614,FALSE,0.932935006,FALSE
365,2000,Russian Federation,1.977230109,FALSE,2.228887102,FALSE
365,2001,Russian Federation,2.944367787,FALSE,5.314723089,FALSE
365,2002,Russian Federation,4.128271818,FALSE,12.12593129,FALSE
365,2003,Russian Federation,8.298860616,FALSE,24.98783944,FALSE
365,2004,Russian Federation,12.8593889,FALSE,51.16733273,FALSE
365,2005,Russian Federation,15.2266732,FALSE,83.52351405,FALSE
365,2006,Russian Federation,18.02327746,FALSE,105.0701387,FALSE
365,2007,Russian Federation,24.66,FALSE,119.4978199,FALSE
365,2008,Russian Federation,32,FALSE,139.2838126,FALSE
365,2009,Russian Federation,42.55,FALSE,160.5071896,FALSE
365,2010,Russian Federation,49,FALSE,165.6610167,FALSE
365,2011,Russian Federation,58,FALSE,141.7866096,FALSE
365,2012,Russian Federation,66,FALSE,144.4957561,FALSE
365,2013,Russian Federation,67.97,FALSE,151.2556334,FALSE
365,2014,Russian Federation,70.52,FALSE,152.7878864,FALSE
365,2015,Russian Federation,70.09924123,FALSE,156.7665611,FALSE
365,2016,Russian Federation,73.09143462,FALSE,157.718498,FALSE
365,2017,Russian Federation,76.00813853,FALSE,156.187408,FALSE
365,2018,Russian Federation,80.86472187,FALSE,157.431312,FALSE
365,2019,Russian Federation,82.64216156,FALSE,164.3876311,FALSE
365,2020,Russian Federation,84.99467026,FALSE,163.5893357,FALSE
365,2021,Russian Federation,88.21384578,FALSE,168.9847242,FALSE
366,1960,Estonia,0,TRUE,0,FALSE
366,1961,Estonia,0,TRUE,0,TRUE
366,1962,Estonia,0,TRUE,0,TRUE
366,1963,Estonia,0,TRUE,0,TRUE
366,1964,Estonia,0,TRUE,0,TRUE
366,1965,Estonia,0,TRUE,0,FALSE
366,1966,Estonia,0,TRUE,0,TRUE
366,1967,Estonia,0,TRUE,0,TRUE
366,1968,Estonia,0,TRUE,0,TRUE
366,1969,Estonia,0,TRUE,0,TRUE
366,1970,Estonia,0,TRUE,0,FALSE
366,1971,Estonia,0,TRUE,0,TRUE
366,1972,Estonia,0,TRUE,0,TRUE
366,1973,Estonia,0,TRUE,0,TRUE
366,1974,Estonia,0,TRUE,0,TRUE
366,1975,Estonia,0,TRUE,0,FALSE
366,1976,Estonia,0,TRUE,0,FALSE
366,1977,Estonia,0,TRUE,0,FALSE
366,1978,Estonia,0,TRUE,0,FALSE
366,1979,Estonia,0,TRUE,0,FALSE
366,1980,Estonia,0,TRUE,0,FALSE
366,1981,Estonia,0,TRUE,0,FALSE
366,1982,Estonia,0,TRUE,0,FALSE
366,1983,Estonia,0,TRUE,0,FALSE
366,1984,Estonia,0,TRUE,0,FALSE
366,1985,Estonia,0,TRUE,0,FALSE
366,1986,Estonia,0,TRUE,0,FALSE
366,1987,Estonia,0,TRUE,0,FALSE
366,1988,Estonia,0,TRUE,0,FALSE
366,1989,Estonia,0,TRUE,0,FALSE
366,1990,Estonia,0,FALSE,0,FALSE
366,1991,Estonia,0,FALSE,0.036407139,FALSE
366,1992,Estonia,0.065484797,FALSE,0.162167672,FALSE
366,1993,Estonia,0.300711282,FALSE,0.480179948,FALSE
366,1994,Estonia,1.159750913,FALSE,0.933370468,FALSE
366,1995,Estonia,2.778968489,FALSE,2.096126379,FALSE
366,1996,Estonia,3.525111129,FALSE,4.8443196,FALSE
366,1997,Estonia,5.706276548,FALSE,10.14428522,FALSE
366,1998,Estonia,10.79603483,FALSE,17.50349184,FALSE
366,1999,Estonia,14.50089724,FALSE,27.57396163,FALSE
366,2000,Estonia,28.57695381,FALSE,39.87466327,FALSE
366,2001,Estonia,31.52748977,FALSE,46.91659552,FALSE
366,2002,Estonia,41.52,FALSE,63.87575766,FALSE
366,2003,Estonia,45.32,FALSE,76.62301373,FALSE
366,2004,Estonia,53.2,FALSE,92.165096,FALSE
366,2005,Estonia,61.45,FALSE,106.6908203,FALSE
366,2006,Estonia,63.51,FALSE,123.1669202,FALSE
366,2007,Estonia,66.19,FALSE,125.4573787,FALSE
366,2008,Estonia,70.58,FALSE,121.4997483,FALSE
366,2009,Estonia,72.5,FALSE,117.6827879,FALSE
366,2010,Estonia,74.1,FALSE,124.1280928,FALSE
366,2011,Estonia,76.5,FALSE,136.0581244,FALSE
366,2012,Estonia,78.38992593,FALSE,151.1890235,FALSE
366,2013,Estonia,80.0043,FALSE,146.2404646,FALSE
366,2014,Estonia,84.24152803,FALSE,144.352489,FALSE
366,2015,Estonia,88.4097035,FALSE,144.7940413,FALSE
366,2016,Estonia,87.24023275,FALSE,144.227031,FALSE
366,2017,Estonia,88.10245687,FALSE,144.5430113,FALSE
366,2018,Estonia,89.35700777,FALSE,145.5233453,FALSE
366,2019,Estonia,90.2289282,FALSE,147.0228833,FALSE
366,2020,Estonia,89.05828666,FALSE,144.8567221,FALSE
366,2021,Estonia,91.03626943,FALSE,149.0807939,FALSE
367,1960,Latvia,0,TRUE,0,FALSE
367,1961,Latvia,0,TRUE,0,TRUE
367,1962,Latvia,0,TRUE,0,TRUE
367,1963,Latvia,0,TRUE,0,TRUE
367,1964,Latvia,0,TRUE,0,TRUE
367,1965,Latvia,0,TRUE,0,FALSE
367,1966,Latvia,0,TRUE,0,TRUE
367,1967,Latvia,0,TRUE,0,TRUE
367,1968,Latvia,0,TRUE,0,TRUE
367,1969,Latvia,0,TRUE,0,TRUE
367,1970,Latvia,0,TRUE,0,FALSE
367,1971,Latvia,0,TRUE,0,TRUE
367,1972,Latvia,0,TRUE,0,TRUE
367,1973,Latvia,0,TRUE,0,TRUE
367,1974,Latvia,0,TRUE,0,TRUE
367,1975,Latvia,0,TRUE,0,FALSE
367,1976,Latvia,0,TRUE,0,FALSE
367,1977,Latvia,0,TRUE,0,FALSE
367,1978,Latvia,0,TRUE,0,FALSE
367,1979,Latvia,0,TRUE,0,FALSE
367,1980,Latvia,0,TRUE,0,FALSE
367,1981,Latvia,0,TRUE,0,FALSE
367,1982,Latvia,0,TRUE,0,FALSE
367,1983,Latvia,0,TRUE,0,FALSE
367,1984,Latvia,0,TRUE,0,FALSE
367,1985,Latvia,0,TRUE,0,FALSE
367,1986,Latvia,0,TRUE,0,FALSE
367,1987,Latvia,0,TRUE,0,FALSE
367,1988,Latvia,0,TRUE,0,FALSE
367,1989,Latvia,0,TRUE,0,FALSE
367,1990,Latvia,0,FALSE,0,FALSE
367,1991,Latvia,0,FALSE,0,FALSE
367,1992,Latvia,0,FALSE,0.038567208,FALSE
367,1993,Latvia,0,FALSE,0.144000049,FALSE
367,1994,Latvia,0,FALSE,0.320895746,FALSE
367,1995,Latvia,0,FALSE,0.583740022,FALSE
367,1996,Latvia,0.812717072,FALSE,1.124576212,FALSE
367,1997,Latvia,2.053454712,FALSE,3.085383486,FALSE
367,1998,Latvia,3.315267886,FALSE,6.80085626,FALSE
367,1999,Latvia,4.387409055,FALSE,11.3068601,FALSE
367,2000,Latvia,6.319062083,FALSE,16.77186911,FALSE
367,2001,Latvia,7.219345808,FALSE,27.84083925,FALSE
367,2002,Latvia,21.94,FALSE,39.42988912,FALSE
367,2003,Latvia,26.98,FALSE,53.15467354,FALSE
367,2004,Latvia,38.58,FALSE,67.89267501,FALSE
367,2005,Latvia,46,FALSE,83.80972937,FALSE
367,2006,Latvia,53.63,FALSE,99.08267704,FALSE
367,2007,Latvia,59.17,FALSE,101.8820773,FALSE
367,2008,Latvia,63.41,FALSE,106.8916096,FALSE
367,2009,Latvia,66.84,FALSE,108.3402116,FALSE
367,2010,Latvia,68.42,FALSE,109.7343364,FALSE
367,2011,Latvia,69.74995456,FALSE,111.1713483,FALSE
367,2012,Latvia,73.11994377,FALSE,128.1080484,FALSE
367,2013,Latvia,75.2344,FALSE,125.917678,FALSE
367,2014,Latvia,75.83,FALSE,118.5456871,FALSE
367,2015,Latvia,79.20058292,FALSE,130.0230176,FALSE
367,2016,Latvia,79.84209778,FALSE,134.2946659,FALSE
367,2017,Latvia,80.114077,FALSE,126.0509437,FALSE
367,2018,Latvia,83.57717486,FALSE,106.9512252,FALSE
367,2019,Latvia,86.13545644,FALSE,108.0924889,FALSE
367,2020,Latvia,88.89796078,FALSE,108.1340417,FALSE
367,2021,Latvia,91.17964988,FALSE,115.358508,FALSE
368,1960,Lithuania,0,TRUE,0,FALSE
368,1961,Lithuania,0,TRUE,0,TRUE
368,1962,Lithuania,0,TRUE,0,TRUE
368,1963,Lithuania,0,TRUE,0,TRUE
368,1964,Lithuania,0,TRUE,0,TRUE
368,1965,Lithuania,0,TRUE,0,FALSE
368,1966,Lithuania,0,TRUE,0,TRUE
368,1967,Lithuania,0,TRUE,0,TRUE
368,1968,Lithuania,0,TRUE,0,TRUE
368,1969,Lithuania,0,TRUE,0,TRUE
368,1970,Lithuania,0,TRUE,0,FALSE
368,1971,Lithuania,0,TRUE,0,TRUE
368,1972,Lithuania,0,TRUE,0,TRUE
368,1973,Lithuania,0,TRUE,0,TRUE
368,1974,Lithuania,0,TRUE,0,TRUE
368,1975,Lithuania,0,TRUE,0,FALSE
368,1976,Lithuania,0,TRUE,0,FALSE
368,1977,Lithuania,0,TRUE,0,FALSE
368,1978,Lithuania,0,TRUE,0,FALSE
368,1979,Lithuania,0,TRUE,0,FALSE
368,1980,Lithuania,0,TRUE,0,FALSE
368,1981,Lithuania,0,TRUE,0,FALSE
368,1982,Lithuania,0,TRUE,0,FALSE
368,1983,Lithuania,0,TRUE,0,FALSE
368,1984,Lithuania,0,TRUE,0,FALSE
368,1985,Lithuania,0,TRUE,0,FALSE
368,1986,Lithuania,0,TRUE,0,FALSE
368,1987,Lithuania,0,TRUE,0,FALSE
368,1988,Lithuania,0,TRUE,0,FALSE
368,1989,Lithuania,0,TRUE,0,FALSE
368,1990,Lithuania,0,FALSE,0,FALSE
368,1991,Lithuania,0,FALSE,0,FALSE
368,1992,Lithuania,0,FALSE,0.007034198,FALSE
368,1993,Lithuania,0,FALSE,0.032783181,FALSE
368,1994,Lithuania,0,FALSE,0.119667223,FALSE
368,1995,Lithuania,0,FALSE,0.394820974,FALSE
368,1996,Lithuania,0.277421291,FALSE,1.369497547,FALSE
368,1997,Lithuania,0.978422157,FALSE,4.47474029,FALSE
368,1998,Lithuania,1.972063745,FALSE,7.300894009,FALSE
368,1999,Lithuania,2.9230547,FALSE,9.136079147,FALSE
368,2000,Lithuania,6.427067495,FALSE,14.55702743,FALSE
368,2001,Lithuania,7.179356994,FALSE,28.59433697,FALSE
368,2002,Lithuania,17.69,FALSE,46.80495102,FALSE
368,2003,Lithuania,25.91,FALSE,60.58800896,FALSE
368,2004,Lithuania,31.23,FALSE,89.1476662,FALSE
368,2005,Lithuania,36.22,FALSE,129.0471147,FALSE
368,2006,Lithuania,43.9,FALSE,141.9895141,FALSE
368,2007,Lithuania,49.9,FALSE,150.1054266,FALSE
368,2008,Lithuania,55.22,FALSE,155.7707564,FALSE
368,2009,Lithuania,59.76,FALSE,155.9984832,FALSE
368,2010,Lithuania,62.12,FALSE,155.8123414,FALSE
368,2011,Lithuania,63.6399774,FALSE,159.3007028,FALSE
368,2012,Lithuania,67.22998933,FALSE,163.1312022,FALSE
368,2013,Lithuania,68.4529,FALSE,150.7823485,FALSE
368,2014,Lithuania,72.13,FALSE,142.4940241,FALSE
368,2015,Lithuania,71.37805901,FALSE,141.1735748,FALSE
368,2016,Lithuania,74.37664556,FALSE,143.3251275,FALSE
368,2017,Lithuania,77.61525651,FALSE,150.1602369,FALSE
368,2018,Lithuania,79.72258277,FALSE,130.8936876,FALSE
368,2019,Lithuania,81.58186838,FALSE,130.0157981,FALSE
368,2020,Lithuania,83.05555096,FALSE,130.2002612,FALSE
368,2021,Lithuania,86.93054425,FALSE,133.7323188,FALSE
369,1960,Ukraine,0,TRUE,0,FALSE
369,1961,Ukraine,0,TRUE,0,TRUE
369,1962,Ukraine,0,TRUE,0,TRUE
369,1963,Ukraine,0,TRUE,0,TRUE
369,1964,Ukraine,0,TRUE,0,TRUE
369,1965,Ukraine,0,TRUE,0,FALSE
369,1966,Ukraine,0,TRUE,0,TRUE
369,1967,Ukraine,0,TRUE,0,TRUE
369,1968,Ukraine,0,TRUE,0,TRUE
369,1969,Ukraine,0,TRUE,0,TRUE
369,1970,Ukraine,0,TRUE,0,FALSE
369,1971,Ukraine,0,TRUE,0,TRUE
369,1972,Ukraine,0,TRUE,0,TRUE
369,1973,Ukraine,0,TRUE,0,TRUE
369,1974,Ukraine,0,TRUE,0,TRUE
369,1975,Ukraine,0,TRUE,0,FALSE
369,1976,Ukraine,0,TRUE,0,FALSE
369,1977,Ukraine,0,TRUE,0,FALSE
369,1978,Ukraine,0,TRUE,0,FALSE
369,1979,Ukraine,0,TRUE,0,FALSE
369,1980,Ukraine,0,TRUE,0,FALSE
369,1981,Ukraine,0,TRUE,0,FALSE
369,1982,Ukraine,0,TRUE,0,FALSE
369,1983,Ukraine,0,TRUE,0,FALSE
369,1984,Ukraine,0,TRUE,0,FALSE
369,1985,Ukraine,0,TRUE,0,FALSE
369,1986,Ukraine,0,TRUE,0,FALSE
369,1987,Ukraine,0,TRUE,0,FALSE
369,1988,Ukraine,0,TRUE,0,FALSE
369,1989,Ukraine,0,TRUE,0,FALSE
369,1990,Ukraine,0,FALSE,0,FALSE
369,1991,Ukraine,0,FALSE,0,FALSE
369,1992,Ukraine,0,FALSE,0,FALSE
369,1993,Ukraine,7.7697e-4,FALSE,1.26662e-4,FALSE
369,1994,Ukraine,0.013641246,FALSE,0.00977526,FALSE
369,1995,Ukraine,0.043083985,FALSE,0.027501844,FALSE
369,1996,Ukraine,0.098580381,FALSE,0.059309101,FALSE
369,1997,Ukraine,0.198821885,FALSE,0.113968483,FALSE
369,1998,Ukraine,0.301075792,FALSE,0.232167426,FALSE
369,1999,Ukraine,0.405385448,FALSE,0.439366038,FALSE
369,2000,Ukraine,0.716183762,FALSE,1.675927027,FALSE
369,2001,Ukraine,1.238759547,FALSE,4.596007036,FALSE
369,2002,Ukraine,1.873885116,FALSE,7.696397252,FALSE
369,2003,Ukraine,3.148127588,FALSE,13.65772731,FALSE
369,2004,Ukraine,3.489477881,FALSE,29.0897363,FALSE
369,2005,Ukraine,3.749764415,FALSE,64.00536482,FALSE
369,2006,Ukraine,4.506124564,FALSE,105.2767922,FALSE
369,2007,Ukraine,6.55,FALSE,119.0876067,FALSE
369,2008,Ukraine,11,FALSE,120.558086,FALSE
369,2009,Ukraine,17.9,FALSE,119.4564211,FALSE
369,2010,Ukraine,23.3,FALSE,117.7678197,FALSE
369,2011,Ukraine,28.70826284,FALSE,121.9416066,FALSE
369,2012,Ukraine,35.27,FALSE,130.8590206,FALSE
369,2013,Ukraine,40.954129,FALSE,138.4411243,FALSE
369,2014,Ukraine,46.23597546,FALSE,144.2788474,FALSE
369,2015,Ukraine,48.88464368,FALSE,142.0030379,FALSE
369,2016,Ukraine,53.0009696,FALSE,133.1689539,FALSE
369,2017,Ukraine,58.88947945,FALSE,131.3565115,FALSE
369,2018,Ukraine,62.55315539,FALSE,127.753861,FALSE
369,2019,Ukraine,70.1248443,FALSE,130.6294363,FALSE
369,2020,Ukraine,75.03790912,FALSE,129.3411657,FALSE
369,2021,Ukraine,80.70838563581938,TRUE,135.025689,FALSE
370,1960,Belarus,0,TRUE,0,FALSE
370,1961,Belarus,0,TRUE,0,TRUE
370,1962,Belarus,0,TRUE,0,TRUE
370,1963,Belarus,0,TRUE,0,TRUE
370,1964,Belarus,0,TRUE,0,TRUE
370,1965,Belarus,0,TRUE,0,FALSE
370,1966,Belarus,0,TRUE,0,TRUE
370,1967,Belarus,0,TRUE,0,TRUE
370,1968,Belarus,0,TRUE,0,TRUE
370,1969,Belarus,0,TRUE,0,TRUE
370,1970,Belarus,0,TRUE,0,FALSE
370,1971,Belarus,0,TRUE,0,TRUE
370,1972,Belarus,0,TRUE,0,TRUE
370,1973,Belarus,0,TRUE,0,TRUE
370,1974,Belarus,0,TRUE,0,TRUE
370,1975,Belarus,0,TRUE,0,FALSE
370,1976,Belarus,0,TRUE,0,FALSE
370,1977,Belarus,0,TRUE,0,FALSE
370,1978,Belarus,0,TRUE,0,FALSE
370,1979,Belarus,0,TRUE,0,FALSE
370,1980,Belarus,0,TRUE,0,FALSE
370,1981,Belarus,0,TRUE,0,FALSE
370,1982,Belarus,0,TRUE,0,FALSE
370,1983,Belarus,0,TRUE,0,FALSE
370,1984,Belarus,0,TRUE,0,FALSE
370,1985,Belarus,0,TRUE,0,FALSE
370,1986,Belarus,0,TRUE,0,FALSE
370,1987,Belarus,0,TRUE,0,FALSE
370,1988,Belarus,0,TRUE,0,FALSE
370,1989,Belarus,0,TRUE,0,FALSE
370,1990,Belarus,0,FALSE,0,FALSE
370,1991,Belarus,0,FALSE,0,FALSE
370,1992,Belarus,0,FALSE,0,FALSE
370,1993,Belarus,0,FALSE,0.00309146,FALSE
370,1994,Belarus,4.85951e-4,FALSE,0.016457615,FALSE
370,1995,Belarus,0.002921254,FALSE,0.056367534,FALSE
370,1996,Belarus,0.029298294,FALSE,0.062741587,FALSE
370,1997,Belarus,0.049020891,FALSE,0.07852187,FALSE
370,1998,Belarus,0.073868897,FALSE,0.117354959,FALSE
370,1999,Belarus,0.494881245,FALSE,0.22755487,FALSE
370,2000,Belarus,1.860398126,FALSE,0.481188384,FALSE
370,2001,Belarus,4.300616022,FALSE,1.356006073,FALSE
370,2002,Belarus,8.950971315,FALSE,4.564502119,FALSE
370,2003,Belarus,7.897476469518403,TRUE,11.10683042,FALSE
370,2004,Belarus,9.945989193773254,TRUE,22.39351493,FALSE
370,2005,Belarus,12.45401208533621,TRUE,41.26253389,FALSE
370,2006,Belarus,16.2,FALSE,60.35626399,FALSE
370,2007,Belarus,19.7,FALSE,70.83258616,FALSE
370,2008,Belarus,23,FALSE,83.04193393,FALSE
370,2009,Belarus,27.43,FALSE,99.26716397,FALSE
370,2010,Belarus,31.8,FALSE,106.1807277,FALSE
370,2011,Belarus,39.64889566,FALSE,110.177396,FALSE
370,2012,Belarus,46.91,FALSE,110.1376877,FALSE
370,2013,Belarus,54.17,FALSE,114.686658,FALSE
370,2014,Belarus,59.02,FALSE,117.6215475,FALSE
370,2015,Belarus,62.23036091,FALSE,118.016106,FALSE
370,2016,Belarus,71.11304576,FALSE,117.8382404,FALSE
370,2017,Belarus,74.43644541,FALSE,117.5863907,FALSE
370,2018,Belarus,79.12988669,FALSE,119.8449004,FALSE
370,2019,Belarus,82.78915209,FALSE,120.1910673,FALSE
370,2020,Belarus,85.08791245,FALSE,121.490553,FALSE
370,2021,Belarus,86.88841196,FALSE,122.7801287,FALSE
371,1960,Armenia,0,TRUE,0,FALSE
371,1961,Armenia,0,TRUE,0,TRUE
371,1962,Armenia,0,TRUE,0,TRUE
371,1963,Armenia,0,TRUE,0,TRUE
371,1964,Armenia,0,TRUE,0,TRUE
371,1965,Armenia,0,TRUE,0,FALSE
371,1966,Armenia,0,TRUE,0,TRUE
371,1967,Armenia,0,TRUE,0,TRUE
371,1968,Armenia,0,TRUE,0,TRUE
371,1969,Armenia,0,TRUE,0,TRUE
371,1970,Armenia,0,TRUE,0,FALSE
371,1971,Armenia,0,TRUE,0,TRUE
371,1972,Armenia,0,TRUE,0,TRUE
371,1973,Armenia,0,TRUE,0,TRUE
371,1974,Armenia,0,TRUE,0,TRUE
371,1975,Armenia,0,TRUE,0,FALSE
371,1976,Armenia,0,TRUE,0,FALSE
371,1977,Armenia,0,TRUE,0,FALSE
371,1978,Armenia,0,TRUE,0,FALSE
371,1979,Armenia,0,TRUE,0,FALSE
371,1980,Armenia,0,TRUE,0,FALSE
371,1981,Armenia,0,TRUE,0,FALSE
371,1982,Armenia,0,TRUE,0,FALSE
371,1983,Armenia,0,TRUE,0,FALSE
371,1984,Armenia,0,TRUE,0,FALSE
371,1985,Armenia,0,TRUE,0,FALSE
371,1986,Armenia,0,TRUE,0,FALSE
371,1987,Armenia,0,TRUE,0,FALSE
371,1988,Armenia,0,TRUE,0,FALSE
371,1989,Armenia,0,TRUE,0,FALSE
371,1990,Armenia,0,FALSE,0,FALSE
371,1991,Armenia,0,FALSE,0,FALSE
371,1992,Armenia,0,FALSE,0,FALSE
371,1993,Armenia,0,FALSE,0,FALSE
371,1994,Armenia,0.009117014,FALSE,0,FALSE
371,1995,Armenia,0.052743123,FALSE,0,FALSE
371,1996,Armenia,0.094572902,FALSE,0.009093946,FALSE
371,1997,Armenia,0.111650935,FALSE,0.152838922,FALSE
371,1998,Armenia,0.128659478,FALSE,0.241656509,FALSE
371,1999,Armenia,0.970737757,FALSE,0.25455157899999997,FALSE
371,2000,Armenia,1.300470022,FALSE,0.551865964,FALSE
371,2001,Armenia,1.631094667,FALSE,0.814009232,FALSE
371,2002,Armenia,1.960405046,FALSE,2.297846274,FALSE
371,2003,Armenia,4.575217225,FALSE,3.708664629,FALSE
371,2004,Armenia,4.899008571,FALSE,6.631634399,FALSE
371,2005,Armenia,5.252983352,FALSE,10.43709632,FALSE
371,2006,Armenia,5.631787777,FALSE,41.62457715,FALSE
371,2007,Armenia,6.021253397,FALSE,62.45557755,FALSE
371,2008,Armenia,6.21,FALSE,48.33377522,FALSE
371,2009,Armenia,15.3,FALSE,73.92986395,FALSE
371,2010,Armenia,25,FALSE,131.1938086,FALSE
371,2011,Armenia,32,FALSE,109.6360981,FALSE
371,2012,Armenia,37.5,FALSE,114.013624,FALSE
371,2013,Armenia,41.9,FALSE,115.3337511,FALSE
371,2014,Armenia,54.62280586,FALSE,119.696221,FALSE
371,2015,Armenia,59.10083377,FALSE,120.3535058,FALSE
371,2016,Armenia,64.34602977,FALSE,119.8452458,FALSE
371,2017,Armenia,64.74488433,FALSE,122.3218158,FALSE
371,2018,Armenia,68.24505226,FALSE,126.1831509,FALSE
371,2019,Armenia,66.54394969,FALSE,128.2969735,FALSE
371,2020,Armenia,76.50770055,FALSE,124.3508359,FALSE
371,2021,Armenia,85.13659039465465,TRUE,128.961359,FALSE
372,1960,Georgia,0,TRUE,0,FALSE
372,1961,Georgia,0,TRUE,0,TRUE
372,1962,Georgia,0,TRUE,0,TRUE
372,1963,Georgia,0,TRUE,0,TRUE
372,1964,Georgia,0,TRUE,0,TRUE
372,1965,Georgia,0,TRUE,0,FALSE
372,1966,Georgia,0,TRUE,0,TRUE
372,1967,Georgia,0,TRUE,0,TRUE
372,1968,Georgia,0,TRUE,0,TRUE
372,1969,Georgia,0,TRUE,0,TRUE
372,1970,Georgia,0,TRUE,0,FALSE
372,1971,Georgia,0,TRUE,0,TRUE
372,1972,Georgia,0,TRUE,0,TRUE
372,1973,Georgia,0,TRUE,0,TRUE
372,1974,Georgia,0,TRUE,0,TRUE
372,1975,Georgia,0,TRUE,0,FALSE
372,1976,Georgia,0,TRUE,0,FALSE
372,1977,Georgia,0,TRUE,0,FALSE
372,1978,Georgia,0,TRUE,0,FALSE
372,1979,Georgia,0,TRUE,0,FALSE
372,1980,Georgia,0,TRUE,0,FALSE
372,1981,Georgia,0,TRUE,0,FALSE
372,1982,Georgia,0,TRUE,0,FALSE
372,1983,Georgia,0,TRUE,0,FALSE
372,1984,Georgia,0,TRUE,0,FALSE
372,1985,Georgia,0,TRUE,0,FALSE
372,1986,Georgia,0,TRUE,0,FALSE
372,1987,Georgia,0,TRUE,0,FALSE
372,1988,Georgia,0,TRUE,0,FALSE
372,1989,Georgia,0,TRUE,0,FALSE
372,1990,Georgia,0,FALSE,0,FALSE
372,1991,Georgia,0,FALSE,0,FALSE
372,1992,Georgia,0,FALSE,0,FALSE
372,1993,Georgia,0,FALSE,0,FALSE
372,1994,Georgia,0,FALSE,0,FALSE
372,1995,Georgia,0.011836885,FALSE,0.003075235,FALSE
372,1996,Georgia,0.040065419,FALSE,0.048306419,FALSE
372,1997,Georgia,0.060930333,FALSE,0.646547265,FALSE
372,1998,Georgia,0.102830957,FALSE,1.327902213,FALSE
372,1999,Georgia,0.416343567,FALSE,3.03204005,FALSE
372,2000,Georgia,0.484746299,FALSE,4.565841659,FALSE
372,2001,Georgia,0.992344436,FALSE,7.270558782,FALSE
372,2002,Georgia,1.58787563,FALSE,12.40096348,FALSE
372,2003,Georgia,2.558816481,FALSE,17.70171672,FALSE
372,2004,Georgia,3.886221354,FALSE,21.07481837,FALSE
372,2005,Georgia,6.079457629,FALSE,29.64539372,FALSE
372,2006,Georgia,7.526876845,FALSE,43.31330978,FALSE
372,2007,Georgia,8.26,FALSE,66.54893036,FALSE
372,2008,Georgia,10.01,FALSE,71.0129242,FALSE
372,2009,Georgia,20.07,FALSE,73.58891886,FALSE
372,2010,Georgia,26.9,FALSE,103.6856197,FALSE
372,2011,Georgia,31.52,FALSE,115.9271542,FALSE
372,2012,Georgia,36.94,FALSE,123.5053186,FALSE
372,2013,Georgia,43.3,FALSE,131.8829896,FALSE
372,2014,Georgia,44,FALSE,143.0956472,FALSE
372,2015,Georgia,47.56975964,FALSE,147.1900215,FALSE
372,2016,Georgia,58.45928961,FALSE,146.6908947,FALSE
372,2017,Georgia,59.7055046,FALSE,145.8786023,FALSE
372,2018,Georgia,62.7179082,FALSE,144.7181513,FALSE
372,2019,Georgia,68.84670565,FALSE,142.7295197,FALSE
372,2020,Georgia,72.53158402,FALSE,135.4280451,FALSE
372,2021,Georgia,76.4427093,FALSE,137.4024875,FALSE
373,1960,Azerbaijan,0,TRUE,0,FALSE
373,1961,Azerbaijan,0,TRUE,0,TRUE
373,1962,Azerbaijan,0,TRUE,0,TRUE
373,1963,Azerbaijan,0,TRUE,0,TRUE
373,1964,Azerbaijan,0,TRUE,0,TRUE
373,1965,Azerbaijan,0,TRUE,0,FALSE
373,1966,Azerbaijan,0,TRUE,0,TRUE
373,1967,Azerbaijan,0,TRUE,0,TRUE
373,1968,Azerbaijan,0,TRUE,0,TRUE
373,1969,Azerbaijan,0,TRUE,0,TRUE
373,1970,Azerbaijan,0,TRUE,0,FALSE
373,1971,Azerbaijan,0,TRUE,0,TRUE
373,1972,Azerbaijan,0,TRUE,0,TRUE
373,1973,Azerbaijan,0,TRUE,0,TRUE
373,1974,Azerbaijan,0,TRUE,0,TRUE
373,1975,Azerbaijan,0,TRUE,0,FALSE
373,1976,Azerbaijan,0,TRUE,0,FALSE
373,1977,Azerbaijan,0,TRUE,0,FALSE
373,1978,Azerbaijan,0,TRUE,0,FALSE
373,1979,Azerbaijan,0,TRUE,0,FALSE
373,1980,Azerbaijan,0,TRUE,0,FALSE
373,1981,Azerbaijan,0,TRUE,0,FALSE
373,1982,Azerbaijan,0,TRUE,0,FALSE
373,1983,Azerbaijan,0,TRUE,0,FALSE
373,1984,Azerbaijan,0,TRUE,0,FALSE
373,1985,Azerbaijan,0,TRUE,0,FALSE
373,1986,Azerbaijan,0,TRUE,0,FALSE
373,1987,Azerbaijan,0,TRUE,0,FALSE
373,1988,Azerbaijan,0,TRUE,0,FALSE
373,1989,Azerbaijan,0,TRUE,0,FALSE
373,1990,Azerbaijan,0,FALSE,0,FALSE
373,1991,Azerbaijan,0,FALSE,0,FALSE
373,1992,Azerbaijan,0,FALSE,0,FALSE
373,1993,Azerbaijan,0,FALSE,0,FALSE
373,1994,Azerbaijan,0.001431415,FALSE,0.006392325,FALSE
373,1995,Azerbaijan,0.002055556,FALSE,0.076052086,FALSE
373,1996,Azerbaijan,0.006354585,FALSE,0.213860635,FALSE
373,1997,Azerbaijan,0.025187933,FALSE,0.499996125,FALSE
373,1998,Azerbaijan,0.037485109,FALSE,0.808347519,FALSE
373,1999,Azerbaijan,0.099228942,FALSE,4.56708367,FALSE
373,2000,Azerbaijan,0.147757576,FALSE,5.132877927,FALSE
373,2001,Azerbaijan,0.305564638,FALSE,8.814271586,FALSE
373,2002,Azerbaijan,4.999713678,FALSE,9.486239279,FALSE
373,2003,Azerbaijan,6.308606924484812,TRUE,12.49184326,FALSE
373,2004,Azerbaijan,8.463852185501354,TRUE,17.02308418,FALSE
373,2005,Azerbaijan,8.030375356,FALSE,25.90039991,FALSE
373,2006,Azerbaijan,11.99217733,FALSE,37.92497713,FALSE
373,2007,Azerbaijan,14.54,FALSE,50.89874753,FALSE
373,2008,Azerbaijan,17.08,FALSE,72.75801316,FALSE
373,2009,Azerbaijan,27.4,FALSE,85.05960989,FALSE
373,2010,Azerbaijan,46,FALSE,98.51590341,FALSE
373,2011,Azerbaijan,50,FALSE,108.1321708,FALSE
373,2012,Azerbaijan,54.2,FALSE,106.7431224,FALSE
373,2013,Azerbaijan,73.00000137,FALSE,105.3629953,FALSE
373,2014,Azerbaijan,75.00001564,FALSE,108.3211865,FALSE
373,2015,Azerbaijan,77,FALSE,108.4519054,FALSE
373,2016,Azerbaijan,78.2,FALSE,102.1325853,FALSE
373,2017,Azerbaijan,79,FALSE,100.550391,FALSE
373,2018,Azerbaijan,79.79999549,FALSE,101.8436601,FALSE
373,2019,Azerbaijan,81.09999907,FALSE,105.0577494,FALSE
373,2020,Azerbaijan,84.59999573,FALSE,100.577047,FALSE
373,2021,Azerbaijan,95.3060681110057,TRUE,104.8878056,FALSE
375,1960,Finland,0,TRUE,0,FALSE
375,1961,Finland,0,TRUE,0,TRUE
375,1962,Finland,0,TRUE,0,TRUE
375,1963,Finland,0,TRUE,0,TRUE
375,1964,Finland,0,TRUE,0,TRUE
375,1965,Finland,0,TRUE,0,FALSE
375,1966,Finland,0,TRUE,0,TRUE
375,1967,Finland,0,TRUE,0,TRUE
375,1968,Finland,0,TRUE,0,TRUE
375,1969,Finland,0,TRUE,0,TRUE
375,1970,Finland,0,TRUE,0,FALSE
375,1971,Finland,0,TRUE,0,TRUE
375,1972,Finland,0,TRUE,0,TRUE
375,1973,Finland,0,TRUE,0,TRUE
375,1974,Finland,0,TRUE,0,TRUE
375,1975,Finland,0,TRUE,0,FALSE
375,1976,Finland,0,TRUE,0,FALSE
375,1977,Finland,0,TRUE,0,FALSE
375,1978,Finland,0,TRUE,0,FALSE
375,1979,Finland,0,TRUE,0,FALSE
375,1980,Finland,0,TRUE,0.491315051,FALSE
375,1981,Finland,0,TRUE,0.589141447,FALSE
375,1982,Finland,0,TRUE,0.701905441,FALSE
375,1983,Finland,0,TRUE,0.869611241,FALSE
375,1984,Finland,0,TRUE,1.065397067,FALSE
375,1985,Finland,0,TRUE,1.379775304,FALSE
375,1986,Finland,0,TRUE,1.734384239,FALSE
375,1987,Finland,0,TRUE,2.146314325,FALSE
375,1988,Finland,0,TRUE,2.793051012,FALSE
375,1989,Finland,0,TRUE,3.827817408,FALSE
375,1990,Finland,0.40108767,FALSE,5.171356119,FALSE
375,1991,Finland,1.397439332,FALSE,6.365103571,FALSE
375,1992,Finland,1.88687977,FALSE,7.655924957,FALSE
375,1993,Finland,2.568461349,FALSE,9.65486751,FALSE
375,1994,Finland,4.915098554,FALSE,13.27633542,FALSE
375,1995,Finland,13.90030389,FALSE,20.34333586,FALSE
375,1996,Finland,16.78007526,FALSE,29.30898832,FALSE
375,1997,Finland,19.4586828,FALSE,42.07389889,FALSE
375,1998,Finland,25.45252493,FALSE,55.22384208,FALSE
375,1999,Finland,32.29509229,FALSE,63.37118775,FALSE
375,2000,Finland,37.24846174,FALSE,72.03389585,FALSE
375,2001,Finland,43.10536335,FALSE,80.48545471,FALSE
375,2002,Finland,62.43,FALSE,86.85104553,FALSE
375,2003,Finland,69.22,FALSE,91.0634187,FALSE
375,2004,Finland,72.39,FALSE,95.40676122,FALSE
375,2005,Finland,74.48,FALSE,100.4561318,FALSE
375,2006,Finland,79.66,FALSE,107.6667458,FALSE
375,2007,Finland,80.78,FALSE,114.9623281,FALSE
375,2008,Finland,83.67,FALSE,128.5441388,FALSE
375,2009,Finland,82.49,FALSE,144.2267619,FALSE
375,2010,Finland,86.89,FALSE,156.4343557,FALSE
375,2011,Finland,88.70999491,FALSE,165.9191643,FALSE
375,2012,Finland,89.87999797,FALSE,172.1508026,FALSE
375,2013,Finland,91.5144,FALSE,136.2635488,FALSE
375,2014,Finland,86.53039275,FALSE,139.2050448,FALSE
375,2015,Finland,86.42213333,FALSE,134.9804296,FALSE
375,2016,Finland,87.70364996,FALSE,131.3887581,FALSE
375,2017,Finland,87.46892907,FALSE,129.9894338,FALSE
375,2018,Finland,88.88996,FALSE,129.6355826,FALSE
375,2019,Finland,89.60738511,FALSE,129.4929527,FALSE
375,2020,Finland,92.17027106,FALSE,128.7646479,FALSE
375,2021,Finland,92.80806082,FALSE,129.1548109,FALSE
380,1960,Sweden,0,TRUE,0,FALSE
380,1961,Sweden,0,TRUE,0,TRUE
380,1962,Sweden,0,TRUE,0,TRUE
380,1963,Sweden,0,TRUE,0,TRUE
380,1964,Sweden,0,TRUE,0,TRUE
380,1965,Sweden,0,TRUE,0,FALSE
380,1966,Sweden,0,TRUE,0,TRUE
380,1967,Sweden,0,TRUE,0,TRUE
380,1968,Sweden,0,TRUE,0,TRUE
380,1969,Sweden,0,TRUE,0,TRUE
380,1970,Sweden,0,TRUE,0,FALSE
380,1971,Sweden,0,TRUE,0,TRUE
380,1972,Sweden,0,TRUE,0,TRUE
380,1973,Sweden,0,TRUE,0,TRUE
380,1974,Sweden,0,TRUE,0,TRUE
380,1975,Sweden,0,TRUE,0,FALSE
380,1976,Sweden,0,TRUE,0,FALSE
380,1977,Sweden,0,TRUE,0,FALSE
380,1978,Sweden,0,TRUE,0,FALSE
380,1979,Sweden,0,TRUE,0,FALSE
380,1980,Sweden,0,TRUE,0,FALSE
380,1981,Sweden,0,TRUE,0.244539035,FALSE
380,1982,Sweden,0,TRUE,0.326542435,FALSE
380,1983,Sweden,0,TRUE,0.434393001,FALSE
380,1984,Sweden,0,TRUE,0.691816912,FALSE
380,1985,Sweden,0,TRUE,0.870092455,FALSE
380,1986,Sweden,0,TRUE,1.338597214,FALSE
380,1987,Sweden,0,TRUE,2.050250332,FALSE
380,1988,Sweden,0,TRUE,2.869580405,FALSE
380,1989,Sweden,0,TRUE,4.103477233,FALSE
380,1990,Sweden,0.584192066,FALSE,5.395157881,FALSE
380,1991,Sweden,1.160519453,FALSE,6.611458698,FALSE
380,1992,Sweden,1.497871352,FALSE,7.592353574,FALSE
380,1993,Sweden,1.716364182,FALSE,8.919313209,FALSE
380,1994,Sweden,3.412810096,FALSE,15.83087445,FALSE
380,1995,Sweden,5.098024244,FALSE,22.92631064,FALSE
380,1996,Sweden,9.04359976,FALSE,28.36493884,FALSE
380,1997,Sweden,23.72794756,FALSE,35.97919088,FALSE
380,1998,Sweden,33.46751233,FALSE,46.54174661,FALSE
380,1999,Sweden,41.43278316,FALSE,57.92826117,FALSE
380,2000,Sweden,45.68765221,FALSE,71.8325825,FALSE
380,2001,Sweden,51.76566494,FALSE,80.68116575,FALSE
380,2002,Sweden,70.57,FALSE,89.05432796,FALSE
380,2003,Sweden,79.13,FALSE,98.20893943,FALSE
380,2004,Sweden,83.89,FALSE,97.56490871,FALSE
380,2005,Sweden,84.83,FALSE,100.5773698,FALSE
380,2006,Sweden,87.76,FALSE,105.516699,FALSE
380,2007,Sweden,82.01,FALSE,110.3944972,FALSE
380,2008,Sweden,90,FALSE,108.5026226,FALSE
380,2009,Sweden,91,FALSE,112.2410111,FALSE
380,2010,Sweden,90,FALSE,117.1682302,FALSE
380,2011,Sweden,92.76998606,FALSE,120.9864009,FALSE
380,2012,Sweden,93.17998801,FALSE,123.9897982,FALSE
380,2013,Sweden,94.7836,FALSE,124.5150033,FALSE
380,2014,Sweden,92.52,FALSE,126.3146745,FALSE
380,2015,Sweden,90.61019664,FALSE,128.3214584,FALSE
380,2016,Sweden,89.65094761,FALSE,126.02018,FALSE
380,2017,Sweden,93.00626697,FALSE,124.4688458,FALSE
380,2018,Sweden,89.24696316,FALSE,124.246327,FALSE
380,2019,Sweden,94.49344341,FALSE,125.5936109,FALSE
380,2020,Sweden,94.53943122,FALSE,123.3665446,FALSE
380,2021,Sweden,88.30778589,FALSE,122.7053021,FALSE
385,1960,Norway,0,TRUE,0,FALSE
385,1961,Norway,0,TRUE,0,TRUE
385,1962,Norway,0,TRUE,0,TRUE
385,1963,Norway,0,TRUE,0,TRUE
385,1964,Norway,0,TRUE,0,TRUE
385,1965,Norway,0,TRUE,0,FALSE
385,1966,Norway,0,TRUE,0,TRUE
385,1967,Norway,0,TRUE,0,TRUE
385,1968,Norway,0,TRUE,0,TRUE
385,1969,Norway,0,TRUE,0,TRUE
385,1970,Norway,0,TRUE,0,FALSE
385,1971,Norway,0,TRUE,0,TRUE
385,1972,Norway,0,TRUE,0,TRUE
385,1973,Norway,0,TRUE,0,TRUE
385,1974,Norway,0,TRUE,0,TRUE
385,1975,Norway,0,TRUE,0,FALSE
385,1976,Norway,0,TRUE,0,FALSE
385,1977,Norway,0,TRUE,0,FALSE
385,1978,Norway,0,TRUE,0,FALSE
385,1979,Norway,0,TRUE,0,FALSE
385,1980,Norway,0,TRUE,0,FALSE
385,1981,Norway,0,TRUE,0.040733148,FALSE
385,1982,Norway,0,TRUE,0.268752988,FALSE
385,1983,Norway,0,TRUE,0.568550094,FALSE
385,1984,Norway,0,TRUE,0.943182949,FALSE
385,1985,Norway,0,TRUE,1.518914001,FALSE
385,1986,Norway,0,TRUE,2.089066242,FALSE
385,1987,Norway,0,TRUE,2.866681825,FALSE
385,1988,Norway,0,TRUE,3.615333615,FALSE
385,1989,Norway,0,TRUE,3.966124085,FALSE
385,1990,Norway,0.707299448,FALSE,4.640379325,FALSE
385,1991,Norway,1.407395158,FALSE,5.500452147,FALSE
385,1992,Norway,2.216365832,FALSE,6.600122196,FALSE
385,1993,Norway,2.783990846,FALSE,8.612970463,FALSE
385,1994,Norway,4.152450292,FALSE,13.56959375,FALSE
385,1995,Norway,6.423220493,FALSE,22.5104391,FALSE
385,1996,Norway,18.25031077,FALSE,28.79018877,FALSE
385,1997,Norway,20.41788144,FALSE,38.06210834,FALSE
385,1998,Norway,22.56011255,FALSE,46.75432049,FALSE
385,1999,Norway,40,FALSE,59.70226855,FALSE
385,2000,Norway,52,FALSE,71.78479169,FALSE
385,2001,Norway,64,FALSE,79.59651016,FALSE
385,2002,Norway,72.84,FALSE,83.50890769,FALSE
385,2003,Norway,78.13,FALSE,88.95247425,FALSE
385,2004,Norway,77.69,FALSE,98.52955299,FALSE
385,2005,Norway,81.99,FALSE,102.8281314,FALSE
385,2006,Norway,82.55,FALSE,104.4588097,FALSE
385,2007,Norway,86.93,FALSE,106.9661048,FALSE
385,2008,Norway,90.57,FALSE,109.2804594,FALSE
385,2009,Norway,92.08,FALSE,110.8786963,FALSE
385,2010,Norway,93.39,FALSE,114.5108913,FALSE
385,2011,Norway,93.48998265,FALSE,115.5824466,FALSE
385,2012,Norway,94.64997805,FALSE,115.509809,FALSE
385,2013,Norway,95.0534,FALSE,112.0335357,FALSE
385,2014,Norway,96.3,FALSE,111.6785885,FALSE
385,2015,Norway,96.81032569,FALSE,110.1059349,FALSE
385,2016,Norway,97.29820367,FALSE,109.4141225,FALSE
385,2017,Norway,96.3576013,FALSE,108.380522,FALSE
385,2018,Norway,96.49165799,FALSE,107.6910276,FALSE
385,2019,Norway,98.00000439,FALSE,107.9941993,FALSE
385,2020,Norway,97.00000121,FALSE,108.285471,FALSE
385,2021,Norway,99.0000036,FALSE,111.34024607346682,TRUE
390,1960,Denmark,0,TRUE,0,FALSE
390,1961,Denmark,0,TRUE,0,TRUE
390,1962,Denmark,0,TRUE,0,TRUE
390,1963,Denmark,0,TRUE,0,TRUE
390,1964,Denmark,0,TRUE,0,TRUE
390,1965,Denmark,0,TRUE,0,FALSE
390,1966,Denmark,0,TRUE,0,TRUE
390,1967,Denmark,0,TRUE,0,TRUE
390,1968,Denmark,0,TRUE,0,TRUE
390,1969,Denmark,0,TRUE,0,TRUE
390,1970,Denmark,0,TRUE,0,FALSE
390,1971,Denmark,0,TRUE,0,TRUE
390,1972,Denmark,0,TRUE,0,TRUE
390,1973,Denmark,0,TRUE,0,TRUE
390,1974,Denmark,0,TRUE,0,TRUE
390,1975,Denmark,0,TRUE,0,FALSE
390,1976,Denmark,0,TRUE,0,FALSE
390,1977,Denmark,0,TRUE,0,FALSE
390,1978,Denmark,0,TRUE,0,FALSE
390,1979,Denmark,0,TRUE,0,FALSE
390,1980,Denmark,0,TRUE,0,FALSE
390,1981,Denmark,0,TRUE,0,FALSE
390,1982,Denmark,0,TRUE,0.140449493,FALSE
390,1983,Denmark,0,TRUE,0.314187293,FALSE
390,1984,Denmark,0,TRUE,0.597502906,FALSE
390,1985,Denmark,0,TRUE,0.900487005,FALSE
390,1986,Denmark,0,TRUE,1.125216799,FALSE
390,1987,Denmark,0,TRUE,1.511897858,FALSE
390,1988,Denmark,0,TRUE,1.979650444,FALSE
390,1989,Denmark,0,TRUE,2.411252199,FALSE
390,1990,Denmark,0.097277268,FALSE,2.881065749,FALSE
390,1991,Denmark,0.194056515,FALSE,3.410855268,FALSE
390,1992,Denmark,0.386913951,FALSE,4.078142483,FALSE
390,1993,Denmark,0.578329976,FALSE,6.884952297,FALSE
390,1994,Denmark,1.34430775,FALSE,9.657063946,FALSE
390,1995,Denmark,3.82565642,FALSE,15.70646066,FALSE
390,1996,Denmark,5.714987841,FALSE,25.04927694,FALSE
390,1997,Denmark,11.38200494,FALSE,27.36235505,FALSE
390,1998,Denmark,22.66874615,FALSE,36.44279893,FALSE
390,1999,Denmark,30.59204065,FALSE,49.41084849,FALSE
390,2000,Denmark,39.17243086,FALSE,62.98014008,FALSE
390,2001,Denmark,42.95752472,FALSE,73.87336618,FALSE
390,2002,Denmark,64.25,FALSE,83.24975361,FALSE
390,2003,Denmark,76.26,FALSE,88.33925863,FALSE
390,2004,Denmark,80.93,FALSE,95.40817928,FALSE
390,2005,Denmark,82.74,FALSE,100.2371829,FALSE
390,2006,Denmark,86.65,FALSE,106.7845773,FALSE
390,2007,Denmark,85.03,FALSE,115.1153288,FALSE
390,2008,Denmark,85.02,FALSE,119.1583628,FALSE
390,2009,Denmark,86.84,FALSE,123.6540732,FALSE
390,2010,Denmark,88.72,FALSE,115.672236,FALSE
390,2011,Denmark,89.81001339,FALSE,128.6435512,FALSE
390,2012,Denmark,92.26001172,FALSE,130.2054648,FALSE
390,2013,Denmark,94.6297,FALSE,124.9897251,FALSE
390,2014,Denmark,95.99,FALSE,126.7151649,FALSE
390,2015,Denmark,96.33050162,FALSE,124.683046,FALSE
390,2016,Denmark,96.96778525,FALSE,122.397232,FALSE
390,2017,Denmark,97.09936216,FALSE,124.4641018,FALSE
390,2018,Denmark,97.31920437,FALSE,125.1362568,FALSE
390,2019,Denmark,98.04643475,FALSE,124.9761468,FALSE
390,2020,Denmark,96.54914573,FALSE,124.4957422,FALSE
390,2021,Denmark,98.8658506,FALSE,124.488832,FALSE
395,1960,Iceland,0,TRUE,0,FALSE
395,1961,Iceland,0,TRUE,0,TRUE
395,1962,Iceland,0,TRUE,0,TRUE
395,1963,Iceland,0,TRUE,0,TRUE
395,1964,Iceland,0,TRUE,0,TRUE
395,1965,Iceland,0,TRUE,0,FALSE
395,1966,Iceland,0,TRUE,0,TRUE
395,1967,Iceland,0,TRUE,0,TRUE
395,1968,Iceland,0,TRUE,0,TRUE
395,1969,Iceland,0,TRUE,0,TRUE
395,1970,Iceland,0,TRUE,0,FALSE
395,1971,Iceland,0,TRUE,0,TRUE
395,1972,Iceland,0,TRUE,0,TRUE
395,1973,Iceland,0,TRUE,0,TRUE
395,1974,Iceland,0,TRUE,0,TRUE
395,1975,Iceland,0,TRUE,0,FALSE
395,1976,Iceland,0,TRUE,0,FALSE
395,1977,Iceland,0,TRUE,0,FALSE
395,1978,Iceland,0,TRUE,0,FALSE
395,1979,Iceland,0,TRUE,0,FALSE
395,1980,Iceland,0,TRUE,0,FALSE
395,1981,Iceland,0,TRUE,0,FALSE
395,1982,Iceland,0,TRUE,0,FALSE
395,1983,Iceland,0,TRUE,0,FALSE
395,1984,Iceland,0,TRUE,0,FALSE
395,1985,Iceland,0,TRUE,0,FALSE
395,1986,Iceland,0,TRUE,1.085647834,FALSE
395,1987,Iceland,0,TRUE,2.035507576,FALSE
395,1988,Iceland,0,TRUE,2.608466011,FALSE
395,1989,Iceland,0,TRUE,3.119245027,FALSE
395,1990,Iceland,0,FALSE,3.92519773,FALSE
395,1991,Iceland,0.505129002,FALSE,4.99591071,FALSE
395,1992,Iceland,1.53916008,FALSE,5.837435218,FALSE
395,1993,Iceland,2.667825265,FALSE,6.596017156,FALSE
395,1994,Iceland,6.794811784,FALSE,8.205496124,FALSE
395,1995,Iceland,11.2158757,FALSE,11.53724022,FALSE
395,1996,Iceland,14.80647932,FALSE,17.39083586,FALSE
395,1997,Iceland,27.47886875,FALSE,24.08938811,FALSE
395,1998,Iceland,36.2642065,FALSE,38.01884901,FALSE
395,1999,Iceland,41.29456671,FALSE,62.17501243,FALSE
395,2000,Iceland,44.47053382,FALSE,76.3499158,FALSE
395,2001,Iceland,49.39299537,FALSE,86.99086377,FALSE
395,2002,Iceland,79.12,FALSE,90.49333213,FALSE
395,2003,Iceland,83.14,FALSE,96.50415285,FALSE
395,2004,Iceland,83.88,FALSE,99.21603503,FALSE
395,2005,Iceland,87,FALSE,95.31357313,FALSE
395,2006,Iceland,89.51,FALSE,99.29358371,FALSE
395,2007,Iceland,90.6,FALSE,104.5678573,FALSE
395,2008,Iceland,91,FALSE,106.0453551,FALSE
395,2009,Iceland,93,FALSE,106.5605395,FALSE
395,2010,Iceland,93.39,FALSE,107.1447195,FALSE
395,2011,Iceland,94.8196868,FALSE,107.764655,FALSE
395,2012,Iceland,96.20979955,FALSE,109.7000115,FALSE
395,2013,Iceland,96.5468,FALSE,109.9498803,FALSE
395,2014,Iceland,98.16,FALSE,112.9417905,FALSE
395,2015,Iceland,98.2,FALSE,115.9665922,FALSE
395,2016,Iceland,98.2400163,FALSE,119.6434051,FALSE
395,2017,Iceland,98.25520119,FALSE,116.7618266,FALSE
395,2018,Iceland,99.01095399,FALSE,116.5506905,FALSE
395,2019,Iceland,99.50494117,FALSE,114.5997217,FALSE
395,2020,Iceland,99,FALSE,114.9221778,FALSE
395,2021,Iceland,99.68701957,FALSE,118.0741761,FALSE
402,1960,Cabo Verde,0,TRUE,0,FALSE
402,1961,Cabo Verde,0,TRUE,0,TRUE
402,1962,Cabo Verde,0,TRUE,0,TRUE
402,1963,Cabo Verde,0,TRUE,0,TRUE
402,1964,Cabo Verde,0,TRUE,0,TRUE
402,1965,Cabo Verde,0,TRUE,0,FALSE
402,1966,Cabo Verde,0,TRUE,0,TRUE
402,1967,Cabo Verde,0,TRUE,0,TRUE
402,1968,Cabo Verde,0,TRUE,0,TRUE
402,1969,Cabo Verde,0,TRUE,0,TRUE
402,1970,Cabo Verde,0,TRUE,0,FALSE
402,1971,Cabo Verde,0,TRUE,0,TRUE
402,1972,Cabo Verde,0,TRUE,0,TRUE
402,1973,Cabo Verde,0,TRUE,0,TRUE
402,1974,Cabo Verde,0,TRUE,0,TRUE
402,1975,Cabo Verde,0,TRUE,0,FALSE
402,1976,Cabo Verde,0,TRUE,0,FALSE
402,1977,Cabo Verde,0,TRUE,0,FALSE
402,1978,Cabo Verde,0,TRUE,0,FALSE
402,1979,Cabo Verde,0,TRUE,0,FALSE
402,1980,Cabo Verde,0,TRUE,0,FALSE
402,1981,Cabo Verde,0,TRUE,0,FALSE
402,1982,Cabo Verde,0,TRUE,0,FALSE
402,1983,Cabo Verde,0,TRUE,0,FALSE
402,1984,Cabo Verde,0,TRUE,0,FALSE
402,1985,Cabo Verde,0,TRUE,0,FALSE
402,1986,Cabo Verde,0,TRUE,0,FALSE
402,1987,Cabo Verde,0,TRUE,0,FALSE
402,1988,Cabo Verde,0,TRUE,0,FALSE
402,1989,Cabo Verde,0,TRUE,0,FALSE
402,1990,Cabo Verde,0,FALSE,0,FALSE
402,1991,Cabo Verde,0,FALSE,0,FALSE
402,1992,Cabo Verde,0,FALSE,0,FALSE
402,1993,Cabo Verde,0,FALSE,0,FALSE
402,1994,Cabo Verde,0,FALSE,0,FALSE
402,1995,Cabo Verde,0,FALSE,0,FALSE
402,1996,Cabo Verde,1.6088654480540305,TRUE,0,FALSE
402,1997,Cabo Verde,0.24096792,FALSE,0.004644099,FALSE
402,1998,Cabo Verde,0.472735008,FALSE,0.231705489,FALSE
402,1999,Cabo Verde,1.159982461,FALSE,1.794376227,FALSE
402,2000,Cabo Verde,1.822443852,FALSE,4.305282476,FALSE
402,2001,Cabo Verde,2.685332713,FALSE,6.761768228,FALSE
402,2002,Cabo Verde,3.518757175,FALSE,9.075694534,FALSE
402,2003,Cabo Verde,4.324885391,FALSE,11.11085653,FALSE
402,2004,Cabo Verde,5.31883207,FALSE,13.51876247,FALSE
402,2005,Cabo Verde,6.074087107,FALSE,16.58205297,FALSE
402,2006,Cabo Verde,6.808911008,FALSE,21.82030292,FALSE
402,2007,Cabo Verde,8.28321982,FALSE,30.15699421,FALSE
402,2008,Cabo Verde,14,FALSE,54.40925194,FALSE
402,2009,Cabo Verde,21,FALSE,56.36143961,FALSE
402,2010,Cabo Verde,30,FALSE,71.34735962,FALSE
402,2011,Cabo Verde,32,FALSE,75.14942533,FALSE
402,2012,Cabo Verde,34.74,FALSE,79.66635697,FALSE
402,2013,Cabo Verde,37.5,FALSE,92.50250028,FALSE
402,2014,Cabo Verde,40.26,FALSE,112.3246581,FALSE
402,2015,Cabo Verde,42.68301416,FALSE,110.7398862,FALSE
402,2016,Cabo Verde,50.32281787,FALSE,107.8013016,FALSE
402,2017,Cabo Verde,57.16214635,FALSE,108.3732481,FALSE
402,2018,Cabo Verde,59.5,FALSE,106.8497659,FALSE
402,2019,Cabo Verde,61.94339776,FALSE,103.232241,FALSE
402,2020,Cabo Verde,64.5,FALSE,93.49323768,FALSE
402,2021,Cabo Verde,73.66523567730995,TRUE,100.3820215,FALSE
404,1960,Guinea-Bissau,0,TRUE,0,FALSE
404,1961,Guinea-Bissau,0,TRUE,0,TRUE
404,1962,Guinea-Bissau,0,TRUE,0,TRUE
404,1963,Guinea-Bissau,0,TRUE,0,TRUE
404,1964,Guinea-Bissau,0,TRUE,0,TRUE
404,1965,Guinea-Bissau,0,TRUE,0,FALSE
404,1966,Guinea-Bissau,0,TRUE,0,TRUE
404,1967,Guinea-Bissau,0,TRUE,0,TRUE
404,1968,Guinea-Bissau,0,TRUE,0,TRUE
404,1969,Guinea-Bissau,0,TRUE,0,TRUE
404,1970,Guinea-Bissau,0,TRUE,0,FALSE
404,1971,Guinea-Bissau,0,TRUE,0,TRUE
404,1972,Guinea-Bissau,0,TRUE,0,TRUE
404,1973,Guinea-Bissau,0,TRUE,0,TRUE
404,1974,Guinea-Bissau,0,TRUE,0,TRUE
404,1975,Guinea-Bissau,0,TRUE,0,FALSE
404,1976,Guinea-Bissau,0,TRUE,0,FALSE
404,1977,Guinea-Bissau,0,TRUE,0,FALSE
404,1978,Guinea-Bissau,0,TRUE,0,FALSE
404,1979,Guinea-Bissau,0,TRUE,0,FALSE
404,1980,Guinea-Bissau,0,TRUE,0,FALSE
404,1981,Guinea-Bissau,0,TRUE,0,FALSE
404,1982,Guinea-Bissau,0,TRUE,0,FALSE
404,1983,Guinea-Bissau,0,TRUE,0,FALSE
404,1984,Guinea-Bissau,0,TRUE,0,FALSE
404,1985,Guinea-Bissau,0,TRUE,0,FALSE
404,1986,Guinea-Bissau,0,TRUE,0,FALSE
404,1987,Guinea-Bissau,0,TRUE,0,FALSE
404,1988,Guinea-Bissau,0,TRUE,0,FALSE
404,1989,Guinea-Bissau,0,TRUE,0,FALSE
404,1990,Guinea-Bissau,0,FALSE,0,FALSE
404,1991,Guinea-Bissau,0,FALSE,0,FALSE
404,1992,Guinea-Bissau,0,FALSE,0,FALSE
404,1993,Guinea-Bissau,0,FALSE,0,FALSE
404,1994,Guinea-Bissau,0,FALSE,0,FALSE
404,1995,Guinea-Bissau,0,FALSE,0,FALSE
404,1996,Guinea-Bissau,0,TRUE,0,FALSE
404,1997,Guinea-Bissau,0.016389063,FALSE,0,FALSE
404,1998,Guinea-Bissau,0.024060421,FALSE,0,FALSE
404,1999,Guinea-Bissau,0.117702448,FALSE,0,FALSE
404,2000,Guinea-Bissau,0.230103171,FALSE,0,FALSE
404,2001,Guinea-Bissau,0.299569145,FALSE,0,FALSE
404,2002,Guinea-Bissau,1.022993234,FALSE,0,FALSE
404,2003,Guinea-Bissau,1.354197478,FALSE,0.096910052,FALSE
404,2004,Guinea-Bissau,1.808142203,FALSE,2.928785183,FALSE
404,2005,Guinea-Bissau,1.901365316,FALSE,7.162721523,FALSE
404,2006,Guinea-Bissau,2.057196705,FALSE,11.12586734,FALSE
404,2007,Guinea-Bissau,2.206302237,FALSE,20.42111664,FALSE
404,2008,Guinea-Bissau,2.354888711,FALSE,33.60290131,FALSE
404,2009,Guinea-Bissau,2.303280592,FALSE,36.69109924,FALSE
404,2010,Guinea-Bissau,2.45,FALSE,43.22079861,FALSE
404,2011,Guinea-Bissau,2.672,FALSE,45.53301799,FALSE
404,2012,Guinea-Bissau,2.893990621,FALSE,63.48291934,FALSE
404,2013,Guinea-Bissau,3.1,FALSE,55.36194016,FALSE
404,2014,Guinea-Bissau,3.32,FALSE,63.57432905,FALSE
404,2015,Guinea-Bissau,6.1,FALSE,69.23136263,FALSE
404,2016,Guinea-Bissau,13.8,FALSE,70.0898639,FALSE
404,2017,Guinea-Bissau,14.8,FALSE,76.32738349,FALSE
404,2018,Guinea-Bissau,15.7,FALSE,76.91042128,FALSE
404,2019,Guinea-Bissau,19.4,FALSE,80.71131758,FALSE
404,2020,Guinea-Bissau,22.9,FALSE,94.94153271,FALSE
404,2021,Guinea-Bissau,28.574763763222805,TRUE,108.5305095,FALSE
411,1960,Equatorial Guinea,0,TRUE,0,FALSE
411,1961,Equatorial Guinea,0,TRUE,0,TRUE
411,1962,Equatorial Guinea,0,TRUE,0,TRUE
411,1963,Equatorial Guinea,0,TRUE,0,TRUE
411,1964,Equatorial Guinea,0,TRUE,0,TRUE
411,1965,Equatorial Guinea,0,TRUE,0,FALSE
411,1966,Equatorial Guinea,0,TRUE,0,TRUE
411,1967,Equatorial Guinea,0,TRUE,0,TRUE
411,1968,Equatorial Guinea,0,TRUE,0,TRUE
411,1969,Equatorial Guinea,0,TRUE,0,TRUE
411,1970,Equatorial Guinea,0,TRUE,0,FALSE
411,1971,Equatorial Guinea,0,TRUE,0,TRUE
411,1972,Equatorial Guinea,0,TRUE,0,TRUE
411,1973,Equatorial Guinea,0,TRUE,0,TRUE
411,1974,Equatorial Guinea,0,TRUE,0,TRUE
411,1975,Equatorial Guinea,0,TRUE,0,FALSE
411,1976,Equatorial Guinea,0,TRUE,0,FALSE
411,1977,Equatorial Guinea,0,TRUE,0,FALSE
411,1978,Equatorial Guinea,0,TRUE,0,FALSE
411,1979,Equatorial Guinea,0,TRUE,0,FALSE
411,1980,Equatorial Guinea,0,TRUE,0,FALSE
411,1981,Equatorial Guinea,0,TRUE,0,FALSE
411,1982,Equatorial Guinea,0,TRUE,0,FALSE
411,1983,Equatorial Guinea,0,TRUE,0,FALSE
411,1984,Equatorial Guinea,0,TRUE,0,FALSE
411,1985,Equatorial Guinea,0,TRUE,0,FALSE
411,1986,Equatorial Guinea,0,TRUE,0,FALSE
411,1987,Equatorial Guinea,0,TRUE,0,FALSE
411,1988,Equatorial Guinea,0,TRUE,0,FALSE
411,1989,Equatorial Guinea,0,TRUE,0,FALSE
411,1990,Equatorial Guinea,0,FALSE,0,FALSE
411,1991,Equatorial Guinea,0,FALSE,0,FALSE
411,1992,Equatorial Guinea,0,FALSE,0,FALSE
411,1993,Equatorial Guinea,0,FALSE,0,FALSE
411,1994,Equatorial Guinea,0,FALSE,0,FALSE
411,1995,Equatorial Guinea,0,FALSE,0,FALSE
411,1996,Equatorial Guinea,0,TRUE,0.010470791,FALSE
411,1997,Equatorial Guinea,0.041462292,FALSE,0.049540103,FALSE
411,1998,Equatorial Guinea,0.094423774,FALSE,0.04716277,FALSE
411,1999,Equatorial Guinea,0.097415945,FALSE,0.091599138,FALSE
411,2000,Equatorial Guinea,0.132354665,FALSE,0.729951517,FALSE
411,2001,Equatorial Guinea,0.165260423,FALSE,2.085447746,FALSE
411,2002,Equatorial Guinea,0.321197997,FALSE,4.243379003,FALSE
411,2003,Equatorial Guinea,0.520524272,FALSE,5.255286628,FALSE
411,2004,Equatorial Guinea,0.843930285,FALSE,7.490727351,FALSE
411,2005,Equatorial Guinea,1.149789671,FALSE,11.20586174,FALSE
411,2006,Equatorial Guinea,1.279193596,FALSE,13.25354698,FALSE
411,2007,Equatorial Guinea,1.557123059,FALSE,15.80921024,FALSE
411,2008,Equatorial Guinea,1.82,FALSE,18.09096135,FALSE
411,2009,Equatorial Guinea,2.13,FALSE,19.16285166,FALSE
411,2010,Equatorial Guinea,6,FALSE,36.48069846,FALSE
411,2011,Equatorial Guinea,11.5,FALSE,41.83688803,FALSE
411,2012,Equatorial Guinea,13.94318219,FALSE,41.97904554,FALSE
411,2013,Equatorial Guinea,16.4,FALSE,41.06167415,FALSE
411,2014,Equatorial Guinea,18.86,FALSE,39.88162291,FALSE
411,2015,Equatorial Guinea,21.3199999,FALSE,39.5951515,FALSE
411,2016,Equatorial Guinea,23.7799999,FALSE,41.14939522,FALSE
411,2017,Equatorial Guinea,26.239999,FALSE,39.02359836,FALSE
411,2018,Equatorial Guinea,34.48384902754622,TRUE,39.35997262,FALSE
411,2019,Equatorial Guinea,40.133889422148954,TRUE,39.72876266,FALSE
411,2020,Equatorial Guinea,46.05885934302674,TRUE,40.41229311,FALSE
411,2021,Equatorial Guinea,52.097338805468205,TRUE,41.50492926104467,TRUE
420,1960,"Gambia, The",0,TRUE,0,FALSE
420,1961,"Gambia, The",0,TRUE,0,TRUE
420,1962,"Gambia, The",0,TRUE,0,TRUE
420,1963,"Gambia, The",0,TRUE,0,TRUE
420,1964,"Gambia, The",0,TRUE,0,TRUE
420,1965,"Gambia, The",0,TRUE,0,FALSE
420,1966,"Gambia, The",0,TRUE,0,TRUE
420,1967,"Gambia, The",0,TRUE,0,TRUE
420,1968,"Gambia, The",0,TRUE,0,TRUE
420,1969,"Gambia, The",0,TRUE,0,TRUE
420,1970,"Gambia, The",0,TRUE,0,FALSE
420,1971,"Gambia, The",0,TRUE,0,TRUE
420,1972,"Gambia, The",0,TRUE,0,TRUE
420,1973,"Gambia, The",0,TRUE,0,TRUE
420,1974,"Gambia, The",0,TRUE,0,TRUE
420,1975,"Gambia, The",0,TRUE,0,FALSE
420,1976,"Gambia, The",0,TRUE,0,FALSE
420,1977,"Gambia, The",0,TRUE,0,FALSE
420,1978,"Gambia, The",0,TRUE,0,FALSE
420,1979,"Gambia, The",0,TRUE,0,FALSE
420,1980,"Gambia, The",0,TRUE,0,FALSE
420,1981,"Gambia, The",0,TRUE,0,FALSE
420,1982,"Gambia, The",0,TRUE,0,FALSE
420,1983,"Gambia, The",0,TRUE,0,FALSE
420,1984,"Gambia, The",0,TRUE,0,FALSE
420,1985,"Gambia, The",0,TRUE,0,FALSE
420,1986,"Gambia, The",0,TRUE,0,FALSE
420,1987,"Gambia, The",0,TRUE,0,FALSE
420,1988,"Gambia, The",0,TRUE,0,FALSE
420,1989,"Gambia, The",0,TRUE,0,FALSE
420,1990,"Gambia, The",0,FALSE,0,FALSE
420,1991,"Gambia, The",0,FALSE,0,FALSE
420,1992,"Gambia, The",0,FALSE,0.018098713,FALSE
420,1993,"Gambia, The",0,FALSE,0.039116364,FALSE
420,1994,"Gambia, The",0,FALSE,0.067336605,FALSE
420,1995,"Gambia, The",0.009217541,FALSE,0.116088572,FALSE
420,1996,"Gambia, The",0.03550736,FALSE,0.242050865,FALSE
420,1997,"Gambia, The",0.051311347,FALSE,0.359452757,FALSE
420,1998,"Gambia, The",0.206094461,FALSE,0.372219506,FALSE
420,1999,"Gambia, The",0.715827015,FALSE,0.380021754,FALSE
420,2000,"Gambia, The",0.921794919,FALSE,0.389554649,FALSE
420,2001,"Gambia, The",1.336791166,FALSE,3.723345651,FALSE
420,2002,"Gambia, The",1.796779883,FALSE,6.569339709,FALSE
420,2003,"Gambia, The",2.436781193,FALSE,9.532279824,FALSE
420,2004,"Gambia, The",3.308003478,FALSE,10.85456434,FALSE
420,2005,"Gambia, The",3.799001139,FALSE,14.90500901,FALSE
420,2006,"Gambia, The",5.237691158,FALSE,23.62802651,FALSE
420,2007,"Gambia, The",6.205037419,FALSE,45.34980506,FALSE
420,2008,"Gambia, The",6.88,FALSE,64.05433107,FALSE
420,2009,"Gambia, The",7.63,FALSE,69.90366425,FALSE
420,2010,"Gambia, The",9.2,FALSE,76.31064253,FALSE
420,2011,"Gambia, The",10.8703,FALSE,70.12083803,FALSE
420,2012,"Gambia, The",12.44922872,FALSE,74.05049165,FALSE
420,2013,"Gambia, The",14,FALSE,87.01025804,FALSE
420,2014,"Gambia, The",15.56,FALSE,104.3248597,FALSE
420,2015,"Gambia, The",18.2,FALSE,120.5286503,FALSE
420,2016,"Gambia, The",21.4,FALSE,122.480565,FALSE
420,2017,"Gambia, The",25.1,FALSE,124.5599874,FALSE
420,2018,"Gambia, The",32.6,FALSE,130.1227936,FALSE
420,2019,"Gambia, The",34.5,FALSE,103.0224594,FALSE
420,2020,"Gambia, The",36.5,FALSE,104.038819,FALSE
420,2021,"Gambia, The",42.32716513882044,TRUE,117.79441909359181,TRUE
432,1960,Mali,0,TRUE,0,FALSE
432,1961,Mali,0,TRUE,0,TRUE
432,1962,Mali,0,TRUE,0,TRUE
432,1963,Mali,0,TRUE,0,TRUE
432,1964,Mali,0,TRUE,0,TRUE
432,1965,Mali,0,TRUE,0,FALSE
432,1966,Mali,0,TRUE,0,TRUE
432,1967,Mali,0,TRUE,0,TRUE
432,1968,Mali,0,TRUE,0,TRUE
432,1969,Mali,0,TRUE,0,TRUE
432,1970,Mali,0,TRUE,0,FALSE
432,1971,Mali,0,TRUE,0,TRUE
432,1972,Mali,0,TRUE,0,TRUE
432,1973,Mali,0,TRUE,0,TRUE
432,1974,Mali,0,TRUE,0,TRUE
432,1975,Mali,0,TRUE,0,FALSE
432,1976,Mali,0,TRUE,0,FALSE
432,1977,Mali,0,TRUE,0,FALSE
432,1978,Mali,0,TRUE,0,FALSE
432,1979,Mali,0,TRUE,0,FALSE
432,1980,Mali,0,TRUE,0,FALSE
432,1981,Mali,0,TRUE,0,FALSE
432,1982,Mali,0,TRUE,0,FALSE
432,1983,Mali,0,TRUE,0,FALSE
432,1984,Mali,0,TRUE,0,FALSE
432,1985,Mali,0,TRUE,0,FALSE
432,1986,Mali,0,TRUE,0,FALSE
432,1987,Mali,0,TRUE,0,FALSE
432,1988,Mali,0,TRUE,0,FALSE
432,1989,Mali,0,TRUE,0,FALSE
432,1990,Mali,0,FALSE,0,FALSE
432,1991,Mali,0,FALSE,0,FALSE
432,1992,Mali,0,FALSE,0,FALSE
432,1993,Mali,0,FALSE,0,FALSE
432,1994,Mali,0,FALSE,0,FALSE
432,1995,Mali,0,FALSE,0,FALSE
432,1996,Mali,0.002055228,FALSE,0.011715466,FALSE
432,1997,Mali,0.010085919,FALSE,0.027434281,FALSE
432,1998,Mali,0.019793888,FALSE,0.042116764,FALSE
432,1999,Mali,0.060909873,FALSE,0.058505121,FALSE
432,2000,Mali,0.142545755,FALSE,0.092516296,FALSE
432,2001,Mali,0.185897413,FALSE,0.20715957,FALSE
432,2002,Mali,0.227045578,FALSE,0.384634048,FALSE
432,2003,Mali,0.310364443,FALSE,2.003076446,FALSE
432,2004,Mali,0.43281964,FALSE,3.190567687,FALSE
432,2005,Mali,0.507063136,FALSE,5.781139195,FALSE
432,2006,Mali,0.729627281,FALSE,11.10539388,FALSE
432,2007,Mali,0.81,FALSE,17.97391391,FALSE
432,2008,Mali,1.57,FALSE,23.63095724,FALSE
432,2009,Mali,1.8,FALSE,29.67239609,FALSE
432,2010,Mali,2,FALSE,47.91227225,FALSE
432,2011,Mali,2.2,FALSE,67.4695104,FALSE
432,2012,Mali,2.8,FALSE,88.48387499,FALSE
432,2013,Mali,3.5,FALSE,116.1452168,FALSE
432,2014,Mali,7,FALSE,133.9209668,FALSE
432,2015,Mali,10.33,FALSE,125.3190059,FALSE
432,2016,Mali,14,FALSE,108.1154139,FALSE
432,2017,Mali,18.9,FALSE,114.0992437,FALSE
432,2018,Mali,21.4,FALSE,110.1396447,FALSE
432,2019,Mali,24.2,FALSE,111.4650138,FALSE
432,2020,Mali,27.4,FALSE,119.2779414,FALSE
432,2021,Mali,35.829190767563595,TRUE,99.89622453,FALSE
433,1960,Senegal,0,TRUE,0,FALSE
433,1961,Senegal,0,TRUE,0,TRUE
433,1962,Senegal,0,TRUE,0,TRUE
433,1963,Senegal,0,TRUE,0,TRUE
433,1964,Senegal,0,TRUE,0,TRUE
433,1965,Senegal,0,TRUE,0,FALSE
433,1966,Senegal,0,TRUE,0,TRUE
433,1967,Senegal,0,TRUE,0,TRUE
433,1968,Senegal,0,TRUE,0,TRUE
433,1969,Senegal,0,TRUE,0,TRUE
433,1970,Senegal,0,TRUE,0,FALSE
433,1971,Senegal,0,TRUE,0,TRUE
433,1972,Senegal,0,TRUE,0,TRUE
433,1973,Senegal,0,TRUE,0,TRUE
433,1974,Senegal,0,TRUE,0,TRUE
433,1975,Senegal,0,TRUE,0,FALSE
433,1976,Senegal,0,TRUE,0,FALSE
433,1977,Senegal,0,TRUE,0,FALSE
433,1978,Senegal,0,TRUE,0,FALSE
433,1979,Senegal,0,TRUE,0,FALSE
433,1980,Senegal,0,TRUE,0,FALSE
433,1981,Senegal,0,TRUE,0,FALSE
433,1982,Senegal,0,TRUE,0,FALSE
433,1983,Senegal,0,TRUE,0,FALSE
433,1984,Senegal,0,TRUE,0,FALSE
433,1985,Senegal,0,TRUE,0,FALSE
433,1986,Senegal,0,TRUE,0,FALSE
433,1987,Senegal,0,TRUE,0,FALSE
433,1988,Senegal,0,TRUE,0,FALSE
433,1989,Senegal,0,TRUE,0,FALSE
433,1990,Senegal,0,FALSE,0,FALSE
433,1991,Senegal,0,FALSE,0,FALSE
433,1992,Senegal,0,FALSE,0,FALSE
433,1993,Senegal,0,FALSE,0,FALSE
433,1994,Senegal,0,FALSE,0.001164311,FALSE
433,1995,Senegal,6.92848e-4,FALSE,0.001413234,FALSE
433,1996,Senegal,0.011238219,FALSE,0.01596667,FALSE
433,1997,Senegal,0.027347441,FALSE,0.076694149,FALSE
433,1998,Senegal,0.079871379,FALSE,0.296786944,FALSE
433,1999,Senegal,0.311090952,FALSE,0.92713411,FALSE
433,2000,Senegal,0.403967486,FALSE,2.578767773,FALSE
433,2001,Senegal,0.983794059,FALSE,3.036930771,FALSE
433,2002,Senegal,1.006454537,FALSE,5.436123348,FALSE
433,2003,Senegal,2.10143643,FALSE,7.498420624,FALSE
433,2004,Senegal,4.38602398,FALSE,10.48085228,FALSE
433,2005,Senegal,4.786684083,FALSE,15.76541839,FALSE
433,2006,Senegal,5.611738652,FALSE,26.48069595,FALSE
433,2007,Senegal,6.89,FALSE,31.3978306,FALSE
433,2008,Senegal,7.12,FALSE,45.39008866,FALSE
433,2009,Senegal,7.5,FALSE,56.59267039,FALSE
433,2010,Senegal,8,FALSE,66.58927184,FALSE
433,2011,Senegal,9.8,FALSE,72.63867013,FALSE
433,2012,Senegal,10.8,FALSE,86.68977306,FALSE
433,2013,Senegal,13.1,FALSE,96.60334847,FALSE
433,2014,Senegal,17.7,FALSE,102.9306512,FALSE
433,2015,Senegal,21.7,FALSE,104.2023505,FALSE
433,2016,Senegal,25.66476804,FALSE,102.9497559,FALSE
433,2017,Senegal,29.64312367,FALSE,103.9621401,FALSE
433,2018,Senegal,35.3,FALSE,106.3244864,FALSE
433,2019,Senegal,39.5,FALSE,111.7482578,FALSE
433,2020,Senegal,42.6,FALSE,116.079391,FALSE
433,2021,Senegal,49.065656823326115,TRUE,117.676782,FALSE
434,1960,Benin,0,TRUE,0,FALSE
434,1961,Benin,0,TRUE,0,TRUE
434,1962,Benin,0,TRUE,0,TRUE
434,1963,Benin,0,TRUE,0,TRUE
434,1964,Benin,0,TRUE,0,TRUE
434,1965,Benin,0,TRUE,0,FALSE
434,1966,Benin,0,TRUE,0,TRUE
434,1967,Benin,0,TRUE,0,TRUE
434,1968,Benin,0,TRUE,0,TRUE
434,1969,Benin,0,TRUE,0,TRUE
434,1970,Benin,0,TRUE,0,FALSE
434,1971,Benin,0,TRUE,0,TRUE
434,1972,Benin,0,TRUE,0,TRUE
434,1973,Benin,0,TRUE,0,TRUE
434,1974,Benin,0,TRUE,0,TRUE
434,1975,Benin,0,TRUE,0,FALSE
434,1976,Benin,0,TRUE,0,FALSE
434,1977,Benin,0,TRUE,0,FALSE
434,1978,Benin,0,TRUE,0,FALSE
434,1979,Benin,0,TRUE,0,FALSE
434,1980,Benin,0,TRUE,0,FALSE
434,1981,Benin,0,TRUE,0,FALSE
434,1982,Benin,0,TRUE,0,FALSE
434,1983,Benin,0,TRUE,0,FALSE
434,1984,Benin,0,TRUE,0,FALSE
434,1985,Benin,0,TRUE,0,FALSE
434,1986,Benin,0,TRUE,0,FALSE
434,1987,Benin,0,TRUE,0,FALSE
434,1988,Benin,0,TRUE,0,FALSE
434,1989,Benin,0,TRUE,0,FALSE
434,1990,Benin,0,FALSE,0,FALSE
434,1991,Benin,0,FALSE,0,FALSE
434,1992,Benin,0,FALSE,0,FALSE
434,1993,Benin,0,FALSE,0,FALSE
434,1994,Benin,0,FALSE,0,FALSE
434,1995,Benin,0,FALSE,0.017365389,FALSE
434,1996,Benin,0.0016931,FALSE,0.043634125,FALSE
434,1997,Benin,0.024648796,FALSE,0.067245695,FALSE
434,1998,Benin,0.047877304,FALSE,0.095471222,FALSE
434,1999,Benin,0.154906741,FALSE,0.107076743,FALSE
434,2000,Benin,0.225247851,FALSE,0.792738178,FALSE
434,2001,Benin,0.36341789,FALSE,1.733212794,FALSE
434,2002,Benin,0.702945595,FALSE,2.943708125,FALSE
434,2003,Benin,0.951327115,FALSE,3.083543364,FALSE
434,2004,Benin,1.182540965,FALSE,5.818213416,FALSE
434,2005,Benin,1.271031439,FALSE,7.316681103,FALSE
434,2006,Benin,1.537854346,FALSE,12.56424327,FALSE
434,2007,Benin,1.79,FALSE,23.72609786,FALSE
434,2008,Benin,1.85,FALSE,40.70486295,FALSE
434,2009,Benin,2.24,FALSE,54.87425803,FALSE
434,2010,Benin,3.13,FALSE,74.90081741,FALSE
434,2011,Benin,4.148323066,FALSE,79.83654762,FALSE
434,2012,Benin,4.5,FALSE,83.96026074,FALSE
434,2013,Benin,4.9,FALSE,93.39120338,FALSE
434,2014,Benin,6,FALSE,81.58793478,FALSE
434,2015,Benin,11.25498791,FALSE,85.22948043,FALSE
434,2016,Benin,14.5,FALSE,78.97356015,FALSE
434,2017,Benin,18.7,FALSE,75.65070229,FALSE
434,2018,Benin,19,FALSE,79.24062635,FALSE
434,2019,Benin,22.4,FALSE,84.21052161,FALSE
434,2020,Benin,25.8,FALSE,88.11818884,FALSE
434,2021,Benin,32.13932379798479,TRUE,97.96018203,FALSE
435,1960,Mauritania,0,TRUE,0,FALSE
435,1961,Mauritania,0,TRUE,0,TRUE
435,1962,Mauritania,0,TRUE,0,TRUE
435,1963,Mauritania,0,TRUE,0,TRUE
435,1964,Mauritania,0,TRUE,0,TRUE
435,1965,Mauritania,0,TRUE,0,FALSE
435,1966,Mauritania,0,TRUE,0,TRUE
435,1967,Mauritania,0,TRUE,0,TRUE
435,1968,Mauritania,0,TRUE,0,TRUE
435,1969,Mauritania,0,TRUE,0,TRUE
435,1970,Mauritania,0,TRUE,0,FALSE
435,1971,Mauritania,0,TRUE,0,TRUE
435,1972,Mauritania,0,TRUE,0,TRUE
435,1973,Mauritania,0,TRUE,0,TRUE
435,1974,Mauritania,0,TRUE,0,TRUE
435,1975,Mauritania,0,TRUE,0,FALSE
435,1976,Mauritania,0,TRUE,0,FALSE
435,1977,Mauritania,0,TRUE,0,FALSE
435,1978,Mauritania,0,TRUE,0,FALSE
435,1979,Mauritania,0,TRUE,0,FALSE
435,1980,Mauritania,0,TRUE,0,FALSE
435,1981,Mauritania,0,TRUE,0,FALSE
435,1982,Mauritania,0,TRUE,0,FALSE
435,1983,Mauritania,0,TRUE,0,FALSE
435,1984,Mauritania,0,TRUE,0,FALSE
435,1985,Mauritania,0,TRUE,0,FALSE
435,1986,Mauritania,0,TRUE,0,FALSE
435,1987,Mauritania,0,TRUE,0,FALSE
435,1988,Mauritania,0,TRUE,0,FALSE
435,1989,Mauritania,0,TRUE,0,FALSE
435,1990,Mauritania,0,FALSE,0,FALSE
435,1991,Mauritania,0,FALSE,0,FALSE
435,1992,Mauritania,0,FALSE,0,FALSE
435,1993,Mauritania,0,FALSE,0,FALSE
435,1994,Mauritania,0,FALSE,0,FALSE
435,1995,Mauritania,0,FALSE,0,FALSE
435,1996,Mauritania,0,TRUE,0,FALSE
435,1997,Mauritania,0.004172527,FALSE,0,FALSE
435,1998,Mauritania,0.040594795,FALSE,0,FALSE
435,1999,Mauritania,0.118464464,FALSE,0,FALSE
435,2000,Mauritania,0.19203146200000001,FALSE,0.567717364,FALSE
435,2001,Mauritania,0.261448552,FALSE,3.999640817,FALSE
435,2002,Mauritania,0.363229415,FALSE,8.762013578,FALSE
435,2003,Mauritania,0.424004896,FALSE,12.17184599,FALSE
435,2004,Mauritania,0.481470438,FALSE,17.7290523,FALSE
435,2005,Mauritania,0.669966475,FALSE,24.75185569,FALSE
435,2006,Mauritania,0.979661253,FALSE,34.40580547,FALSE
435,2007,Mauritania,1.433613196,FALSE,44.8379075,FALSE
435,2008,Mauritania,1.87,FALSE,64.70073014,FALSE
435,2009,Mauritania,2.28,FALSE,65.67863996,FALSE
435,2010,Mauritania,4,FALSE,81.1838474,FALSE
435,2011,Mauritania,4.5,FALSE,94.05598186,FALSE
435,2012,Mauritania,5,FALSE,110.7082451,FALSE
435,2013,Mauritania,6.2,FALSE,106.5519286,FALSE
435,2014,Mauritania,11.8,FALSE,97.6622448,FALSE
435,2015,Mauritania,17.6,FALSE,92.35377146,FALSE
435,2016,Mauritania,24.1,FALSE,89.19718946,FALSE
435,2017,Mauritania,24.2,FALSE,97.93613675,FALSE
435,2018,Mauritania,35.1,FALSE,106.9260114,FALSE
435,2019,Mauritania,36.7,FALSE,107.4581053,FALSE
435,2020,Mauritania,40.8,FALSE,109.6467037,FALSE
435,2021,Mauritania,51.48164127881838,TRUE,141.1137094,FALSE
436,1960,Niger,0,TRUE,0,FALSE
436,1961,Niger,0,TRUE,0,TRUE
436,1962,Niger,0,TRUE,0,TRUE
436,1963,Niger,0,TRUE,0,TRUE
436,1964,Niger,0,TRUE,0,TRUE
436,1965,Niger,0,TRUE,0,FALSE
436,1966,Niger,0,TRUE,0,TRUE
436,1967,Niger,0,TRUE,0,TRUE
436,1968,Niger,0,TRUE,0,TRUE
436,1969,Niger,0,TRUE,0,TRUE
436,1970,Niger,0,TRUE,0,FALSE
436,1971,Niger,0,TRUE,0,TRUE
436,1972,Niger,0,TRUE,0,TRUE
436,1973,Niger,0,TRUE,0,TRUE
436,1974,Niger,0,TRUE,0,TRUE
436,1975,Niger,0,TRUE,0,FALSE
436,1976,Niger,0,TRUE,0,FALSE
436,1977,Niger,0,TRUE,0,FALSE
436,1978,Niger,0,TRUE,0,FALSE
436,1979,Niger,0,TRUE,0,FALSE
436,1980,Niger,0,TRUE,0,FALSE
436,1981,Niger,0,TRUE,0,FALSE
436,1982,Niger,0,TRUE,0,FALSE
436,1983,Niger,0,TRUE,0,FALSE
436,1984,Niger,0,TRUE,0,FALSE
436,1985,Niger,0,TRUE,0,FALSE
436,1986,Niger,0,TRUE,0,FALSE
436,1987,Niger,0,TRUE,0,FALSE
436,1988,Niger,0,TRUE,0,FALSE
436,1989,Niger,0,TRUE,0,FALSE
436,1990,Niger,0,FALSE,0,FALSE
436,1991,Niger,0,FALSE,0,FALSE
436,1992,Niger,0,FALSE,0,FALSE
436,1993,Niger,0,FALSE,0,FALSE
436,1994,Niger,0,FALSE,0,FALSE
436,1995,Niger,0,FALSE,0,FALSE
436,1996,Niger,0.001039305,FALSE,0,FALSE
436,1997,Niger,0.002008766,FALSE,9.33849e-4,FALSE
436,1998,Niger,0.002911503,FALSE,0.012427544,FALSE
436,1999,Niger,0.028136022,FALSE,0.01951659,FALSE
436,2000,Niger,0.036261294,FALSE,0.017689575,FALSE
436,2001,Niger,0.105185431,FALSE,0.017670385,FALSE
436,2002,Niger,0.127152469,FALSE,0.461934868,FALSE
436,2003,Niger,0.155698704,FALSE,0.638449273,FALSE
436,2004,Niger,0.189933734,FALSE,1.289911695,FALSE
436,2005,Niger,0.221341351,FALSE,2.337407513,FALSE
436,2006,Niger,0.294033977,FALSE,3.362299696,FALSE
436,2007,Niger,0.39039062,FALSE,6.041130838,FALSE
436,2008,Niger,0.7,FALSE,12.27826846,FALSE
436,2009,Niger,0.76,FALSE,16.20534839,FALSE
436,2010,Niger,0.83,FALSE,22.03703574,FALSE
436,2011,Niger,0.9,FALSE,27.44227428,FALSE
436,2012,Niger,1.05,FALSE,30.0513406,FALSE
436,2013,Niger,1.15,FALSE,37.56084948,FALSE
436,2014,Niger,1.248675689,FALSE,42.51700417,FALSE
436,2015,Niger,2.476219975,FALSE,44.50986093,FALSE
436,2016,Niger,4.32275803,FALSE,35.71309522,FALSE
436,2017,Niger,10.22431156,FALSE,40.38511133,FALSE
436,2018,Niger,18.435720344430308,TRUE,48.69134823919259,TRUE
436,2019,Niger,31.750522719305494,TRUE,51.69473548,FALSE
436,2020,Niger,48.91467396645717,TRUE,58.5157033,FALSE
436,2021,Niger,66.3386159328381,TRUE,50.55777050276501,TRUE
437,1960,Cote d'Ivoire,0,TRUE,0,FALSE
437,1961,Cote d'Ivoire,0,TRUE,0,TRUE
437,1962,Cote d'Ivoire,0,TRUE,0,TRUE
437,1963,Cote d'Ivoire,0,TRUE,0,TRUE
437,1964,Cote d'Ivoire,0,TRUE,0,TRUE
437,1965,Cote d'Ivoire,0,TRUE,0,FALSE
437,1966,Cote d'Ivoire,0,TRUE,0,TRUE
437,1967,Cote d'Ivoire,0,TRUE,0,TRUE
437,1968,Cote d'Ivoire,0,TRUE,0,TRUE
437,1969,Cote d'Ivoire,0,TRUE,0,TRUE
437,1970,Cote d'Ivoire,0,TRUE,0,FALSE
437,1971,Cote d'Ivoire,0,TRUE,0,TRUE
437,1972,Cote d'Ivoire,0,TRUE,0,TRUE
437,1973,Cote d'Ivoire,0,TRUE,0,TRUE
437,1974,Cote d'Ivoire,0,TRUE,0,TRUE
437,1975,Cote d'Ivoire,0,TRUE,0,FALSE
437,1976,Cote d'Ivoire,0,TRUE,0,FALSE
437,1977,Cote d'Ivoire,0,TRUE,0,FALSE
437,1978,Cote d'Ivoire,0,TRUE,0,FALSE
437,1979,Cote d'Ivoire,0,TRUE,0,FALSE
437,1980,Cote d'Ivoire,0,TRUE,0,FALSE
437,1981,Cote d'Ivoire,0,TRUE,0,FALSE
437,1982,Cote d'Ivoire,0,TRUE,0,FALSE
437,1983,Cote d'Ivoire,0,TRUE,0,FALSE
437,1984,Cote d'Ivoire,0,TRUE,0,FALSE
437,1985,Cote d'Ivoire,0,TRUE,0,FALSE
437,1986,Cote d'Ivoire,0,TRUE,0,FALSE
437,1987,Cote d'Ivoire,0,TRUE,0,FALSE
437,1988,Cote d'Ivoire,0,TRUE,0,FALSE
437,1989,Cote d'Ivoire,0,TRUE,0,FALSE
437,1990,Cote d'Ivoire,0,FALSE,0,FALSE
437,1991,Cote d'Ivoire,0,FALSE,0,FALSE
437,1992,Cote d'Ivoire,0,FALSE,0,FALSE
437,1993,Cote d'Ivoire,0,FALSE,0,FALSE
437,1994,Cote d'Ivoire,0,FALSE,0,FALSE
437,1995,Cote d'Ivoire,2.00256e-4,FALSE,0,FALSE
437,1996,Cote d'Ivoire,0.00840978,FALSE,0.091479639,FALSE
437,1997,Cote d'Ivoire,0.018828361,FALSE,0.234750142,FALSE
437,1998,Cote d'Ivoire,0.060974439,FALSE,0.575143814,FALSE
437,1999,Cote d'Ivoire,0.118685917,FALSE,1.573080065,FALSE
437,2000,Cote d'Ivoire,0.231461671,FALSE,2.815245776,FALSE
437,2001,Cote d'Ivoire,0.395747702,FALSE,4.224559171,FALSE
437,2002,Cote d'Ivoire,0.497929361,FALSE,5.807871421,FALSE
437,2003,Cote d'Ivoire,0.758669629,FALSE,7.069243308,FALSE
437,2004,Cote d'Ivoire,0.849282415,FALSE,9.028529295,FALSE
437,2005,Cote d'Ivoire,1.039238205,FALSE,12.38488336,FALSE
437,2006,Cote d'Ivoire,1.524900791,FALSE,20.96219992,FALSE
437,2007,Cote d'Ivoire,1.8,FALSE,37.68201154,FALSE
437,2008,Cote d'Ivoire,1.9,FALSE,51.61432648,FALSE
437,2009,Cote d'Ivoire,2,FALSE,63.76080738,FALSE
437,2010,Cote d'Ivoire,2.7,FALSE,73.85896297,FALSE
437,2011,Cote d'Ivoire,2.9,FALSE,80.43551999,FALSE
437,2012,Cote d'Ivoire,4.4,FALSE,82.23056119,FALSE
437,2013,Cote d'Ivoire,6.6,FALSE,86.2996605,FALSE
437,2014,Cote d'Ivoire,10,FALSE,96.12542511,FALSE
437,2015,Cote d'Ivoire,16.7,FALSE,107.6742335,FALSE
437,2016,Cote d'Ivoire,41.20781493,FALSE,113.3711016,FALSE
437,2017,Cote d'Ivoire,43.83992085,FALSE,127.7656655,FALSE
437,2018,Cote d'Ivoire,37.54653613,FALSE,132.6110689,FALSE
437,2019,Cote d'Ivoire,36.28895457,FALSE,142.9449473,FALSE
437,2020,Cote d'Ivoire,55.39142935405498,TRUE,149.543339,FALSE
437,2021,Cote d'Ivoire,63.1618971378646,TRUE,162.1701041,FALSE
438,1960,Guinea,0,TRUE,0,FALSE
438,1961,Guinea,0,TRUE,0,TRUE
438,1962,Guinea,0,TRUE,0,TRUE
438,1963,Guinea,0,TRUE,0,TRUE
438,1964,Guinea,0,TRUE,0,TRUE
438,1965,Guinea,0,TRUE,0,FALSE
438,1966,Guinea,0,TRUE,0,TRUE
438,1967,Guinea,0,TRUE,0,TRUE
438,1968,Guinea,0,TRUE,0,TRUE
438,1969,Guinea,0,TRUE,0,TRUE
438,1970,Guinea,0,TRUE,0,FALSE
438,1971,Guinea,0,TRUE,0,TRUE
438,1972,Guinea,0,TRUE,0,TRUE
438,1973,Guinea,0,TRUE,0,TRUE
438,1974,Guinea,0,TRUE,0,TRUE
438,1975,Guinea,0,TRUE,0,FALSE
438,1976,Guinea,0,TRUE,0,FALSE
438,1977,Guinea,0,TRUE,0,FALSE
438,1978,Guinea,0,TRUE,0,FALSE
438,1979,Guinea,0,TRUE,0,FALSE
438,1980,Guinea,0,TRUE,0,FALSE
438,1981,Guinea,0,TRUE,0,FALSE
438,1982,Guinea,0,TRUE,0,FALSE
438,1983,Guinea,0,TRUE,0,FALSE
438,1984,Guinea,0,TRUE,0,FALSE
438,1985,Guinea,0,TRUE,0,FALSE
438,1986,Guinea,0,TRUE,0,FALSE
438,1987,Guinea,0,TRUE,0,FALSE
438,1988,Guinea,0,TRUE,0,FALSE
438,1989,Guinea,0,TRUE,0,FALSE
438,1990,Guinea,0,FALSE,0,FALSE
438,1991,Guinea,0,FALSE,0,FALSE
438,1992,Guinea,0,FALSE,0,FALSE
438,1993,Guinea,0,FALSE,5.96075e-4,FALSE
438,1994,Guinea,1.38318e-4,FALSE,0.01118132,FALSE
438,1995,Guinea,6.68589e-4,FALSE,0.012720352,FALSE
438,1996,Guinea,0.001948942,FALSE,0.012364775,FALSE
438,1997,Guinea,0.003803109,FALSE,0.036568544,FALSE
438,1998,Guinea,0.006203369,FALSE,0.269838956,FALSE
438,1999,Guinea,0.060808919,FALSE,0.308040578,FALSE
438,2000,Guinea,0.095424924,FALSE,0.505123746,FALSE
438,2001,Guinea,0.175541868,FALSE,0.659150668,FALSE
438,2002,Guinea,0.402022749,FALSE,1.05822129,FALSE
438,2003,Guinea,0.450960371,FALSE,1.271053027,FALSE
438,2004,Guinea,0.508819332,FALSE,1.7285941949999999,FALSE
438,2005,Guinea,0.542254181,FALSE,2.067807907,FALSE
438,2006,Guinea,0.637492123,FALSE,11.765551396468897,TRUE
438,2007,Guinea,0.780025279,FALSE,20.94880928,FALSE
438,2008,Guinea,0.92,FALSE,28.11922757,FALSE
438,2009,Guinea,0.94,FALSE,34.81576235,FALSE
438,2010,Guinea,1,FALSE,38.94563268,FALSE
438,2011,Guinea,2,FALSE,46.16948108,FALSE
438,2012,Guinea,3.1,FALSE,51.76438441,FALSE
438,2013,Guinea,4.5,FALSE,67.26532573,FALSE
438,2014,Guinea,6.4,FALSE,76.6188968,FALSE
438,2015,Guinea,9.2,FALSE,92.58559996,FALSE
438,2016,Guinea,13.1,FALSE,93.11888331,FALSE
438,2017,Guinea,18.7,FALSE,95.58208181,FALSE
438,2018,Guinea,21.83002304,FALSE,95.6840313,FALSE
438,2019,Guinea,23,FALSE,99.96476034,FALSE
438,2020,Guinea,26,FALSE,104.466802,FALSE
438,2021,Guinea,34.70792102363668,TRUE,104.5026664156972,TRUE
439,1960,Burkina Faso,0,TRUE,0,FALSE
439,1961,Burkina Faso,0,TRUE,0,TRUE
439,1962,Burkina Faso,0,TRUE,0,TRUE
439,1963,Burkina Faso,0,TRUE,0,TRUE
439,1964,Burkina Faso,0,TRUE,0,TRUE
439,1965,Burkina Faso,0,TRUE,0,FALSE
439,1966,Burkina Faso,0,TRUE,0,TRUE
439,1967,Burkina Faso,0,TRUE,0,TRUE
439,1968,Burkina Faso,0,TRUE,0,TRUE
439,1969,Burkina Faso,0,TRUE,0,TRUE
439,1970,Burkina Faso,0,TRUE,0,FALSE
439,1971,Burkina Faso,0,TRUE,0,TRUE
439,1972,Burkina Faso,0,TRUE,0,TRUE
439,1973,Burkina Faso,0,TRUE,0,TRUE
439,1974,Burkina Faso,0,TRUE,0,TRUE
439,1975,Burkina Faso,0,TRUE,0,FALSE
439,1976,Burkina Faso,0,TRUE,0,FALSE
439,1977,Burkina Faso,0,TRUE,0,FALSE
439,1978,Burkina Faso,0,TRUE,0,FALSE
439,1979,Burkina Faso,0,TRUE,0,FALSE
439,1980,Burkina Faso,0,TRUE,0,FALSE
439,1981,Burkina Faso,0,TRUE,0,FALSE
439,1982,Burkina Faso,0,TRUE,0,FALSE
439,1983,Burkina Faso,0,TRUE,0,FALSE
439,1984,Burkina Faso,0,TRUE,0,FALSE
439,1985,Burkina Faso,0,TRUE,0,FALSE
439,1986,Burkina Faso,0,TRUE,0,FALSE
439,1987,Burkina Faso,0,TRUE,0,FALSE
439,1988,Burkina Faso,0,TRUE,0,FALSE
439,1989,Burkina Faso,0,TRUE,0,FALSE
439,1990,Burkina Faso,0,FALSE,0,FALSE
439,1991,Burkina Faso,0,FALSE,0,FALSE
439,1992,Burkina Faso,0,FALSE,0,FALSE
439,1993,Burkina Faso,0,FALSE,0,FALSE
439,1994,Burkina Faso,0,FALSE,0,FALSE
439,1995,Burkina Faso,0,FALSE,0,FALSE
439,1996,Burkina Faso,9.60519e-4,FALSE,0.00494294,FALSE
439,1997,Burkina Faso,0.018686353,FALSE,0.01379234,FALSE
439,1998,Burkina Faso,0.045423484,FALSE,0.024372687,FALSE
439,1999,Burkina Faso,0.061780293,FALSE,0.043663904,FALSE
439,2000,Burkina Faso,0.077080169,FALSE,0.212448354,FALSE
439,2001,Burkina Faso,0.157732465,FALSE,0.621938512,FALSE
439,2002,Burkina Faso,0.200992598,FALSE,0.878804908,FALSE
439,2003,Burkina Faso,0.373440303,FALSE,1.827192642,FALSE
439,2004,Burkina Faso,0.400295285,FALSE,2.944665159,FALSE
439,2005,Burkina Faso,0.469914489,FALSE,4.565784098,FALSE
439,2006,Burkina Faso,0.63270756399999994,FALSE,7.10106046,FALSE
439,2007,Burkina Faso,0.75,FALSE,12.59082932,FALSE
439,2008,Burkina Faso,0.92,FALSE,19.89845318,FALSE
439,2009,Burkina Faso,1.13,FALSE,24.43207428,FALSE
439,2010,Burkina Faso,2.4,FALSE,35.41543025,FALSE
439,2011,Burkina Faso,3,FALSE,46.27031874,FALSE
439,2012,Burkina Faso,3.725034916,FALSE,58.29298367,FALSE
439,2013,Burkina Faso,5,FALSE,63.73682215,FALSE
439,2014,Burkina Faso,6,FALSE,68.76444495,FALSE
439,2015,Burkina Faso,8,FALSE,77.18176266,FALSE
439,2016,Burkina Faso,12,FALSE,79.91513371,FALSE
439,2017,Burkina Faso,16.8,FALSE,90.47440751,FALSE
439,2018,Burkina Faso,17.4,FALSE,94.83338248,FALSE
439,2019,Burkina Faso,9.27180601,FALSE,97.19768463,FALSE
439,2020,Burkina Faso,22,FALSE,102.7626369,FALSE
439,2021,Burkina Faso,24.248955831261974,TRUE,111.6631328,FALSE
450,1960,Liberia,0,TRUE,0,FALSE
450,1961,Liberia,0,TRUE,0,TRUE
450,1962,Liberia,0,TRUE,0,TRUE
450,1963,Liberia,0,TRUE,0,TRUE
450,1964,Liberia,0,TRUE,0,TRUE
450,1965,Liberia,0,TRUE,0,FALSE
450,1966,Liberia,0,TRUE,0,TRUE
450,1967,Liberia,0,TRUE,0,TRUE
450,1968,Liberia,0,TRUE,0,TRUE
450,1969,Liberia,0,TRUE,0,TRUE
450,1970,Liberia,0,TRUE,0,FALSE
450,1971,Liberia,0,TRUE,0,TRUE
450,1972,Liberia,0,TRUE,0,TRUE
450,1973,Liberia,0,TRUE,0,TRUE
450,1974,Liberia,0,TRUE,0,TRUE
450,1975,Liberia,0,TRUE,0,FALSE
450,1976,Liberia,0,TRUE,0,FALSE
450,1977,Liberia,0,TRUE,0,FALSE
450,1978,Liberia,0,TRUE,0,FALSE
450,1979,Liberia,0,TRUE,0,FALSE
450,1980,Liberia,0,TRUE,0,FALSE
450,1981,Liberia,0,TRUE,0,FALSE
450,1982,Liberia,0,TRUE,0,FALSE
450,1983,Liberia,0,TRUE,0,FALSE
450,1984,Liberia,0,TRUE,0,FALSE
450,1985,Liberia,0,TRUE,0,FALSE
450,1986,Liberia,0,TRUE,0,FALSE
450,1987,Liberia,0,TRUE,0,FALSE
450,1988,Liberia,0,TRUE,0,FALSE
450,1989,Liberia,0,TRUE,0,FALSE
450,1990,Liberia,0,FALSE,0,FALSE
450,1991,Liberia,0,FALSE,0,FALSE
450,1992,Liberia,0,FALSE,0,FALSE
450,1993,Liberia,0,FALSE,0,FALSE
450,1994,Liberia,0,FALSE,0,FALSE
450,1995,Liberia,0,FALSE,0,FALSE
450,1996,Liberia,0,TRUE,0,FALSE
450,1997,Liberia,0.004489443,FALSE,0,FALSE
450,1998,Liberia,0.004099387,FALSE,0,FALSE
450,1999,Liberia,0.011328732,FALSE,0,FALSE
450,2000,Liberia,0.017702706,FALSE,0.051809463,FALSE
450,2001,Liberia,0.033812227,FALSE,0.067076999,FALSE
450,2002,Liberia,0.032713307,FALSE,0.163366714,FALSE
450,2003,Liberia,0.031868935,FALSE,1.531518654,FALSE
450,2004,Liberia,0.031011185,FALSE,3.022310074,FALSE
450,2005,Liberia,0.7000639090347135,TRUE,4.898482022,FALSE
450,2006,Liberia,0.9109525251519449,TRUE,8.103265703,FALSE
450,2007,Liberia,0.551376581,FALSE,15.4979437,FALSE
450,2008,Liberia,0.53,FALSE,22.5859546,FALSE
450,2009,Liberia,2,FALSE,27.78600925,FALSE
450,2010,Liberia,2.3,FALSE,39.08769151,FALSE
450,2011,Liberia,2.5,FALSE,48.3273023,FALSE
450,2012,Liberia,2.6,FALSE,54.9409706,FALSE
450,2013,Liberia,3.2,FALSE,57.61452999,FALSE
450,2014,Liberia,5.41,FALSE,71.36477026,FALSE
450,2015,Liberia,10,FALSE,79.17908718,FALSE
450,2016,Liberia,15.7,FALSE,66.23325736,FALSE
450,2017,Liberia,16.3,FALSE,55.45558956,FALSE
450,2018,Liberia,18.9,FALSE,57.44431120546711,TRUE
450,2019,Liberia,22,FALSE,38.85431717,FALSE
450,2020,Liberia,25.6,FALSE,32.49086403,FALSE
450,2021,Liberia,33.01280586147471,TRUE,57.48783304156871,TRUE
451,1960,Sierra Leone,0,TRUE,0,FALSE
451,1961,Sierra Leone,0,TRUE,0,TRUE
451,1962,Sierra Leone,0,TRUE,0,TRUE
451,1963,Sierra Leone,0,TRUE,0,TRUE
451,1964,Sierra Leone,0,TRUE,0,TRUE
451,1965,Sierra Leone,0,TRUE,0,FALSE
451,1966,Sierra Leone,0,TRUE,0,TRUE
451,1967,Sierra Leone,0,TRUE,0,TRUE
451,1968,Sierra Leone,0,TRUE,0,TRUE
451,1969,Sierra Leone,0,TRUE,0,TRUE
451,1970,Sierra Leone,0,TRUE,0,FALSE
451,1971,Sierra Leone,0,TRUE,0,TRUE
451,1972,Sierra Leone,0,TRUE,0,TRUE
451,1973,Sierra Leone,0,TRUE,0,TRUE
451,1974,Sierra Leone,0,TRUE,0,TRUE
451,1975,Sierra Leone,0,TRUE,0,FALSE
451,1976,Sierra Leone,0,TRUE,0,FALSE
451,1977,Sierra Leone,0,TRUE,0,FALSE
451,1978,Sierra Leone,0,TRUE,0,FALSE
451,1979,Sierra Leone,0,TRUE,0,FALSE
451,1980,Sierra Leone,0,TRUE,0,FALSE
451,1981,Sierra Leone,0,TRUE,0,FALSE
451,1982,Sierra Leone,0,TRUE,0,FALSE
451,1983,Sierra Leone,0,TRUE,0,FALSE
451,1984,Sierra Leone,0,TRUE,0,FALSE
451,1985,Sierra Leone,0,TRUE,0,FALSE
451,1986,Sierra Leone,0,TRUE,0,FALSE
451,1987,Sierra Leone,0,TRUE,0,FALSE
451,1988,Sierra Leone,0,TRUE,0,FALSE
451,1989,Sierra Leone,0,TRUE,0,FALSE
451,1990,Sierra Leone,0,FALSE,0,FALSE
451,1991,Sierra Leone,0,FALSE,0,FALSE
451,1992,Sierra Leone,0,FALSE,0,FALSE
451,1993,Sierra Leone,0,FALSE,0,FALSE
451,1994,Sierra Leone,0,FALSE,0,FALSE
451,1995,Sierra Leone,0,FALSE,0,FALSE
451,1996,Sierra Leone,0.002506116,FALSE,0,FALSE
451,1997,Sierra Leone,0.004987835,FALSE,0,FALSE
451,1998,Sierra Leone,0.014805065,FALSE,0,FALSE
451,1999,Sierra Leone,0.048490656,FALSE,0,FALSE
451,2000,Sierra Leone,0.118254246,FALSE,0.260467397,FALSE
451,2001,Sierra Leone,0.160264445,FALSE,0.55372593,FALSE
451,2002,Sierra Leone,0.176198957,FALSE,1.303473543,FALSE
451,2003,Sierra Leone,0.190173282,FALSE,2.115790837,FALSE
451,2004,Sierra Leone,0.203007681,FALSE,2.602229854879897,TRUE
451,2005,Sierra Leone,0.21539161,FALSE,3.9677000770843716,TRUE
451,2006,Sierra Leone,0.227669467,FALSE,6.001977012000761,TRUE
451,2007,Sierra Leone,0.239834699,FALSE,13.06581196,FALSE
451,2008,Sierra Leone,0.25,FALSE,16.56252155,FALSE
451,2009,Sierra Leone,0.26,FALSE,18.53081915,FALSE
451,2010,Sierra Leone,0.58,FALSE,31.07183217,FALSE
451,2011,Sierra Leone,0.9,FALSE,32.31814728,FALSE
451,2012,Sierra Leone,2.5,FALSE,32.55463913,FALSE
451,2013,Sierra Leone,4,FALSE,57.43117807,FALSE
451,2014,Sierra Leone,6.057298984,FALSE,66.61542977,FALSE
451,2015,Sierra Leone,6.344421603,FALSE,77.33664462,FALSE
451,2016,Sierra Leone,11.77318438,FALSE,83.79160527,FALSE
451,2017,Sierra Leone,13.23693043,FALSE,86.29036859,FALSE
451,2018,Sierra Leone,15.8,FALSE,80.84116316,FALSE
451,2019,Sierra Leone,16.8,FALSE,83.63300421,FALSE
451,2020,Sierra Leone,18,FALSE,83.60731215,FALSE
451,2021,Sierra Leone,25.036523971432377,TRUE,97.70150515,FALSE
452,1960,Ghana,0,TRUE,0,FALSE
452,1961,Ghana,0,TRUE,0,TRUE
452,1962,Ghana,0,TRUE,0,TRUE
452,1963,Ghana,0,TRUE,0,TRUE
452,1964,Ghana,0,TRUE,0,TRUE
452,1965,Ghana,0,TRUE,0,FALSE
452,1966,Ghana,0,TRUE,0,TRUE
452,1967,Ghana,0,TRUE,0,TRUE
452,1968,Ghana,0,TRUE,0,TRUE
452,1969,Ghana,0,TRUE,0,TRUE
452,1970,Ghana,0,TRUE,0,FALSE
452,1971,Ghana,0,TRUE,0,TRUE
452,1972,Ghana,0,TRUE,0,TRUE
452,1973,Ghana,0,TRUE,0,TRUE
452,1974,Ghana,0,TRUE,0,TRUE
452,1975,Ghana,0,TRUE,0,FALSE
452,1976,Ghana,0,TRUE,0,FALSE
452,1977,Ghana,0,TRUE,0,FALSE
452,1978,Ghana,0,TRUE,0,FALSE
452,1979,Ghana,0,TRUE,0,FALSE
452,1980,Ghana,0,TRUE,0,FALSE
452,1981,Ghana,0,TRUE,0,FALSE
452,1982,Ghana,0,TRUE,0,FALSE
452,1983,Ghana,0,TRUE,0,FALSE
452,1984,Ghana,0,TRUE,0,FALSE
452,1985,Ghana,0,TRUE,0,FALSE
452,1986,Ghana,0,TRUE,0,FALSE
452,1987,Ghana,0,TRUE,0,FALSE
452,1988,Ghana,0,TRUE,0,FALSE
452,1989,Ghana,0,TRUE,0,FALSE
452,1990,Ghana,0,FALSE,0,FALSE
452,1991,Ghana,0,FALSE,0,FALSE
452,1992,Ghana,0,FALSE,0.002462819,FALSE
452,1993,Ghana,0,FALSE,0.010466464,FALSE
452,1994,Ghana,0,FALSE,0.019576484,FALSE
452,1995,Ghana,3.47918e-4,FALSE,0.035552754,FALSE
452,1996,Ghana,0.005648763,FALSE,0.071542215,FALSE
452,1997,Ghana,0.027537542,FALSE,0.119695381,FALSE
452,1998,Ghana,0.032240443,FALSE,0.223102599,FALSE
452,1999,Ghana,0.104895466,FALSE,0.365160156,FALSE
452,2000,Ghana,0.153615298,FALSE,0.661284924,FALSE
452,2001,Ghana,0.20000806,FALSE,1.207180166,FALSE
452,2002,Ghana,0.830284034,FALSE,1.863228278,FALSE
452,2003,Ghana,1.193057911,FALSE,3.729709922,FALSE
452,2004,Ghana,1.716797704,FALSE,7.737449309,FALSE
452,2005,Ghana,1.831197461,FALSE,12.77755372,FALSE
452,2006,Ghana,2.723175973,FALSE,22.5435531,FALSE
452,2007,Ghana,3.85,FALSE,32.07335231,FALSE
452,2008,Ghana,4.27,FALSE,47.56387659,FALSE
452,2009,Ghana,5.44,FALSE,60.55492814,FALSE
452,2010,Ghana,7.8,FALSE,68.18041285,FALSE
452,2011,Ghana,9,FALSE,80.76734585,FALSE
452,2012,Ghana,10.6,FALSE,95.38200979,FALSE
452,2013,Ghana,15,FALSE,101.8197062,FALSE
452,2014,Ghana,19,FALSE,107.6762148,FALSE
452,2015,Ghana,23,FALSE,121.2582209,FALSE
452,2016,Ghana,28,FALSE,129.6091402,FALSE
452,2017,Ghana,37.88415262,FALSE,121.6049315,FALSE
452,2018,Ghana,43,FALSE,132.601312,FALSE
452,2019,Ghana,22.0732,FALSE,129.6132895,FALSE
452,2020,Ghana,58,FALSE,125.7336966,FALSE
452,2021,Ghana,68.6,FALSE,123.2115092,FALSE
461,1960,Togo,0,FALSE,0,FALSE
461,1961,Togo,0,TRUE,0,TRUE
461,1962,Togo,0,TRUE,0,TRUE
461,1963,Togo,0,TRUE,0,TRUE
461,1964,Togo,0,TRUE,0,TRUE
461,1965,Togo,0,FALSE,0,FALSE
461,1966,Togo,0,TRUE,0,TRUE
461,1967,Togo,0,TRUE,0,TRUE
461,1968,Togo,0,TRUE,0,TRUE
461,1969,Togo,0,TRUE,0,TRUE
461,1970,Togo,0,FALSE,0,FALSE
461,1971,Togo,0,TRUE,0,TRUE
461,1972,Togo,0,TRUE,0,TRUE
461,1973,Togo,0,TRUE,0,TRUE
461,1974,Togo,0,TRUE,0,TRUE
461,1975,Togo,0,FALSE,0,FALSE
461,1976,Togo,0,FALSE,0,FALSE
461,1977,Togo,0,FALSE,0,FALSE
461,1978,Togo,0,FALSE,0,FALSE
461,1979,Togo,0,FALSE,0,FALSE
461,1980,Togo,0,FALSE,0,FALSE
461,1981,Togo,0,FALSE,0,FALSE
461,1982,Togo,0,FALSE,0,FALSE
461,1983,Togo,0,FALSE,0,FALSE
461,1984,Togo,0,FALSE,0,FALSE
461,1985,Togo,0,FALSE,0,FALSE
461,1986,Togo,0,FALSE,0,FALSE
461,1987,Togo,0,FALSE,0,FALSE
461,1988,Togo,0,FALSE,0,FALSE
461,1989,Togo,0,FALSE,0,FALSE
461,1990,Togo,0,FALSE,0,FALSE
461,1991,Togo,0,FALSE,0,FALSE
461,1992,Togo,0,FALSE,0,FALSE
461,1993,Togo,0,FALSE,0,FALSE
461,1994,Togo,0,FALSE,0,FALSE
461,1995,Togo,0,FALSE,0,FALSE
461,1996,Togo,0.010929139,FALSE,0,FALSE
461,1997,Togo,0.211139465,FALSE,0.065214314,FALSE
461,1998,Togo,0.305583935,FALSE,0.158619478,FALSE
461,1999,Togo,0.590363264,FALSE,0.349223553,FALSE
461,2000,Togo,0.8,FALSE,0.998395379,FALSE
461,2001,Togo,0.9,FALSE,1.846299995,FALSE
461,2002,Togo,1,FALSE,3.126702866,FALSE
461,2003,Togo,1.2,FALSE,4.493875669,FALSE
461,2004,Togo,1.5,FALSE,5.97577669,FALSE
461,2005,Togo,1.8,FALSE,7.592183484,FALSE
461,2006,Togo,2,FALSE,12.05262298,FALSE
461,2007,Togo,2.2,FALSE,19.68271045,FALSE
461,2008,Togo,2.4,FALSE,24.9023139,FALSE
461,2009,Togo,2.6,FALSE,34.18444341,FALSE
461,2010,Togo,3,FALSE,39.59738917,FALSE
461,2011,Togo,3.5,FALSE,39.93874647,FALSE
461,2012,Togo,4,FALSE,47.81888288,FALSE
461,2013,Togo,4.5,FALSE,59.98952468,FALSE
461,2014,Togo,5.7,FALSE,61.96318168,FALSE
461,2015,Togo,7.12,FALSE,64.96798974,FALSE
461,2016,Togo,11.31,FALSE,71.85967389,FALSE
461,2017,Togo,12.36022497,FALSE,77.29610922,FALSE
461,2018,Togo,15.5,FALSE,76.36078188,FALSE
461,2019,Togo,19.3,FALSE,75.68981987,FALSE
461,2020,Togo,24,FALSE,77.18623928,FALSE
461,2021,Togo,27.895236387798274,TRUE,78.72216254584808,TRUE
471,1960,Cameroon,0,TRUE,0,FALSE
471,1961,Cameroon,0,TRUE,0,TRUE
471,1962,Cameroon,0,TRUE,0,TRUE
471,1963,Cameroon,0,TRUE,0,TRUE
471,1964,Cameroon,0,TRUE,0,TRUE
471,1965,Cameroon,0,TRUE,0,FALSE
471,1966,Cameroon,0,TRUE,0,TRUE
471,1967,Cameroon,0,TRUE,0,TRUE
471,1968,Cameroon,0,TRUE,0,TRUE
471,1969,Cameroon,0,TRUE,0,TRUE
471,1970,Cameroon,0,TRUE,0,FALSE
471,1971,Cameroon,0,TRUE,0,TRUE
471,1972,Cameroon,0,TRUE,0,TRUE
471,1973,Cameroon,0,TRUE,0,TRUE
471,1974,Cameroon,0,TRUE,0,TRUE
471,1975,Cameroon,0,TRUE,0,FALSE
471,1976,Cameroon,0,TRUE,0,FALSE
471,1977,Cameroon,0,TRUE,0,FALSE
471,1978,Cameroon,0,TRUE,0,FALSE
471,1979,Cameroon,0,TRUE,0,FALSE
471,1980,Cameroon,0,TRUE,0,FALSE
471,1981,Cameroon,0,TRUE,0,FALSE
471,1982,Cameroon,0,TRUE,0,FALSE
471,1983,Cameroon,0,TRUE,0,FALSE
471,1984,Cameroon,0,TRUE,0,FALSE
471,1985,Cameroon,0,TRUE,0,FALSE
471,1986,Cameroon,0,TRUE,0,FALSE
471,1987,Cameroon,0,TRUE,0,FALSE
471,1988,Cameroon,0,TRUE,0,FALSE
471,1989,Cameroon,0,TRUE,0,FALSE
471,1990,Cameroon,0,FALSE,0,FALSE
471,1991,Cameroon,0,FALSE,0,FALSE
471,1992,Cameroon,0,FALSE,0,FALSE
471,1993,Cameroon,0,FALSE,0,FALSE
471,1994,Cameroon,0,FALSE,0.012452465,FALSE
471,1995,Cameroon,0,FALSE,0.021193421,FALSE
471,1996,Cameroon,0,TRUE,0.025782073,FALSE
471,1997,Cameroon,0.006768744,FALSE,0.030126572,FALSE
471,1998,Cameroon,0.013216341,FALSE,0.034929378,FALSE
471,1999,Cameroon,0.129067581,FALSE,0.040819178,FALSE
471,2000,Cameroon,0.252120078,FALSE,0.684347856,FALSE
471,2001,Cameroon,0.277051322,FALSE,2.693398217,FALSE
471,2002,Cameroon,0.360871584,FALSE,4.408103213,FALSE
471,2003,Cameroon,0.587622611,FALSE,6.585413547,FALSE
471,2004,Cameroon,0.976075415,FALSE,9.107210028,FALSE
471,2005,Cameroon,1.402654226,FALSE,13.03899105,FALSE
471,2006,Cameroon,2.028744791,FALSE,17.66597472,FALSE
471,2007,Cameroon,2.93,FALSE,24.85225346,FALSE
471,2008,Cameroon,3.4,FALSE,32.81070684,FALSE
471,2009,Cameroon,3.84,FALSE,41.43074942,FALSE
471,2010,Cameroon,4.3,FALSE,43.44821591,FALSE
471,2011,Cameroon,5,FALSE,51.28211222,FALSE
471,2012,Cameroon,7.5,FALSE,62.32232653,FALSE
471,2013,Cameroon,10,FALSE,72.41147607,FALSE
471,2014,Cameroon,16.21487223,FALSE,76.4097583,FALSE
471,2015,Cameroon,18.3,FALSE,78.91603165,FALSE
471,2016,Cameroon,20.6,FALSE,78.93806963,FALSE
471,2017,Cameroon,23.20297197,FALSE,82.54515063,FALSE
471,2018,Cameroon,29.7,FALSE,73.59740879,FALSE
471,2019,Cameroon,33.5,FALSE,83.00540281,FALSE
471,2020,Cameroon,37.8,FALSE,84.36916915,FALSE
471,2021,Cameroon,45.12995865212731,TRUE,82.51303705,FALSE
475,1960,Nigeria,0,TRUE,0,FALSE
475,1961,Nigeria,0,TRUE,0,TRUE
475,1962,Nigeria,0,TRUE,0,TRUE
475,1963,Nigeria,0,TRUE,0,TRUE
475,1964,Nigeria,0,TRUE,0,TRUE
475,1965,Nigeria,0,TRUE,0,FALSE
475,1966,Nigeria,0,TRUE,0,TRUE
475,1967,Nigeria,0,TRUE,0,TRUE
475,1968,Nigeria,0,TRUE,0,TRUE
475,1969,Nigeria,0,TRUE,0,TRUE
475,1970,Nigeria,0,TRUE,0,FALSE
475,1971,Nigeria,0,TRUE,0,TRUE
475,1972,Nigeria,0,TRUE,0,TRUE
475,1973,Nigeria,0,TRUE,0,TRUE
475,1974,Nigeria,0,TRUE,0,TRUE
475,1975,Nigeria,0,TRUE,0,FALSE
475,1976,Nigeria,0,TRUE,0,FALSE
475,1977,Nigeria,0,TRUE,0,FALSE
475,1978,Nigeria,0,TRUE,0,FALSE
475,1979,Nigeria,0,TRUE,0,FALSE
475,1980,Nigeria,0,TRUE,0,FALSE
475,1981,Nigeria,0,TRUE,0,FALSE
475,1982,Nigeria,0,TRUE,0,FALSE
475,1983,Nigeria,0,TRUE,0,FALSE
475,1984,Nigeria,0,TRUE,0,FALSE
475,1985,Nigeria,0,TRUE,0,FALSE
475,1986,Nigeria,0,TRUE,0,FALSE
475,1987,Nigeria,0,TRUE,0,FALSE
475,1988,Nigeria,0,TRUE,0,FALSE
475,1989,Nigeria,0,TRUE,0,FALSE
475,1990,Nigeria,0,FALSE,0,FALSE
475,1991,Nigeria,0,FALSE,0,FALSE
475,1992,Nigeria,0,FALSE,0,FALSE
475,1993,Nigeria,0,FALSE,0.008804631,FALSE
475,1994,Nigeria,0,FALSE,0.01213775,FALSE
475,1995,Nigeria,0,FALSE,0.012016163,FALSE
475,1996,Nigeria,0.00883298,FALSE,0.012617593,FALSE
475,1997,Nigeria,0.017237401,FALSE,0.013182041,FALSE
475,1998,Nigeria,0.025231461,FALSE,0.017139352,FALSE
475,1999,Nigeria,0.041038723,FALSE,0.020886321,FALSE
475,2000,Nigeria,0.064080808,FALSE,0.02441963,FALSE
475,2001,Nigeria,0.08990137,FALSE,0.211221041,FALSE
475,2002,Nigeria,0.320461976,FALSE,1.210845315,FALSE
475,2003,Nigeria,0.558576245,FALSE,2.365893711,FALSE
475,2004,Nigeria,1.286137641,FALSE,6.68866615,FALSE
475,2005,Nigeria,3.549155718,FALSE,13.23005515,FALSE
475,2006,Nigeria,5.545036083,FALSE,22.39468915,FALSE
475,2007,Nigeria,6.77,FALSE,27.24021429,FALSE
475,2008,Nigeria,8,FALSE,41.33577643,FALSE
475,2009,Nigeria,9.3,FALSE,47.58638737,FALSE
475,2010,Nigeria,11.5,FALSE,54.23811186,FALSE
475,2011,Nigeria,13.8,FALSE,57.51550468,FALSE
475,2012,Nigeria,16.1,FALSE,66.31025547,FALSE
475,2013,Nigeria,19.1,FALSE,72.82602613,FALSE
475,2014,Nigeria,21,FALSE,77.46743354,FALSE
475,2015,Nigeria,24.5,FALSE,81.97475275,FALSE
475,2016,Nigeria,25.67,FALSE,81.80668821,FALSE
475,2017,Nigeria,28,FALSE,74.89572893,FALSE
475,2018,Nigeria,31.9,FALSE,87.06722748,FALSE
475,2019,Nigeria,33.6,FALSE,90.79595497,FALSE
475,2020,Nigeria,35.5,FALSE,98.03255552,FALSE
475,2021,Nigeria,43.20701576608859,TRUE,91.43723303,FALSE
481,1960,Gabon,0,TRUE,0,FALSE
481,1961,Gabon,0,TRUE,0,TRUE
481,1962,Gabon,0,TRUE,0,TRUE
481,1963,Gabon,0,TRUE,0,TRUE
481,1964,Gabon,0,TRUE,0,TRUE
481,1965,Gabon,0,TRUE,0,FALSE
481,1966,Gabon,0,TRUE,0,TRUE
481,1967,Gabon,0,TRUE,0,TRUE
481,1968,Gabon,0,TRUE,0,TRUE
481,1969,Gabon,0,TRUE,0,TRUE
481,1970,Gabon,0,TRUE,0,FALSE
481,1971,Gabon,0,TRUE,0,TRUE
481,1972,Gabon,0,TRUE,0,TRUE
481,1973,Gabon,0,TRUE,0,TRUE
481,1974,Gabon,0,TRUE,0,TRUE
481,1975,Gabon,0,TRUE,0,FALSE
481,1976,Gabon,0,TRUE,0,FALSE
481,1977,Gabon,0,TRUE,0,FALSE
481,1978,Gabon,0,TRUE,0,FALSE
481,1979,Gabon,0,TRUE,0,FALSE
481,1980,Gabon,0,TRUE,0,FALSE
481,1981,Gabon,0,TRUE,0,FALSE
481,1982,Gabon,0,TRUE,0,FALSE
481,1983,Gabon,0,TRUE,0,FALSE
481,1984,Gabon,0,TRUE,0,FALSE
481,1985,Gabon,0,TRUE,0,FALSE
481,1986,Gabon,0,TRUE,0,FALSE
481,1987,Gabon,0,TRUE,0,FALSE
481,1988,Gabon,0,TRUE,0,FALSE
481,1989,Gabon,0,TRUE,0,FALSE
481,1990,Gabon,0,FALSE,0,FALSE
481,1991,Gabon,0,FALSE,0,FALSE
481,1992,Gabon,0,FALSE,0.026989357,FALSE
481,1993,Gabon,0,FALSE,0.11263481,FALSE
481,1994,Gabon,0,FALSE,0.236007136,FALSE
481,1995,Gabon,0,FALSE,0.356517678,FALSE
481,1996,Gabon,0,FALSE,0.590995488,FALSE
481,1997,Gabon,0.047999009,FALSE,0.805217129,FALSE
481,1998,Gabon,0.17012488,FALSE,0.801268275,FALSE
481,1999,Gabon,0.249009564,FALSE,0.716574627,FALSE
481,2000,Gabon,1.216140618,FALSE,9.427032802,FALSE
481,2001,Gabon,1.347620222,FALSE,11.48026542,FALSE
481,2002,Gabon,1.939530106,FALSE,20.81611632,FALSE
481,2003,Gabon,2.659586594,FALSE,21.76439606,FALSE
481,2004,Gabon,2.9790698,FALSE,34.53274622,FALSE
481,2005,Gabon,4.89326475,FALSE,50.51520448,FALSE
481,2006,Gabon,5.489200803,FALSE,59.76483727,FALSE
481,2007,Gabon,5.767004576,FALSE,75.43035307,FALSE
481,2008,Gabon,7.5,FALSE,81.2511172,FALSE
481,2009,Gabon,9.5,FALSE,87.69054551,FALSE
481,2010,Gabon,13,FALSE,94.09124513,FALSE
481,2011,Gabon,18,FALSE,133.7222567,FALSE
481,2012,Gabon,24,FALSE,139.2563313,FALSE
481,2013,Gabon,30.53803344,FALSE,144.3166585,FALSE
481,2014,Gabon,38.07120929,FALSE,149.1076363,FALSE
481,2015,Gabon,45.78453653,FALSE,139.0944715,FALSE
481,2016,Gabon,48.05227375,FALSE,142.0035222,FALSE
481,2017,Gabon,50.32012015,FALSE,124.4381055,FALSE
481,2018,Gabon,59.6,FALSE,133.692425,FALSE
481,2019,Gabon,61,FALSE,133.4416659,FALSE
481,2020,Gabon,62,FALSE,133.0177927,FALSE
481,2021,Gabon,74.18598519126809,TRUE,134.3173247,FALSE
482,1960,Central African Republic,0,TRUE,0,FALSE
482,1961,Central African Republic,0,TRUE,0,TRUE
482,1962,Central African Republic,0,TRUE,0,TRUE
482,1963,Central African Republic,0,TRUE,0,TRUE
482,1964,Central African Republic,0,TRUE,0,TRUE
482,1965,Central African Republic,0,TRUE,0,FALSE
482,1966,Central African Republic,0,TRUE,0,TRUE
482,1967,Central African Republic,0,TRUE,0,TRUE
482,1968,Central African Republic,0,TRUE,0,TRUE
482,1969,Central African Republic,0,TRUE,0,TRUE
482,1970,Central African Republic,0,TRUE,0,FALSE
482,1971,Central African Republic,0,TRUE,0,TRUE
482,1972,Central African Republic,0,TRUE,0,TRUE
482,1973,Central African Republic,0,TRUE,0,TRUE
482,1974,Central African Republic,0,TRUE,0,TRUE
482,1975,Central African Republic,0,TRUE,0,FALSE
482,1976,Central African Republic,0,TRUE,0,FALSE
482,1977,Central African Republic,0,TRUE,0,FALSE
482,1978,Central African Republic,0,TRUE,0,FALSE
482,1979,Central African Republic,0,TRUE,0,FALSE
482,1980,Central African Republic,0,TRUE,0,FALSE
482,1981,Central African Republic,0,TRUE,0,FALSE
482,1982,Central African Republic,0,TRUE,0,FALSE
482,1983,Central African Republic,0,TRUE,0,FALSE
482,1984,Central African Republic,0,TRUE,0,FALSE
482,1985,Central African Republic,0,TRUE,0,FALSE
482,1986,Central African Republic,0,TRUE,0,FALSE
482,1987,Central African Republic,0,TRUE,0,FALSE
482,1988,Central African Republic,0,TRUE,0,FALSE
482,1989,Central African Republic,0,TRUE,0,FALSE
482,1990,Central African Republic,0,FALSE,0,FALSE
482,1991,Central African Republic,0,FALSE,0,FALSE
482,1992,Central African Republic,0,FALSE,0,FALSE
482,1993,Central African Republic,0,FALSE,0,FALSE
482,1994,Central African Republic,0,FALSE,0,FALSE
482,1995,Central African Republic,0,FALSE,0.001342812,FALSE
482,1996,Central African Republic,0.005849503,FALSE,0.031841169,FALSE
482,1997,Central African Republic,0.014270881,FALSE,0.039612869,FALSE
482,1998,Central African Republic,0.027878201,FALSE,0.045934475,FALSE
482,1999,Central African Republic,0.040894287,FALSE,0.113860194,FALSE
482,2000,Central African Republic,0.053394174,FALSE,0.132130231,FALSE
482,2001,Central African Republic,0.078543428,FALSE,0.286102791,FALSE
482,2002,Central African Republic,0.128537117,FALSE,0.320557832,FALSE
482,2003,Central African Republic,0.151563338,FALSE,0.993334231,FALSE
482,2004,Central African Republic,0.223401395,FALSE,1.458031298,FALSE
482,2005,Central African Republic,0.268195609,FALSE,2.375954956,FALSE
482,2006,Central African Republic,0.311159173,FALSE,2.561504041,FALSE
482,2007,Central African Republic,0.375815961,FALSE,7.770417973,FALSE
482,2008,Central African Republic,1,FALSE,12.75957623,FALSE
482,2009,Central African Republic,1.8,FALSE,18.92065794,FALSE
482,2010,Central African Republic,2,FALSE,21.01326011,FALSE
482,2011,Central African Republic,2.2,FALSE,20.97293715,FALSE
482,2012,Central African Republic,2.4,FALSE,23.94805613,FALSE
482,2013,Central African Republic,2.5,FALSE,28.32525547,FALSE
482,2014,Central African Republic,2.7,FALSE,24.08176823,FALSE
482,2015,Central African Republic,2.9,FALSE,25.7814515,FALSE
482,2016,Central African Republic,3.1,FALSE,25.45474491,FALSE
482,2017,Central African Republic,4,FALSE,23.52311236,FALSE
482,2018,Central African Republic,5.1,FALSE,25.10924907,FALSE
482,2019,Central African Republic,8.3,FALSE,30.6238199,FALSE
482,2020,Central African Republic,10.4,FALSE,34.26900891,FALSE
482,2021,Central African Republic,11.698525438773633,TRUE,27.197085557726826,TRUE
483,1960,Chad,0,TRUE,0,FALSE
483,1961,Chad,0,TRUE,0,TRUE
483,1962,Chad,0,TRUE,0,TRUE
483,1963,Chad,0,TRUE,0,TRUE
483,1964,Chad,0,TRUE,0,TRUE
483,1965,Chad,0,TRUE,0,FALSE
483,1966,Chad,0,TRUE,0,TRUE
483,1967,Chad,0,TRUE,0,TRUE
483,1968,Chad,0,TRUE,0,TRUE
483,1969,Chad,0,TRUE,0,TRUE
483,1970,Chad,0,TRUE,0,FALSE
483,1971,Chad,0,TRUE,0,TRUE
483,1972,Chad,0,TRUE,0,TRUE
483,1973,Chad,0,TRUE,0,TRUE
483,1974,Chad,0,TRUE,0,TRUE
483,1975,Chad,0,TRUE,0,FALSE
483,1976,Chad,0,TRUE,0,FALSE
483,1977,Chad,0,TRUE,0,FALSE
483,1978,Chad,0,TRUE,0,FALSE
483,1979,Chad,0,TRUE,0,FALSE
483,1980,Chad,0,TRUE,0,FALSE
483,1981,Chad,0,TRUE,0,FALSE
483,1982,Chad,0,TRUE,0,FALSE
483,1983,Chad,0,TRUE,0,FALSE
483,1984,Chad,0,TRUE,0,FALSE
483,1985,Chad,0,TRUE,0,FALSE
483,1986,Chad,0,TRUE,0,FALSE
483,1987,Chad,0,TRUE,0,FALSE
483,1988,Chad,0,TRUE,0,FALSE
483,1989,Chad,0,TRUE,0,FALSE
483,1990,Chad,0,FALSE,0,FALSE
483,1991,Chad,0,FALSE,0,FALSE
483,1992,Chad,0,FALSE,0,FALSE
483,1993,Chad,0,FALSE,0,FALSE
483,1994,Chad,0,FALSE,0,FALSE
483,1995,Chad,0,FALSE,0,FALSE
483,1996,Chad,0,TRUE,0,FALSE
483,1997,Chad,6.58168e-4,FALSE,0,FALSE
483,1998,Chad,0.004268504,FALSE,0,FALSE
483,1999,Chad,0.012321728,FALSE,0,FALSE
483,2000,Chad,0.035707076,FALSE,0.066592914,FALSE
483,2001,Chad,0.045934134,FALSE,0.257647324,FALSE
483,2002,Chad,0.166069665,FALSE,0.386949265,FALSE
483,2003,Chad,0.320308555,FALSE,0.706800925,FALSE
483,2004,Chad,0.360920107,FALSE,1.279450373,FALSE
483,2005,Chad,0.3992577,FALSE,2.098948007,FALSE
483,2006,Chad,0.581045764,FALSE,4.496482312,FALSE
483,2007,Chad,0.847224521,FALSE,8.564571843,FALSE
483,2008,Chad,1.19,FALSE,14.41614955,FALSE
483,2009,Chad,1.5,FALSE,19.84424669,FALSE
483,2010,Chad,1.7,FALSE,24.17292974,FALSE
483,2011,Chad,1.9,FALSE,29.75922512,FALSE
483,2012,Chad,2.1,FALSE,34.51442135,FALSE
483,2013,Chad,2.5,FALSE,34.51103697,FALSE
483,2014,Chad,2.9,FALSE,38.34059787,FALSE
483,2015,Chad,3.5,FALSE,38.65410953,FALSE
483,2016,Chad,5.8,FALSE,38.27772119,FALSE
483,2017,Chad,7.4,FALSE,42.21562356,FALSE
483,2018,Chad,8,FALSE,44.75798518,FALSE
483,2019,Chad,9.8,FALSE,47.52838524,FALSE
483,2020,Chad,10.4,FALSE,52.19169152,FALSE
483,2021,Chad,13.528391524504428,TRUE,45.843111219081834,TRUE
484,1960,"Congo, Rep.",0,TRUE,0,FALSE
484,1961,"Congo, Rep.",0,TRUE,0,TRUE
484,1962,"Congo, Rep.",0,TRUE,0,TRUE
484,1963,"Congo, Rep.",0,TRUE,0,TRUE
484,1964,"Congo, Rep.",0,TRUE,0,TRUE
484,1965,"Congo, Rep.",0,TRUE,0,FALSE
484,1966,"Congo, Rep.",0,TRUE,0,TRUE
484,1967,"Congo, Rep.",0,TRUE,0,TRUE
484,1968,"Congo, Rep.",0,TRUE,0,TRUE
484,1969,"Congo, Rep.",0,TRUE,0,TRUE
484,1970,"Congo, Rep.",0,TRUE,0,FALSE
484,1971,"Congo, Rep.",0,TRUE,0,TRUE
484,1972,"Congo, Rep.",0,TRUE,0,TRUE
484,1973,"Congo, Rep.",0,TRUE,0,TRUE
484,1974,"Congo, Rep.",0,TRUE,0,TRUE
484,1975,"Congo, Rep.",0,TRUE,0,FALSE
484,1976,"Congo, Rep.",0,TRUE,0,FALSE
484,1977,"Congo, Rep.",0,TRUE,0,FALSE
484,1978,"Congo, Rep.",0,TRUE,0,FALSE
484,1979,"Congo, Rep.",0,TRUE,0,FALSE
484,1980,"Congo, Rep.",0,TRUE,0,FALSE
484,1981,"Congo, Rep.",0,TRUE,0,FALSE
484,1982,"Congo, Rep.",0,TRUE,0,FALSE
484,1983,"Congo, Rep.",0,TRUE,0,FALSE
484,1984,"Congo, Rep.",0,TRUE,0,FALSE
484,1985,"Congo, Rep.",0,TRUE,0,FALSE
484,1986,"Congo, Rep.",0,TRUE,0,FALSE
484,1987,"Congo, Rep.",0,TRUE,0,FALSE
484,1988,"Congo, Rep.",0,TRUE,0,FALSE
484,1989,"Congo, Rep.",0,TRUE,0,FALSE
484,1990,"Congo, Rep.",0,FALSE,0,FALSE
484,1991,"Congo, Rep.",0,FALSE,0,FALSE
484,1992,"Congo, Rep.",0,FALSE,0,FALSE
484,1993,"Congo, Rep.",0,FALSE,0,FALSE
484,1994,"Congo, Rep.",0,FALSE,0,FALSE
484,1995,"Congo, Rep.",0,FALSE,0,FALSE
484,1996,"Congo, Rep.",0.00352686,FALSE,0.035503862,FALSE
484,1997,"Congo, Rep.",0.003469104,FALSE,0,TRUE
484,1998,"Congo, Rep.",0.003415143,FALSE,0.115417379,FALSE
484,1999,"Congo, Rep.",0.016791049,FALSE,0.165746278,FALSE
484,2000,"Congo, Rep.",0.026354732,FALSE,2.233545946,FALSE
484,2001,"Congo, Rep.",0.032223616,FALSE,4.60956805,FALSE
484,2002,"Congo, Rep.",0.157249517,FALSE,6.658345236,FALSE
484,2003,"Congo, Rep.",0.460014187,FALSE,9.636012758,FALSE
484,2004,"Congo, Rep.",1.07750493,FALSE,10.82844201,FALSE
484,2005,"Congo, Rep.",1.46342006,FALSE,15.1978347,FALSE
484,2006,"Congo, Rep.",2.007990079,FALSE,24.06035366,FALSE
484,2007,"Congo, Rep.",2.759704374,FALSE,32.54611347,FALSE
484,2008,"Congo, Rep.",4.287509903,FALSE,44.18522878,FALSE
484,2009,"Congo, Rep.",4.5,FALSE,69.25404547,FALSE
484,2010,"Congo, Rep.",5,FALSE,83.79552057,FALSE
484,2011,"Congo, Rep.",5.6,FALSE,84.74201477,FALSE
484,2012,"Congo, Rep.",6.106695024,FALSE,90.87418742,FALSE
484,2013,"Congo, Rep.",6.6,FALSE,96.51404931,FALSE
484,2014,"Congo, Rep.",7.11,FALSE,99.70146791,FALSE
484,2015,"Congo, Rep.",7.615974662,FALSE,102.9937292,FALSE
484,2016,"Congo, Rep.",8.121949323,FALSE,104.5726633,FALSE
484,2017,"Congo, Rep.",8.65,FALSE,95.17463114,FALSE
484,2018,"Congo, Rep.",11.336410932511242,TRUE,91.89382514,FALSE
484,2019,"Congo, Rep.",12.855779792592973,TRUE,88.76750847,FALSE
484,2020,"Congo, Rep.",14.545376454985576,TRUE,85.75676575,FALSE
484,2021,"Congo, Rep.",16.415202957261172,TRUE,95.2509045,FALSE
490,1960,"Congo, Dem. Rep.",0,TRUE,0,FALSE
490,1961,"Congo, Dem. Rep.",0,TRUE,0,TRUE
490,1962,"Congo, Dem. Rep.",0,TRUE,0,TRUE
490,1963,"Congo, Dem. Rep.",0,TRUE,0,TRUE
490,1964,"Congo, Dem. Rep.",0,TRUE,0,TRUE
490,1965,"Congo, Dem. Rep.",0,TRUE,0,FALSE
490,1966,"Congo, Dem. Rep.",0,TRUE,0,TRUE
490,1967,"Congo, Dem. Rep.",0,TRUE,0,TRUE
490,1968,"Congo, Dem. Rep.",0,TRUE,0,TRUE
490,1969,"Congo, Dem. Rep.",0,TRUE,0,TRUE
490,1970,"Congo, Dem. Rep.",0,TRUE,0,FALSE
490,1971,"Congo, Dem. Rep.",0,TRUE,0,TRUE
490,1972,"Congo, Dem. Rep.",0,TRUE,0,TRUE
490,1973,"Congo, Dem. Rep.",0,TRUE,0,TRUE
490,1974,"Congo, Dem. Rep.",0,TRUE,0,TRUE
490,1975,"Congo, Dem. Rep.",0,TRUE,0,FALSE
490,1976,"Congo, Dem. Rep.",0,TRUE,0,FALSE
490,1977,"Congo, Dem. Rep.",0,TRUE,0,FALSE
490,1978,"Congo, Dem. Rep.",0,TRUE,0,FALSE
490,1979,"Congo, Dem. Rep.",0,TRUE,0,FALSE
490,1980,"Congo, Dem. Rep.",0,TRUE,0,FALSE
490,1981,"Congo, Dem. Rep.",0,TRUE,0,FALSE
490,1982,"Congo, Dem. Rep.",0,TRUE,0,FALSE
490,1983,"Congo, Dem. Rep.",0,TRUE,0,FALSE
490,1984,"Congo, Dem. Rep.",0,TRUE,0,FALSE
490,1985,"Congo, Dem. Rep.",0,TRUE,0,FALSE
490,1986,"Congo, Dem. Rep.",0,TRUE,0,FALSE
490,1987,"Congo, Dem. Rep.",0,TRUE,0,FALSE
490,1988,"Congo, Dem. Rep.",0,TRUE,0,FALSE
490,1989,"Congo, Dem. Rep.",0,TRUE,0,FALSE
490,1990,"Congo, Dem. Rep.",0,FALSE,0,FALSE
490,1991,"Congo, Dem. Rep.",0,FALSE,0,FALSE
490,1992,"Congo, Dem. Rep.",0,FALSE,0,TRUE
490,1993,"Congo, Dem. Rep.",0,FALSE,0,TRUE
490,1994,"Congo, Dem. Rep.",0,FALSE,0,TRUE
490,1995,"Congo, Dem. Rep.",0,FALSE,0.019636928,FALSE
490,1996,"Congo, Dem. Rep.",1.08207e-4,FALSE,0.016319607,FALSE
490,1997,"Congo, Dem. Rep.",2.11213e-4,FALSE,0.019856233,FALSE
490,1998,"Congo, Dem. Rep.",4.13065e-4,FALSE,0.021788617,FALSE
490,1999,"Congo, Dem. Rep.",0.001009076,FALSE,0.025409066,FALSE
490,2000,"Congo, Dem. Rep.",0.005902114,FALSE,0.030853839,FALSE
490,2001,"Congo, Dem. Rep.",0.011475782,FALSE,0.29936142,FALSE
490,2002,"Congo, Dem. Rep.",0.092790702,FALSE,1.083967385,FALSE
490,2003,"Congo, Dem. Rep.",0.134914837,FALSE,2.342279923,FALSE
490,2004,"Congo, Dem. Rep.",0.196208375,FALSE,3.631670083,FALSE
490,2005,"Congo, Dem. Rep.",0.238037799,FALSE,4.856024853,FALSE
490,2006,"Congo, Dem. Rep.",0.29605361,FALSE,7.563115316,FALSE
490,2007,"Congo, Dem. Rep.",0.37,FALSE,10.93392469,FALSE
490,2008,"Congo, Dem. Rep.",0.44,FALSE,15.96412219,FALSE
490,2009,"Congo, Dem. Rep.",0.56,FALSE,14.71685523,FALSE
490,2010,"Congo, Dem. Rep.",0.72,FALSE,17.80407321,FALSE
490,2011,"Congo, Dem. Rep.",1.2,FALSE,22.78791578,FALSE
490,2012,"Congo, Dem. Rep.",1.679961015,FALSE,28.30039549,FALSE
490,2013,"Congo, Dem. Rep.",2.2,FALSE,38.4316525,FALSE
490,2014,"Congo, Dem. Rep.",3,FALSE,48.79683182,FALSE
490,2015,"Congo, Dem. Rep.",3.799999507,FALSE,47.996781060000004,FALSE
490,2016,"Congo, Dem. Rep.",10.1,FALSE,35.47706053,FALSE
490,2017,"Congo, Dem. Rep.",8.619904916,FALSE,41.97184654,FALSE
490,2018,"Congo, Dem. Rep.",11.7,FALSE,41.87818082,FALSE
490,2019,"Congo, Dem. Rep.",12.5,FALSE,41.29072644,FALSE
490,2020,"Congo, Dem. Rep.",13.6,FALSE,43.93861689,FALSE
490,2021,"Congo, Dem. Rep.",18.93915373524539,TRUE,44.41574502638754,TRUE
500,1960,Uganda,0,TRUE,0,FALSE
500,1961,Uganda,0,TRUE,0,TRUE
500,1962,Uganda,0,TRUE,0,TRUE
500,1963,Uganda,0,TRUE,0,TRUE
500,1964,Uganda,0,TRUE,0,TRUE
500,1965,Uganda,0,TRUE,0,FALSE
500,1966,Uganda,0,TRUE,0,TRUE
500,1967,Uganda,0,TRUE,0,TRUE
500,1968,Uganda,0,TRUE,0,TRUE
500,1969,Uganda,0,TRUE,0,TRUE
500,1970,Uganda,0,TRUE,0,FALSE
500,1971,Uganda,0,TRUE,0,TRUE
500,1972,Uganda,0,TRUE,0,TRUE
500,1973,Uganda,0,TRUE,0,TRUE
500,1974,Uganda,0,TRUE,0,TRUE
500,1975,Uganda,0,TRUE,0,FALSE
500,1976,Uganda,0,TRUE,0,FALSE
500,1977,Uganda,0,TRUE,0,FALSE
500,1978,Uganda,0,TRUE,0,FALSE
500,1979,Uganda,0,TRUE,0,FALSE
500,1980,Uganda,0,TRUE,0,FALSE
500,1981,Uganda,0,TRUE,0,FALSE
500,1982,Uganda,0,TRUE,0,FALSE
500,1983,Uganda,0,TRUE,0,FALSE
500,1984,Uganda,0,TRUE,0,FALSE
500,1985,Uganda,0,TRUE,0,FALSE
500,1986,Uganda,0,TRUE,0,FALSE
500,1987,Uganda,0,TRUE,0,FALSE
500,1988,Uganda,0,TRUE,0,FALSE
500,1989,Uganda,0,TRUE,0,FALSE
500,1990,Uganda,0,FALSE,0,FALSE
500,1991,Uganda,0,FALSE,0,FALSE
500,1992,Uganda,0,FALSE,0,FALSE
500,1993,Uganda,0,FALSE,0,FALSE
500,1994,Uganda,0,FALSE,0,FALSE
500,1995,Uganda,0.002863471,FALSE,0.008447436,FALSE
500,1996,Uganda,0.004625948,FALSE,0.018823909,FALSE
500,1997,Uganda,0.010319341,FALSE,0.022855121,FALSE
500,1998,Uganda,0.065289465,FALSE,0.133110548,FALSE
500,1999,Uganda,0.10554394,FALSE,0.24209546,FALSE
500,2000,Uganda,0.163714063,FALSE,0.528348532,FALSE
500,2001,Uganda,0.237945087,FALSE,1.144918948,FALSE
500,2002,Uganda,0.384093505,FALSE,1.539669659,FALSE
500,2003,Uganda,0.46484984,FALSE,2.945083571,FALSE
500,2004,Uganda,0.71997068,FALSE,4.291723992,FALSE
500,2005,Uganda,1.742205503,FALSE,4.706477943,FALSE
500,2006,Uganda,2.529363038,FALSE,6.981552677,FALSE
500,2007,Uganda,3.671965351,FALSE,14.15897992,FALSE
500,2008,Uganda,3.88,FALSE,28.03966796,FALSE
500,2009,Uganda,4.1,FALSE,29.8725922,FALSE
500,2010,Uganda,4.3,FALSE,39.66474519,FALSE
500,2011,Uganda,4.6,FALSE,50.1475354,FALSE
500,2012,Uganda,4.8,FALSE,47.72341556,FALSE
500,2013,Uganda,5.1,FALSE,51.22432461,FALSE
500,2014,Uganda,5.4,FALSE,56.04810199,FALSE
500,2015,Uganda,5.7,FALSE,53.95330716,FALSE
500,2016,Uganda,6,FALSE,58.94061569,FALSE
500,2017,Uganda,8.1,FALSE,62.17465834,FALSE
500,2018,Uganda,10.9,FALSE,58.94688705,FALSE
500,2019,Uganda,14.7,FALSE,59.12932943,FALSE
500,2020,Uganda,6.1,FALSE,62.35610757,FALSE
500,2021,Uganda,12.60773821628591,TRUE,65.70386414,FALSE
501,1960,Kenya,0,TRUE,0,FALSE
501,1961,Kenya,0,TRUE,0,TRUE
501,1962,Kenya,0,TRUE,0,TRUE
501,1963,Kenya,0,TRUE,0,TRUE
501,1964,Kenya,0,TRUE,0,TRUE
501,1965,Kenya,0,TRUE,0,FALSE
501,1966,Kenya,0,TRUE,0,TRUE
501,1967,Kenya,0,TRUE,0,TRUE
501,1968,Kenya,0,TRUE,0,TRUE
501,1969,Kenya,0,TRUE,0,TRUE
501,1970,Kenya,0,TRUE,0,FALSE
501,1971,Kenya,0,TRUE,0,TRUE
501,1972,Kenya,0,TRUE,0,TRUE
501,1973,Kenya,0,TRUE,0,TRUE
501,1974,Kenya,0,TRUE,0,TRUE
501,1975,Kenya,0,TRUE,0,FALSE
501,1976,Kenya,0,TRUE,0,FALSE
501,1977,Kenya,0,TRUE,0,FALSE
501,1978,Kenya,0,TRUE,0,FALSE
501,1979,Kenya,0,TRUE,0,FALSE
501,1980,Kenya,0,TRUE,0,FALSE
501,1981,Kenya,0,TRUE,0,FALSE
501,1982,Kenya,0,TRUE,0,FALSE
501,1983,Kenya,0,TRUE,0,FALSE
501,1984,Kenya,0,TRUE,0,FALSE
501,1985,Kenya,0,TRUE,0,FALSE
501,1986,Kenya,0,TRUE,0,FALSE
501,1987,Kenya,0,TRUE,0,FALSE
501,1988,Kenya,0,TRUE,0,FALSE
501,1989,Kenya,0,TRUE,0,FALSE
501,1990,Kenya,0,FALSE,0,FALSE
501,1991,Kenya,0,FALSE,0,FALSE
501,1992,Kenya,0,FALSE,0.004461439,FALSE
501,1993,Kenya,0,FALSE,0.004576275,FALSE
501,1994,Kenya,0,FALSE,0.007614676,FALSE
501,1995,Kenya,7.27482e-4,FALSE,0.008478944,FALSE
501,1996,Kenya,0.008839115,FALSE,0.010233296,FALSE
501,1997,Kenya,0.034406051,FALSE,0.023857485,FALSE
501,1998,Kenya,0.050261388,FALSE,0.03691479,FALSE
501,1999,Kenya,0.114256028,FALSE,0.079282155000000007,FALSE
501,2000,Kenya,0.318059714,FALSE,0.412957432,FALSE
501,2001,Kenya,0.619782266,FALSE,1.886772102,FALSE
501,2002,Kenya,1.207773885,FALSE,3.621502166,FALSE
501,2003,Kenya,2.941902861,FALSE,4.711047036,FALSE
501,2004,Kenya,3.023528042,FALSE,7.31825995,FALSE
501,2005,Kenya,3.101897702,FALSE,12.86713923,FALSE
501,2006,Kenya,3.6,FALSE,19.8788531,FALSE
501,2007,Kenya,4.4,FALSE,29.83798266,FALSE
501,2008,Kenya,5.2,FALSE,41.60465635,FALSE
501,2009,Kenya,6.1,FALSE,47.97429887,FALSE
501,2010,Kenya,7.2,FALSE,60.14006827,FALSE
501,2011,Kenya,8.8,FALSE,65.86296741,FALSE
501,2012,Kenya,10.5,FALSE,70.28287597,FALSE
501,2013,Kenya,13,FALSE,71.06121963,FALSE
501,2014,Kenya,16.5,FALSE,73.38263833,FALSE
501,2015,Kenya,16.58785485,FALSE,80.50105901,FALSE
501,2016,Kenya,16.6,FALSE,81.39149513,FALSE
501,2017,Kenya,17.82710021,FALSE,87.47035459,FALSE
501,2018,Kenya,19.5,FALSE,99.09540718,FALSE
501,2019,Kenya,22.66888257,FALSE,107.0734925,FALSE
501,2020,Kenya,29.5,FALSE,118.1263492,FALSE
501,2021,Kenya,31.038749608667242,TRUE,122.7902388,FALSE
510,1960,Tanzania,0,TRUE,0,FALSE
510,1961,Tanzania,0,TRUE,0,TRUE
510,1962,Tanzania,0,TRUE,0,TRUE
510,1963,Tanzania,0,TRUE,0,TRUE
510,1964,Tanzania,0,TRUE,0,TRUE
510,1965,Tanzania,0,TRUE,0,FALSE
510,1966,Tanzania,0,TRUE,0,TRUE
510,1967,Tanzania,0,TRUE,0,TRUE
510,1968,Tanzania,0,TRUE,0,TRUE
510,1969,Tanzania,0,TRUE,0,TRUE
510,1970,Tanzania,0,TRUE,0,FALSE
510,1971,Tanzania,0,TRUE,0,TRUE
510,1972,Tanzania,0,TRUE,0,TRUE
510,1973,Tanzania,0,TRUE,0,TRUE
510,1974,Tanzania,0,TRUE,0,TRUE
510,1975,Tanzania,0,TRUE,0,FALSE
510,1976,Tanzania,0,TRUE,0,FALSE
510,1977,Tanzania,0,TRUE,0,FALSE
510,1978,Tanzania,0,TRUE,0,FALSE
510,1979,Tanzania,0,TRUE,0,FALSE
510,1980,Tanzania,0,TRUE,0,FALSE
510,1981,Tanzania,0,TRUE,0,FALSE
510,1982,Tanzania,0,TRUE,0,FALSE
510,1983,Tanzania,0,TRUE,0,FALSE
510,1984,Tanzania,0,TRUE,0,FALSE
510,1985,Tanzania,0,TRUE,0,FALSE
510,1986,Tanzania,0,TRUE,0,FALSE
510,1987,Tanzania,0,TRUE,0,FALSE
510,1988,Tanzania,0,TRUE,0,FALSE
510,1989,Tanzania,0,TRUE,0,FALSE
510,1990,Tanzania,0,FALSE,0,FALSE
510,1991,Tanzania,0,FALSE,0,FALSE
510,1992,Tanzania,0,FALSE,0,FALSE
510,1993,Tanzania,0,FALSE,0,FALSE
510,1994,Tanzania,0,FALSE,0.001253449,FALSE
510,1995,Tanzania,0,FALSE,0.011452853,FALSE
510,1996,Tanzania,0.001622155,FALSE,0.02902308,FALSE
510,1997,Tanzania,0.007900283,FALSE,0.063550298,FALSE
510,1998,Tanzania,0.009244125,FALSE,0.116285848,FALSE
510,1999,Tanzania,0.075130889,FALSE,0.152090587,FALSE
510,2000,Tanzania,0.11719444,FALSE,0.320679402,FALSE
510,2001,Tanzania,0.171300351,FALSE,0.778100025,FALSE
510,2002,Tanzania,0.222484414,FALSE,1.669326152,FALSE
510,2003,Tanzania,0.676962857,FALSE,3.476731266,FALSE
510,2004,Tanzania,0.877574971,FALSE,5.062449169,FALSE
510,2005,Tanzania,1.1,FALSE,7.515307114,FALSE
510,2006,Tanzania,1.3,FALSE,13.82819587,FALSE
510,2007,Tanzania,1.6,FALSE,19.78114318,FALSE
510,2008,Tanzania,1.9,FALSE,30.33945603,FALSE
510,2009,Tanzania,2.4,FALSE,39.74137183,FALSE
510,2010,Tanzania,2.9,FALSE,46.5165326,FALSE
510,2011,Tanzania,3.2,FALSE,55.29653106,FALSE
510,2012,Tanzania,3.95,FALSE,56.96062647,FALSE
510,2013,Tanzania,4.4,FALSE,55.7173455,FALSE
510,2014,Tanzania,7,FALSE,62.70380186,FALSE
510,2015,Tanzania,10,FALSE,75.49194539,FALSE
510,2016,Tanzania,13.50423285,FALSE,73.60819776,FALSE
510,2017,Tanzania,15.99999943,FALSE,71.00758398,FALSE
510,2018,Tanzania,19,FALSE,74.87851487,FALSE
510,2019,Tanzania,20,FALSE,79.64452642,FALSE
510,2020,Tanzania,22,FALSE,83.00888599,FALSE
510,2021,Tanzania,28.621616192473446,TRUE,84.99103625,FALSE
516,1960,Burundi,0,FALSE,0,FALSE
516,1961,Burundi,0,TRUE,0,TRUE
516,1962,Burundi,0,TRUE,0,TRUE
516,1963,Burundi,0,TRUE,0,TRUE
516,1964,Burundi,0,TRUE,0,TRUE
516,1965,Burundi,0,FALSE,0,FALSE
516,1966,Burundi,0,TRUE,0,TRUE
516,1967,Burundi,0,TRUE,0,TRUE
516,1968,Burundi,0,TRUE,0,TRUE
516,1969,Burundi,0,TRUE,0,TRUE
516,1970,Burundi,0,FALSE,0,FALSE
516,1971,Burundi,0,TRUE,0,TRUE
516,1972,Burundi,0,TRUE,0,TRUE
516,1973,Burundi,0,TRUE,0,TRUE
516,1974,Burundi,0,TRUE,0,TRUE
516,1975,Burundi,0,FALSE,0,FALSE
516,1976,Burundi,0,FALSE,0,FALSE
516,1977,Burundi,0,FALSE,0,FALSE
516,1978,Burundi,0,FALSE,0,FALSE
516,1979,Burundi,0,FALSE,0,FALSE
516,1980,Burundi,0,FALSE,0,FALSE
516,1981,Burundi,0,FALSE,0,FALSE
516,1982,Burundi,0,FALSE,0,FALSE
516,1983,Burundi,0,FALSE,0,FALSE
516,1984,Burundi,0,FALSE,0,FALSE
516,1985,Burundi,0,FALSE,0,FALSE
516,1986,Burundi,0,FALSE,0,FALSE
516,1987,Burundi,0,FALSE,0,FALSE
516,1988,Burundi,0,FALSE,0,FALSE
516,1989,Burundi,0,FALSE,0,FALSE
516,1990,Burundi,0,FALSE,0,FALSE
516,1991,Burundi,0,FALSE,0,FALSE
516,1992,Burundi,0,FALSE,0,FALSE
516,1993,Burundi,0,FALSE,0.006354384,FALSE
516,1994,Burundi,0,FALSE,0.006766423,FALSE
516,1995,Burundi,0,FALSE,0.0095065,FALSE
516,1996,Burundi,8.03592e-4,FALSE,0.009459562,FALSE
516,1997,Burundi,0.007979439,FALSE,0.010449264,FALSE
516,1998,Burundi,0.015842776,FALSE,0.010272826,FALSE
516,1999,Burundi,0.039204469,FALSE,0.012944607,FALSE
516,2000,Burundi,0.077248447,FALSE,0.258733033,FALSE
516,2001,Burundi,0.106001245,FALSE,0.516817207,FALSE
516,2002,Burundi,0.118228412,FALSE,0.782079785,FALSE
516,2003,Burundi,0.201273197,FALSE,0.932829566,FALSE
516,2004,Burundi,0.349060462,FALSE,1.412261168,FALSE
516,2005,Burundi,0.542142866,FALSE,2.070680864,FALSE
516,2006,Burundi,0.65759259,FALSE,2.611583155,FALSE
516,2007,Burundi,0.7,FALSE,3.398531004,FALSE
516,2008,Burundi,0.81,FALSE,5.805480455,FALSE
516,2009,Burundi,0.9,FALSE,10.5719406,FALSE
516,2010,Burundi,1,FALSE,18.38612295,FALSE
516,2011,Burundi,1.11,FALSE,20.24788559,FALSE
516,2012,Burundi,1.219999945,FALSE,22.94044018,FALSE
516,2013,Burundi,1.264218111,FALSE,24.99444805,FALSE
516,2014,Burundi,1.4,FALSE,30.42671535,FALSE
516,2015,Burundi,2,FALSE,46.58923322,FALSE
516,2016,Burundi,2.2,FALSE,49.13927197,FALSE
516,2017,Burundi,2.660748535,FALSE,53.073037,FALSE
516,2018,Burundi,4.1,FALSE,54.97002994,FALSE
516,2019,Burundi,6.2,FALSE,55.00739463,FALSE
516,2020,Burundi,9.4,FALSE,54.26373457,FALSE
516,2021,Burundi,11.668339152162204,TRUE,61.67128229,FALSE
517,1960,Rwanda,0,TRUE,0,FALSE
517,1961,Rwanda,0,TRUE,0,TRUE
517,1962,Rwanda,0,TRUE,0,TRUE
517,1963,Rwanda,0,TRUE,0,TRUE
517,1964,Rwanda,0,TRUE,0,TRUE
517,1965,Rwanda,0,TRUE,0,FALSE
517,1966,Rwanda,0,TRUE,0,TRUE
517,1967,Rwanda,0,TRUE,0,TRUE
517,1968,Rwanda,0,TRUE,0,TRUE
517,1969,Rwanda,0,TRUE,0,TRUE
517,1970,Rwanda,0,TRUE,0,FALSE
517,1971,Rwanda,0,TRUE,0,TRUE
517,1972,Rwanda,0,TRUE,0,TRUE
517,1973,Rwanda,0,TRUE,0,TRUE
517,1974,Rwanda,0,TRUE,0,TRUE
517,1975,Rwanda,0,TRUE,0,FALSE
517,1976,Rwanda,0,TRUE,0,FALSE
517,1977,Rwanda,0,TRUE,0,FALSE
517,1978,Rwanda,0,TRUE,0,FALSE
517,1979,Rwanda,0,TRUE,0,FALSE
517,1980,Rwanda,0,TRUE,0,FALSE
517,1981,Rwanda,0,TRUE,0,FALSE
517,1982,Rwanda,0,TRUE,0,FALSE
517,1983,Rwanda,0,TRUE,0,FALSE
517,1984,Rwanda,0,TRUE,0,FALSE
517,1985,Rwanda,0,TRUE,0,FALSE
517,1986,Rwanda,0,TRUE,0,FALSE
517,1987,Rwanda,0,TRUE,0,FALSE
517,1988,Rwanda,0,TRUE,0,FALSE
517,1989,Rwanda,0,TRUE,0,FALSE
517,1990,Rwanda,0,FALSE,0,FALSE
517,1991,Rwanda,0,FALSE,0,FALSE
517,1992,Rwanda,0,FALSE,0,FALSE
517,1993,Rwanda,0,FALSE,0,FALSE
517,1994,Rwanda,0,FALSE,0,FALSE
517,1995,Rwanda,0,FALSE,0,FALSE
517,1996,Rwanda,8.83372e-4,FALSE,0,FALSE
517,1997,Rwanda,0.001625791,FALSE,0,FALSE
517,1998,Rwanda,0.011763573,FALSE,0.063174027,FALSE
517,1999,Rwanda,0.067176482,FALSE,0.137335421,FALSE
517,2000,Rwanda,0.06283146,FALSE,0.480888445,FALSE
517,2001,Rwanda,0.24067241,FALSE,0.79037532,FALSE
517,2002,Rwanda,0.292784719,FALSE,0.984089688,FALSE
517,2003,Rwanda,0.356918467,FALSE,1.525678362,FALSE
517,2004,Rwanda,0.430854243,FALSE,1.561343212,FALSE
517,2005,Rwanda,0.556041165,FALSE,2.470314799,FALSE
517,2006,Rwanda,3.217496552836691,TRUE,3.389414919,FALSE
517,2007,Rwanda,2.115387178,FALSE,6.66938775,FALSE
517,2008,Rwanda,4.5,FALSE,13.52113618,FALSE
517,2009,Rwanda,7.7,FALSE,24.18673448,FALSE
517,2010,Rwanda,8,FALSE,34.42380763,FALSE
517,2011,Rwanda,7,FALSE,42.03670781,FALSE
517,2012,Rwanda,8.023854277,FALSE,52.49608545,FALSE
517,2013,Rwanda,9,FALSE,60.25535633,FALSE
517,2014,Rwanda,10.6,FALSE,68.14488903,FALSE
517,2015,Rwanda,18,FALSE,75.23533322,FALSE
517,2016,Rwanda,20,FALSE,74.77669748,FALSE
517,2017,Rwanda,17.2,FALSE,72.10934219,FALSE
517,2018,Rwanda,25,FALSE,77.40789677,FALSE
517,2019,Rwanda,26,FALSE,75.25147588,FALSE
517,2020,Rwanda,23.8,FALSE,80.74026868,FALSE
517,2021,Rwanda,32.30053542385228,TRUE,80.99152957,FALSE
520,1960,Somalia,0,TRUE,0,FALSE
520,1961,Somalia,0,TRUE,0,TRUE
520,1962,Somalia,0,TRUE,0,TRUE
520,1963,Somalia,0,TRUE,0,TRUE
520,1964,Somalia,0,TRUE,0,TRUE
520,1965,Somalia,0,TRUE,0,FALSE
520,1966,Somalia,0,TRUE,0,TRUE
520,1967,Somalia,0,TRUE,0,TRUE
520,1968,Somalia,0,TRUE,0,TRUE
520,1969,Somalia,0,TRUE,0,TRUE
520,1970,Somalia,0,TRUE,0,FALSE
520,1971,Somalia,0,TRUE,0,TRUE
520,1972,Somalia,0,TRUE,0,TRUE
520,1973,Somalia,0,TRUE,0,TRUE
520,1974,Somalia,0,TRUE,0,TRUE
520,1975,Somalia,0,TRUE,0,FALSE
520,1976,Somalia,0,TRUE,0,FALSE
520,1977,Somalia,0,TRUE,0,FALSE
520,1978,Somalia,0,TRUE,0,FALSE
520,1979,Somalia,0,TRUE,0,FALSE
520,1980,Somalia,0,TRUE,0,FALSE
520,1981,Somalia,0,TRUE,0,FALSE
520,1982,Somalia,0,TRUE,0,FALSE
520,1983,Somalia,0,TRUE,0,FALSE
520,1984,Somalia,0,TRUE,0,FALSE
520,1985,Somalia,0,TRUE,0,FALSE
520,1986,Somalia,0,TRUE,0,FALSE
520,1987,Somalia,0,TRUE,0,FALSE
520,1988,Somalia,0,TRUE,0,FALSE
520,1989,Somalia,0,TRUE,0,FALSE
520,1990,Somalia,0,FALSE,0,FALSE
520,1991,Somalia,0,FALSE,0,FALSE
520,1992,Somalia,0,FALSE,0,FALSE
520,1993,Somalia,0,FALSE,0,FALSE
520,1994,Somalia,0,FALSE,0,FALSE
520,1995,Somalia,0,FALSE,0,FALSE
520,1996,Somalia,0.00150955,FALSE,0,FALSE
520,1997,Somalia,0.002948713,FALSE,0,FALSE
520,1998,Somalia,0.00716442,FALSE,0,FALSE
520,1999,Somalia,0.013910394,FALSE,0,FALSE
520,2000,Somalia,0.02,FALSE,0.917277086,FALSE
520,2001,Somalia,0.079039179,FALSE,0.93707828,FALSE
520,2002,Somalia,0.115614213,FALSE,1.062574706,FALSE
520,2003,Somalia,0.376198003,FALSE,2.049541518,FALSE
520,2004,Somalia,1.053454744,FALSE,4.942003611,FALSE
520,2005,Somalia,1.077327839,FALSE,4.776784674,FALSE
520,2006,Somalia,1.1002163679999999,FALSE,5.099688242,FALSE
520,2007,Somalia,1.122235622,FALSE,5.396609418,FALSE
520,2008,Somalia,1.142687372,FALSE,5.478437064,FALSE
520,2009,Somalia,1.160610542,FALSE,5.464603394,FALSE
520,2010,Somalia,1.050386432868099,TRUE,5.389697048,FALSE
520,2011,Somalia,1.25,FALSE,14.73376335,FALSE
520,2012,Somalia,1.3767,FALSE,18.48826148,FALSE
520,2013,Somalia,1.5,FALSE,40.32683174,FALSE
520,2014,Somalia,1.63,FALSE,41.32468921,FALSE
520,2015,Somalia,1.76,FALSE,42.40075455,FALSE
520,2016,Somalia,1.88,FALSE,46.54803903,FALSE
520,2017,Somalia,2.004048698,FALSE,47.89352903,FALSE
520,2018,Somalia,2.505414684277894,TRUE,49.6592909,FALSE
520,2019,Somalia,2.790008599913866,TRUE,51.47891598,FALSE
520,2020,Somalia,3.1059001161249076,TRUE,53.48002324,FALSE
520,2021,Somalia,3.456285978662393,TRUE,51.82360917,FALSE
522,1960,Djibouti,0,TRUE,0,FALSE
522,1961,Djibouti,0,TRUE,0,TRUE
522,1962,Djibouti,0,TRUE,0,TRUE
522,1963,Djibouti,0,TRUE,0,TRUE
522,1964,Djibouti,0,TRUE,0,TRUE
522,1965,Djibouti,0,TRUE,0,FALSE
522,1966,Djibouti,0,TRUE,0,TRUE
522,1967,Djibouti,0,TRUE,0,TRUE
522,1968,Djibouti,0,TRUE,0,TRUE
522,1969,Djibouti,0,TRUE,0,TRUE
522,1970,Djibouti,0,TRUE,0,FALSE
522,1971,Djibouti,0,TRUE,0,TRUE
522,1972,Djibouti,0,TRUE,0,TRUE
522,1973,Djibouti,0,TRUE,0,TRUE
522,1974,Djibouti,0,TRUE,0,TRUE
522,1975,Djibouti,0,TRUE,0,FALSE
522,1976,Djibouti,0,TRUE,0,FALSE
522,1977,Djibouti,0,TRUE,0,FALSE
522,1978,Djibouti,0,TRUE,0,FALSE
522,1979,Djibouti,0,TRUE,0,FALSE
522,1980,Djibouti,0,TRUE,0,FALSE
522,1981,Djibouti,0,TRUE,0,FALSE
522,1982,Djibouti,0,TRUE,0,FALSE
522,1983,Djibouti,0,TRUE,0,FALSE
522,1984,Djibouti,0,TRUE,0,FALSE
522,1985,Djibouti,0,TRUE,0,FALSE
522,1986,Djibouti,0,TRUE,0,FALSE
522,1987,Djibouti,0,TRUE,0,FALSE
522,1988,Djibouti,0,TRUE,0,FALSE
522,1989,Djibouti,0,TRUE,0,FALSE
522,1990,Djibouti,0,FALSE,0,FALSE
522,1991,Djibouti,0,FALSE,0,FALSE
522,1992,Djibouti,0,FALSE,0,FALSE
522,1993,Djibouti,0,FALSE,0,FALSE
522,1994,Djibouti,0,FALSE,0,FALSE
522,1995,Djibouti,0.01603083,FALSE,0,FALSE
522,1996,Djibouti,0.031166241,FALSE,0.017063549,FALSE
522,1997,Djibouti,0.082941498,FALSE,0.03039896,FALSE
522,1998,Djibouti,0.094696004,FALSE,0.03165832,FALSE
522,1999,Djibouti,0.105761909,FALSE,0.038922892,FALSE
522,2000,Djibouti,0.194500528,FALSE,0.030995968,FALSE
522,2001,Djibouti,0.343526263,FALSE,0.391905838,FALSE
522,2002,Djibouti,0.486971705,FALSE,1.900832311,FALSE
522,2003,Djibouti,0.625940229,FALSE,2.852143634,FALSE
522,2004,Djibouti,0.781317175,FALSE,4.213482116,FALSE
522,2005,Djibouti,0.95361144900000006,FALSE,5.30208386,FALSE
522,2006,Djibouti,1.270041159,FALSE,5.291600645,FALSE
522,2007,Djibouti,1.62,FALSE,8.037369567,FALSE
522,2008,Djibouti,2.26,FALSE,12.78171814,FALSE
522,2009,Djibouti,4,FALSE,14.29093012,FALSE
522,2010,Djibouti,6.5,FALSE,18.01709967,FALSE
522,2011,Djibouti,7,FALSE,20.60703813,FALSE
522,2012,Djibouti,9.4,FALSE,22.2643708,FALSE
522,2013,Djibouti,12.7,FALSE,25.12191884,FALSE
522,2014,Djibouti,17,FALSE,29.0216422,FALSE
522,2015,Djibouti,22.9,FALSE,31.23947214,FALSE
522,2016,Djibouti,30.8,FALSE,33.73974603,FALSE
522,2017,Djibouti,55.68140925,FALSE,35.86235007,FALSE
522,2018,Djibouti,58,FALSE,37.36641575,FALSE
522,2019,Djibouti,59,FALSE,38.53522459,FALSE
522,2020,Djibouti,59,FALSE,39.81402662,FALSE
522,2021,Djibouti,75.99233824967256,TRUE,44.26176127,FALSE
530,1960,Ethiopia,0,TRUE,0,FALSE
530,1961,Ethiopia,0,TRUE,0,TRUE
530,1962,Ethiopia,0,TRUE,0,TRUE
530,1963,Ethiopia,0,TRUE,0,TRUE
530,1964,Ethiopia,0,TRUE,0,TRUE
530,1965,Ethiopia,0,TRUE,0,FALSE
530,1966,Ethiopia,0,TRUE,0,TRUE
530,1967,Ethiopia,0,TRUE,0,TRUE
530,1968,Ethiopia,0,TRUE,0,TRUE
530,1969,Ethiopia,0,TRUE,0,TRUE
530,1970,Ethiopia,0,TRUE,0,FALSE
530,1971,Ethiopia,0,TRUE,0,TRUE
530,1972,Ethiopia,0,TRUE,0,TRUE
530,1973,Ethiopia,0,TRUE,0,TRUE
530,1974,Ethiopia,0,TRUE,0,TRUE
530,1975,Ethiopia,0,TRUE,0,FALSE
530,1976,Ethiopia,0,TRUE,0,FALSE
530,1977,Ethiopia,0,TRUE,0,FALSE
530,1978,Ethiopia,0,TRUE,0,FALSE
530,1979,Ethiopia,0,TRUE,0,FALSE
530,1980,Ethiopia,0,TRUE,0,FALSE
530,1981,Ethiopia,0,TRUE,0,FALSE
530,1982,Ethiopia,0,TRUE,0,FALSE
530,1983,Ethiopia,0,TRUE,0,FALSE
530,1984,Ethiopia,0,TRUE,0,FALSE
530,1985,Ethiopia,0,TRUE,0,FALSE
530,1986,Ethiopia,0,TRUE,0,FALSE
530,1987,Ethiopia,0,TRUE,0,FALSE
530,1988,Ethiopia,0,TRUE,0,FALSE
530,1989,Ethiopia,0,TRUE,0,FALSE
530,1990,Ethiopia,0,FALSE,0,FALSE
530,1991,Ethiopia,0,FALSE,0,FALSE
530,1992,Ethiopia,0,FALSE,0,FALSE
530,1993,Ethiopia,0,FALSE,0,FALSE
530,1994,Ethiopia,0,FALSE,0,FALSE
530,1995,Ethiopia,1.75e-5,FALSE,0,FALSE
530,1996,Ethiopia,0.001703448,FALSE,0,FALSE
530,1997,Ethiopia,0.00496672,FALSE,0,FALSE
530,1998,Ethiopia,0.009663517,FALSE,0,FALSE
530,1999,Ethiopia,0.012541599,FALSE,0.010356869,FALSE
530,2000,Ethiopia,0.015263767,FALSE,0.026490386,FALSE
530,2001,Ethiopia,0.037162381,FALSE,0.03984414,FALSE
530,2002,Ethiopia,0.072402262,FALSE,0.070869174,FALSE
530,2003,Ethiopia,0.105811659,FALSE,0.070144615,FALSE
530,2004,Ethiopia,0.155334521,FALSE,0.206549642,FALSE
530,2005,Ethiopia,0.219659819,FALSE,0.530050753,FALSE
530,2006,Ethiopia,0.310592657,FALSE,1.087575079,FALSE
530,2007,Ethiopia,0.37,FALSE,1.473846619,FALSE
530,2008,Ethiopia,0.45,FALSE,2.316967875,FALSE
530,2009,Ethiopia,0.54,FALSE,4.670250336,FALSE
530,2010,Ethiopia,0.75,FALSE,7.680602493,FALSE
530,2011,Ethiopia,1.1,FALSE,15.38551239,FALSE
530,2012,Ethiopia,2.9,FALSE,21.72960388,FALSE
530,2013,Ethiopia,4.6,FALSE,26.41709068,FALSE
530,2014,Ethiopia,7.7,FALSE,30.56740707,FALSE
530,2015,Ethiopia,13.85517556,FALSE,41.29095943,FALSE
530,2016,Ethiopia,15.36692386,FALSE,48.64890266,FALSE
530,2017,Ethiopia,18.61805145,FALSE,36.59958437,FALSE
530,2018,Ethiopia,20,FALSE,40.11582350882161,TRUE
530,2019,Ethiopia,22,FALSE,36.73307203,FALSE
530,2020,Ethiopia,24,FALSE,37.97222807,FALSE
530,2021,Ethiopia,16.6981031,FALSE,40.429226163696356,TRUE
531,1960,Eritrea,0,TRUE,0,FALSE
531,1961,Eritrea,0,TRUE,0,TRUE
531,1962,Eritrea,0,TRUE,0,TRUE
531,1963,Eritrea,0,TRUE,0,TRUE
531,1964,Eritrea,0,TRUE,0,TRUE
531,1965,Eritrea,0,TRUE,0,FALSE
531,1966,Eritrea,0,TRUE,0,TRUE
531,1967,Eritrea,0,TRUE,0,TRUE
531,1968,Eritrea,0,TRUE,0,TRUE
531,1969,Eritrea,0,TRUE,0,TRUE
531,1970,Eritrea,0,TRUE,0,FALSE
531,1971,Eritrea,0,TRUE,0,TRUE
531,1972,Eritrea,0,TRUE,0,TRUE
531,1973,Eritrea,0,TRUE,0,TRUE
531,1974,Eritrea,0,TRUE,0,TRUE
531,1975,Eritrea,0,TRUE,0,FALSE
531,1976,Eritrea,0,TRUE,0,FALSE
531,1977,Eritrea,0,TRUE,0,FALSE
531,1978,Eritrea,0,TRUE,0,FALSE
531,1979,Eritrea,0,TRUE,0,FALSE
531,1980,Eritrea,0,TRUE,0,FALSE
531,1981,Eritrea,0,TRUE,0,FALSE
531,1982,Eritrea,0,TRUE,0,FALSE
531,1983,Eritrea,0,TRUE,0,FALSE
531,1984,Eritrea,0,TRUE,0,FALSE
531,1985,Eritrea,0,TRUE,0,FALSE
531,1986,Eritrea,0,TRUE,0,FALSE
531,1987,Eritrea,0,TRUE,0,FALSE
531,1988,Eritrea,0,TRUE,0,FALSE
531,1989,Eritrea,0,TRUE,0,FALSE
531,1990,Eritrea,0,FALSE,0,FALSE
531,1991,Eritrea,0,FALSE,0,FALSE
531,1992,Eritrea,0,FALSE,0,FALSE
531,1993,Eritrea,0,FALSE,0,FALSE
531,1994,Eritrea,0,FALSE,0,FALSE
531,1995,Eritrea,0,FALSE,0,FALSE
531,1996,Eritrea,0,FALSE,0,FALSE
531,1997,Eritrea,0.009017718,FALSE,0,FALSE
531,1998,Eritrea,0.008774236,FALSE,0,FALSE
531,1999,Eritrea,0.025495028,FALSE,0,FALSE
531,2000,Eritrea,0.136711941,FALSE,0,FALSE
531,2001,Eritrea,0.157815289,FALSE,0,FALSE
531,2002,Eritrea,0.227090138,FALSE,0,FALSE
531,2003,Eritrea,0.221979057233203,TRUE,0,FALSE
531,2004,Eritrea,0.2534000743166077,TRUE,0.723814211,FALSE
531,2005,Eritrea,0.28925582595421845,TRUE,1.428030619,FALSE
531,2006,Eritrea,0.33016832189684153,TRUE,2.152569379,FALSE
531,2007,Eritrea,0.41,FALSE,2.882541262,FALSE
531,2008,Eritrea,0.47,FALSE,3.614071427,FALSE
531,2009,Eritrea,0.54,FALSE,4.576365938,FALSE
531,2010,Eritrea,0.61,FALSE,5.88599329,FALSE
531,2011,Eritrea,0.7,FALSE,7.542750431,FALSE
531,2012,Eritrea,0.8,FALSE,9.385825968,FALSE
531,2013,Eritrea,0.9,FALSE,10.76469944,FALSE
531,2014,Eritrea,0.99,FALSE,12.55933262,FALSE
531,2015,Eritrea,1.083733116,FALSE,14.22153134,FALSE
531,2016,Eritrea,1.17711872,FALSE,15.03586023,FALSE
531,2017,Eritrea,1.30890698,FALSE,20.45963226,FALSE
531,2018,Eritrea,1.6022674529353127,TRUE,37.754066879814545,TRUE
531,2019,Eritrea,1.825492989482387,TRUE,37.46979694,FALSE
531,2020,Eritrea,2.0791608415722433,TRUE,50.64867425,FALSE
531,2021,Eritrea,2.3672280622001547,TRUE,56.21765008857981,TRUE
540,1960,Angola,0,TRUE,0,FALSE
540,1961,Angola,0,TRUE,0,TRUE
540,1962,Angola,0,TRUE,0,TRUE
540,1963,Angola,0,TRUE,0,TRUE
540,1964,Angola,0,TRUE,0,TRUE
540,1965,Angola,0,TRUE,0,FALSE
540,1966,Angola,0,TRUE,0,TRUE
540,1967,Angola,0,TRUE,0,TRUE
540,1968,Angola,0,TRUE,0,TRUE
540,1969,Angola,0,TRUE,0,TRUE
540,1970,Angola,0,TRUE,0,FALSE
540,1971,Angola,0,TRUE,0,TRUE
540,1972,Angola,0,TRUE,0,TRUE
540,1973,Angola,0,TRUE,0,TRUE
540,1974,Angola,0,TRUE,0,TRUE
540,1975,Angola,0,TRUE,0,FALSE
540,1976,Angola,0,TRUE,0,FALSE
540,1977,Angola,0,TRUE,0,FALSE
540,1978,Angola,0,TRUE,0,FALSE
540,1979,Angola,0,TRUE,0,FALSE
540,1980,Angola,0,TRUE,0,FALSE
540,1981,Angola,0,TRUE,0,FALSE
540,1982,Angola,0,TRUE,0,FALSE
540,1983,Angola,0,TRUE,0,FALSE
540,1984,Angola,0,TRUE,0,FALSE
540,1985,Angola,0,TRUE,0,FALSE
540,1986,Angola,0,TRUE,0,FALSE
540,1987,Angola,0,TRUE,0,FALSE
540,1988,Angola,0,TRUE,0,FALSE
540,1989,Angola,0,TRUE,0,FALSE
540,1990,Angola,0,FALSE,0,FALSE
540,1991,Angola,0,FALSE,0,FALSE
540,1992,Angola,0,FALSE,0,FALSE
540,1993,Angola,0,FALSE,0.008436702,FALSE
540,1994,Angola,0,FALSE,0.013549219,FALSE
540,1995,Angola,0,FALSE,0.01433269,FALSE
540,1996,Angola,7.75929e-4,FALSE,0.02292929,FALSE
540,1997,Angola,0.005673746,FALSE,0.04742069,FALSE
540,1998,Angola,0.018453724,FALSE,0.063903735,FALSE
540,1999,Angola,0.071964087,FALSE,0.151221568,FALSE
540,2000,Angola,0.105045562,FALSE,0.157410653,FALSE
540,2001,Angola,0.136013867,FALSE,0.442697606,FALSE
540,2002,Angola,0.270376746,FALSE,0.799262897,FALSE
540,2003,Angola,0.370682065,FALSE,1.931104589,FALSE
540,2004,Angola,0.464814618,FALSE,3.942225093,FALSE
540,2005,Angola,1.143366827,FALSE,8.282974634,FALSE
540,2006,Angola,1.5,FALSE,15.15012642,FALSE
540,2007,Angola,1.7,FALSE,23.72841216,FALSE
540,2008,Angola,1.9,FALSE,31.22582177,FALSE
540,2009,Angola,2.3,FALSE,36.02958262,FALSE
540,2010,Angola,2.8,FALSE,40.24692066,FALSE
540,2011,Angola,4.7,FALSE,49.76776766,FALSE
540,2012,Angola,7.7,FALSE,50.75814192,FALSE
540,2013,Angola,13,FALSE,50.80964158,FALSE
540,2014,Angola,21.4,FALSE,51.80029281,FALSE
540,2015,Angola,22,FALSE,49.36244924,FALSE
540,2016,Angola,23.2,FALSE,44.59350803,FALSE
540,2017,Angola,26,FALSE,44.10644535,FALSE
540,2018,Angola,29,FALSE,42.49094914,FALSE
540,2019,Angola,32.4,FALSE,45.8377414,FALSE
540,2020,Angola,36,FALSE,43.81009059,FALSE
540,2021,Angola,44.75247060620414,TRUE,44.42373173,FALSE
541,1960,Mozambique,0,TRUE,0,FALSE
541,1961,Mozambique,0,TRUE,0,TRUE
541,1962,Mozambique,0,TRUE,0,TRUE
541,1963,Mozambique,0,TRUE,0,TRUE
541,1964,Mozambique,0,TRUE,0,TRUE
541,1965,Mozambique,0,TRUE,0,FALSE
541,1966,Mozambique,0,TRUE,0,TRUE
541,1967,Mozambique,0,TRUE,0,TRUE
541,1968,Mozambique,0,TRUE,0,TRUE
541,1969,Mozambique,0,TRUE,0,TRUE
541,1970,Mozambique,0,TRUE,0,FALSE
541,1971,Mozambique,0,TRUE,0,TRUE
541,1972,Mozambique,0,TRUE,0,TRUE
541,1973,Mozambique,0,TRUE,0,TRUE
541,1974,Mozambique,0,TRUE,0,TRUE
541,1975,Mozambique,0,TRUE,0,FALSE
541,1976,Mozambique,0,TRUE,0,FALSE
541,1977,Mozambique,0,TRUE,0,FALSE
541,1978,Mozambique,0,TRUE,0,FALSE
541,1979,Mozambique,0,TRUE,0,FALSE
541,1980,Mozambique,0,TRUE,0,FALSE
541,1981,Mozambique,0,TRUE,0,FALSE
541,1982,Mozambique,0,TRUE,0,FALSE
541,1983,Mozambique,0,TRUE,0,FALSE
541,1984,Mozambique,0,TRUE,0,FALSE
541,1985,Mozambique,0,TRUE,0,FALSE
541,1986,Mozambique,0,TRUE,0,FALSE
541,1987,Mozambique,0,TRUE,0,FALSE
541,1988,Mozambique,0,TRUE,0,FALSE
541,1989,Mozambique,0,TRUE,0,FALSE
541,1990,Mozambique,0,FALSE,0,FALSE
541,1991,Mozambique,0,FALSE,0,FALSE
541,1992,Mozambique,0,FALSE,0,FALSE
541,1993,Mozambique,0,FALSE,0,FALSE
541,1994,Mozambique,0,FALSE,0,FALSE
541,1995,Mozambique,0,FALSE,0,FALSE
541,1996,Mozambique,0.003042979,FALSE,0,FALSE
541,1997,Mozambique,0.011842611,FALSE,0.015131593,FALSE
541,1998,Mozambique,0.020197055,FALSE,0.039738359,FALSE
541,1999,Mozambique,0.056250629,FALSE,0.070614117,FALSE
541,2000,Mozambique,0.10959253,FALSE,0.287390526,FALSE
541,2001,Mozambique,0.160031947,FALSE,0.837793641,FALSE
541,2002,Mozambique,0.259612611,FALSE,1.362715891,FALSE
541,2003,Mozambique,0.419538844,FALSE,2.271134555,FALSE
541,2004,Mozambique,0.67944783500000006,FALSE,3.594928531,FALSE
541,2005,Mozambique,0.854357118,FALSE,7.44116826,FALSE
541,2006,Mozambique,0.842954488,FALSE,11.28143823,FALSE
541,2007,Mozambique,0.91,FALSE,14.47231559,FALSE
541,2008,Mozambique,1.56,FALSE,20.16429783,FALSE
541,2009,Mozambique,2.68,FALSE,26.61171939,FALSE
541,2010,Mozambique,4.17,FALSE,31.3091043,FALSE
541,2011,Mozambique,4.6,FALSE,33.06063053,FALSE
541,2012,Mozambique,5,FALSE,35.95690082,FALSE
541,2013,Mozambique,5.5,FALSE,49.11065305,FALSE
541,2014,Mozambique,6,FALSE,70.98140522,FALSE
541,2015,Mozambique,6.5,FALSE,75.00930402,FALSE
541,2016,Mozambique,7,FALSE,54.25090462,FALSE
541,2017,Mozambique,7.796326608,FALSE,41.56716262,FALSE
541,2018,Mozambique,10.9,FALSE,47.83274319,FALSE
541,2019,Mozambique,15.1,FALSE,48.7801676,FALSE
541,2020,Mozambique,16.5,FALSE,49.59621356,FALSE
541,2021,Mozambique,18.9303642741678,TRUE,42.66671846,FALSE
551,1960,Zambia,0,TRUE,0,FALSE
551,1961,Zambia,0,TRUE,0,TRUE
551,1962,Zambia,0,TRUE,0,TRUE
551,1963,Zambia,0,TRUE,0,TRUE
551,1964,Zambia,0,TRUE,0,TRUE
551,1965,Zambia,0,TRUE,0,FALSE
551,1966,Zambia,0,TRUE,0,TRUE
551,1967,Zambia,0,TRUE,0,TRUE
551,1968,Zambia,0,TRUE,0,TRUE
551,1969,Zambia,0,TRUE,0,TRUE
551,1970,Zambia,0,TRUE,0,FALSE
551,1971,Zambia,0,TRUE,0,TRUE
551,1972,Zambia,0,TRUE,0,TRUE
551,1973,Zambia,0,TRUE,0,TRUE
551,1974,Zambia,0,TRUE,0,TRUE
551,1975,Zambia,0,TRUE,0,FALSE
551,1976,Zambia,0,TRUE,0,FALSE
551,1977,Zambia,0,TRUE,0,FALSE
551,1978,Zambia,0,TRUE,0,FALSE
551,1979,Zambia,0,TRUE,0,FALSE
551,1980,Zambia,0,TRUE,0,FALSE
551,1981,Zambia,0,TRUE,0,FALSE
551,1982,Zambia,0,TRUE,0,FALSE
551,1983,Zambia,0,TRUE,0,FALSE
551,1984,Zambia,0,TRUE,0,FALSE
551,1985,Zambia,0,TRUE,0,FALSE
551,1986,Zambia,0,TRUE,0,FALSE
551,1987,Zambia,0,TRUE,0,FALSE
551,1988,Zambia,0,TRUE,0,FALSE
551,1989,Zambia,0,TRUE,0,FALSE
551,1990,Zambia,0,FALSE,0,FALSE
551,1991,Zambia,0,FALSE,0,FALSE
551,1992,Zambia,0,FALSE,0,FALSE
551,1993,Zambia,0,FALSE,0,FALSE
551,1994,Zambia,0.006776105,FALSE,0,FALSE
551,1995,Zambia,0.008783623,FALSE,0.017814096,FALSE
551,1996,Zambia,0.009069176,FALSE,0.0305661,FALSE
551,1997,Zambia,0.009329658,FALSE,0.049818486,FALSE
551,1998,Zambia,0.030226183,FALSE,0.088130826,FALSE
551,1999,Zambia,0.147053172,FALSE,0.292997637,FALSE
551,2000,Zambia,0.191071643,FALSE,0.999409977,FALSE
551,2001,Zambia,0.233129556,FALSE,1.189172175,FALSE
551,2002,Zambia,0.477750907,FALSE,1.323640165,FALSE
551,2003,Zambia,0.980483039,FALSE,2.223663041,FALSE
551,2004,Zambia,1.1,FALSE,4.150449945,FALSE
551,2005,Zambia,1.3,FALSE,8.210719187,FALSE
551,2006,Zambia,1.6,FALSE,13.89398615,FALSE
551,2007,Zambia,1.9,FALSE,21.27891039,FALSE
551,2008,Zambia,2.2,FALSE,27.53452394,FALSE
551,2009,Zambia,2.5,FALSE,33.08795024,FALSE
551,2010,Zambia,3,FALSE,39.493598,FALSE
551,2011,Zambia,3.5,FALSE,57.23159576,FALSE
551,2012,Zambia,4.1,FALSE,71.3795871,FALSE
551,2013,Zambia,4.8,FALSE,68.23641206,FALSE
551,2014,Zambia,6.5,FALSE,64.27119101,FALSE
551,2015,Zambia,8.8,FALSE,71.13220948,FALSE
551,2016,Zambia,10.3,FALSE,71.66749335,FALSE
551,2017,Zambia,12.2,FALSE,77.68815498,FALSE
551,2018,Zambia,14.2999971,FALSE,86.73672801,FALSE
551,2019,Zambia,16.8,FALSE,93.68966322,FALSE
551,2020,Zambia,19.8,FALSE,100.932458,FALSE
551,2021,Zambia,23.58082136950874,TRUE,103.9746368,FALSE
552,1960,Zimbabwe,0,TRUE,0,FALSE
552,1961,Zimbabwe,0,TRUE,0,TRUE
552,1962,Zimbabwe,0,TRUE,0,TRUE
552,1963,Zimbabwe,0,TRUE,0,TRUE
552,1964,Zimbabwe,0,TRUE,0,TRUE
552,1965,Zimbabwe,0,TRUE,0,FALSE
552,1966,Zimbabwe,0,TRUE,0,TRUE
552,1967,Zimbabwe,0,TRUE,0,TRUE
552,1968,Zimbabwe,0,TRUE,0,TRUE
552,1969,Zimbabwe,0,TRUE,0,TRUE
552,1970,Zimbabwe,0,TRUE,0,FALSE
552,1971,Zimbabwe,0,TRUE,0,TRUE
552,1972,Zimbabwe,0,TRUE,0,TRUE
552,1973,Zimbabwe,0,TRUE,0,TRUE
552,1974,Zimbabwe,0,TRUE,0,TRUE
552,1975,Zimbabwe,0,TRUE,0,FALSE
552,1976,Zimbabwe,0,TRUE,0,FALSE
552,1977,Zimbabwe,0,TRUE,0,FALSE
552,1978,Zimbabwe,0,TRUE,0,FALSE
552,1979,Zimbabwe,0,TRUE,0,FALSE
552,1980,Zimbabwe,0,TRUE,0,FALSE
552,1981,Zimbabwe,0,TRUE,0,FALSE
552,1982,Zimbabwe,0,TRUE,0,FALSE
552,1983,Zimbabwe,0,TRUE,0,FALSE
552,1984,Zimbabwe,0,TRUE,0,FALSE
552,1985,Zimbabwe,0,TRUE,0,FALSE
552,1986,Zimbabwe,0,TRUE,0,FALSE
552,1987,Zimbabwe,0,TRUE,0,FALSE
552,1988,Zimbabwe,0,TRUE,0,FALSE
552,1989,Zimbabwe,0,TRUE,0,FALSE
552,1990,Zimbabwe,0,FALSE,0,FALSE
552,1991,Zimbabwe,0,FALSE,0,FALSE
552,1992,Zimbabwe,0,FALSE,0,FALSE
552,1993,Zimbabwe,0,FALSE,0,FALSE
552,1994,Zimbabwe,0.00173928,FALSE,0,FALSE
552,1995,Zimbabwe,0.00768354,FALSE,0,FALSE
552,1996,Zimbabwe,0.016790484,FALSE,0,FALSE
552,1997,Zimbabwe,0.033080327,FALSE,0.050464682,FALSE
552,1998,Zimbabwe,0.081648476,FALSE,0.164525469,FALSE
552,1999,Zimbabwe,0.161675528,FALSE,1.485090967,FALSE
552,2000,Zimbabwe,0.401433535,FALSE,2.251358635,FALSE
552,2001,Zimbabwe,0.799846046,FALSE,2.636240282,FALSE
552,2002,Zimbabwe,1.1,FALSE,2.826775664,FALSE
552,2003,Zimbabwe,1.8,FALSE,3.011395989,FALSE
552,2004,Zimbabwe,2.1,FALSE,3.500938501,FALSE
552,2005,Zimbabwe,2.4,FALSE,5.293440718,FALSE
552,2006,Zimbabwe,2.4,FALSE,6.886555198,FALSE
552,2007,Zimbabwe,3,FALSE,9.844161327,FALSE
552,2008,Zimbabwe,3.5,FALSE,13.18466229,FALSE
552,2009,Zimbabwe,4,FALSE,31.47523504,FALSE
552,2010,Zimbabwe,6.4,FALSE,59.96992158,FALSE
552,2011,Zimbabwe,8.4,FALSE,70.62914059,FALSE
552,2012,Zimbabwe,12,FALSE,95.08948552,FALSE
552,2013,Zimbabwe,15.5,FALSE,100.5735343,FALSE
552,2014,Zimbabwe,16.36473996,FALSE,85.15345214,FALSE
552,2015,Zimbabwe,22.7428181,FALSE,90.12692886,FALSE
552,2016,Zimbabwe,23.11998904,FALSE,89.11084044,FALSE
552,2017,Zimbabwe,24.4,FALSE,95.5325572,FALSE
552,2018,Zimbabwe,25,FALSE,85.76158782,FALSE
552,2019,Zimbabwe,25.1,FALSE,85.94098918,FALSE
552,2020,Zimbabwe,29.29856595,FALSE,84.1862743,FALSE
552,2021,Zimbabwe,36.383366758208254,TRUE,89.14601935,FALSE
553,1960,Malawi,0,TRUE,0,FALSE
553,1961,Malawi,0,TRUE,0,TRUE
553,1962,Malawi,0,TRUE,0,TRUE
553,1963,Malawi,0,TRUE,0,TRUE
553,1964,Malawi,0,TRUE,0,TRUE
553,1965,Malawi,0,TRUE,0,FALSE
553,1966,Malawi,0,TRUE,0,TRUE
553,1967,Malawi,0,TRUE,0,TRUE
553,1968,Malawi,0,TRUE,0,TRUE
553,1969,Malawi,0,TRUE,0,TRUE
553,1970,Malawi,0,TRUE,0,FALSE
553,1971,Malawi,0,TRUE,0,TRUE
553,1972,Malawi,0,TRUE,0,TRUE
553,1973,Malawi,0,TRUE,0,TRUE
553,1974,Malawi,0,TRUE,0,TRUE
553,1975,Malawi,0,TRUE,0,FALSE
553,1976,Malawi,0,TRUE,0,FALSE
553,1977,Malawi,0,TRUE,0,FALSE
553,1978,Malawi,0,TRUE,0,FALSE
553,1979,Malawi,0,TRUE,0,FALSE
553,1980,Malawi,0,TRUE,0,FALSE
553,1981,Malawi,0,TRUE,0,FALSE
553,1982,Malawi,0,TRUE,0,FALSE
553,1983,Malawi,0,TRUE,0,FALSE
553,1984,Malawi,0,TRUE,0,FALSE
553,1985,Malawi,0,TRUE,0,FALSE
553,1986,Malawi,0,TRUE,0,FALSE
553,1987,Malawi,0,TRUE,0,FALSE
553,1988,Malawi,0,TRUE,0,FALSE
553,1989,Malawi,0,TRUE,0,FALSE
553,1990,Malawi,0,FALSE,0,FALSE
553,1991,Malawi,0,FALSE,0,FALSE
553,1992,Malawi,0,FALSE,0,FALSE
553,1993,Malawi,0,FALSE,0,FALSE
553,1994,Malawi,0,FALSE,0,FALSE
553,1995,Malawi,0,FALSE,0.003777385,FALSE
553,1996,Malawi,0,TRUE,0.03588565,FALSE
553,1997,Malawi,0.004668518,FALSE,0.066586269,FALSE
553,1998,Malawi,0.018057365,FALSE,0.097834084,FALSE
553,1999,Malawi,0.087278755,FALSE,0.205030893,FALSE
553,2000,Malawi,0.126780945,FALSE,0.436355074,FALSE
553,2001,Malawi,0.164020725,FALSE,0.48465851,FALSE
553,2002,Malawi,0.215094727,FALSE,0.730171111,FALSE
553,2003,Malawi,0.278815116,FALSE,1.11775638,FALSE
553,2004,Malawi,0.347505335,FALSE,1.789774224,FALSE
553,2005,Malawi,0.384489334,FALSE,3.301776593,FALSE
553,2006,Malawi,0.42513749,FALSE,4.727462525,FALSE
553,2007,Malawi,0.965864737,FALSE,7.786705799,FALSE
553,2008,Malawi,0.7,FALSE,10.85490815,FALSE
553,2009,Malawi,1.07,FALSE,17.38343815,FALSE
553,2010,Malawi,2.26,FALSE,21.18001509,FALSE
553,2011,Malawi,3.33,FALSE,26.08970999,FALSE
553,2012,Malawi,4.3506,FALSE,29.82362776,FALSE
553,2013,Malawi,5.05,FALSE,33.01165645,FALSE
553,2014,Malawi,5.83,FALSE,34.18209505,FALSE
553,2015,Malawi,6,FALSE,38.76692535,FALSE
553,2016,Malawi,6.3,FALSE,41.24175037,FALSE
553,2017,Malawi,7,FALSE,43.46753766,FALSE
553,2018,Malawi,8,FALSE,38.52869707,FALSE
553,2019,Malawi,9.9,FALSE,47.17691214,FALSE
553,2020,Malawi,11.868834210724916,TRUE,51.6315658,FALSE
553,2021,Malawi,13.801704272401608,TRUE,60.03162334,FALSE
560,1960,South Africa,0,TRUE,0,FALSE
560,1961,South Africa,0,TRUE,0,TRUE
560,1962,South Africa,0,TRUE,0,TRUE
560,1963,South Africa,0,TRUE,0,TRUE
560,1964,South Africa,0,TRUE,0,TRUE
560,1965,South Africa,0,TRUE,0,FALSE
560,1966,South Africa,0,TRUE,0,TRUE
560,1967,South Africa,0,TRUE,0,TRUE
560,1968,South Africa,0,TRUE,0,TRUE
560,1969,South Africa,0,TRUE,0,TRUE
560,1970,South Africa,0,TRUE,0,FALSE
560,1971,South Africa,0,TRUE,0,TRUE
560,1972,South Africa,0,TRUE,0,TRUE
560,1973,South Africa,0,TRUE,0,TRUE
560,1974,South Africa,0,TRUE,0,TRUE
560,1975,South Africa,0,TRUE,0,FALSE
560,1976,South Africa,0,TRUE,0,FALSE
560,1977,South Africa,0,TRUE,0,FALSE
560,1978,South Africa,0,TRUE,0,FALSE
560,1979,South Africa,0,TRUE,0,FALSE
560,1980,South Africa,0,TRUE,0,FALSE
560,1981,South Africa,0,TRUE,0,FALSE
560,1982,South Africa,0,TRUE,0,FALSE
560,1983,South Africa,0,TRUE,0,FALSE
560,1984,South Africa,0,TRUE,0,FALSE
560,1985,South Africa,0,TRUE,0,FALSE
560,1986,South Africa,0,TRUE,0,FALSE
560,1987,South Africa,0,TRUE,0,FALSE
560,1988,South Africa,0,TRUE,0,FALSE
560,1989,South Africa,0,TRUE,0.010292566,FALSE
560,1990,South Africa,0,FALSE,0.014243596,FALSE
560,1991,South Africa,0.013283591,FALSE,0.017354763,FALSE
560,1992,South Africa,0.038869106,FALSE,0.029956355,FALSE
560,1993,South Africa,0.113747184,FALSE,0.094061343,FALSE
560,1994,South Africa,0.246905533,FALSE,0.785800456,FALSE
560,1995,South Africa,0.676740104,FALSE,1.216293771,FALSE
560,1996,South Africa,0.841882931,FALSE,2.133823992,FALSE
560,1997,South Africa,1.632093791,FALSE,4.054318326,FALSE
560,1998,South Africa,2.906220867,FALSE,7.27773689,FALSE
560,1999,South Africa,4.116249583,FALSE,11.18955156,FALSE
560,2000,South Africa,5.348559732,FALSE,17.81332668,FALSE
560,2001,South Africa,6.346619318,FALSE,22.83943536,FALSE
560,2002,South Africa,6.710322437,FALSE,28.7485622,FALSE
560,2003,South Africa,7.007691726,FALSE,35.0490254,FALSE
560,2004,South Africa,8.4251186830000009,FALSE,42.91739338,FALSE
560,2005,South Africa,7.48854253,FALSE,69.28179094,FALSE
560,2006,South Africa,7.607139675,FALSE,80.13859924,FALSE
560,2007,South Africa,8.065375174,FALSE,84.60660947,FALSE
560,2008,South Africa,8.43,FALSE,88.99293459,FALSE
560,2009,South Africa,10,FALSE,90.74710393,FALSE
560,2010,South Africa,24,FALSE,97.27155903,FALSE
560,2011,South Africa,33.97,FALSE,122.0365009,FALSE
560,2012,South Africa,41,FALSE,128.6931179,FALSE
560,2013,South Africa,46.5,FALSE,142.6770351,FALSE
560,2014,South Africa,49,FALSE,144.8590927,FALSE
560,2015,South Africa,51.91911572,FALSE,157.4892588,FALSE
560,2016,South Africa,54,FALSE,146.0644426,FALSE
560,2017,South Africa,56.16739447,FALSE,156.24244530000001,FALSE
560,2018,South Africa,62.4,FALSE,161.1938374,FALSE
560,2019,South Africa,68.2,FALSE,166.9433215,FALSE
560,2020,South Africa,70,FALSE,163.1909795,FALSE
560,2021,South Africa,78.56807097817743,TRUE,168.9243909,FALSE
565,1960,Namibia,0,TRUE,0,FALSE
565,1961,Namibia,0,TRUE,0,TRUE
565,1962,Namibia,0,TRUE,0,TRUE
565,1963,Namibia,0,TRUE,0,TRUE
565,1964,Namibia,0,TRUE,0,TRUE
565,1965,Namibia,0,TRUE,0,FALSE
565,1966,Namibia,0,TRUE,0,TRUE
565,1967,Namibia,0,TRUE,0,TRUE
565,1968,Namibia,0,TRUE,0,TRUE
565,1969,Namibia,0,TRUE,0,TRUE
565,1970,Namibia,0,TRUE,0,FALSE
565,1971,Namibia,0,TRUE,0,TRUE
565,1972,Namibia,0,TRUE,0,TRUE
565,1973,Namibia,0,TRUE,0,TRUE
565,1974,Namibia,0,TRUE,0,TRUE
565,1975,Namibia,0,TRUE,0,FALSE
565,1976,Namibia,0,TRUE,0,FALSE
565,1977,Namibia,0,TRUE,0,FALSE
565,1978,Namibia,0,TRUE,0,FALSE
565,1979,Namibia,0,TRUE,0,FALSE
565,1980,Namibia,0,TRUE,0,FALSE
565,1981,Namibia,0,TRUE,0,FALSE
565,1982,Namibia,0,TRUE,0,FALSE
565,1983,Namibia,0,TRUE,0,FALSE
565,1984,Namibia,0,TRUE,0,FALSE
565,1985,Namibia,0,TRUE,0,FALSE
565,1986,Namibia,0,TRUE,0,FALSE
565,1987,Namibia,0,TRUE,0,FALSE
565,1988,Namibia,0,TRUE,0,FALSE
565,1989,Namibia,0,TRUE,0,FALSE
565,1990,Namibia,0,FALSE,0,FALSE
565,1991,Namibia,0,FALSE,0,FALSE
565,1992,Namibia,0,FALSE,0,FALSE
565,1993,Namibia,0,FALSE,0,FALSE
565,1994,Namibia,0,FALSE,0,FALSE
565,1995,Namibia,0.006172051,FALSE,0.218018276,FALSE
565,1996,Namibia,0.009032145,FALSE,0.402650561,FALSE
565,1997,Namibia,0.058750679,FALSE,0.738228794,FALSE
565,1998,Namibia,0.286745093,FALSE,1.123302301,FALSE
565,1999,Namibia,0.336217708,FALSE,1.687026262,FALSE
565,2000,Namibia,1.644739547,FALSE,4.507622004,FALSE
565,2001,Namibia,2.416979442,FALSE,5.742290732,FALSE
565,2002,Namibia,2.633699769,FALSE,7.94270661,FALSE
565,2003,Namibia,3.359839886,FALSE,11.6773562,FALSE
565,2004,Namibia,3.804715615,FALSE,14.7516817,FALSE
565,2005,Namibia,4.010046644,FALSE,22.86744121,FALSE
565,2006,Namibia,4.398870647,FALSE,30.64828714,FALSE
565,2007,Namibia,4.835610778,FALSE,39.78489599,FALSE
565,2008,Namibia,5.329003772,FALSE,51.60525706,FALSE
565,2009,Namibia,6.5,FALSE,78.89937715,FALSE
565,2010,Namibia,11.6,FALSE,92.89286276,FALSE
565,2011,Namibia,12,FALSE,102.9148729,FALSE
565,2012,Namibia,12.9414,FALSE,99.0478761,FALSE
565,2013,Namibia,13.9,FALSE,123.7423736,FALSE
565,2014,Namibia,14.84,FALSE,119.0807762,FALSE
565,2015,Namibia,25.68785182,FALSE,111.7016048,FALSE
565,2016,Namibia,31.03334594,FALSE,114.4876454,FALSE
565,2017,Namibia,36.83740647,FALSE,113.3498609,FALSE
565,2018,Namibia,40,FALSE,114.6990872,FALSE
565,2019,Namibia,40.5,FALSE,115.4093117,FALSE
565,2020,Namibia,41,FALSE,116.4327399,FALSE
565,2021,Namibia,51.71719598128625,TRUE,115.2226488,FALSE
570,1960,Lesotho,0,TRUE,0,FALSE
570,1961,Lesotho,0,TRUE,0,TRUE
570,1962,Lesotho,0,TRUE,0,TRUE
570,1963,Lesotho,0,TRUE,0,TRUE
570,1964,Lesotho,0,TRUE,0,TRUE
570,1965,Lesotho,0,TRUE,0,FALSE
570,1966,Lesotho,0,TRUE,0,TRUE
570,1967,Lesotho,0,TRUE,0,TRUE
570,1968,Lesotho,0,TRUE,0,TRUE
570,1969,Lesotho,0,TRUE,0,TRUE
570,1970,Lesotho,0,TRUE,0,FALSE
570,1971,Lesotho,0,TRUE,0,TRUE
570,1972,Lesotho,0,TRUE,0,TRUE
570,1973,Lesotho,0,TRUE,0,TRUE
570,1974,Lesotho,0,TRUE,0,TRUE
570,1975,Lesotho,0,TRUE,0,FALSE
570,1976,Lesotho,0,TRUE,0,FALSE
570,1977,Lesotho,0,TRUE,0,FALSE
570,1978,Lesotho,0,TRUE,0,FALSE
570,1979,Lesotho,0,TRUE,0,FALSE
570,1980,Lesotho,0,TRUE,0,FALSE
570,1981,Lesotho,0,TRUE,0,FALSE
570,1982,Lesotho,0,TRUE,0,FALSE
570,1983,Lesotho,0,TRUE,0,FALSE
570,1984,Lesotho,0,TRUE,0,FALSE
570,1985,Lesotho,0,TRUE,0,FALSE
570,1986,Lesotho,0,TRUE,0,FALSE
570,1987,Lesotho,0,TRUE,0,FALSE
570,1988,Lesotho,0,TRUE,0,FALSE
570,1989,Lesotho,0,TRUE,0,FALSE
570,1990,Lesotho,0,FALSE,0,FALSE
570,1991,Lesotho,0,FALSE,0,FALSE
570,1992,Lesotho,0,FALSE,0,FALSE
570,1993,Lesotho,0,FALSE,0,FALSE
570,1994,Lesotho,0,FALSE,0,FALSE
570,1995,Lesotho,0,FALSE,0,FALSE
570,1996,Lesotho,0.00284594,FALSE,0.064549194,FALSE
570,1997,Lesotho,0.005584433,FALSE,0.177432691,FALSE
570,1998,Lesotho,0.010956533,FALSE,0.495105102,FALSE
570,1999,Lesotho,0.05380446,FALSE,0.601732086,FALSE
570,2000,Lesotho,0.21180607,FALSE,1.080740307,FALSE
570,2001,Lesotho,0.261150063,FALSE,2.850751173,FALSE
570,2002,Lesotho,1.083943137,FALSE,6.906165302,FALSE
570,2003,Lesotho,1.53249659,FALSE,6.31952354,FALSE
570,2004,Lesotho,2.175524339,FALSE,9.882874044,FALSE
570,2005,Lesotho,2.580245484,FALSE,12.63188876,FALSE
570,2006,Lesotho,2.979708187,FALSE,18.10585902,FALSE
570,2007,Lesotho,3.44543126,FALSE,24.32384741,FALSE
570,2008,Lesotho,3.58,FALSE,29.73492918,FALSE
570,2009,Lesotho,3.72,FALSE,32.89917374,FALSE
570,2010,Lesotho,3.86,FALSE,48.81717783,FALSE
570,2011,Lesotho,7,FALSE,60.47837807,FALSE
570,2012,Lesotho,10,FALSE,75.18379651,FALSE
570,2013,Lesotho,15,FALSE,86.32341646,FALSE
570,2014,Lesotho,22,FALSE,102.0783757,FALSE
570,2015,Lesotho,25,FALSE,101.020571,FALSE
570,2016,Lesotho,32.45385695,FALSE,106.485695,FALSE
570,2017,Lesotho,39,FALSE,109.6832836,FALSE
570,2018,Lesotho,40.8,FALSE,71.9803805,FALSE
570,2019,Lesotho,42.30173357,FALSE,75.55517315,FALSE
570,2020,Lesotho,43,FALSE,69.32469722,FALSE
570,2021,Lesotho,56.34845378766974,TRUE,79.83391293,FALSE
571,1960,Botswana,0,FALSE,0,FALSE
571,1961,Botswana,0,TRUE,0,TRUE
571,1962,Botswana,0,TRUE,0,TRUE
571,1963,Botswana,0,TRUE,0,TRUE
571,1964,Botswana,0,TRUE,0,TRUE
571,1965,Botswana,0,FALSE,0,FALSE
571,1966,Botswana,0,TRUE,0,TRUE
571,1967,Botswana,0,TRUE,0,TRUE
571,1968,Botswana,0,TRUE,0,TRUE
571,1969,Botswana,0,TRUE,0,TRUE
571,1970,Botswana,0,FALSE,0,FALSE
571,1971,Botswana,0,TRUE,0,TRUE
571,1972,Botswana,0,TRUE,0,TRUE
571,1973,Botswana,0,TRUE,0,TRUE
571,1974,Botswana,0,TRUE,0,TRUE
571,1975,Botswana,0,FALSE,0,FALSE
571,1976,Botswana,0,FALSE,0,FALSE
571,1977,Botswana,0,FALSE,0,FALSE
571,1978,Botswana,0,FALSE,0,FALSE
571,1979,Botswana,0,FALSE,0,FALSE
571,1980,Botswana,0,FALSE,0,FALSE
571,1981,Botswana,0,FALSE,0,FALSE
571,1982,Botswana,0,FALSE,0,FALSE
571,1983,Botswana,0,FALSE,0,FALSE
571,1984,Botswana,0,FALSE,0,FALSE
571,1985,Botswana,0,FALSE,0,FALSE
571,1986,Botswana,0,FALSE,0,FALSE
571,1987,Botswana,0,FALSE,0,FALSE
571,1988,Botswana,0,FALSE,0,FALSE
571,1989,Botswana,0,FALSE,0,FALSE
571,1990,Botswana,0,FALSE,0,FALSE
571,1991,Botswana,0,FALSE,0,FALSE
571,1992,Botswana,0,FALSE,0,FALSE
571,1993,Botswana,0,FALSE,0,FALSE
571,1994,Botswana,0,FALSE,0,FALSE
571,1995,Botswana,0.064521041,FALSE,0,FALSE
571,1996,Botswana,0.15745423,FALSE,0,FALSE
571,1997,Botswana,0.30774685,FALSE,0,FALSE
571,1998,Botswana,0.602400929,FALSE,0.917437288,FALSE
571,1999,Botswana,1.122391474,FALSE,5.438773013,FALSE
571,2000,Botswana,2.902666622,FALSE,12.86577475,FALSE
571,2001,Botswana,3.430886787,FALSE,18.8579569,FALSE
571,2002,Botswana,3.385922351,FALSE,18.50918875,FALSE
571,2003,Botswana,3.345190174,FALSE,24.3574915,FALSE
571,2004,Botswana,3.304889253,FALSE,28.12351237,FALSE
571,2005,Botswana,3.262554036,FALSE,29.78549847,FALSE
571,2006,Botswana,4.289932975,FALSE,42.67477021,FALSE
571,2007,Botswana,5.28,FALSE,58.55487888,FALSE
571,2008,Botswana,6.25,FALSE,74.01864177,FALSE
571,2009,Botswana,6.15,FALSE,91.46431156,FALSE
571,2010,Botswana,6,FALSE,112.991905,FALSE
571,2011,Botswana,9,FALSE,135.9050007,FALSE
571,2012,Botswana,16,FALSE,141.6608709,FALSE
571,2013,Botswana,30,FALSE,146.4312098,FALSE
571,2014,Botswana,36.74474744,FALSE,150.8822868,FALSE
571,2015,Botswana,37.31205037,FALSE,150.7621557,FALSE
571,2016,Botswana,39.36299738,FALSE,139.8131113,FALSE
571,2017,Botswana,41.41379464,FALSE,134.9211022,FALSE
571,2018,Botswana,58,FALSE,137.9300386,FALSE
571,2019,Botswana,61,FALSE,149.8882667,FALSE
571,2020,Botswana,64,FALSE,150.3850531,FALSE
571,2021,Botswana,72.84792705077543,TRUE,160.7369816,FALSE
572,1960,Eswatini,0,TRUE,0,FALSE
572,1961,Eswatini,0,TRUE,0,TRUE
572,1962,Eswatini,0,TRUE,0,TRUE
572,1963,Eswatini,0,TRUE,0,TRUE
572,1964,Eswatini,0,TRUE,0,TRUE
572,1965,Eswatini,0,TRUE,0,FALSE
572,1966,Eswatini,0,TRUE,0,TRUE
572,1967,Eswatini,0,TRUE,0,TRUE
572,1968,Eswatini,0,TRUE,0,TRUE
572,1969,Eswatini,0,TRUE,0,TRUE
572,1970,Eswatini,0,TRUE,0,FALSE
572,1971,Eswatini,0,TRUE,0,TRUE
572,1972,Eswatini,0,TRUE,0,TRUE
572,1973,Eswatini,0,TRUE,0,TRUE
572,1974,Eswatini,0,TRUE,0,TRUE
572,1975,Eswatini,0,TRUE,0,FALSE
572,1976,Eswatini,0,TRUE,0,FALSE
572,1977,Eswatini,0,TRUE,0,FALSE
572,1978,Eswatini,0,TRUE,0,FALSE
572,1979,Eswatini,0,TRUE,0,FALSE
572,1980,Eswatini,0,TRUE,0,FALSE
572,1981,Eswatini,0,TRUE,0,FALSE
572,1982,Eswatini,0,TRUE,0,FALSE
572,1983,Eswatini,0,TRUE,0,FALSE
572,1984,Eswatini,0,TRUE,0,FALSE
572,1985,Eswatini,0,TRUE,0,FALSE
572,1986,Eswatini,0,TRUE,0,FALSE
572,1987,Eswatini,0,TRUE,0,FALSE
572,1988,Eswatini,0,TRUE,0,FALSE
572,1989,Eswatini,0,TRUE,0,FALSE
572,1990,Eswatini,0,FALSE,0,FALSE
572,1991,Eswatini,0,FALSE,0,FALSE
572,1992,Eswatini,0,FALSE,0,FALSE
572,1993,Eswatini,0,FALSE,0,FALSE
572,1994,Eswatini,0,FALSE,0,FALSE
572,1995,Eswatini,0.00103175,FALSE,0,FALSE
572,1996,Eswatini,0.050399009,FALSE,0,FALSE
572,1997,Eswatini,0.088545986,FALSE,0,FALSE
572,1998,Eswatini,0.096099605,FALSE,0.46758818,FALSE
572,1999,Eswatini,0.4707176,FALSE,1.374745917,FALSE
572,2000,Eswatini,0.926191777,FALSE,3.202341397,FALSE
572,2001,Eswatini,1.28159005,FALSE,5.281372312,FALSE
572,2002,Eswatini,1.816203807,FALSE,6.471204567,FALSE
572,2003,Eswatini,2.437073851,FALSE,8.027978923,FALSE
572,2004,Eswatini,3.228685073,FALSE,13.60526345,FALSE
572,2005,Eswatini,3.696961073,FALSE,18.65870065,FALSE
572,2006,Eswatini,3.696538789,FALSE,23.19679699,FALSE
572,2007,Eswatini,4.1,FALSE,35.05509184,FALSE
572,2008,Eswatini,6.85,FALSE,48.780405,FALSE
572,2009,Eswatini,8.94,FALSE,60.68503936,FALSE
572,2010,Eswatini,11.04,FALSE,65.98679904,FALSE
572,2011,Eswatini,18.13,FALSE,69.34685278,FALSE
572,2012,Eswatini,20.78178258,FALSE,72.42830048,FALSE
572,2013,Eswatini,24.7,FALSE,79.85199214,FALSE
572,2014,Eswatini,25,FALSE,81.43072216,FALSE
572,2015,Eswatini,25.64304231,FALSE,82.98528312,FALSE
572,2016,Eswatini,28.57,FALSE,87.08788612,FALSE
572,2017,Eswatini,30.3,FALSE,91.36782498,FALSE
572,2018,Eswatini,38.95416480082765,TRUE,94.28294724682426,TRUE
572,2019,Eswatini,43.650853755719375,TRUE,100.5460781,FALSE
572,2020,Eswatini,48.46425294006953,TRUE,105.2805434,FALSE
572,2021,Eswatini,53.30631380913223,TRUE,96.02970838405881,TRUE
580,1960,Madagascar,0,TRUE,0,FALSE
580,1961,Madagascar,0,TRUE,0,TRUE
580,1962,Madagascar,0,TRUE,0,TRUE
580,1963,Madagascar,0,TRUE,0,TRUE
580,1964,Madagascar,0,TRUE,0,TRUE
580,1965,Madagascar,0,TRUE,0,FALSE
580,1966,Madagascar,0,TRUE,0,TRUE
580,1967,Madagascar,0,TRUE,0,TRUE
580,1968,Madagascar,0,TRUE,0,TRUE
580,1969,Madagascar,0,TRUE,0,TRUE
580,1970,Madagascar,0,TRUE,0,FALSE
580,1971,Madagascar,0,TRUE,0,TRUE
580,1972,Madagascar,0,TRUE,0,TRUE
580,1973,Madagascar,0,TRUE,0,TRUE
580,1974,Madagascar,0,TRUE,0,TRUE
580,1975,Madagascar,0,TRUE,0,FALSE
580,1976,Madagascar,0,TRUE,0,FALSE
580,1977,Madagascar,0,TRUE,0,FALSE
580,1978,Madagascar,0,TRUE,0,FALSE
580,1979,Madagascar,0,TRUE,0,FALSE
580,1980,Madagascar,0,TRUE,0,FALSE
580,1981,Madagascar,0,TRUE,0,FALSE
580,1982,Madagascar,0,TRUE,0,FALSE
580,1983,Madagascar,0,TRUE,0,FALSE
580,1984,Madagascar,0,TRUE,0,FALSE
580,1985,Madagascar,0,TRUE,0,FALSE
580,1986,Madagascar,0,TRUE,0,FALSE
580,1987,Madagascar,0,TRUE,0,FALSE
580,1988,Madagascar,0,TRUE,0,FALSE
580,1989,Madagascar,0,TRUE,0,FALSE
580,1990,Madagascar,0,FALSE,0,FALSE
580,1991,Madagascar,0,FALSE,0,FALSE
580,1992,Madagascar,0,FALSE,0,FALSE
580,1993,Madagascar,0,FALSE,0,FALSE
580,1994,Madagascar,0,FALSE,0.002232787,FALSE
580,1995,Madagascar,0,FALSE,0.009373329,FALSE
580,1996,Madagascar,0.003695196,FALSE,0.016064309,FALSE
580,1997,Madagascar,0.014333647,FALSE,0.02774225,FALSE
580,1998,Madagascar,0.062561023,FALSE,0.083824374,FALSE
580,1999,Madagascar,0.168608781,FALSE,0.227272669,FALSE
580,2000,Madagascar,0.196394691,FALSE,0.389074513,FALSE
580,2001,Madagascar,0.222511586,FALSE,0.882722664,FALSE
580,2002,Madagascar,0.339720155,FALSE,0.947075442,FALSE
580,2003,Madagascar,0.423252419,FALSE,1.600434657,FALSE
580,2004,Madagascar,0.525353655,FALSE,1.829445699,FALSE
580,2005,Madagascar,0.567721802,FALSE,2.715327569,FALSE
580,2006,Madagascar,0.607552239,FALSE,5.405022424,FALSE
580,2007,Madagascar,0.65,FALSE,11.1298202,FALSE
580,2008,Madagascar,1.65,FALSE,23.57089558,FALSE
580,2009,Madagascar,1.63,FALSE,29.75693339,FALSE
580,2010,Madagascar,1.7,FALSE,35.48710226,FALSE
580,2011,Madagascar,1.9,FALSE,38.84334449,FALSE
580,2012,Madagascar,2.3,FALSE,38.22393217,FALSE
580,2013,Madagascar,3,FALSE,35.87033159,FALSE
580,2014,Madagascar,3.7,FALSE,40.11353084,FALSE
580,2015,Madagascar,4.17397219,FALSE,43.03168029,FALSE
580,2016,Madagascar,4.713662899,FALSE,31.36331074,FALSE
580,2017,Madagascar,9.8,FALSE,33.36129841,FALSE
580,2018,Madagascar,15,FALSE,39.68745918,FALSE
580,2019,Madagascar,18.971724906310477,TRUE,47.22673416,FALSE
580,2020,Madagascar,25.434733433191223,TRUE,56.2228538,FALSE
580,2021,Madagascar,33.197415365755944,TRUE,56.30041625,FALSE
581,1960,Comoros,0,TRUE,0,FALSE
581,1961,Comoros,0,TRUE,0,TRUE
581,1962,Comoros,0,TRUE,0,TRUE
581,1963,Comoros,0,TRUE,0,TRUE
581,1964,Comoros,0,TRUE,0,TRUE
581,1965,Comoros,0,TRUE,0,FALSE
581,1966,Comoros,0,TRUE,0,TRUE
581,1967,Comoros,0,TRUE,0,TRUE
581,1968,Comoros,0,TRUE,0,TRUE
581,1969,Comoros,0,TRUE,0,TRUE
581,1970,Comoros,0,TRUE,0,FALSE
581,1971,Comoros,0,TRUE,0,TRUE
581,1972,Comoros,0,TRUE,0,TRUE
581,1973,Comoros,0,TRUE,0,TRUE
581,1974,Comoros,0,TRUE,0,TRUE
581,1975,Comoros,0,TRUE,0,FALSE
581,1976,Comoros,0,TRUE,0,FALSE
581,1977,Comoros,0,TRUE,0,FALSE
581,1978,Comoros,0,TRUE,0,FALSE
581,1979,Comoros,0,TRUE,0,FALSE
581,1980,Comoros,0,TRUE,0,FALSE
581,1981,Comoros,0,TRUE,0,FALSE
581,1982,Comoros,0,TRUE,0,FALSE
581,1983,Comoros,0,TRUE,0,FALSE
581,1984,Comoros,0,TRUE,0,FALSE
581,1985,Comoros,0,TRUE,0,FALSE
581,1986,Comoros,0,TRUE,0,FALSE
581,1987,Comoros,0,TRUE,0,FALSE
581,1988,Comoros,0,TRUE,0,FALSE
581,1989,Comoros,0,TRUE,0,FALSE
581,1990,Comoros,0,FALSE,0,FALSE
581,1991,Comoros,0,FALSE,0,FALSE
581,1992,Comoros,0,FALSE,0,FALSE
581,1993,Comoros,0,FALSE,0,FALSE
581,1994,Comoros,0,FALSE,0,FALSE
581,1995,Comoros,0,FALSE,0,FALSE
581,1996,Comoros,0,TRUE,0,FALSE
581,1997,Comoros,0,FALSE,0,FALSE
581,1998,Comoros,0.03787097,FALSE,0,FALSE
581,1999,Comoros,0.148162964,FALSE,0,FALSE
581,2000,Comoros,0.271740607,FALSE,0,FALSE
581,2001,Comoros,0.443068373,FALSE,0,FALSE
581,2002,Comoros,0.554869675,FALSE,0,FALSE
581,2003,Comoros,0.84818937,FALSE,0.350797187,FALSE
581,2004,Comoros,1.327327178,FALSE,1.441614443,FALSE
581,2005,Comoros,2,FALSE,2.619106673,FALSE
581,2006,Comoros,2.2,FALSE,6.098819498,FALSE
581,2007,Comoros,2.5,FALSE,10.06710974,FALSE
581,2008,Comoros,3,FALSE,14.57432443,FALSE
581,2009,Comoros,3.5,FALSE,19.08129738,FALSE
581,2010,Comoros,5.1,FALSE,25.19389535,FALSE
581,2011,Comoros,5.5,FALSE,32.30080439,FALSE
581,2012,Comoros,5.975296308,FALSE,41.41555353,FALSE
581,2013,Comoros,6.5,FALSE,49.68601299,FALSE
581,2014,Comoros,6.98,FALSE,53.59551757,FALSE
581,2015,Comoros,7.459161386,FALSE,58.17265028,FALSE
581,2016,Comoros,7.938322771,FALSE,60.89111697,FALSE
581,2017,Comoros,8.478170295,FALSE,61.56441686,FALSE
581,2018,Comoros,11.003916052526165,TRUE,64.26561932,FALSE
581,2019,Comoros,12.47119055558681,TRUE,72.72164109,FALSE
581,2020,Comoros,14.103108963839569,TRUE,96.95013186,FALSE
581,2021,Comoros,15.909756985940039,TRUE,103.8731734,FALSE
590,1960,Mauritius,0,TRUE,0,FALSE
590,1961,Mauritius,0,TRUE,0,TRUE
590,1962,Mauritius,0,TRUE,0,TRUE
590,1963,Mauritius,0,TRUE,0,TRUE
590,1964,Mauritius,0,TRUE,0,TRUE
590,1965,Mauritius,0,TRUE,0,FALSE
590,1966,Mauritius,0,TRUE,0,TRUE
590,1967,Mauritius,0,TRUE,0,TRUE
590,1968,Mauritius,0,TRUE,0,TRUE
590,1969,Mauritius,0,TRUE,0,TRUE
590,1970,Mauritius,0,TRUE,0,FALSE
590,1971,Mauritius,0,TRUE,0,TRUE
590,1972,Mauritius,0,TRUE,0,TRUE
590,1973,Mauritius,0,TRUE,0,TRUE
590,1974,Mauritius,0,TRUE,0,TRUE
590,1975,Mauritius,0,TRUE,0,FALSE
590,1976,Mauritius,0,TRUE,0,FALSE
590,1977,Mauritius,0,TRUE,0,FALSE
590,1978,Mauritius,0,TRUE,0,FALSE
590,1979,Mauritius,0,TRUE,0,FALSE
590,1980,Mauritius,0,TRUE,0,FALSE
590,1981,Mauritius,0,TRUE,0,FALSE
590,1982,Mauritius,0,TRUE,0,FALSE
590,1983,Mauritius,0,TRUE,0,FALSE
590,1984,Mauritius,0,TRUE,0,FALSE
590,1985,Mauritius,0,TRUE,0,FALSE
590,1986,Mauritius,0,TRUE,0,FALSE
590,1987,Mauritius,0,TRUE,0,FALSE
590,1988,Mauritius,0,TRUE,0,FALSE
590,1989,Mauritius,0,TRUE,0,FALSE
590,1990,Mauritius,0,FALSE,0.201781177,FALSE
590,1991,Mauritius,0,FALSE,0.226396162,FALSE
590,1992,Mauritius,0,FALSE,0.260298879,FALSE
590,1993,Mauritius,0,FALSE,0.356231447,FALSE
590,1994,Mauritius,0,FALSE,0.497401847,FALSE
590,1995,Mauritius,0,FALSE,1.011457438,FALSE
590,1996,Mauritius,0.183769158,FALSE,1.777590909,FALSE
590,1997,Mauritius,0.475629193,FALSE,3.590014667,FALSE
590,1998,Mauritius,2.565279962,FALSE,5.05891805,FALSE
590,1999,Mauritius,4.652213227,FALSE,8.47170223,FALSE
590,2000,Mauritius,7.281535115,FALSE,14.80348375,FALSE
590,2001,Mauritius,8.780904019,FALSE,22.23310416,FALSE
590,2002,Mauritius,10.25262467,FALSE,28.16368605,FALSE
590,2003,Mauritius,12.1871062,FALSE,37.22048715,FALSE
590,2004,Mauritius,13.68908859,FALSE,43.80628289,FALSE
590,2005,Mauritius,15.17222875,FALSE,52.21009055,FALSE
590,2006,Mauritius,16.7,FALSE,61.07014177,FALSE
590,2007,Mauritius,20.22,FALSE,73.08623436,FALSE
590,2008,Mauritius,21.81,FALSE,80.99968331,FALSE
590,2009,Mauritius,22.51,FALSE,84.91094394,FALSE
590,2010,Mauritius,28.33,FALSE,92.79764363,FALSE
590,2011,Mauritius,34.95,FALSE,100.6113964,FALSE
590,2012,Mauritius,35.42,FALSE,115.290457,FALSE
590,2013,Mauritius,40.11682514,FALSE,118.8200739,FALSE
590,2014,Mauritius,44.80327537,FALSE,127.8525949,FALSE
590,2015,Mauritius,50.13931848,FALSE,136.2793111,FALSE
590,2016,Mauritius,52.19132594,FALSE,140.1951139,FALSE
590,2017,Mauritius,55.4032403,FALSE,142.074747,FALSE
590,2018,Mauritius,58.5961697,FALSE,148.0645463,FALSE
590,2019,Mauritius,61.72995515,FALSE,143.9967785,FALSE
590,2020,Mauritius,64.88490358,FALSE,147.3924126,FALSE
590,2021,Mauritius,71.27220288989697,TRUE,151.765127,FALSE
600,1960,Morocco,0,TRUE,0,FALSE
600,1961,Morocco,0,TRUE,0,TRUE
600,1962,Morocco,0,TRUE,0,TRUE
600,1963,Morocco,0,TRUE,0,TRUE
600,1964,Morocco,0,TRUE,0,TRUE
600,1965,Morocco,0,TRUE,0,FALSE
600,1966,Morocco,0,TRUE,0,TRUE
600,1967,Morocco,0,TRUE,0,TRUE
600,1968,Morocco,0,TRUE,0,TRUE
600,1969,Morocco,0,TRUE,0,TRUE
600,1970,Morocco,0,TRUE,0,FALSE
600,1971,Morocco,0,TRUE,0,TRUE
600,1972,Morocco,0,TRUE,0,TRUE
600,1973,Morocco,0,TRUE,0,TRUE
600,1974,Morocco,0,TRUE,0,TRUE
600,1975,Morocco,0,TRUE,0,FALSE
600,1976,Morocco,0,TRUE,0,FALSE
600,1977,Morocco,0,TRUE,0,FALSE
600,1978,Morocco,0,TRUE,0,FALSE
600,1979,Morocco,0,TRUE,0,FALSE
600,1980,Morocco,0,TRUE,0,FALSE
600,1981,Morocco,0,TRUE,0,FALSE
600,1982,Morocco,0,TRUE,0,FALSE
600,1983,Morocco,0,TRUE,0,FALSE
600,1984,Morocco,0,TRUE,0,FALSE
600,1985,Morocco,0,TRUE,0,FALSE
600,1986,Morocco,0,TRUE,0,FALSE
600,1987,Morocco,0,TRUE,2.55894e-4,FALSE
600,1988,Morocco,0,TRUE,4.39265e-4,FALSE
600,1989,Morocco,0,TRUE,0.00287408,FALSE
600,1990,Morocco,0,FALSE,0.003644065,FALSE
600,1991,Morocco,0,FALSE,0.005938147,FALSE
600,1992,Morocco,0,FALSE,0.012511957,FALSE
600,1993,Morocco,0,FALSE,0.025711901,FALSE
600,1994,Morocco,0,FALSE,0.051887421,FALSE
600,1995,Morocco,0.003710492,FALSE,0.109323282,FALSE
600,1996,Morocco,0.005675444,FALSE,0.156817216,FALSE
600,1997,Morocco,0.021635203,FALSE,0.268323369,FALSE
600,1998,Morocco,0.142300767,FALSE,0.41495255,FALSE
600,1999,Morocco,0.175595345,FALSE,1.297372681,FALSE
600,2000,Morocco,0.693791245,FALSE,8.133729629,FALSE
600,2001,Morocco,1.371438101,FALSE,16.38290509,FALSE
600,2002,Morocco,2.373253192,FALSE,21.04470828,FALSE
600,2003,Morocco,3.353366681,FALSE,24.71174383,FALSE
600,2004,Morocco,11.60793477,FALSE,31.00385739,FALSE
600,2005,Morocco,15.08444452,FALSE,40.69143563,FALSE
600,2006,Morocco,19.77119157,FALSE,51.95551274,FALSE
600,2007,Morocco,21.5,FALSE,64.27130717,FALSE
600,2008,Morocco,33.1,FALSE,72.34623057,FALSE
600,2009,Morocco,41.3,FALSE,79.2717969,FALSE
600,2010,Morocco,52,FALSE,98.88351218,FALSE
600,2011,Morocco,46.1074826,FALSE,111.5066406,FALSE
600,2012,Morocco,55.41605319,FALSE,117.3709565,FALSE
600,2013,Morocco,56,FALSE,125.8279977,FALSE
600,2014,Morocco,56.8,FALSE,129.0186985,FALSE
600,2015,Morocco,57.07999935,FALSE,124.279337,FALSE
600,2016,Morocco,58.27123642,FALSE,118.1848162,FALSE
600,2017,Morocco,61.76221201,FALSE,123.4247246,FALSE
600,2018,Morocco,64.80386519,FALSE,124.1715549,FALSE
600,2019,Morocco,84.12036305,FALSE,127.9529984,FALSE
600,2020,Morocco,84.12036305,FALSE,133.893994,FALSE
600,2021,Morocco,88.13031937,FALSE,139.2750984,FALSE
615,1960,Algeria,0,TRUE,0,FALSE
615,1961,Algeria,0,TRUE,0,TRUE
615,1962,Algeria,0,TRUE,0,TRUE
615,1963,Algeria,0,TRUE,0,TRUE
615,1964,Algeria,0,TRUE,0,TRUE
615,1965,Algeria,0,TRUE,0,FALSE
615,1966,Algeria,0,TRUE,0,TRUE
615,1967,Algeria,0,TRUE,0,TRUE
615,1968,Algeria,0,TRUE,0,TRUE
615,1969,Algeria,0,TRUE,0,TRUE
615,1970,Algeria,0,TRUE,0,FALSE
615,1971,Algeria,0,TRUE,0,TRUE
615,1972,Algeria,0,TRUE,0,TRUE
615,1973,Algeria,0,TRUE,0,TRUE
615,1974,Algeria,0,TRUE,0,TRUE
615,1975,Algeria,0,TRUE,0,FALSE
615,1976,Algeria,0,TRUE,0,FALSE
615,1977,Algeria,0,TRUE,0,FALSE
615,1978,Algeria,0,TRUE,0,FALSE
615,1979,Algeria,0,TRUE,0,FALSE
615,1980,Algeria,0,TRUE,0,FALSE
615,1981,Algeria,0,TRUE,0,FALSE
615,1982,Algeria,0,TRUE,0,FALSE
615,1983,Algeria,0,TRUE,0,FALSE
615,1984,Algeria,0,TRUE,0,FALSE
615,1985,Algeria,0,TRUE,0,FALSE
615,1986,Algeria,0,TRUE,0,FALSE
615,1987,Algeria,0,TRUE,0,FALSE
615,1988,Algeria,0,TRUE,0,FALSE
615,1989,Algeria,0,TRUE,0,FALSE
615,1990,Algeria,0,FALSE,0.001841832,FALSE
615,1991,Algeria,0,FALSE,0.018294243,FALSE
615,1992,Algeria,0,FALSE,0.017874031,FALSE
615,1993,Algeria,0,FALSE,0.017478039,FALSE
615,1994,Algeria,3.60674e-4,FALSE,0.004825141,FALSE
615,1995,Algeria,0.001768954,FALSE,0.016472352,FALSE
615,1996,Algeria,0.001738533,FALSE,0.040366216,FALSE
615,1997,Algeria,0.010268463,FALSE,0.059031014,FALSE
615,1998,Algeria,0.020238555,FALSE,0.060151043,FALSE
615,1999,Algeria,0.199523843,FALSE,0.237262911,FALSE
615,2000,Algeria,0.491705679,FALSE,0.279451045,FALSE
615,2001,Algeria,0.646114017,FALSE,0.320502702,FALSE
615,2002,Algeria,1.59164126,FALSE,1.423710128,FALSE
615,2003,Algeria,2.195359731,FALSE,4.51376415,FALSE
615,2004,Algeria,4.634475088,FALSE,15.0181054,FALSE
615,2005,Algeria,5.843942092,FALSE,41.45244865,FALSE
615,2006,Algeria,7.375984956,FALSE,62.80216467,FALSE
615,2007,Algeria,9.451190626,FALSE,81.10540402,FALSE
615,2008,Algeria,10.18,FALSE,78.19436226,FALSE
615,2009,Algeria,11.23,FALSE,92.99292417,FALSE
615,2010,Algeria,12.5,FALSE,91.42082361,FALSE
615,2011,Algeria,14.9,FALSE,97.46161442,FALSE
615,2012,Algeria,18.2,FALSE,100.7169538,FALSE
615,2013,Algeria,22.5,FALSE,103.9905106,FALSE
615,2014,Algeria,29.5,FALSE,111.7079111,FALSE
615,2015,Algeria,38.2,FALSE,109.3176407,FALSE
615,2016,Algeria,42.94552688,FALSE,116.6140394,FALSE
615,2017,Algeria,47.69105515,FALSE,111.4475314,FALSE
615,2018,Algeria,49.03846808,FALSE,112.4675177,FALSE
615,2019,Algeria,57.9,FALSE,106.3696091,FALSE
615,2020,Algeria,62.9,FALSE,104.842178,FALSE
615,2021,Algeria,69.0133667173898,TRUE,106.4528,FALSE
616,1960,Tunisia,0,TRUE,0,FALSE
616,1961,Tunisia,0,TRUE,0,TRUE
616,1962,Tunisia,0,TRUE,0,TRUE
616,1963,Tunisia,0,TRUE,0,TRUE
616,1964,Tunisia,0,TRUE,0,TRUE
616,1965,Tunisia,0,TRUE,0,FALSE
616,1966,Tunisia,0,TRUE,0,TRUE
616,1967,Tunisia,0,TRUE,0,TRUE
616,1968,Tunisia,0,TRUE,0,TRUE
616,1969,Tunisia,0,TRUE,0,TRUE
616,1970,Tunisia,0,TRUE,0,FALSE
616,1971,Tunisia,0,TRUE,0,TRUE
616,1972,Tunisia,0,TRUE,0,TRUE
616,1973,Tunisia,0,TRUE,0,TRUE
616,1974,Tunisia,0,TRUE,0,TRUE
616,1975,Tunisia,0,TRUE,0,FALSE
616,1976,Tunisia,0,TRUE,0,FALSE
616,1977,Tunisia,0,TRUE,0,FALSE
616,1978,Tunisia,0,TRUE,0,FALSE
616,1979,Tunisia,0,TRUE,0,FALSE
616,1980,Tunisia,0,TRUE,0,FALSE
616,1981,Tunisia,0,TRUE,0,FALSE
616,1982,Tunisia,0,TRUE,0,FALSE
616,1983,Tunisia,0,TRUE,0,FALSE
616,1984,Tunisia,0,TRUE,0,FALSE
616,1985,Tunisia,0,TRUE,0,TRUE
616,1986,Tunisia,0,TRUE,0,TRUE
616,1987,Tunisia,0,TRUE,0.002844697,FALSE
616,1988,Tunisia,0,TRUE,0.004969767,FALSE
616,1989,Tunisia,0,TRUE,0.007703119,FALSE
616,1990,Tunisia,0,FALSE,0.011291437,FALSE
616,1991,Tunisia,0,FALSE,0.014368794,FALSE
616,1992,Tunisia,0,FALSE,0.022425345,FALSE
616,1993,Tunisia,0,FALSE,0.025275217,FALSE
616,1994,Tunisia,0.007379544,FALSE,0.029628764,FALSE
616,1995,Tunisia,0.011191954,FALSE,0.034269045,FALSE
616,1996,Tunisia,0.027615372,FALSE,0.06892493,FALSE
616,1997,Tunisia,0.043656974,FALSE,0.080100875,FALSE
616,1998,Tunisia,0.107940957,FALSE,0.402990633,FALSE
616,1999,Tunisia,1.602494764,FALSE,0.564544562,FALSE
616,2000,Tunisia,2.750740293,FALSE,1.204500089,FALSE
616,2001,Tunisia,4.297966035,FALSE,3.893978704,FALSE
616,2002,Tunisia,5.252887295,FALSE,5.689539149,FALSE
616,2003,Tunisia,6.490845795,FALSE,18.8107514,FALSE
616,2004,Tunisia,8.528817752,FALSE,36.29628543,FALSE
616,2005,Tunisia,9.655086542,FALSE,54.68365314,FALSE
616,2006,Tunisia,12.98640865,FALSE,70.00530736,FALSE
616,2007,Tunisia,17.1,FALSE,74.12407326,FALSE
616,2008,Tunisia,27.53,FALSE,80.54174102,FALSE
616,2009,Tunisia,34.07,FALSE,90.84354737,FALSE
616,2010,Tunisia,36.8,FALSE,102.0114066,FALSE
616,2011,Tunisia,39.1,FALSE,112.2830234,FALSE
616,2012,Tunisia,41.4416,FALSE,114.9404759,FALSE
616,2013,Tunisia,43.8,FALSE,112.495978,FALSE
616,2014,Tunisia,46.16,FALSE,124.9776707,FALSE
616,2015,Tunisia,46.49999434,FALSE,126.2861685,FALSE
616,2016,Tunisia,49.59999484,FALSE,122.2187555,FALSE
616,2017,Tunisia,55.50015506,FALSE,121.3575682,FALSE
616,2018,Tunisia,64.19081023,FALSE,123.7705691,FALSE
616,2019,Tunisia,66.6999983,FALSE,122.5882901,FALSE
616,2020,Tunisia,71.9,FALSE,122.1279008,FALSE
616,2021,Tunisia,75.88522994253309,TRUE,127.5767095,FALSE
620,1960,Libya,0,TRUE,0,FALSE
620,1961,Libya,0,TRUE,0,TRUE
620,1962,Libya,0,TRUE,0,TRUE
620,1963,Libya,0,TRUE,0,TRUE
620,1964,Libya,0,TRUE,0,TRUE
620,1965,Libya,0,TRUE,0,FALSE
620,1966,Libya,0,TRUE,0,TRUE
620,1967,Libya,0,TRUE,0,TRUE
620,1968,Libya,0,TRUE,0,TRUE
620,1969,Libya,0,TRUE,0,TRUE
620,1970,Libya,0,TRUE,0,FALSE
620,1971,Libya,0,TRUE,0,TRUE
620,1972,Libya,0,TRUE,0,TRUE
620,1973,Libya,0,TRUE,0,TRUE
620,1974,Libya,0,TRUE,0,TRUE
620,1975,Libya,0,TRUE,0,FALSE
620,1976,Libya,0,TRUE,0,FALSE
620,1977,Libya,0,TRUE,0,FALSE
620,1978,Libya,0,TRUE,0,FALSE
620,1979,Libya,0,TRUE,0,FALSE
620,1980,Libya,0,TRUE,0,FALSE
620,1981,Libya,0,TRUE,0,FALSE
620,1982,Libya,0,TRUE,0,FALSE
620,1983,Libya,0,TRUE,0,FALSE
620,1984,Libya,0,TRUE,0,FALSE
620,1985,Libya,0,TRUE,0,FALSE
620,1986,Libya,0,TRUE,0,FALSE
620,1987,Libya,0,TRUE,0,FALSE
620,1988,Libya,0,TRUE,0,FALSE
620,1989,Libya,0,TRUE,0,FALSE
620,1990,Libya,0,FALSE,0,FALSE
620,1991,Libya,0,FALSE,0,FALSE
620,1992,Libya,0,FALSE,0,FALSE
620,1993,Libya,0,FALSE,0,FALSE
620,1994,Libya,0,FALSE,0,FALSE
620,1995,Libya,0,FALSE,0,FALSE
620,1996,Libya,0,TRUE,0,FALSE
620,1997,Libya,0,TRUE,0.20398397,FALSE
620,1998,Libya,0,TRUE,0.401528861,FALSE
620,1999,Libya,0.133617289,FALSE,0.593120045,FALSE
620,2000,Libya,0.187042622,FALSE,0.775977295,FALSE
620,2001,Libya,0.366533175,FALSE,0.947702731,FALSE
620,2002,Libya,2.244418222,FALSE,1.295019024,FALSE
620,2003,Libya,2.814517987,FALSE,2.291326463,FALSE
620,2004,Libya,3.532838162,FALSE,8.791112958,FALSE
620,2005,Libya,3.917787977,FALSE,34.25838979,FALSE
620,2006,Libya,4.301051789,FALSE,65.75119238,FALSE
620,2007,Libya,4.721999379,FALSE,73.80463552,FALSE
620,2008,Libya,9,FALSE,118.4758613,FALSE
620,2009,Libya,10.8,FALSE,149.9025894,FALSE
620,2010,Libya,14,FALSE,167.8992629,FALSE
620,2011,Libya,14,FALSE,161.5996556,FALSE
620,2012,Libya,15.2,FALSE,163.3255932,FALSE
620,2013,Libya,16.5,FALSE,171.0095584,FALSE
620,2014,Libya,17.76,FALSE,139.3474723,FALSE
620,2015,Libya,23.48380677913426,TRUE,157.4081087,FALSE
620,2016,Libya,27.086982263295397,TRUE,121.9329674,FALSE
620,2017,Libya,31.018884223945914,TRUE,94.38309282,FALSE
620,2018,Libya,35.24563885455383,TRUE,129.31137049639503,TRUE
620,2019,Libya,39.716734868646796,TRUE,56.59841975,FALSE
620,2020,Libya,44.366408571196054,TRUE,43.9138183,FALSE
620,2021,Libya,49.11691140606358,TRUE,129.31147562348053,TRUE
625,1960,Sudan,0,TRUE,0,FALSE
625,1961,Sudan,0,TRUE,0,TRUE
625,1962,Sudan,0,TRUE,0,TRUE
625,1963,Sudan,0,TRUE,0,TRUE
625,1964,Sudan,0,TRUE,0,TRUE
625,1965,Sudan,0,TRUE,0,FALSE
625,1966,Sudan,0,TRUE,0,TRUE
625,1967,Sudan,0,TRUE,0,TRUE
625,1968,Sudan,0,TRUE,0,TRUE
625,1969,Sudan,0,TRUE,0,TRUE
625,1970,Sudan,0,TRUE,0,FALSE
625,1971,Sudan,0,TRUE,0,TRUE
625,1972,Sudan,0,TRUE,0,TRUE
625,1973,Sudan,0,TRUE,0,TRUE
625,1974,Sudan,0,TRUE,0,TRUE
625,1975,Sudan,0,TRUE,0,FALSE
625,1976,Sudan,0,TRUE,0,FALSE
625,1977,Sudan,0,TRUE,0,FALSE
625,1978,Sudan,0,TRUE,0,FALSE
625,1979,Sudan,0,TRUE,0,FALSE
625,1980,Sudan,0,TRUE,0,FALSE
625,1981,Sudan,0,TRUE,0,FALSE
625,1982,Sudan,0,TRUE,0,FALSE
625,1983,Sudan,0,TRUE,0,FALSE
625,1984,Sudan,0,TRUE,0,FALSE
625,1985,Sudan,0,TRUE,0,FALSE
625,1986,Sudan,0,TRUE,0,FALSE
625,1987,Sudan,0,TRUE,0,FALSE
625,1988,Sudan,0,TRUE,0,FALSE
625,1989,Sudan,0,TRUE,0,FALSE
625,1990,Sudan,0,FALSE,0,FALSE
625,1991,Sudan,0,FALSE,0,FALSE
625,1992,Sudan,0,FALSE,0,FALSE
625,1993,Sudan,0,FALSE,0,FALSE
625,1994,Sudan,0,FALSE,0,FALSE
625,1995,Sudan,0,FALSE,0,FALSE
625,1996,Sudan,0,FALSE,0.00921958,FALSE
625,1997,Sudan,0.001231819,FALSE,0.015539144,FALSE
625,1998,Sudan,0.004805071,FALSE,0.034359945,FALSE
625,1999,Sudan,0.008794581,FALSE,0.050713575,FALSE
625,2000,Sudan,0.025785032,FALSE,0.087456552,FALSE
625,2001,Sudan,0.140185224,FALSE,0.385367666,FALSE
625,2002,Sudan,0.439477639,FALSE,0.691968805,FALSE
625,2003,Sudan,0.538471703,FALSE,1.870351663,FALSE
625,2004,Sudan,0.791561615,FALSE,3.636842279,FALSE
625,2005,Sudan,1.292040678,FALSE,6.187895382,FALSE
625,2006,Sudan,2.745333097174474,TRUE,15.43906617,FALSE
625,2007,Sudan,8.66,FALSE,26.34750105,FALSE
625,2008,Sudan,3.982023751062721,TRUE,37.39709613,FALSE
625,2009,Sudan,4.78613394701383,TRUE,46.55767523,FALSE
625,2010,Sudan,5.742910224339354,TRUE,53.62556885,FALSE
625,2011,Sudan,6.877136934686144,TRUE,72.79621939,FALSE
625,2012,Sudan,8.215848127186467,TRUE,78.66541133,FALSE
625,2013,Sudan,9.787764262762073,TRUE,76.84727423,FALSE
625,2014,Sudan,11.622347767896212,TRUE,75.11938953,FALSE
625,2015,Sudan,13.74839340646653,TRUE,73.19267695,FALSE
625,2016,Sudan,14.09999994,FALSE,70.61780648,FALSE
625,2017,Sudan,18.6,FALSE,70.41361876,FALSE
625,2018,Sudan,24.6,FALSE,71.66925335,FALSE
625,2019,Sudan,25.9,FALSE,76.36493565,FALSE
625,2020,Sudan,28.4,FALSE,79.19626937,FALSE
625,2021,Sudan,33.575020926457334,TRUE,36.55233407,FALSE
626,1960,South Sudan,0,TRUE,0,TRUE
626,1961,South Sudan,0,TRUE,0,TRUE
626,1962,South Sudan,0,TRUE,0,TRUE
626,1963,South Sudan,0,TRUE,0,TRUE
626,1964,South Sudan,0,TRUE,0,TRUE
626,1965,South Sudan,0,TRUE,0,TRUE
626,1966,South Sudan,0,TRUE,0,TRUE
626,1967,South Sudan,0,TRUE,0,TRUE
626,1968,South Sudan,0,TRUE,0,TRUE
626,1969,South Sudan,0,TRUE,0,TRUE
626,1970,South Sudan,0,TRUE,0,TRUE
626,1971,South Sudan,0,TRUE,0,TRUE
626,1972,South Sudan,0,TRUE,0,TRUE
626,1973,South Sudan,0,TRUE,0,TRUE
626,1974,South Sudan,0,TRUE,0,TRUE
626,1975,South Sudan,0,TRUE,0,TRUE
626,1976,South Sudan,0,TRUE,0,TRUE
626,1977,South Sudan,0,TRUE,0,TRUE
626,1978,South Sudan,0,TRUE,0,TRUE
626,1979,South Sudan,0,TRUE,0,TRUE
626,1980,South Sudan,0,TRUE,0,TRUE
626,1981,South Sudan,0,TRUE,0,TRUE
626,1982,South Sudan,0,TRUE,0,TRUE
626,1983,South Sudan,0,TRUE,0,TRUE
626,1984,South Sudan,0,TRUE,0,TRUE
626,1985,South Sudan,0,TRUE,0,TRUE
626,1986,South Sudan,0,TRUE,0,TRUE
626,1987,South Sudan,0,TRUE,0,TRUE
626,1988,South Sudan,0,TRUE,0,TRUE
626,1989,South Sudan,0,TRUE,0,TRUE
626,1990,South Sudan,0.05420384299848448,TRUE,22.429433596706954,TRUE
626,1991,South Sudan,0.0637193538498332,TRUE,22.429433596706954,TRUE
626,1992,South Sudan,0.07490406531739313,TRUE,22.429433596706954,TRUE
626,1993,South Sudan,0.08805030878201082,TRUE,22.429433596706954,TRUE
626,1994,South Sudan,0.1035014299244392,TRUE,22.429433596706954,TRUE
626,1995,South Sudan,0.12166062151881518,TRUE,22.429433596706954,TRUE
626,1996,South Sudan,0.14300125896814597,TRUE,22.429433596706954,TRUE
626,1997,South Sudan,0.16807898405217028,TRUE,22.429433596706954,TRUE
626,1998,South Sudan,0.19754581850743663,TRUE,22.429433596706954,TRUE
626,1999,South Sudan,0.23216662895813026,TRUE,22.429433596706954,TRUE
626,2000,South Sudan,0.2728383080676133,TRUE,22.429433596706954,TRUE
626,2001,South Sudan,0.32061208289517346,TRUE,22.429433596706954,TRUE
626,2002,South Sudan,0.3767194090523621,TRUE,22.42943359670695,TRUE
626,2003,South Sudan,0.4426019562598831,TRUE,22.42943359670693,TRUE
626,2004,South Sudan,0.519946234038337,TRUE,22.429433596706765,TRUE
626,2005,South Sudan,0.6107234406272974,TRUE,22.429433596705564,TRUE
626,2006,South Sudan,0.71723513670036,TRUE,22.429433596696583,TRUE
626,2007,South Sudan,0.8421653379308617,TRUE,22.429433596629682,TRUE
626,2008,South Sudan,0.988639572931284,TRUE,22.429433596131236,TRUE
626,2009,South Sudan,1.1602913464169622,TRUE,22.429433592417393,TRUE
626,2010,South Sudan,1.361336256083419,TRUE,15.44096302,FALSE
626,2011,South Sudan,1.5966537022181422,TRUE,17.57289089,FALSE
626,2012,South Sudan,1.8718756588268126,TRUE,21.4921053,FALSE
626,2013,South Sudan,2.2,FALSE,25.69079809,FALSE
626,2014,South Sudan,2.6,FALSE,25.64901594,FALSE
626,2015,South Sudan,3,FALSE,25.89711066,FALSE
626,2016,South Sudan,3.5,FALSE,24.39882868,FALSE
626,2017,South Sudan,4.1,FALSE,26.16695311,FALSE
626,2018,South Sudan,4.8,FALSE,18.43380633,FALSE
626,2019,South Sudan,5.6,FALSE,21.26759221,FALSE
626,2020,South Sudan,6.5,FALSE,12.6718012,FALSE
626,2021,South Sudan,7.565881115344997,TRUE,3.3992071040771377,TRUE
630,1960,"Iran, Islamic Rep.",0,TRUE,0,FALSE
630,1961,"Iran, Islamic Rep.",0,TRUE,0,TRUE
630,1962,"Iran, Islamic Rep.",0,TRUE,0,TRUE
630,1963,"Iran, Islamic Rep.",0,TRUE,0,TRUE
630,1964,"Iran, Islamic Rep.",0,TRUE,0,TRUE
630,1965,"Iran, Islamic Rep.",0,TRUE,0,FALSE
630,1966,"Iran, Islamic Rep.",0,TRUE,0,TRUE
630,1967,"Iran, Islamic Rep.",0,TRUE,0,TRUE
630,1968,"Iran, Islamic Rep.",0,TRUE,0,TRUE
630,1969,"Iran, Islamic Rep.",0,TRUE,0,TRUE
630,1970,"Iran, Islamic Rep.",0,TRUE,0,FALSE
630,1971,"Iran, Islamic Rep.",0,TRUE,0,TRUE
630,1972,"Iran, Islamic Rep.",0,TRUE,0,TRUE
630,1973,"Iran, Islamic Rep.",0,TRUE,0,TRUE
630,1974,"Iran, Islamic Rep.",0,TRUE,0,TRUE
630,1975,"Iran, Islamic Rep.",0,TRUE,0,FALSE
630,1976,"Iran, Islamic Rep.",0,TRUE,0,FALSE
630,1977,"Iran, Islamic Rep.",0,TRUE,0,FALSE
630,1978,"Iran, Islamic Rep.",0,TRUE,0,FALSE
630,1979,"Iran, Islamic Rep.",0,TRUE,0,FALSE
630,1980,"Iran, Islamic Rep.",0,TRUE,0,FALSE
630,1981,"Iran, Islamic Rep.",0,TRUE,0,FALSE
630,1982,"Iran, Islamic Rep.",0,TRUE,0,FALSE
630,1983,"Iran, Islamic Rep.",0,TRUE,0,FALSE
630,1984,"Iran, Islamic Rep.",0,TRUE,0,FALSE
630,1985,"Iran, Islamic Rep.",0,TRUE,0,FALSE
630,1986,"Iran, Islamic Rep.",0,TRUE,0,FALSE
630,1987,"Iran, Islamic Rep.",0,TRUE,0,FALSE
630,1988,"Iran, Islamic Rep.",0,TRUE,0,FALSE
630,1989,"Iran, Islamic Rep.",0,TRUE,0,FALSE
630,1990,"Iran, Islamic Rep.",0,FALSE,0,FALSE
630,1991,"Iran, Islamic Rep.",0,FALSE,0,FALSE
630,1992,"Iran, Islamic Rep.",0,FALSE,0,FALSE
630,1993,"Iran, Islamic Rep.",0,FALSE,0,FALSE
630,1994,"Iran, Islamic Rep.",4.08332e-4,FALSE,0.015336976,FALSE
630,1995,"Iran, Islamic Rep.",0.004179752,FALSE,0.026156838,FALSE
630,1996,"Iran, Islamic Rep.",0.01582608,FALSE,0.097351589,FALSE
630,1997,"Iran, Islamic Rep.",0.046756094,FALSE,0.382426321,FALSE
630,1998,"Iran, Islamic Rep.",0.099815221,FALSE,0.614505622,FALSE
630,1999,"Iran, Islamic Rep.",0.378569095,FALSE,0.760728883,FALSE
630,2000,"Iran, Islamic Rep.",0.93419002,FALSE,1.468615549,FALSE
630,2001,"Iran, Islamic Rep.",1.484221332,FALSE,3.130645166,FALSE
630,2002,"Iran, Islamic Rep.",4.626175115,FALSE,3.385178367,FALSE
630,2003,"Iran, Islamic Rep.",6.933721953,FALSE,5.076729131,FALSE
630,2004,"Iran, Islamic Rep.",7.49,FALSE,7.34948591,FALSE
630,2005,"Iran, Islamic Rep.",8.1,FALSE,12.12624458,FALSE
630,2006,"Iran, Islamic Rep.",8.76,FALSE,21.58558393,FALSE
630,2007,"Iran, Islamic Rep.",9.47,FALSE,41.16460119,FALSE
630,2008,"Iran, Islamic Rep.",12.02,FALSE,58.64831136,FALSE
630,2009,"Iran, Islamic Rep.",13.8,FALSE,70.71192328,FALSE
630,2010,"Iran, Islamic Rep.",15.9,FALSE,71.71155568,FALSE
630,2011,"Iran, Islamic Rep.",19,FALSE,73.40951664,FALSE
630,2012,"Iran, Islamic Rep.",22.73,FALSE,75.21235295,FALSE
630,2013,"Iran, Islamic Rep.",29.95,FALSE,83.15971256,FALSE
630,2014,"Iran, Islamic Rep.",39.35,FALSE,86.15521571,FALSE
630,2015,"Iran, Islamic Rep.",45.33497615,FALSE,90.74220792,FALSE
630,2016,"Iran, Islamic Rep.",53.22677167,FALSE,96.65573395,FALSE
630,2017,"Iran, Islamic Rep.",64.04397362,FALSE,103.0079578,FALSE
630,2018,"Iran, Islamic Rep.",70.200565,FALSE,103.6264522,FALSE
630,2019,"Iran, Islamic Rep.",72.45090477,FALSE,136.3859613,FALSE
630,2020,"Iran, Islamic Rep.",75.56986637,FALSE,146.2076628,FALSE
630,2021,"Iran, Islamic Rep.",78.59573507,FALSE,154.5542763,FALSE
640,1960,Turkiye,0,TRUE,0,FALSE
640,1961,Turkiye,0,TRUE,0,TRUE
640,1962,Turkiye,0,TRUE,0,TRUE
640,1963,Turkiye,0,TRUE,0,TRUE
640,1964,Turkiye,0,TRUE,0,TRUE
640,1965,Turkiye,0,TRUE,0,FALSE
640,1966,Turkiye,0,TRUE,0,TRUE
640,1967,Turkiye,0,TRUE,0,TRUE
640,1968,Turkiye,0,TRUE,0,TRUE
640,1969,Turkiye,0,TRUE,0,TRUE
640,1970,Turkiye,0,TRUE,0,FALSE
640,1971,Turkiye,0,TRUE,0,TRUE
640,1972,Turkiye,0,TRUE,0,TRUE
640,1973,Turkiye,0,TRUE,0,TRUE
640,1974,Turkiye,0,TRUE,0,TRUE
640,1975,Turkiye,0,TRUE,0,FALSE
640,1976,Turkiye,0,TRUE,0,FALSE
640,1977,Turkiye,0,TRUE,0,FALSE
640,1978,Turkiye,0,TRUE,0,FALSE
640,1979,Turkiye,0,TRUE,0,FALSE
640,1980,Turkiye,0,TRUE,0,FALSE
640,1981,Turkiye,0,TRUE,0,FALSE
640,1982,Turkiye,0,TRUE,0,FALSE
640,1983,Turkiye,0,TRUE,0,FALSE
640,1984,Turkiye,0,TRUE,0,FALSE
640,1985,Turkiye,0,TRUE,0,FALSE
640,1986,Turkiye,0,TRUE,7.26746e-4,FALSE
640,1987,Turkiye,0,TRUE,0.009953141,FALSE
640,1988,Turkiye,0,TRUE,0.018834687,FALSE
640,1989,Turkiye,0,TRUE,0.029276675,FALSE
640,1990,Turkiye,0,FALSE,0.058554077,FALSE
640,1991,Turkiye,0,FALSE,0.086455146,FALSE
640,1992,Turkiye,0,FALSE,0.109045788,FALSE
640,1993,Turkiye,0.008457732,FALSE,0.146933448,FALSE
640,1994,Turkiye,0.049869182,FALSE,0.29973978,FALSE
640,1995,Turkiye,0.081691205,FALSE,0.737081845,FALSE
640,1996,Turkiye,0.192724936,FALSE,1.337350088,FALSE
640,1997,Turkiye,0.473695432,FALSE,2.627083259,FALSE
640,1998,Turkiye,0.698805129,FALSE,5.633037995,FALSE
640,1999,Turkiye,2.292117685,FALSE,12.85342716,FALSE
640,2000,Turkiye,3.761685035,FALSE,25.16380041,FALSE
640,2001,Turkiye,5.189481461,FALSE,30.07882282,FALSE
640,2002,Turkiye,11.38,FALSE,35.34412873,FALSE
640,2003,Turkiye,12.33,FALSE,41.70577209,FALSE
640,2004,Turkiye,14.58,FALSE,51.20234653,FALSE
640,2005,Turkiye,15.46,FALSE,63.47303185,FALSE
640,2006,Turkiye,18.24,FALSE,75.66334972,FALSE
640,2007,Turkiye,28.63,FALSE,87.94778159,FALSE
640,2008,Turkiye,34.37,FALSE,92.29310145,FALSE
640,2009,Turkiye,36.4,FALSE,86.92142533,FALSE
640,2010,Turkiye,39.82,FALSE,84.39011388,FALSE
640,2011,Turkiye,43.06571043,FALSE,88.06572866,FALSE
640,2012,Turkiye,45.13,FALSE,89.90814233,FALSE
640,2013,Turkiye,46.25,FALSE,90.96975758,FALSE
640,2014,Turkiye,51.04,FALSE,92.0323995,FALSE
640,2015,Turkiye,53.74497914,FALSE,92.45799717,FALSE
640,2016,Turkiye,58.34773401,FALSE,92.64658163,FALSE
640,2017,Turkiye,64.68461768,FALSE,94.77443648,FALSE
640,2018,Turkiye,71.04276084,FALSE,96.74999684,FALSE
640,2019,Turkiye,73.97670281,FALSE,96.77676962,FALSE
640,2020,Turkiye,77.66956038,FALSE,97.61417509,FALSE
640,2021,Turkiye,81.40843745,FALSE,101.785223,FALSE
645,1960,Iraq,0,TRUE,0,FALSE
645,1961,Iraq,0,TRUE,0,TRUE
645,1962,Iraq,0,TRUE,0,TRUE
645,1963,Iraq,0,TRUE,0,TRUE
645,1964,Iraq,0,TRUE,0,TRUE
645,1965,Iraq,0,TRUE,0,FALSE
645,1966,Iraq,0,TRUE,0,TRUE
645,1967,Iraq,0,TRUE,0,TRUE
645,1968,Iraq,0,TRUE,0,TRUE
645,1969,Iraq,0,TRUE,0,TRUE
645,1970,Iraq,0,TRUE,0,FALSE
645,1971,Iraq,0,TRUE,0,TRUE
645,1972,Iraq,0,TRUE,0,TRUE
645,1973,Iraq,0,TRUE,0,TRUE
645,1974,Iraq,0,TRUE,0,TRUE
645,1975,Iraq,0,TRUE,0,FALSE
645,1976,Iraq,0,TRUE,0,FALSE
645,1977,Iraq,0,TRUE,0,FALSE
645,1978,Iraq,0,TRUE,0,FALSE
645,1979,Iraq,0,TRUE,0,FALSE
645,1980,Iraq,0,TRUE,0,FALSE
645,1981,Iraq,0,TRUE,0,FALSE
645,1982,Iraq,0,TRUE,0,FALSE
645,1983,Iraq,0,TRUE,0,FALSE
645,1984,Iraq,0,TRUE,0,FALSE
645,1985,Iraq,0,TRUE,0,FALSE
645,1986,Iraq,0,TRUE,0,FALSE
645,1987,Iraq,0,TRUE,0,FALSE
645,1988,Iraq,0,TRUE,0,FALSE
645,1989,Iraq,0,TRUE,0,FALSE
645,1990,Iraq,0,FALSE,0,FALSE
645,1991,Iraq,0,FALSE,0,FALSE
645,1992,Iraq,0,FALSE,0,FALSE
645,1993,Iraq,0,FALSE,0,FALSE
645,1994,Iraq,0,FALSE,0,FALSE
645,1995,Iraq,0,FALSE,0,FALSE
645,1996,Iraq,0,TRUE,0,FALSE
645,1997,Iraq,0,TRUE,0,FALSE
645,1998,Iraq,0,TRUE,0,FALSE
645,1999,Iraq,0,TRUE,0,FALSE
645,2000,Iraq,0,TRUE,0,FALSE
645,2001,Iraq,0.1,FALSE,0,FALSE
645,2002,Iraq,0.5,FALSE,0.076174971,FALSE
645,2003,Iraq,0.6,FALSE,0.295542957,FALSE
645,2004,Iraq,0.9,FALSE,2.060379308,FALSE
645,2005,Iraq,0.9,FALSE,5.341708352,FALSE
645,2006,Iraq,0.952344244,FALSE,32.33065128,FALSE
645,2007,Iraq,0.93,FALSE,48.92113772,FALSE
645,2008,Iraq,1,FALSE,59.99305711,FALSE
645,2009,Iraq,1.06,FALSE,66.4163539,FALSE
645,2010,Iraq,2.5,FALSE,74.41068611,FALSE
645,2011,Iraq,5,FALSE,78.81571413,FALSE
645,2012,Iraq,7.1,FALSE,79.00911537,FALSE
645,2013,Iraq,9.2,FALSE,91.45533767,FALSE
645,2014,Iraq,13.21,FALSE,89.8045005,FALSE
645,2015,Iraq,16.8,FALSE,88.87962046,FALSE
645,2016,Iraq,37.67,FALSE,86.43095061,FALSE
645,2017,Iraq,49.35999889,FALSE,84.33798585,FALSE
645,2018,Iraq,43.3,FALSE,89.9894631,FALSE
645,2019,Iraq,44.32634655,FALSE,89.56113197,FALSE
645,2020,Iraq,62.50213664027727,TRUE,88.05916556,FALSE
645,2021,Iraq,70.40879066140181,TRUE,86.48289808,FALSE
651,1960,"Egypt, Arab Rep.",0,TRUE,0,FALSE
651,1961,"Egypt, Arab Rep.",0,TRUE,0,TRUE
651,1962,"Egypt, Arab Rep.",0,TRUE,0,TRUE
651,1963,"Egypt, Arab Rep.",0,TRUE,0,TRUE
651,1964,"Egypt, Arab Rep.",0,TRUE,0,TRUE
651,1965,"Egypt, Arab Rep.",0,TRUE,0,FALSE
651,1966,"Egypt, Arab Rep.",0,TRUE,0,TRUE
651,1967,"Egypt, Arab Rep.",0,TRUE,0,TRUE
651,1968,"Egypt, Arab Rep.",0,TRUE,0,TRUE
651,1969,"Egypt, Arab Rep.",0,TRUE,0,TRUE
651,1970,"Egypt, Arab Rep.",0,TRUE,0,FALSE
651,1971,"Egypt, Arab Rep.",0,TRUE,0,TRUE
651,1972,"Egypt, Arab Rep.",0,TRUE,0,TRUE
651,1973,"Egypt, Arab Rep.",0,TRUE,0,TRUE
651,1974,"Egypt, Arab Rep.",0,TRUE,0,TRUE
651,1975,"Egypt, Arab Rep.",0,TRUE,0,FALSE
651,1976,"Egypt, Arab Rep.",0,TRUE,0,FALSE
651,1977,"Egypt, Arab Rep.",0,TRUE,0,FALSE
651,1978,"Egypt, Arab Rep.",0,TRUE,0,FALSE
651,1979,"Egypt, Arab Rep.",0,TRUE,0,FALSE
651,1980,"Egypt, Arab Rep.",0,TRUE,0,FALSE
651,1981,"Egypt, Arab Rep.",0,TRUE,0,FALSE
651,1982,"Egypt, Arab Rep.",0,TRUE,0,FALSE
651,1983,"Egypt, Arab Rep.",0,TRUE,0,FALSE
651,1984,"Egypt, Arab Rep.",0,TRUE,0,FALSE
651,1985,"Egypt, Arab Rep.",0,TRUE,0,FALSE
651,1986,"Egypt, Arab Rep.",0,TRUE,0,FALSE
651,1987,"Egypt, Arab Rep.",0,TRUE,0.004971488,FALSE
651,1988,"Egypt, Arab Rep.",0,TRUE,0.005563695,FALSE
651,1989,"Egypt, Arab Rep.",0,TRUE,0.006489636,FALSE
651,1990,"Egypt, Arab Rep.",0,FALSE,0.006991219,FALSE
651,1991,"Egypt, Arab Rep.",0,FALSE,0.007677735,FALSE
651,1992,"Egypt, Arab Rep.",0,FALSE,0.008189815,FALSE
651,1993,"Egypt, Arab Rep.",9.75791e-4,FALSE,0.011203574000000001,FALSE
651,1994,"Egypt, Arab Rep.",0.00638327,FALSE,0.011741777,FALSE
651,1995,"Egypt, Arab Rep.",0.031319638,FALSE,0.011482554,FALSE
651,1996,"Egypt, Arab Rep.",0.061466899,FALSE,0.011239195,FALSE
651,1997,"Egypt, Arab Rep.",0.090480245,FALSE,0.09758824,FALSE
651,1998,"Egypt, Arab Rep.",0.147987377,FALSE,0.132638847,FALSE
651,1999,"Egypt, Arab Rep.",0.290445278,FALSE,0.688011068,FALSE
651,2000,"Egypt, Arab Rep.",0.641265038,FALSE,1.905385844,FALSE
651,2001,"Egypt, Arab Rep.",0.838945611,FALSE,3.834779135,FALSE
651,2002,"Egypt, Arab Rep.",2.719999715,FALSE,6.041770251,FALSE
651,2003,"Egypt, Arab Rep.",4.037885107,FALSE,7.632012197,FALSE
651,2004,"Egypt, Arab Rep.",11.92,FALSE,9.85915998,FALSE
651,2005,"Egypt, Arab Rep.",12.75,FALSE,17.23622961,FALSE
651,2006,"Egypt, Arab Rep.",13.66,FALSE,22.32566002,FALSE
651,2007,"Egypt, Arab Rep.",16.03,FALSE,36.60195613,FALSE
651,2008,"Egypt, Arab Rep.",18.01,FALSE,49.2417787,FALSE
651,2009,"Egypt, Arab Rep.",20,FALSE,64.73864816,FALSE
651,2010,"Egypt, Arab Rep.",21.6,FALSE,80.98458549,FALSE
651,2011,"Egypt, Arab Rep.",25.6,FALSE,93.52589069,FALSE
651,2012,"Egypt, Arab Rep.",26.4,FALSE,106.0920672,FALSE
651,2013,"Egypt, Arab Rep.",29.4,FALSE,106.775786,FALSE
651,2014,"Egypt, Arab Rep.",33.89460391,FALSE,99.71097052,FALSE
651,2015,"Egypt, Arab Rep.",37.81938343,FALSE,96.20599379,FALSE
651,2016,"Egypt, Arab Rep.",41.24806709,FALSE,98.00309829,FALSE
651,2017,"Egypt, Arab Rep.",44.95020425,FALSE,101.1482612,FALSE
651,2018,"Egypt, Arab Rep.",46.92433677,FALSE,90.40274284,FALSE
651,2019,"Egypt, Arab Rep.",57.2828664,FALSE,90.26837878,FALSE
651,2020,"Egypt, Arab Rep.",71.91420097,FALSE,88.73336258,FALSE
651,2021,"Egypt, Arab Rep.",66.29647260407589,TRUE,94.68027811,FALSE
652,1960,Syrian Arab Republic,0,FALSE,0,FALSE
652,1961,Syrian Arab Republic,0,TRUE,0,TRUE
652,1962,Syrian Arab Republic,0,TRUE,0,TRUE
652,1963,Syrian Arab Republic,0,TRUE,0,TRUE
652,1964,Syrian Arab Republic,0,TRUE,0,TRUE
652,1965,Syrian Arab Republic,0,FALSE,0,FALSE
652,1966,Syrian Arab Republic,0,TRUE,0,TRUE
652,1967,Syrian Arab Republic,0,TRUE,0,TRUE
652,1968,Syrian Arab Republic,0,TRUE,0,TRUE
652,1969,Syrian Arab Republic,0,TRUE,0,TRUE
652,1970,Syrian Arab Republic,0,FALSE,0,FALSE
652,1971,Syrian Arab Republic,0,TRUE,0,TRUE
652,1972,Syrian Arab Republic,0,TRUE,0,TRUE
652,1973,Syrian Arab Republic,0,TRUE,0,TRUE
652,1974,Syrian Arab Republic,0,TRUE,0,TRUE
652,1975,Syrian Arab Republic,0,FALSE,0,FALSE
652,1976,Syrian Arab Republic,0,FALSE,0,FALSE
652,1977,Syrian Arab Republic,0,FALSE,0,FALSE
652,1978,Syrian Arab Republic,0,FALSE,0,FALSE
652,1979,Syrian Arab Republic,0,FALSE,0,FALSE
652,1980,Syrian Arab Republic,0,FALSE,0,FALSE
652,1981,Syrian Arab Republic,0,FALSE,0,FALSE
652,1982,Syrian Arab Republic,0,FALSE,0,FALSE
652,1983,Syrian Arab Republic,0,FALSE,0,FALSE
652,1984,Syrian Arab Republic,0,FALSE,0,FALSE
652,1985,Syrian Arab Republic,0,FALSE,0,FALSE
652,1986,Syrian Arab Republic,0,FALSE,0,FALSE
652,1987,Syrian Arab Republic,0,FALSE,0,FALSE
652,1988,Syrian Arab Republic,0,FALSE,0,FALSE
652,1989,Syrian Arab Republic,0,FALSE,0,FALSE
652,1990,Syrian Arab Republic,0,FALSE,0,FALSE
652,1991,Syrian Arab Republic,0,FALSE,0,FALSE
652,1992,Syrian Arab Republic,0,FALSE,0,FALSE
652,1993,Syrian Arab Republic,0,FALSE,0,FALSE
652,1994,Syrian Arab Republic,0,FALSE,0,FALSE
652,1995,Syrian Arab Republic,0,FALSE,0,FALSE
652,1996,Syrian Arab Republic,0,FALSE,0,FALSE
652,1997,Syrian Arab Republic,0.032607814,FALSE,0,FALSE
652,1998,Syrian Arab Republic,0.063687286,FALSE,0,FALSE
652,1999,Syrian Arab Republic,0.124295462,FALSE,0.025155331,FALSE
652,2000,Syrian Arab Republic,0.18169858,FALSE,0.183962696,FALSE
652,2001,Syrian Arab Republic,0.35375913,FALSE,1.195603908,FALSE
652,2002,Syrian Arab Republic,2.093101019,FALSE,2.330456249,FALSE
652,2003,Syrian Arab Republic,3.397972614,FALSE,6.728613061,FALSE
652,2004,Syrian Arab Republic,4.321593778,FALSE,12.97278861,FALSE
652,2005,Syrian Arab Republic,5.648106049,FALSE,15.8742484,FALSE
652,2006,Syrian Arab Republic,7.832551569,FALSE,24.05824328,FALSE
652,2007,Syrian Arab Republic,11.5,FALSE,30.11486497,FALSE
652,2008,Syrian Arab Republic,14,FALSE,32.85898581,FALSE
652,2009,Syrian Arab Republic,17.3,FALSE,45.9145095,FALSE
652,2010,Syrian Arab Republic,20.7,FALSE,52.36023519,FALSE
652,2011,Syrian Arab Republic,22.5,FALSE,56.82614811,FALSE
652,2012,Syrian Arab Republic,24.3001,FALSE,57.41945892,FALSE
652,2013,Syrian Arab Republic,26.2,FALSE,57.17925359,FALSE
652,2014,Syrian Arab Republic,28.09,FALSE,69.94612757,FALSE
652,2015,Syrian Arab Republic,29.97979724,FALSE,74.52298021,FALSE
652,2016,Syrian Arab Republic,31.86962727,FALSE,70.39486714,FALSE
652,2017,Syrian Arab Republic,32.7,FALSE,81.04987454,FALSE
652,2018,Syrian Arab Republic,33.77,FALSE,88.60117817,FALSE
652,2019,Syrian Arab Republic,34.65,FALSE,88.23642913,FALSE
652,2020,Syrian Arab Republic,35.78,FALSE,80.20304156,FALSE
652,2021,Syrian Arab Republic,45.92003467138261,TRUE,79.67746006,FALSE
660,1960,Lebanon,0,TRUE,0,FALSE
660,1961,Lebanon,0,TRUE,0,TRUE
660,1962,Lebanon,0,TRUE,0,TRUE
660,1963,Lebanon,0,TRUE,0,TRUE
660,1964,Lebanon,0,TRUE,0,TRUE
660,1965,Lebanon,0,TRUE,0,FALSE
660,1966,Lebanon,0,TRUE,0,TRUE
660,1967,Lebanon,0,TRUE,0,TRUE
660,1968,Lebanon,0,TRUE,0,TRUE
660,1969,Lebanon,0,TRUE,0,TRUE
660,1970,Lebanon,0,TRUE,0,FALSE
660,1971,Lebanon,0,TRUE,0,TRUE
660,1972,Lebanon,0,TRUE,0,TRUE
660,1973,Lebanon,0,TRUE,0,TRUE
660,1974,Lebanon,0,TRUE,0,TRUE
660,1975,Lebanon,0,TRUE,0,FALSE
660,1976,Lebanon,0,TRUE,0,FALSE
660,1977,Lebanon,0,TRUE,0,FALSE
660,1978,Lebanon,0,TRUE,0,FALSE
660,1979,Lebanon,0,TRUE,0,FALSE
660,1980,Lebanon,0,TRUE,0,FALSE
660,1981,Lebanon,0,TRUE,0,FALSE
660,1982,Lebanon,0,TRUE,0,FALSE
660,1983,Lebanon,0,TRUE,0,FALSE
660,1984,Lebanon,0,TRUE,0,FALSE
660,1985,Lebanon,0,TRUE,0,FALSE
660,1986,Lebanon,0,TRUE,0,FALSE
660,1987,Lebanon,0,TRUE,0,FALSE
660,1988,Lebanon,0,TRUE,0,FALSE
660,1989,Lebanon,0,TRUE,0,FALSE
660,1990,Lebanon,0,FALSE,0,FALSE
660,1991,Lebanon,0,FALSE,0,FALSE
660,1992,Lebanon,0,FALSE,0,FALSE
660,1993,Lebanon,0,FALSE,0,FALSE
660,1994,Lebanon,0,FALSE,0,FALSE
660,1995,Lebanon,0.071617991,FALSE,3.030578537,FALSE
660,1996,Lebanon,0.140166939,FALSE,4.907983976,FALSE
660,1997,Lebanon,1.241079739,FALSE,9.102749814,FALSE
660,1998,Lebanon,2.722352199,FALSE,12.09203443,FALSE
660,1999,Lebanon,5.376809498,FALSE,14.75287175,FALSE
660,2000,Lebanon,7.952743736,FALSE,17.19651848,FALSE
660,2001,Lebanon,6.783219775,FALSE,17.46910599,FALSE
660,2002,Lebanon,7,FALSE,17.43112705,FALSE
660,2003,Lebanon,8,FALSE,17.65802227,FALSE
660,2004,Lebanon,9,FALSE,19.33298476,FALSE
660,2005,Lebanon,10.14,FALSE,21.39882801,FALSE
660,2006,Lebanon,15,FALSE,23.44201019,FALSE
660,2007,Lebanon,18.74,FALSE,26.19756121,FALSE
660,2008,Lebanon,22.53,FALSE,29.19625592,FALSE
660,2009,Lebanon,30.14,FALSE,48.27817223,FALSE
660,2010,Lebanon,43.68,FALSE,57.32143,FALSE
660,2011,Lebanon,52,FALSE,68.51559229,FALSE
660,2012,Lebanon,61.24978572,FALSE,72.51689104,FALSE
660,2013,Lebanon,70.5,FALSE,68.40743516,FALSE
660,2014,Lebanon,73,FALSE,69.92406534,FALSE
660,2015,Lebanon,74,FALSE,72.78785236,FALSE
660,2016,Lebanon,76.11,FALSE,68.33843563,FALSE
660,2017,Lebanon,78.18077489,FALSE,72.00693309,FALSE
660,2018,Lebanon,80.9,FALSE,74.34556707,FALSE
660,2019,Lebanon,80.9,FALSE,73.29697162,FALSE
660,2020,Lebanon,84.1,FALSE,75.72450204,FALSE
660,2021,Lebanon,93.69384972181325,TRUE,78.47361249431752,TRUE
663,1960,Jordan,0,TRUE,0,FALSE
663,1961,Jordan,0,TRUE,0,TRUE
663,1962,Jordan,0,TRUE,0,TRUE
663,1963,Jordan,0,TRUE,0,TRUE
663,1964,Jordan,0,TRUE,0,TRUE
663,1965,Jordan,0,TRUE,0,FALSE
663,1966,Jordan,0,TRUE,0,TRUE
663,1967,Jordan,0,TRUE,0,TRUE
663,1968,Jordan,0,TRUE,0,TRUE
663,1969,Jordan,0,TRUE,0,TRUE
663,1970,Jordan,0,TRUE,0,FALSE
663,1971,Jordan,0,TRUE,0,TRUE
663,1972,Jordan,0,TRUE,0,TRUE
663,1973,Jordan,0,TRUE,0,TRUE
663,1974,Jordan,0,TRUE,0,TRUE
663,1975,Jordan,0,TRUE,0,FALSE
663,1976,Jordan,0,TRUE,0,FALSE
663,1977,Jordan,0,TRUE,0,FALSE
663,1978,Jordan,0,TRUE,0,FALSE
663,1979,Jordan,0,TRUE,0,FALSE
663,1980,Jordan,0,TRUE,0,FALSE
663,1981,Jordan,0,TRUE,0,FALSE
663,1982,Jordan,0,TRUE,0,FALSE
663,1983,Jordan,0,TRUE,0,FALSE
663,1984,Jordan,0,TRUE,0,FALSE
663,1985,Jordan,0,TRUE,0,FALSE
663,1986,Jordan,0,TRUE,0,FALSE
663,1987,Jordan,0,TRUE,0,FALSE
663,1988,Jordan,0,TRUE,0,FALSE
663,1989,Jordan,0,TRUE,0,FALSE
663,1990,Jordan,0,FALSE,0.041343601,FALSE
663,1991,Jordan,0,FALSE,0.039875856,FALSE
663,1992,Jordan,0,FALSE,0.03780819,FALSE
663,1993,Jordan,0,FALSE,0.035723408,FALSE
663,1994,Jordan,0,FALSE,0.03379953,FALSE
663,1995,Jordan,0.02323392,FALSE,0.265578334,FALSE
663,1996,Jordan,0.044938549,FALSE,0.523208835,FALSE
663,1997,Jordan,0.599341106,FALSE,0.951419249,FALSE
663,1998,Jordan,1.305888264,FALSE,1.701530612,FALSE
663,1999,Jordan,2.526965353,FALSE,2.391888139,FALSE
663,2000,Jordan,2.623275422,FALSE,7.692555675,FALSE
663,2001,Jordan,4.705719581,FALSE,16.76496279,FALSE
663,2002,Jordan,6.025532412,FALSE,23.11799075,FALSE
663,2003,Jordan,8.466005016,FALSE,24.5604987,FALSE
663,2004,Jordan,11.65874137,FALSE,29.35621517,FALSE
663,2005,Jordan,12.93285205,FALSE,55.25545854,FALSE
663,2006,Jordan,13.86710879,FALSE,71.48490967,FALSE
663,2007,Jordan,20,FALSE,73.71087407,FALSE
663,2008,Jordan,23,FALSE,80.10953926,FALSE
663,2009,Jordan,26,FALSE,88.70102642,FALSE
663,2010,Jordan,27.2,FALSE,95.50935775,FALSE
663,2011,Jordan,34.9,FALSE,105.2402538,FALSE
663,2012,Jordan,37,FALSE,124.5760215,FALSE
663,2013,Jordan,41.4,FALSE,134.0380157,FALSE
663,2014,Jordan,46.2,FALSE,128.1170096,FALSE
663,2015,Jordan,54.22,FALSE,145.3297924,FALSE
663,2016,Jordan,56.15,FALSE,98.53271402,FALSE
663,2017,Jordan,64.5,FALSE,94.98702055,FALSE
663,2018,Jordan,65.2,FALSE,83.47869848,FALSE
663,2019,Jordan,71.8146623222475,TRUE,72.70773421,FALSE
663,2020,Jordan,75.80597252312964,TRUE,63.94061117,FALSE
663,2021,Jordan,79.39425014665694,TRUE,65.26176509,FALSE
666,1960,Israel,0,TRUE,0,TRUE
666,1961,Israel,0,TRUE,0,TRUE
666,1962,Israel,0,TRUE,0,TRUE
666,1963,Israel,0,TRUE,0,TRUE
666,1964,Israel,0,TRUE,0,TRUE
666,1965,Israel,0,TRUE,0,TRUE
666,1966,Israel,0,TRUE,0,TRUE
666,1967,Israel,0,TRUE,0,TRUE
666,1968,Israel,0,TRUE,0,TRUE
666,1969,Israel,0,TRUE,0,TRUE
666,1970,Israel,0,TRUE,0,TRUE
666,1971,Israel,0,TRUE,0,TRUE
666,1972,Israel,0,TRUE,0,TRUE
666,1973,Israel,0,TRUE,0,TRUE
666,1974,Israel,0,TRUE,0,TRUE
666,1975,Israel,0,TRUE,0,TRUE
666,1976,Israel,0,TRUE,0,TRUE
666,1977,Israel,0,TRUE,0,TRUE
666,1978,Israel,0,TRUE,0,TRUE
666,1979,Israel,0,TRUE,0,TRUE
666,1980,Israel,0,TRUE,0,TRUE
666,1981,Israel,0,TRUE,0,TRUE
666,1982,Israel,0,TRUE,0,TRUE
666,1983,Israel,0,TRUE,0,TRUE
666,1984,Israel,0,TRUE,0,TRUE
666,1985,Israel,0,TRUE,0,TRUE
666,1986,Israel,0,TRUE,0,TRUE
666,1987,Israel,0,TRUE,0,TRUE
666,1988,Israel,0,TRUE,0,TRUE
666,1989,Israel,0,TRUE,0,TRUE
666,1990,Israel,0.110773866,FALSE,0.317284907,FALSE
666,1991,Israel,0.2146241,FALSE,0.465322169,FALSE
666,1992,Israel,0.310579197,FALSE,0.710794293,FALSE
666,1993,Israel,0.398833333,FALSE,1.236984936,FALSE
666,1994,Israel,0.57696646,FALSE,2.495654932,FALSE
666,1995,Israel,0.93042297,FALSE,8.130637479,FALSE
666,1996,Israel,2.1683676,FALSE,18.66517808,FALSE
666,1997,Israel,4.399405482,FALSE,29.11996501,FALSE
666,1998,Israel,10.30706995,FALSE,36.57890002,FALSE
666,1999,Israel,13.43612191,FALSE,48.04734265,FALSE
666,2000,Israel,20.87379,FALSE,71.93117886,FALSE
666,2001,Israel,17.37862386,FALSE,88.17949459,FALSE
666,2002,Israel,17.76459906,FALSE,99.10827833,FALSE
666,2003,Israel,19.59339366,FALSE,102.1997358,FALSE
666,2004,Israel,22.77048553,FALSE,109.4901505,FALSE
666,2005,Israel,25.19404242,FALSE,115.5325698,FALSE
666,2006,Israel,27.88107446,FALSE,123.0045417,FALSE
666,2007,Israel,48.12806219,FALSE,128.0494269,FALSE
666,2008,Israel,59.39,FALSE,126.9626414,FALSE
666,2009,Israel,63.12,FALSE,125.310742,FALSE
666,2010,Israel,67.5,FALSE,124.3237822,FALSE
666,2011,Israel,68.87387799,FALSE,123.3285463,FALSE
666,2012,Israel,70.8,FALSE,121.5077872,FALSE
666,2013,Israel,70.25031195,FALSE,122.9506712,FALSE
666,2014,Israel,75.01775316,FALSE,120.806028,FALSE
666,2015,Israel,77.35208966,FALSE,131.9966662,FALSE
666,2016,Israel,79.65312418,FALSE,129.5500471,FALSE
666,2017,Israel,81.58118359,FALSE,126.8464798,FALSE
666,2018,Israel,83.73315696,FALSE,126.5301426,FALSE
666,2019,Israel,86.78787762,FALSE,135.9213376,FALSE
666,2020,Israel,90.12734091,FALSE,140.1086384,FALSE
666,2021,Israel,94.24485119813907,TRUE,140.4485071,FALSE
670,1960,Saudi Arabia,0,TRUE,0,TRUE
670,1961,Saudi Arabia,0,TRUE,0,TRUE
670,1962,Saudi Arabia,0,TRUE,0,TRUE
670,1963,Saudi Arabia,0,TRUE,0,TRUE
670,1964,Saudi Arabia,0,TRUE,0,TRUE
670,1965,Saudi Arabia,0,TRUE,0,TRUE
670,1966,Saudi Arabia,0,TRUE,0,TRUE
670,1967,Saudi Arabia,0,TRUE,0,TRUE
670,1968,Saudi Arabia,0,TRUE,0,TRUE
670,1969,Saudi Arabia,0,TRUE,0,TRUE
670,1970,Saudi Arabia,0,TRUE,0,TRUE
670,1971,Saudi Arabia,0,TRUE,0,TRUE
670,1972,Saudi Arabia,0,TRUE,0,TRUE
670,1973,Saudi Arabia,0,TRUE,0,TRUE
670,1974,Saudi Arabia,0,TRUE,0,TRUE
670,1975,Saudi Arabia,0,TRUE,0,TRUE
670,1976,Saudi Arabia,0,TRUE,0,TRUE
670,1977,Saudi Arabia,0,TRUE,0,TRUE
670,1978,Saudi Arabia,0,TRUE,0,TRUE
670,1979,Saudi Arabia,0,TRUE,0,TRUE
670,1980,Saudi Arabia,0,TRUE,0,TRUE
670,1981,Saudi Arabia,0,TRUE,0,TRUE
670,1982,Saudi Arabia,0,TRUE,0,TRUE
670,1983,Saudi Arabia,0,TRUE,0,TRUE
670,1984,Saudi Arabia,0,TRUE,0,TRUE
670,1985,Saudi Arabia,0,TRUE,0,TRUE
670,1986,Saudi Arabia,0,TRUE,0,TRUE
670,1987,Saudi Arabia,0,TRUE,0,TRUE
670,1988,Saudi Arabia,0,TRUE,0,TRUE
670,1989,Saudi Arabia,0,TRUE,0,TRUE
670,1990,Saudi Arabia,0,FALSE,0.092791133,FALSE
670,1991,Saudi Arabia,0,FALSE,0.092054437,FALSE
670,1992,Saudi Arabia,0,FALSE,0.091590067,FALSE
670,1993,Saudi Arabia,0,FALSE,0.089149328,FALSE
670,1994,Saudi Arabia,0,FALSE,0.086887032,FALSE
670,1995,Saudi Arabia,0.010956134,FALSE,0.084748378,FALSE
670,1996,Saudi Arabia,0.026732651,FALSE,0.982654552,FALSE
670,1997,Saudi Arabia,0.052099031,FALSE,1.665471568,FALSE
670,1998,Saudi Arabia,0.101429893,FALSE,3.064200995,FALSE
670,1999,Saudi Arabia,0.49358534,FALSE,3.982111086,FALSE
670,2000,Saudi Arabia,2.210691809,FALSE,6.385371964,FALSE
670,2001,Saudi Arabia,4.681053166,FALSE,11.44909956,FALSE
670,2002,Saudi Arabia,6.38470502,FALSE,22.13620269,FALSE
670,2003,Saudi Arabia,8.001582891,FALSE,31.26548242,FALSE
670,2004,Saudi Arabia,10.234533,FALSE,38.77879493,FALSE
670,2005,Saudi Arabia,12.70503599,FALSE,58.05554012,FALSE
670,2006,Saudi Arabia,19.45955435,FALSE,77.61139698,FALSE
670,2007,Saudi Arabia,30,FALSE,107.5754805,FALSE
670,2008,Saudi Arabia,36,FALSE,131.2079923,FALSE
670,2009,Saudi Arabia,38,FALSE,157.5083371,FALSE
670,2010,Saudi Arabia,41,FALSE,175.3178957,FALSE
670,2011,Saudi Arabia,47.5,FALSE,179.0988641,FALSE
670,2012,Saudi Arabia,54,FALSE,171.9576466,FALSE
670,2013,Saudi Arabia,60.5,FALSE,168.6778476,FALSE
670,2014,Saudi Arabia,64.71365737,FALSE,164.1527601,FALSE
670,2015,Saudi Arabia,69.6162358,FALSE,161.21011,FALSE
670,2016,Saudi Arabia,74.87927469,FALSE,143.4406683,FALSE
670,2017,Saudi Arabia,94.17559961,FALSE,117.5995716,FALSE
670,2018,Saudi Arabia,93.31000185,FALSE,117.9691219,FALSE
670,2019,Saudi Arabia,95.7247356,FALSE,115.2711969,FALSE
670,2020,Saudi Arabia,97.8623325,FALSE,120.052537,FALSE
670,2021,Saudi Arabia,100,FALSE,126.3611144,FALSE
678,1960,"Yemen, Rep.",0,TRUE,0,FALSE
678,1961,"Yemen, Rep.",0,TRUE,0,TRUE
678,1962,"Yemen, Rep.",0,TRUE,0,TRUE
678,1963,"Yemen, Rep.",0,TRUE,0,TRUE
678,1964,"Yemen, Rep.",0,TRUE,0,TRUE
678,1965,"Yemen, Rep.",0,TRUE,0,FALSE
678,1966,"Yemen, Rep.",0,TRUE,0,TRUE
678,1967,"Yemen, Rep.",0,TRUE,0,TRUE
678,1968,"Yemen, Rep.",0,TRUE,0,TRUE
678,1969,"Yemen, Rep.",0,TRUE,0,TRUE
678,1970,"Yemen, Rep.",0,TRUE,0,FALSE
678,1971,"Yemen, Rep.",0,TRUE,0,TRUE
678,1972,"Yemen, Rep.",0,TRUE,0,TRUE
678,1973,"Yemen, Rep.",0,TRUE,0,TRUE
678,1974,"Yemen, Rep.",0,TRUE,0,TRUE
678,1975,"Yemen, Rep.",0,TRUE,0,FALSE
678,1976,"Yemen, Rep.",0,TRUE,0,FALSE
678,1977,"Yemen, Rep.",0,TRUE,0,FALSE
678,1978,"Yemen, Rep.",0,TRUE,0,FALSE
678,1979,"Yemen, Rep.",0,TRUE,0,FALSE
678,1980,"Yemen, Rep.",0,TRUE,0,FALSE
678,1981,"Yemen, Rep.",0,TRUE,0,FALSE
678,1982,"Yemen, Rep.",0,TRUE,0,FALSE
678,1983,"Yemen, Rep.",0,TRUE,0,FALSE
678,1984,"Yemen, Rep.",0,TRUE,0,FALSE
678,1985,"Yemen, Rep.",0,TRUE,0,FALSE
678,1986,"Yemen, Rep.",0,TRUE,0,FALSE
678,1987,"Yemen, Rep.",0,TRUE,0,FALSE
678,1988,"Yemen, Rep.",0,TRUE,0,FALSE
678,1989,"Yemen, Rep.",0,TRUE,0,FALSE
678,1990,"Yemen, Rep.",0,FALSE,0,FALSE
678,1991,"Yemen, Rep.",0,FALSE,0,FALSE
678,1992,"Yemen, Rep.",0,FALSE,0.010738704,FALSE
678,1993,"Yemen, Rep.",0,FALSE,0.034494156,FALSE
678,1994,"Yemen, Rep.",0,FALSE,0.052664502,FALSE
678,1995,"Yemen, Rep.",0,FALSE,0.051231611,FALSE
678,1996,"Yemen, Rep.",6.21081e-4,FALSE,0.053026527,FALSE
678,1997,"Yemen, Rep.",0.015025295,FALSE,0.071571853,FALSE
678,1998,"Yemen, Rep.",0.023323243,FALSE,0.091696258,FALSE
678,1999,"Yemen, Rep.",0.056628675,FALSE,0.152788763,FALSE
678,2000,"Yemen, Rep.",0.082500387,FALSE,0.172003414,FALSE
678,2001,"Yemen, Rep.",0.090802459,FALSE,0.772258636,FALSE
678,2002,"Yemen, Rep.",0.518796032,FALSE,2.475334873,FALSE
678,2003,"Yemen, Rep.",0.6047341,FALSE,3.344240537,FALSE
678,2004,"Yemen, Rep.",0.881222989,FALSE,7.11894611,FALSE
678,2005,"Yemen, Rep.",1.048597934,FALSE,10.68239832,FALSE
678,2006,"Yemen, Rep.",1.247824049,FALSE,13.55613495,FALSE
678,2007,"Yemen, Rep.",5.01,FALSE,19.2080591,FALSE
678,2008,"Yemen, Rep.",6.89,FALSE,27.62655448,FALSE
678,2009,"Yemen, Rep.",9.96,FALSE,34.59484888,FALSE
678,2010,"Yemen, Rep.",12.35,FALSE,44.79883685,FALSE
678,2011,"Yemen, Rep.",14.905,FALSE,45.80066974,FALSE
678,2012,"Yemen, Rep.",17.4465,FALSE,53.00611199,FALSE
678,2013,"Yemen, Rep.",20,FALSE,62.42476561,FALSE
678,2014,"Yemen, Rep.",22.55,FALSE,61.61428564,FALSE
678,2015,"Yemen, Rep.",24.08540947,FALSE,52.67802604,FALSE
678,2016,"Yemen, Rep.",24.57920836,FALSE,56.13532103,FALSE
678,2017,"Yemen, Rep.",26.71835477,FALSE,51.13427811,FALSE
678,2018,"Yemen, Rep.",35.10857109907697,TRUE,49.68344957,FALSE
678,2019,"Yemen, Rep.",39.661402050174395,TRUE,48.30300585,FALSE
678,2020,"Yemen, Rep.",44.40066510724452,TRUE,47.01393376,FALSE
678,2021,"Yemen, Rep.",49.244056211019874,TRUE,53.87622284715408,TRUE
690,1960,Kuwait,0,TRUE,0,FALSE
690,1961,Kuwait,0,TRUE,0,TRUE
690,1962,Kuwait,0,TRUE,0,TRUE
690,1963,Kuwait,0,TRUE,0,TRUE
690,1964,Kuwait,0,TRUE,0,TRUE
690,1965,Kuwait,0,TRUE,0,FALSE
690,1966,Kuwait,0,TRUE,0,TRUE
690,1967,Kuwait,0,TRUE,0,TRUE
690,1968,Kuwait,0,TRUE,0,TRUE
690,1969,Kuwait,0,TRUE,0,TRUE
690,1970,Kuwait,0,TRUE,0,FALSE
690,1971,Kuwait,0,TRUE,0,TRUE
690,1972,Kuwait,0,TRUE,0,TRUE
690,1973,Kuwait,0,TRUE,0,TRUE
690,1974,Kuwait,0,TRUE,0,TRUE
690,1975,Kuwait,0,TRUE,0,FALSE
690,1976,Kuwait,0,TRUE,0,FALSE
690,1977,Kuwait,0,TRUE,0,FALSE
690,1978,Kuwait,0,TRUE,0,FALSE
690,1979,Kuwait,0,TRUE,0,FALSE
690,1980,Kuwait,0,TRUE,0,FALSE
690,1981,Kuwait,0,TRUE,0,FALSE
690,1982,Kuwait,0,TRUE,0,FALSE
690,1983,Kuwait,0,TRUE,0,FALSE
690,1984,Kuwait,0,TRUE,0,FALSE
690,1985,Kuwait,0,TRUE,0,FALSE
690,1986,Kuwait,0,TRUE,0.416646978,FALSE
690,1987,Kuwait,0,TRUE,0.698079598,FALSE
690,1988,Kuwait,0,TRUE,0.821923084,FALSE
690,1989,Kuwait,0,TRUE,1.018093559,FALSE
690,1990,Kuwait,0,FALSE,1.237956271,FALSE
690,1991,Kuwait,0,FALSE,3.210153042,FALSE
690,1992,Kuwait,0,FALSE,3.146918519,FALSE
690,1993,Kuwait,0.091082245,FALSE,3.889045109,FALSE
690,1994,Kuwait,0.147162703,FALSE,5.1913161,FALSE
690,1995,Kuwait,0.202898433,FALSE,7.105330886,FALSE
690,1996,Kuwait,0.855662317,FALSE,8.868749112,FALSE
690,1997,Kuwait,2.174535859,FALSE,11.92187425,FALSE
690,1998,Kuwait,3.052397455,FALSE,13.73970621,FALSE
690,1999,Kuwait,4.756222209,FALSE,15.97931637,FALSE
690,2000,Kuwait,6.731395768,FALSE,24.60074185,FALSE
690,2001,Kuwait,8.551792434,FALSE,44.07950297,FALSE
690,2002,Kuwait,10.24896793,FALSE,59.93072067,FALSE
690,2003,Kuwait,22.40293838,FALSE,67.57058985,FALSE
690,2004,Kuwait,22.92711204,FALSE,82.4046195,FALSE
690,2005,Kuwait,25.92610837,FALSE,61.82706206,FALSE
690,2006,Kuwait,28.79119795,FALSE,49.90981248,FALSE
690,2007,Kuwait,34.8,FALSE,56.90173287,FALSE
690,2008,Kuwait,42,FALSE,56.58059624,FALSE
690,2009,Kuwait,50.8,FALSE,93.66360823,FALSE
690,2010,Kuwait,61.4,FALSE,135.1907482,FALSE
690,2011,Kuwait,65.76907069,FALSE,156.9476673,FALSE
690,2012,Kuwait,70.45,FALSE,150.2358261,FALSE
690,2013,Kuwait,75.46,FALSE,175.7841316,FALSE
690,2014,Kuwait,78.7,FALSE,202.0425438,FALSE
690,2015,Kuwait,82,FALSE,196.0922731,FALSE
690,2016,Kuwait,85.6,FALSE,189.2095892,FALSE
690,2017,Kuwait,97.99998933,FALSE,173.0666459,FALSE
690,2018,Kuwait,99.59884959,FALSE,164.4554959,FALSE
690,2019,Kuwait,99.54267645,FALSE,164.9822792,FALSE
690,2020,Kuwait,99.10587967,FALSE,155.2673535,FALSE
690,2021,Kuwait,99.70000672,FALSE,162.7763396,FALSE
692,1960,Bahrain,0,TRUE,0,FALSE
692,1961,Bahrain,0,TRUE,0,TRUE
692,1962,Bahrain,0,TRUE,0,TRUE
692,1963,Bahrain,0,TRUE,0,TRUE
692,1964,Bahrain,0,TRUE,0,TRUE
692,1965,Bahrain,0,TRUE,0,FALSE
692,1966,Bahrain,0,TRUE,0,TRUE
692,1967,Bahrain,0,TRUE,0,TRUE
692,1968,Bahrain,0,TRUE,0,TRUE
692,1969,Bahrain,0,TRUE,0,TRUE
692,1970,Bahrain,0,TRUE,0,FALSE
692,1971,Bahrain,0,TRUE,0,TRUE
692,1972,Bahrain,0,TRUE,0,TRUE
692,1973,Bahrain,0,TRUE,0,TRUE
692,1974,Bahrain,0,TRUE,0,TRUE
692,1975,Bahrain,0,TRUE,0,FALSE
692,1976,Bahrain,0,TRUE,0,FALSE
692,1977,Bahrain,0,TRUE,0,FALSE
692,1978,Bahrain,0,TRUE,0,FALSE
692,1979,Bahrain,0,TRUE,0,FALSE
692,1980,Bahrain,0,TRUE,0,FALSE
692,1981,Bahrain,0,TRUE,0,FALSE
692,1982,Bahrain,0,TRUE,0,FALSE
692,1983,Bahrain,0,TRUE,0,FALSE
692,1984,Bahrain,0,TRUE,0,FALSE
692,1985,Bahrain,0,TRUE,0,FALSE
692,1986,Bahrain,0,TRUE,0.137273543,FALSE
692,1987,Bahrain,0,TRUE,0.366937869,FALSE
692,1988,Bahrain,0,TRUE,0.597100154,FALSE
692,1989,Bahrain,0,TRUE,0.849606974,FALSE
692,1990,Bahrain,0,FALSE,0.994746994,FALSE
692,1991,Bahrain,0,FALSE,1.373514003,FALSE
692,1992,Bahrain,0,FALSE,1.746352373,FALSE
692,1993,Bahrain,0,FALSE,1.979935722,FALSE
692,1994,Bahrain,0,FALSE,2.969385794,FALSE
692,1995,Bahrain,0.346205844,FALSE,4.5029318,FALSE
692,1996,Bahrain,0.843254219,FALSE,6.334195172,FALSE
692,1997,Bahrain,1.646299202,FALSE,8.970155154,FALSE
692,1998,Bahrain,3.218202151,FALSE,13.68999114,FALSE
692,1999,Bahrain,4.720358118,FALSE,19.283577,FALSE
692,2000,Bahrain,6.153732546,FALSE,28.91690398,FALSE
692,2001,Bahrain,15.03863425,FALSE,41.02487207,FALSE
692,2002,Bahrain,18.05072089,FALSE,51.98149465,FALSE
692,2003,Bahrain,21.55494499,FALSE,56.93614954,FALSE
692,2004,Bahrain,21.45868051,FALSE,77.96067195,FALSE
692,2005,Bahrain,21.30373351,FALSE,85.05212763,FALSE
692,2006,Bahrain,28.24395243,FALSE,93.45537498,FALSE
692,2007,Bahrain,32.91,FALSE,107.2508102,FALSE
692,2008,Bahrain,51.95,FALSE,129.7600831,FALSE
692,2009,Bahrain,53,FALSE,118.8664576,FALSE
692,2010,Bahrain,55,FALSE,129.1151861,FALSE
692,2011,Bahrain,76.9999665,FALSE,139.7312217,FALSE
692,2012,Bahrain,88,FALSE,173.3884708,FALSE
692,2013,Bahrain,90.0000397,FALSE,175.1793056,FALSE
692,2014,Bahrain,90.50313348,FALSE,177.6320346,FALSE
692,2015,Bahrain,93.4783008,FALSE,184.9333623,FALSE
692,2016,Bahrain,97.9999807,FALSE,212.4528521,FALSE
692,2017,Bahrain,95.87813575,FALSE,162.3024312,FALSE
692,2018,Bahrain,98.64467258,FALSE,140.7017898,FALSE
692,2019,Bahrain,99.70149256,FALSE,128.4065325,FALSE
692,2020,Bahrain,99.67105263,FALSE,119.86485,FALSE
692,2021,Bahrain,100,FALSE,131.4487123,FALSE
694,1960,Qatar,0,TRUE,0,FALSE
694,1961,Qatar,0,TRUE,0,TRUE
694,1962,Qatar,0,TRUE,0,TRUE
694,1963,Qatar,0,TRUE,0,TRUE
694,1964,Qatar,0,TRUE,0,TRUE
694,1965,Qatar,0,TRUE,0,FALSE
694,1966,Qatar,0,TRUE,0,TRUE
694,1967,Qatar,0,TRUE,0,TRUE
694,1968,Qatar,0,TRUE,0,TRUE
694,1969,Qatar,0,TRUE,0,TRUE
694,1970,Qatar,0,TRUE,0,FALSE
694,1971,Qatar,0,TRUE,0,TRUE
694,1972,Qatar,0,TRUE,0,TRUE
694,1973,Qatar,0,TRUE,0,TRUE
694,1974,Qatar,0,TRUE,0,TRUE
694,1975,Qatar,0,TRUE,0,FALSE
694,1976,Qatar,0,TRUE,0,FALSE
694,1977,Qatar,0,TRUE,0,FALSE
694,1978,Qatar,0,TRUE,0,FALSE
694,1979,Qatar,0,TRUE,0,FALSE
694,1980,Qatar,0,TRUE,0,FALSE
694,1981,Qatar,0,TRUE,0,FALSE
694,1982,Qatar,0,TRUE,0,TRUE
694,1983,Qatar,0,TRUE,0,TRUE
694,1984,Qatar,0,TRUE,0,TRUE
694,1985,Qatar,0,TRUE,0,TRUE
694,1986,Qatar,0,TRUE,0,TRUE
694,1987,Qatar,0,TRUE,0,TRUE
694,1988,Qatar,0,TRUE,0,TRUE
694,1989,Qatar,0,TRUE,0,TRUE
694,1990,Qatar,0,FALSE,0.862851644,FALSE
694,1991,Qatar,0,FALSE,0.888745767,FALSE
694,1992,Qatar,0,FALSE,0.898167382,FALSE
694,1993,Qatar,0,FALSE,0.882437659,FALSE
694,1994,Qatar,0,FALSE,2.303458083,FALSE
694,1995,Qatar,0.190209535,FALSE,3.585287683,FALSE
694,1996,Qatar,0.930185833,FALSE,5.43620788,FALSE
694,1997,Qatar,3.083749186,FALSE,7.896242401,FALSE
694,1998,Qatar,3.52002985,FALSE,11.31778649,FALSE
694,1999,Qatar,4.070728915,FALSE,13.75586579,FALSE
694,2000,Qatar,4.863679179,FALSE,18.71018381,FALSE
694,2001,Qatar,6.170268561,FALSE,26.21108936,FALSE
694,2002,Qatar,10.22612893,FALSE,37.39599487,FALSE
694,2003,Qatar,19.24233642,FALSE,50.30352987,FALSE
694,2004,Qatar,20.70164785,FALSE,63.02934401,FALSE
694,2005,Qatar,24.73349378,FALSE,84.45322902,FALSE
694,2006,Qatar,28.97411271,FALSE,90.61267314,FALSE
694,2007,Qatar,37,FALSE,102.6230363,FALSE
694,2008,Qatar,44.3,FALSE,98.97588897,FALSE
694,2009,Qatar,53.1,FALSE,121.0210188,FALSE
694,2010,Qatar,69,FALSE,127.6009277,FALSE
694,2011,Qatar,69,FALSE,127.6056981,FALSE
694,2012,Qatar,69.3,FALSE,136.4991656,FALSE
694,2013,Qatar,85.3,FALSE,162.6308707,FALSE
694,2014,Qatar,91.49,FALSE,149.2831674,FALSE
694,2015,Qatar,92.88482645,FALSE,154.912235,FALSE
694,2016,Qatar,95.12466217,FALSE,140.745486,FALSE
694,2017,Qatar,97.38884917,FALSE,147.0842119,FALSE
694,2018,Qatar,99.65284913,FALSE,142.6223429,FALSE
694,2019,Qatar,99.65280421,FALSE,139.5526559,FALSE
694,2020,Qatar,99.65284913,FALSE,137.6081235,FALSE
694,2021,Qatar,98.72865193463883,TRUE,144.2023856,FALSE
696,1960,United Arab Emirates,0,TRUE,0,TRUE
696,1961,United Arab Emirates,0,TRUE,0,TRUE
696,1962,United Arab Emirates,0,TRUE,0,TRUE
696,1963,United Arab Emirates,0,TRUE,0,TRUE
696,1964,United Arab Emirates,0,TRUE,0,TRUE
696,1965,United Arab Emirates,0,TRUE,0,TRUE
696,1966,United Arab Emirates,0,TRUE,0,TRUE
696,1967,United Arab Emirates,0,TRUE,0,TRUE
696,1968,United Arab Emirates,0,TRUE,0,TRUE
696,1969,United Arab Emirates,0,TRUE,0,TRUE
696,1970,United Arab Emirates,0,TRUE,0,TRUE
696,1971,United Arab Emirates,0,TRUE,0,TRUE
696,1972,United Arab Emirates,0,TRUE,0,TRUE
696,1973,United Arab Emirates,0,TRUE,0,TRUE
696,1974,United Arab Emirates,0,TRUE,0,TRUE
696,1975,United Arab Emirates,0,TRUE,0,TRUE
696,1976,United Arab Emirates,0,TRUE,0,TRUE
696,1977,United Arab Emirates,0,TRUE,0,TRUE
696,1978,United Arab Emirates,0,TRUE,0,TRUE
696,1979,United Arab Emirates,0,TRUE,0,TRUE
696,1980,United Arab Emirates,0,TRUE,0,TRUE
696,1981,United Arab Emirates,0,TRUE,0,TRUE
696,1982,United Arab Emirates,0,TRUE,0.199510899,FALSE
696,1983,United Arab Emirates,0,TRUE,0.287983245,FALSE
696,1984,United Arab Emirates,0,TRUE,0.377274558,FALSE
696,1985,United Arab Emirates,0,TRUE,0.574396029,FALSE
696,1986,United Arab Emirates,0,TRUE,0.761967402,FALSE
696,1987,United Arab Emirates,0,TRUE,0.870037547,FALSE
696,1988,United Arab Emirates,0,TRUE,0.820998752,FALSE
696,1989,United Arab Emirates,0,TRUE,1.392200196,FALSE
696,1990,United Arab Emirates,0,FALSE,1.767122718,FALSE
696,1991,United Arab Emirates,0,FALSE,2.14142422,FALSE
696,1992,United Arab Emirates,0,FALSE,2.311609649,FALSE
696,1993,United Arab Emirates,0,FALSE,3.174853055,FALSE
696,1994,United Arab Emirates,0,FALSE,3.928169053,FALSE
696,1995,United Arab Emirates,0.102939175,FALSE,5.298629246,FALSE
696,1996,United Arab Emirates,0.375393534,FALSE,7.534161116,FALSE
696,1997,United Arab Emirates,3.295592694,FALSE,11.26583053,FALSE
696,1998,United Arab Emirates,6.908302986,FALSE,16.88654733,FALSE
696,1999,United Arab Emirates,14.94269899,FALSE,26.86844465,FALSE
696,2000,United Arab Emirates,23.62530088,FALSE,43.60213145,FALSE
696,2001,United Arab Emirates,26.2717542,FALSE,55.27485686,FALSE
696,2002,United Arab Emirates,28.31648531,FALSE,66.82174472,FALSE
696,2003,United Arab Emirates,29.47795341,FALSE,77.94350145,FALSE
696,2004,United Arab Emirates,30.13129617,FALSE,92.23151353,FALSE
696,2005,United Arab Emirates,40,FALSE,105.9133477,FALSE
696,2006,United Arab Emirates,52,FALSE,112.6626827,FALSE
696,2007,United Arab Emirates,61,FALSE,131.6533802,FALSE
696,2008,United Arab Emirates,63,FALSE,133.8983849,FALSE
696,2009,United Arab Emirates,64,FALSE,133.5212478,FALSE
696,2010,United Arab Emirates,68,FALSE,128.8176608,FALSE
696,2011,United Arab Emirates,78,FALSE,136.7594244,FALSE
696,2012,United Arab Emirates,84.9999915,FALSE,158.9763381,FALSE
696,2013,United Arab Emirates,88,FALSE,183.5446297,FALSE
696,2014,United Arab Emirates,90.4,FALSE,190.3476162,FALSE
696,2015,United Arab Emirates,90.5,FALSE,201.219729,FALSE
696,2016,United Arab Emirates,90.60000732,FALSE,221.308772,FALSE
696,2017,United Arab Emirates,94.81992254,FALSE,218.6322987,FALSE
696,2018,United Arab Emirates,98.45000178,FALSE,219.700673,FALSE
696,2019,United Arab Emirates,99.14999998,FALSE,212.804439,FALSE
696,2020,United Arab Emirates,100,FALSE,197.8438703,FALSE
696,2021,United Arab Emirates,100,FALSE,194.7336208,FALSE
698,1960,Oman,0,TRUE,0,FALSE
698,1961,Oman,0,TRUE,0,TRUE
698,1962,Oman,0,TRUE,0,TRUE
698,1963,Oman,0,TRUE,0,TRUE
698,1964,Oman,0,TRUE,0,TRUE
698,1965,Oman,0,TRUE,0,FALSE
698,1966,Oman,0,TRUE,0,TRUE
698,1967,Oman,0,TRUE,0,TRUE
698,1968,Oman,0,TRUE,0,TRUE
698,1969,Oman,0,TRUE,0,TRUE
698,1970,Oman,0,TRUE,0,FALSE
698,1971,Oman,0,TRUE,0,TRUE
698,1972,Oman,0,TRUE,0,TRUE
698,1973,Oman,0,TRUE,0,TRUE
698,1974,Oman,0,TRUE,0,TRUE
698,1975,Oman,0,TRUE,0,FALSE
698,1976,Oman,0,TRUE,0,FALSE
698,1977,Oman,0,TRUE,0,FALSE
698,1978,Oman,0,TRUE,0,FALSE
698,1979,Oman,0,TRUE,0,FALSE
698,1980,Oman,0,TRUE,0,FALSE
698,1981,Oman,0,TRUE,0,FALSE
698,1982,Oman,0,TRUE,0,FALSE
698,1983,Oman,0,TRUE,0,FALSE
698,1984,Oman,0,TRUE,0,FALSE
698,1985,Oman,0,TRUE,0.003470327,FALSE
698,1986,Oman,0,TRUE,0.047848269,FALSE
698,1987,Oman,0,TRUE,0.071549261,FALSE
698,1988,Oman,0,TRUE,0.101959943,FALSE
698,1989,Oman,0,TRUE,0.12049466,FALSE
698,1990,Oman,0,FALSE,0.150648866,FALSE
698,1991,Oman,0,FALSE,0.193899147,FALSE
698,1992,Oman,0,FALSE,0.238040615,FALSE
698,1993,Oman,0,FALSE,0.271028867,FALSE
698,1994,Oman,0,FALSE,0.314231069,FALSE
698,1995,Oman,0,FALSE,0.365289843,FALSE
698,1996,Oman,0,FALSE,0.670644633,FALSE
698,1997,Oman,0.439792805,FALSE,2.355804747,FALSE
698,1998,Oman,0.862725306,FALSE,4.351950207,FALSE
698,1999,Oman,2.515665987,FALSE,5.366082104,FALSE
698,2000,Oman,3.520421417,FALSE,7.142942178,FALSE
698,2001,Oman,5.893841521,FALSE,14.07430711,FALSE
698,2002,Oman,6.873396039,FALSE,19.82989972,FALSE
698,2003,Oman,7.255742945,FALSE,24.89349023,FALSE
698,2004,Oman,6.75885217,FALSE,32.96971561,FALSE
698,2005,Oman,6.68358142,FALSE,53.09007343,FALSE
698,2006,Oman,8.299716673,FALSE,70.44534978,FALSE
698,2007,Oman,16.68,FALSE,94.08548532,FALSE
698,2008,Oman,20,FALSE,117.0262559,FALSE
698,2009,Oman,26.8,FALSE,138.0495907,FALSE
698,2010,Oman,35.8278,FALSE,151.4460942,FALSE
698,2011,Oman,48,FALSE,147.92643,FALSE
698,2012,Oman,60,FALSE,150.8732775,FALSE
698,2013,Oman,66.45,FALSE,149.2089101,FALSE
698,2014,Oman,70.22,FALSE,153.8060369,FALSE
698,2015,Oman,73.53,FALSE,155.7561043,FALSE
698,2016,Oman,76.84539047,FALSE,153.2914555,FALSE
698,2017,Oman,80.18563573,FALSE,148.8216278,FALSE
698,2018,Oman,85.5,FALSE,139.9674164,FALSE
698,2019,Oman,90.3,FALSE,138.2321115,FALSE
698,2020,Oman,95.23229321,FALSE,140.0686492,FALSE
698,2021,Oman,95.67096671813238,TRUE,135.0769728,FALSE
700,1960,Afghanistan,0,TRUE,0,FALSE
700,1961,Afghanistan,0,TRUE,0,TRUE
700,1962,Afghanistan,0,TRUE,0,TRUE
700,1963,Afghanistan,0,TRUE,0,TRUE
700,1964,Afghanistan,0,TRUE,0,TRUE
700,1965,Afghanistan,0,TRUE,0,FALSE
700,1966,Afghanistan,0,TRUE,0,TRUE
700,1967,Afghanistan,0,TRUE,0,TRUE
700,1968,Afghanistan,0,TRUE,0,TRUE
700,1969,Afghanistan,0,TRUE,0,TRUE
700,1970,Afghanistan,0,TRUE,0,FALSE
700,1971,Afghanistan,0,TRUE,0,TRUE
700,1972,Afghanistan,0,TRUE,0,TRUE
700,1973,Afghanistan,0,TRUE,0,TRUE
700,1974,Afghanistan,0,TRUE,0,TRUE
700,1975,Afghanistan,0,TRUE,0,FALSE
700,1976,Afghanistan,0,TRUE,0,FALSE
700,1977,Afghanistan,0,TRUE,0,FALSE
700,1978,Afghanistan,0,TRUE,0,FALSE
700,1979,Afghanistan,0,TRUE,0,FALSE
700,1980,Afghanistan,0,TRUE,0,FALSE
700,1981,Afghanistan,0,TRUE,0,FALSE
700,1982,Afghanistan,0,TRUE,0,FALSE
700,1983,Afghanistan,0,TRUE,0,FALSE
700,1984,Afghanistan,0,TRUE,0,FALSE
700,1985,Afghanistan,0,TRUE,0,FALSE
700,1986,Afghanistan,0,TRUE,0,FALSE
700,1987,Afghanistan,0,TRUE,0,FALSE
700,1988,Afghanistan,0,TRUE,0,FALSE
700,1989,Afghanistan,0,TRUE,0,FALSE
700,1990,Afghanistan,0,FALSE,0,FALSE
700,1991,Afghanistan,0,FALSE,0,FALSE
700,1992,Afghanistan,0,FALSE,0,FALSE
700,1993,Afghanistan,0,FALSE,0,FALSE
700,1994,Afghanistan,0,FALSE,0,FALSE
700,1995,Afghanistan,0,FALSE,0,FALSE
700,1996,Afghanistan,0,TRUE,0,FALSE
700,1997,Afghanistan,0,TRUE,0,FALSE
700,1998,Afghanistan,0,TRUE,0,FALSE
700,1999,Afghanistan,0,TRUE,0,FALSE
700,2000,Afghanistan,0,TRUE,0,FALSE
700,2001,Afghanistan,0.004722568,FALSE,0,FALSE
700,2002,Afghanistan,0.004561395,FALSE,0.119046168,FALSE
700,2003,Afghanistan,0.087891253,FALSE,0.883192104,FALSE
700,2004,Afghanistan,0.10580903,FALSE,2.547386592,FALSE
700,2005,Afghanistan,1.224148084,FALSE,4.915778177,FALSE
700,2006,Afghanistan,2.107123645,FALSE,9.905952707,FALSE
700,2007,Afghanistan,1.9,FALSE,18.02123984,FALSE
700,2008,Afghanistan,1.84,FALSE,29.88931593,FALSE
700,2009,Afghanistan,3.55,FALSE,38.34172829,FALSE
700,2010,Afghanistan,4,FALSE,36.23965543,FALSE
700,2011,Afghanistan,5,FALSE,47.17359546,FALSE
700,2012,Afghanistan,5.454545455,FALSE,50.35079702,FALSE
700,2013,Afghanistan,5.9,FALSE,53.28634042,FALSE
700,2014,Afghanistan,7,FALSE,56.26314295,FALSE
700,2015,Afghanistan,8.26,FALSE,58.39109599,FALSE
700,2016,Afghanistan,11,FALSE,62.37109623,FALSE
700,2017,Afghanistan,13.5,FALSE,67.136414920000007,FALSE
700,2018,Afghanistan,16.8,FALSE,59.90264778,FALSE
700,2019,Afghanistan,17.6,FALSE,59.78387904,FALSE
700,2020,Afghanistan,18.4,FALSE,58.1902139,FALSE
700,2021,Afghanistan,23.59390744127299,TRUE,60.72735841038458,TRUE
701,1960,Turkmenistan,0,TRUE,0,FALSE
701,1961,Turkmenistan,0,TRUE,0,TRUE
701,1962,Turkmenistan,0,TRUE,0,TRUE
701,1963,Turkmenistan,0,TRUE,0,TRUE
701,1964,Turkmenistan,0,TRUE,0,TRUE
701,1965,Turkmenistan,0,TRUE,0,FALSE
701,1966,Turkmenistan,0,TRUE,0,TRUE
701,1967,Turkmenistan,0,TRUE,0,TRUE
701,1968,Turkmenistan,0,TRUE,0,TRUE
701,1969,Turkmenistan,0,TRUE,0,TRUE
701,1970,Turkmenistan,0,TRUE,0,FALSE
701,1971,Turkmenistan,0,TRUE,0,TRUE
701,1972,Turkmenistan,0,TRUE,0,TRUE
701,1973,Turkmenistan,0,TRUE,0,TRUE
701,1974,Turkmenistan,0,TRUE,0,TRUE
701,1975,Turkmenistan,0,TRUE,0,FALSE
701,1976,Turkmenistan,0,TRUE,0,FALSE
701,1977,Turkmenistan,0,TRUE,0,FALSE
701,1978,Turkmenistan,0,TRUE,0,FALSE
701,1979,Turkmenistan,0,TRUE,0,FALSE
701,1980,Turkmenistan,0,TRUE,0,FALSE
701,1981,Turkmenistan,0,TRUE,0,FALSE
701,1982,Turkmenistan,0,TRUE,0,FALSE
701,1983,Turkmenistan,0,TRUE,0,FALSE
701,1984,Turkmenistan,0,TRUE,0,FALSE
701,1985,Turkmenistan,0,TRUE,0,FALSE
701,1986,Turkmenistan,0,TRUE,0,FALSE
701,1987,Turkmenistan,0,TRUE,0,FALSE
701,1988,Turkmenistan,0,TRUE,0,FALSE
701,1989,Turkmenistan,0,TRUE,0,FALSE
701,1990,Turkmenistan,0,FALSE,0,FALSE
701,1991,Turkmenistan,0,FALSE,0,FALSE
701,1992,Turkmenistan,0,FALSE,0,FALSE
701,1993,Turkmenistan,0,FALSE,0,FALSE
701,1994,Turkmenistan,0,FALSE,0,FALSE
701,1995,Turkmenistan,0,FALSE,0,FALSE
701,1996,Turkmenistan,0,TRUE,0,FALSE
701,1997,Turkmenistan,0,TRUE,0.057291199,FALSE
701,1998,Turkmenistan,0,TRUE,0.067696893,FALSE
701,1999,Turkmenistan,0.04502077,FALSE,0.088867561,FALSE
701,2000,Turkmenistan,0.133282183,FALSE,0.164144962,FALSE
701,2001,Turkmenistan,0.175209518,FALSE,0.176328679,FALSE
701,2002,Turkmenistan,0.302132016,FALSE,0.173931808,FALSE
701,2003,Turkmenistan,0.425182632,FALSE,0.193045244,FALSE
701,2004,Turkmenistan,0.754053983,FALSE,1.039463944,FALSE
701,2005,Turkmenistan,0.997256559,FALSE,2.1490961,FALSE
701,2006,Turkmenistan,1.319573118,FALSE,4.377608609,FALSE
701,2007,Turkmenistan,1.406360688,FALSE,7.595583111,FALSE
701,2008,Turkmenistan,1.75,FALSE,22.25748091,FALSE
701,2009,Turkmenistan,1.95,FALSE,41.1678769,FALSE
701,2010,Turkmenistan,3,FALSE,60.69935858,FALSE
701,2011,Turkmenistan,5,FALSE,98.86561961,FALSE
701,2012,Turkmenistan,7.1958,FALSE,108.0846988,FALSE
701,2013,Turkmenistan,9.6,FALSE,110.1654037,FALSE
701,2014,Turkmenistan,12.2,FALSE,127.2453927,FALSE
701,2015,Turkmenistan,14.99677482,FALSE,135.9939734,FALSE
701,2016,Turkmenistan,17.99032446,FALSE,146.1175668,FALSE
701,2017,Turkmenistan,21.25099741,FALSE,157.111231,FALSE
701,2018,Turkmenistan,27.44643724250745,TRUE,154.6067265,FALSE
701,2019,Turkmenistan,33.24087536429119,TRUE,152.2630805,FALSE
701,2020,Turkmenistan,39.59108689310935,TRUE,150.0214865,FALSE
701,2021,Turkmenistan,46.31284023509945,TRUE,151.32937493336868,TRUE
702,1960,Tajikistan,0,TRUE,0,FALSE
702,1961,Tajikistan,0,TRUE,0,TRUE
702,1962,Tajikistan,0,TRUE,0,TRUE
702,1963,Tajikistan,0,TRUE,0,TRUE
702,1964,Tajikistan,0,TRUE,0,TRUE
702,1965,Tajikistan,0,TRUE,0,FALSE
702,1966,Tajikistan,0,TRUE,0,TRUE
702,1967,Tajikistan,0,TRUE,0,TRUE
702,1968,Tajikistan,0,TRUE,0,TRUE
702,1969,Tajikistan,0,TRUE,0,TRUE
702,1970,Tajikistan,0,TRUE,0,FALSE
702,1971,Tajikistan,0,TRUE,0,TRUE
702,1972,Tajikistan,0,TRUE,0,TRUE
702,1973,Tajikistan,0,TRUE,0,TRUE
702,1974,Tajikistan,0,TRUE,0,TRUE
702,1975,Tajikistan,0,TRUE,0,FALSE
702,1976,Tajikistan,0,TRUE,0,FALSE
702,1977,Tajikistan,0,TRUE,0,FALSE
702,1978,Tajikistan,0,TRUE,0,FALSE
702,1979,Tajikistan,0,TRUE,0,FALSE
702,1980,Tajikistan,0,TRUE,0,FALSE
702,1981,Tajikistan,0,TRUE,0,FALSE
702,1982,Tajikistan,0,TRUE,0,FALSE
702,1983,Tajikistan,0,TRUE,0,FALSE
702,1984,Tajikistan,0,TRUE,0,FALSE
702,1985,Tajikistan,0,TRUE,0,FALSE
702,1986,Tajikistan,0,TRUE,0,FALSE
702,1987,Tajikistan,0,TRUE,0,FALSE
702,1988,Tajikistan,0,TRUE,0,FALSE
702,1989,Tajikistan,0,TRUE,0,FALSE
702,1990,Tajikistan,0,FALSE,0,FALSE
702,1991,Tajikistan,0,FALSE,0,FALSE
702,1992,Tajikistan,0,FALSE,0,FALSE
702,1993,Tajikistan,0,FALSE,0,FALSE
702,1994,Tajikistan,0,FALSE,0,FALSE
702,1995,Tajikistan,0,FALSE,0,FALSE
702,1996,Tajikistan,0,TRUE,0.001689973,FALSE
702,1997,Tajikistan,0,TRUE,0.005231264,FALSE
702,1998,Tajikistan,0,TRUE,0.006821721,FALSE
702,1999,Tajikistan,0.032791858,FALSE,0.01009764,FALSE
702,2000,Tajikistan,0.048599595,FALSE,0.018491956,FALSE
702,2001,Tajikistan,0.051259133,FALSE,0.025433739,FALSE
702,2002,Tajikistan,0.055462827,FALSE,0.201780746,FALSE
702,2003,Tajikistan,0.064583777,FALSE,0.713631429,FALSE
702,2004,Tajikistan,0.077479907,FALSE,1.984942666,FALSE
702,2005,Tajikistan,0.298690024,FALSE,3.824426221,FALSE
702,2006,Tajikistan,3.772406207,FALSE,30.46440362,FALSE
702,2007,Tajikistan,7.197619518,FALSE,29.66964374,FALSE
702,2008,Tajikistan,8.78,FALSE,50.15299755,FALSE
702,2009,Tajikistan,10.07,FALSE,65.60804735,FALSE
702,2010,Tajikistan,11.55,FALSE,77.94560824,FALSE
702,2011,Tajikistan,13.03,FALSE,81.23502936,FALSE
702,2012,Tajikistan,14.51,FALSE,82.04734262,FALSE
702,2013,Tajikistan,16,FALSE,92.63194377,FALSE
702,2014,Tajikistan,17.49,FALSE,96.06972949,FALSE
702,2015,Tajikistan,18.98,FALSE,99.58867028,FALSE
702,2016,Tajikistan,20.47,FALSE,107.7324632,FALSE
702,2017,Tajikistan,21.96,FALSE,110.9626605,FALSE
702,2018,Tajikistan,28.30590348300509,TRUE,109.5514394,FALSE
702,2019,Tajikistan,31.92463173046211,TRUE,117.7572718,FALSE
702,2020,Tajikistan,35.775139594285356,TRUE,121.3847714,FALSE
702,2021,Tajikistan,39.81842009538484,TRUE,111.29505975002822,TRUE
703,1960,Kyrgyz Republic,0,TRUE,0,FALSE
703,1961,Kyrgyz Republic,0,TRUE,0,TRUE
703,1962,Kyrgyz Republic,0,TRUE,0,TRUE
703,1963,Kyrgyz Republic,0,TRUE,0,TRUE
703,1964,Kyrgyz Republic,0,TRUE,0,TRUE
703,1965,Kyrgyz Republic,0,TRUE,0,FALSE
703,1966,Kyrgyz Republic,0,TRUE,0,TRUE
703,1967,Kyrgyz Republic,0,TRUE,0,TRUE
703,1968,Kyrgyz Republic,0,TRUE,0,TRUE
703,1969,Kyrgyz Republic,0,TRUE,0,TRUE
703,1970,Kyrgyz Republic,0,TRUE,0,FALSE
703,1971,Kyrgyz Republic,0,TRUE,0,TRUE
703,1972,Kyrgyz Republic,0,TRUE,0,TRUE
703,1973,Kyrgyz Republic,0,TRUE,0,TRUE
703,1974,Kyrgyz Republic,0,TRUE,0,TRUE
703,1975,Kyrgyz Republic,0,TRUE,0,FALSE
703,1976,Kyrgyz Republic,0,TRUE,0,FALSE
703,1977,Kyrgyz Republic,0,TRUE,0,FALSE
703,1978,Kyrgyz Republic,0,TRUE,0,FALSE
703,1979,Kyrgyz Republic,0,TRUE,0,FALSE
703,1980,Kyrgyz Republic,0,TRUE,0,FALSE
703,1981,Kyrgyz Republic,0,TRUE,0,FALSE
703,1982,Kyrgyz Republic,0,TRUE,0,FALSE
703,1983,Kyrgyz Republic,0,TRUE,0,FALSE
703,1984,Kyrgyz Republic,0,TRUE,0,FALSE
703,1985,Kyrgyz Republic,0,TRUE,0,FALSE
703,1986,Kyrgyz Republic,0,TRUE,0,FALSE
703,1987,Kyrgyz Republic,0,TRUE,0,FALSE
703,1988,Kyrgyz Republic,0,TRUE,0,FALSE
703,1989,Kyrgyz Republic,0,TRUE,0,FALSE
703,1990,Kyrgyz Republic,0,FALSE,0,FALSE
703,1991,Kyrgyz Republic,0,FALSE,0,FALSE
703,1992,Kyrgyz Republic,0,FALSE,0,FALSE
703,1993,Kyrgyz Republic,0,FALSE,0,FALSE
703,1994,Kyrgyz Republic,0,FALSE,0,FALSE
703,1995,Kyrgyz Republic,0,FALSE,0,FALSE
703,1996,Kyrgyz Republic,0,TRUE,0,FALSE
703,1997,Kyrgyz Republic,0,TRUE,0,FALSE
703,1998,Kyrgyz Republic,0.072808334,FALSE,0.028064124,FALSE
703,1999,Kyrgyz Republic,0.20471135,FALSE,0.052757675,FALSE
703,2000,Kyrgyz Republic,1.041401145,FALSE,0.182364095,FALSE
703,2001,Kyrgyz Republic,3.002941327,FALSE,0.542011513,FALSE
703,2002,Kyrgyz Republic,2.99926518,FALSE,1.056052928,FALSE
703,2003,Kyrgyz Republic,3.908766268,FALSE,2.722951647,FALSE
703,2004,Kyrgyz Republic,5.090385307,FALSE,5.126979739,FALSE
703,2005,Kyrgyz Republic,10.53380134,FALSE,10.4301966,FALSE
703,2006,Kyrgyz Republic,12.306907,FALSE,24.04819332,FALSE
703,2007,Kyrgyz Republic,14.03,FALSE,40.95231026,FALSE
703,2008,Kyrgyz Republic,15.7,FALSE,63.49396632,FALSE
703,2009,Kyrgyz Republic,16,FALSE,82.87869511,FALSE
703,2010,Kyrgyz Republic,16.3,FALSE,96.20157578,FALSE
703,2011,Kyrgyz Republic,17.5,FALSE,113.0534607,FALSE
703,2012,Kyrgyz Republic,19.8,FALSE,120.7015687,FALSE
703,2013,Kyrgyz Republic,23,FALSE,117.7972956,FALSE
703,2014,Kyrgyz Republic,28.3,FALSE,130.0808662,FALSE
703,2015,Kyrgyz Republic,30.24704278,FALSE,128.1397232,FALSE
703,2016,Kyrgyz Republic,34.5,FALSE,126.5063102,FALSE
703,2017,Kyrgyz Republic,38.19903776,FALSE,138.3369764,FALSE
703,2018,Kyrgyz Republic,62.8,FALSE,140.3591937,FALSE
703,2019,Kyrgyz Republic,64.1,FALSE,136.3543926,FALSE
703,2020,Kyrgyz Republic,72,FALSE,132.4695239,FALSE
703,2021,Kyrgyz Republic,70.02326261910973,TRUE,133.16935466937852,TRUE
704,1960,Uzbekistan,0,TRUE,0,FALSE
704,1961,Uzbekistan,0,TRUE,0,TRUE
704,1962,Uzbekistan,0,TRUE,0,TRUE
704,1963,Uzbekistan,0,TRUE,0,TRUE
704,1964,Uzbekistan,0,TRUE,0,TRUE
704,1965,Uzbekistan,0,TRUE,0,FALSE
704,1966,Uzbekistan,0,TRUE,0,TRUE
704,1967,Uzbekistan,0,TRUE,0,TRUE
704,1968,Uzbekistan,0,TRUE,0,TRUE
704,1969,Uzbekistan,0,TRUE,0,TRUE
704,1970,Uzbekistan,0,TRUE,0,FALSE
704,1971,Uzbekistan,0,TRUE,0,TRUE
704,1972,Uzbekistan,0,TRUE,0,TRUE
704,1973,Uzbekistan,0,TRUE,0,TRUE
704,1974,Uzbekistan,0,TRUE,0,TRUE
704,1975,Uzbekistan,0,TRUE,0,FALSE
704,1976,Uzbekistan,0,TRUE,0,FALSE
704,1977,Uzbekistan,0,TRUE,0,FALSE
704,1978,Uzbekistan,0,TRUE,0,FALSE
704,1979,Uzbekistan,0,TRUE,0,FALSE
704,1980,Uzbekistan,0,TRUE,0,FALSE
704,1981,Uzbekistan,0,TRUE,0,FALSE
704,1982,Uzbekistan,0,TRUE,0,FALSE
704,1983,Uzbekistan,0,TRUE,0,FALSE
704,1984,Uzbekistan,0,TRUE,0,FALSE
704,1985,Uzbekistan,0,TRUE,0,FALSE
704,1986,Uzbekistan,0,TRUE,0,FALSE
704,1987,Uzbekistan,0,TRUE,0,FALSE
704,1988,Uzbekistan,0,TRUE,0,FALSE
704,1989,Uzbekistan,0,TRUE,0,FALSE
704,1990,Uzbekistan,0,FALSE,0,FALSE
704,1991,Uzbekistan,0,FALSE,0,FALSE
704,1992,Uzbekistan,0,FALSE,0,FALSE
704,1993,Uzbekistan,0,FALSE,0.002263886,FALSE
704,1994,Uzbekistan,0,FALSE,0.003997388,FALSE
704,1995,Uzbekistan,0.001527093,FALSE,0.016203277,FALSE
704,1996,Uzbekistan,0.004285074,FALSE,0.040526847,FALSE
704,1997,Uzbekistan,0.010536935,FALSE,0.072168997,FALSE
704,1998,Uzbekistan,0.020754437,FALSE,0.110591783,FALSE
704,1999,Uzbekistan,0.030688343,FALSE,0.164164855,FALSE
704,2000,Uzbekistan,0.484347308,FALSE,0.213146717,FALSE
704,2001,Uzbekistan,0.597567994,FALSE,0.507009442,FALSE
704,2002,Uzbekistan,1.081939742,FALSE,0.730676652,FALSE
704,2003,Uzbekistan,1.912595178,FALSE,1.238385659,FALSE
704,2004,Uzbekistan,2.593725421,FALSE,2.073953104,FALSE
704,2005,Uzbekistan,3.343509888,FALSE,2.709474049,FALSE
704,2006,Uzbekistan,6.388321967,FALSE,9.397192442,FALSE
704,2007,Uzbekistan,7.490604681,FALSE,20.84049076,FALSE
704,2008,Uzbekistan,9.080114523,FALSE,44.63288059,FALSE
704,2009,Uzbekistan,11.9,FALSE,58.28601992,FALSE
704,2010,Uzbekistan,15.9,FALSE,73.222317,FALSE
704,2011,Uzbekistan,18.6,FALSE,87.55682964,FALSE
704,2012,Uzbekistan,23.6,FALSE,68.71862168,FALSE
704,2013,Uzbekistan,26.8,FALSE,71.75462348,FALSE
704,2014,Uzbekistan,35.5,FALSE,71.07276748,FALSE
704,2015,Uzbekistan,42.8,FALSE,70.38355521,FALSE
704,2016,Uzbekistan,46.79128694,FALSE,73.96739398,FALSE
704,2017,Uzbekistan,48.69999885,FALSE,75.9584973,FALSE
704,2018,Uzbekistan,55.20000067,FALSE,71.57614633,FALSE
704,2019,Uzbekistan,70.4000024,FALSE,101.2222235,FALSE
704,2020,Uzbekistan,71.1,FALSE,99.58344787,FALSE
704,2021,Uzbekistan,76.45001796250361,TRUE,102.8976203,FALSE
705,1960,Kazakhstan,0,TRUE,0,FALSE
705,1961,Kazakhstan,0,TRUE,0,TRUE
705,1962,Kazakhstan,0,TRUE,0,TRUE
705,1963,Kazakhstan,0,TRUE,0,TRUE
705,1964,Kazakhstan,0,TRUE,0,TRUE
705,1965,Kazakhstan,0,TRUE,0,FALSE
705,1966,Kazakhstan,0,TRUE,0,TRUE
705,1967,Kazakhstan,0,TRUE,0,TRUE
705,1968,Kazakhstan,0,TRUE,0,TRUE
705,1969,Kazakhstan,0,TRUE,0,TRUE
705,1970,Kazakhstan,0,TRUE,0,FALSE
705,1971,Kazakhstan,0,TRUE,0,TRUE
705,1972,Kazakhstan,0,TRUE,0,TRUE
705,1973,Kazakhstan,0,TRUE,0,TRUE
705,1974,Kazakhstan,0,TRUE,0,TRUE
705,1975,Kazakhstan,0,TRUE,0,FALSE
705,1976,Kazakhstan,0,TRUE,0,FALSE
705,1977,Kazakhstan,0,TRUE,0,FALSE
705,1978,Kazakhstan,0,TRUE,0,FALSE
705,1979,Kazakhstan,0,TRUE,0,FALSE
705,1980,Kazakhstan,0,TRUE,0,FALSE
705,1981,Kazakhstan,0,TRUE,0,FALSE
705,1982,Kazakhstan,0,TRUE,0,FALSE
705,1983,Kazakhstan,0,TRUE,0,FALSE
705,1984,Kazakhstan,0,TRUE,0,FALSE
705,1985,Kazakhstan,0,TRUE,0,FALSE
705,1986,Kazakhstan,0,TRUE,0,FALSE
705,1987,Kazakhstan,0,TRUE,0,FALSE
705,1988,Kazakhstan,0,TRUE,0,FALSE
705,1989,Kazakhstan,0,TRUE,0,FALSE
705,1990,Kazakhstan,0,FALSE,0,FALSE
705,1991,Kazakhstan,0,FALSE,0,FALSE
705,1992,Kazakhstan,0,FALSE,0,FALSE
705,1993,Kazakhstan,0,FALSE,0,FALSE
705,1994,Kazakhstan,5.21079e-4,FALSE,0.002388466,FALSE
705,1995,Kazakhstan,0.011302355,FALSE,0.027990199,FALSE
705,1996,Kazakhstan,0.031824512,FALSE,0.060690346,FALSE
705,1997,Kazakhstan,0.064596754,FALSE,0.070807169,FALSE
705,1998,Kazakhstan,0.131069604,FALSE,0.191931708,FALSE
705,1999,Kazakhstan,0.464277218,FALSE,0.324457083,FALSE
705,2000,Kazakhstan,0.668594403,FALSE,1.294937889,FALSE
705,2001,Kazakhstan,1.006124211,FALSE,3.808580234,FALSE
705,2002,Kazakhstan,1.674770995,FALSE,6.695367868,FALSE
705,2003,Kazakhstan,2.000414753,FALSE,8.63173678,FALSE
705,2004,Kazakhstan,2.650394657,FALSE,15.76480026,FALSE
705,2005,Kazakhstan,2.961707492,FALSE,34.47824792,FALSE
705,2006,Kazakhstan,3.268369051,FALSE,49.14277217,FALSE
705,2007,Kazakhstan,4.02,FALSE,76.98720041,FALSE
705,2008,Kazakhstan,11,FALSE,92.06036705,FALSE
705,2009,Kazakhstan,18.2,FALSE,104.0288753,FALSE
705,2010,Kazakhstan,31.6,FALSE,116.6874561,FALSE
705,2011,Kazakhstan,50.6,FALSE,149.6645373,FALSE
705,2012,Kazakhstan,61.90662747,FALSE,176.7855957,FALSE
705,2013,Kazakhstan,63.30422443,FALSE,175.0568958,FALSE
705,2014,Kazakhstan,66,FALSE,162.5461324,FALSE
705,2015,Kazakhstan,70.8299336,FALSE,147.5074806,FALSE
705,2016,Kazakhstan,74.58772647,FALSE,141.2436051,FALSE
705,2017,Kazakhstan,76.42674823,FALSE,145.7470439,FALSE
705,2018,Kazakhstan,78.90391906,FALSE,140.6055713,FALSE
705,2019,Kazakhstan,81.87762047,FALSE,137.1299254,FALSE
705,2020,Kazakhstan,85.94259898,FALSE,128.0024709,FALSE
705,2021,Kazakhstan,90.9239507,FALSE,126.70562,FALSE
710,1960,China,0,TRUE,0,FALSE
710,1961,China,0,TRUE,0,TRUE
710,1962,China,0,TRUE,0,TRUE
710,1963,China,0,TRUE,0,TRUE
710,1964,China,0,TRUE,0,TRUE
710,1965,China,0,TRUE,0,FALSE
710,1966,China,0,TRUE,0,TRUE
710,1967,China,0,TRUE,0,TRUE
710,1968,China,0,TRUE,0,TRUE
710,1969,China,0,TRUE,0,TRUE
710,1970,China,0,TRUE,0,FALSE
710,1971,China,0,TRUE,0,TRUE
710,1972,China,0,TRUE,0,TRUE
710,1973,China,0,TRUE,0,TRUE
710,1974,China,0,TRUE,0,TRUE
710,1975,China,0,TRUE,0,FALSE
710,1976,China,0,TRUE,0,FALSE
710,1977,China,0,TRUE,0,FALSE
710,1978,China,0,TRUE,0,FALSE
710,1979,China,0,TRUE,0,FALSE
710,1980,China,0,TRUE,0,FALSE
710,1981,China,0,TRUE,0,FALSE
710,1982,China,0,TRUE,0,FALSE
710,1983,China,0,TRUE,0,FALSE
710,1984,China,0,TRUE,0,FALSE
710,1985,China,0,TRUE,0,FALSE
710,1986,China,0,TRUE,0,FALSE
710,1987,China,0,TRUE,6.38e-5,FALSE
710,1988,China,0,TRUE,2.89186e-4,FALSE
710,1989,China,0,TRUE,8.64322e-4,FALSE
710,1990,China,0,FALSE,0.001587842,FALSE
710,1991,China,0,FALSE,0.004061416,FALSE
710,1992,China,0,FALSE,0.014946866,FALSE
710,1993,China,1.6868e-4,FALSE,0.053350925,FALSE
710,1994,China,0.001168115,FALSE,0.129878018,FALSE
710,1995,China,0.00495471,FALSE,0.29791213,FALSE
710,1996,China,0.013081692,FALSE,0.557926117,FALSE
710,1997,China,0.032394861,FALSE,1.069072913,FALSE
710,1998,China,0.168540297,FALSE,1.913884263,FALSE
710,1999,China,0.708187957,FALSE,3.448689963,FALSE
710,2000,China,1.775913207,FALSE,6.744724531,FALSE
710,2001,China,2.639650215,FALSE,11.37860424,FALSE
710,2002,China,4.595704331,FALSE,16.08250443,FALSE
710,2003,China,6.2,FALSE,20.94488156,FALSE
710,2004,China,7.3,FALSE,25.81891467,FALSE
710,2005,China,8.523257003,FALSE,30.14865123,FALSE
710,2006,China,10.52315262,FALSE,35.11253649,FALSE
710,2007,China,16,FALSE,41.41509824,FALSE
710,2008,China,22.6,FALSE,48.20785124,FALSE
710,2009,China,28.9,FALSE,55.79864972,FALSE
710,2010,China,34.3,FALSE,63.71521287,FALSE
710,2011,China,38.3,FALSE,72.67381064,FALSE
710,2012,China,42.30011749,FALSE,81.38349829,FALSE
710,2013,China,45.8,FALSE,89.31856151,FALSE
710,2014,China,47.9,FALSE,92.84598562,FALSE
710,2015,China,50.3,FALSE,92.70071605,FALSE
710,2016,China,53.2,FALSE,97.36386675,FALSE
710,2017,China,54.3,FALSE,104.2265872,FALSE
710,2018,China,59.2,FALSE,116.3882038,FALSE
710,2019,China,64.10983774,FALSE,122.8132903,FALSE
710,2020,China,70.05275998,FALSE,120.5961882,FALSE
710,2021,China,73.0532414,FALSE,121.5140853,FALSE
712,1960,Mongolia,0,TRUE,0,FALSE
712,1961,Mongolia,0,TRUE,0,TRUE
712,1962,Mongolia,0,TRUE,0,TRUE
712,1963,Mongolia,0,TRUE,0,TRUE
712,1964,Mongolia,0,TRUE,0,TRUE
712,1965,Mongolia,0,TRUE,0,FALSE
712,1966,Mongolia,0,TRUE,0,TRUE
712,1967,Mongolia,0,TRUE,0,TRUE
712,1968,Mongolia,0,TRUE,0,TRUE
712,1969,Mongolia,0,TRUE,0,TRUE
712,1970,Mongolia,0,TRUE,0,FALSE
712,1971,Mongolia,0,TRUE,0,TRUE
712,1972,Mongolia,0,TRUE,0,TRUE
712,1973,Mongolia,0,TRUE,0,TRUE
712,1974,Mongolia,0,TRUE,0,TRUE
712,1975,Mongolia,0,TRUE,0,FALSE
712,1976,Mongolia,0,TRUE,0,FALSE
712,1977,Mongolia,0,TRUE,0,FALSE
712,1978,Mongolia,0,TRUE,0,FALSE
712,1979,Mongolia,0,TRUE,0,FALSE
712,1980,Mongolia,0,TRUE,0,FALSE
712,1981,Mongolia,0,TRUE,0,FALSE
712,1982,Mongolia,0,TRUE,0,FALSE
712,1983,Mongolia,0,TRUE,0,FALSE
712,1984,Mongolia,0,TRUE,0,FALSE
712,1985,Mongolia,0,TRUE,0,FALSE
712,1986,Mongolia,0,TRUE,0,FALSE
712,1987,Mongolia,0,TRUE,0,FALSE
712,1988,Mongolia,0,TRUE,0,FALSE
712,1989,Mongolia,0,TRUE,0,FALSE
712,1990,Mongolia,0,FALSE,0,FALSE
712,1991,Mongolia,0,FALSE,0,FALSE
712,1992,Mongolia,0,FALSE,0,FALSE
712,1993,Mongolia,0,FALSE,0,FALSE
712,1994,Mongolia,0,FALSE,0,FALSE
712,1995,Mongolia,0.008811225,FALSE,0,FALSE
712,1996,Mongolia,0.018160749,FALSE,0.038183598,FALSE
712,1997,Mongolia,0.112742554,FALSE,0.083971129,FALSE
712,1998,Mongolia,0.145810542,FALSE,0.375527826,FALSE
712,1999,Mongolia,0.50847156,FALSE,1.423190067,FALSE
712,2000,Mongolia,1.255652004,FALSE,6.307681009,FALSE
712,2001,Mongolia,1.653238239,FALSE,7.886432142,FALSE
712,2002,Mongolia,2.039572603,FALSE,8.658643792,FALSE
712,2003,Mongolia,0.6073189001192707,TRUE,12.6765679,FALSE
712,2004,Mongolia,0.8415720405996518,TRUE,16.89139537,FALSE
712,2005,Mongolia,1.1651213848318205,TRUE,21.7722345,FALSE
712,2006,Mongolia,1.6110409535832784,TRUE,30.02043202,FALSE
712,2007,Mongolia,9,FALSE,45.84599655,FALSE
712,2008,Mongolia,9.8,FALSE,66.9420518,FALSE
712,2009,Mongolia,10,FALSE,84.33692877,FALSE
712,2010,Mongolia,10.2,FALSE,92.89366961,FALSE
712,2011,Mongolia,12.49999111,FALSE,107.229573,FALSE
712,2012,Mongolia,16.4,FALSE,120.8733221,FALSE
712,2013,Mongolia,17.69998424,FALSE,101.1398329,FALSE
712,2014,Mongolia,19.94244743,FALSE,104.2861725,FALSE
712,2015,Mongolia,22.50000413,FALSE,103.4878838,FALSE
712,2016,Mongolia,22.2657705,FALSE,111.1573482,FALSE
712,2017,Mongolia,23.71426517,FALSE,125.5209736,FALSE
712,2018,Mongolia,47.13000188,FALSE,133.4403606,FALSE
712,2019,Mongolia,51.07999408,FALSE,136.705791,FALSE
712,2020,Mongolia,62.50002848,FALSE,132.467372,FALSE
712,2021,Mongolia,84.32602895,FALSE,140.012223,FALSE
731,1960,"Korea, Dem. People's Rep.",0,TRUE,0,FALSE
731,1961,"Korea, Dem. People's Rep.",0,TRUE,0,TRUE
731,1962,"Korea, Dem. People's Rep.",0,TRUE,0,TRUE
731,1963,"Korea, Dem. People's Rep.",0,TRUE,0,TRUE
731,1964,"Korea, Dem. People's Rep.",0,TRUE,0,TRUE
731,1965,"Korea, Dem. People's Rep.",0,TRUE,0,FALSE
731,1966,"Korea, Dem. People's Rep.",0,TRUE,0,TRUE
731,1967,"Korea, Dem. People's Rep.",0,TRUE,0,TRUE
731,1968,"Korea, Dem. People's Rep.",0,TRUE,0,TRUE
731,1969,"Korea, Dem. People's Rep.",0,TRUE,0,TRUE
731,1970,"Korea, Dem. People's Rep.",0,TRUE,0,FALSE
731,1971,"Korea, Dem. People's Rep.",0,TRUE,0,TRUE
731,1972,"Korea, Dem. People's Rep.",0,TRUE,0,TRUE
731,1973,"Korea, Dem. People's Rep.",0,TRUE,0,TRUE
731,1974,"Korea, Dem. People's Rep.",0,TRUE,0,TRUE
731,1975,"Korea, Dem. People's Rep.",0,TRUE,0,FALSE
731,1976,"Korea, Dem. People's Rep.",0,TRUE,0,FALSE
731,1977,"Korea, Dem. People's Rep.",0,TRUE,0,FALSE
731,1978,"Korea, Dem. People's Rep.",0,TRUE,0,FALSE
731,1979,"Korea, Dem. People's Rep.",0,TRUE,0,FALSE
731,1980,"Korea, Dem. People's Rep.",0,TRUE,0,FALSE
731,1981,"Korea, Dem. People's Rep.",0,TRUE,0,FALSE
731,1982,"Korea, Dem. People's Rep.",0,TRUE,0,FALSE
731,1983,"Korea, Dem. People's Rep.",0,TRUE,0,FALSE
731,1984,"Korea, Dem. People's Rep.",0,TRUE,0,FALSE
731,1985,"Korea, Dem. People's Rep.",0,TRUE,0,FALSE
731,1986,"Korea, Dem. People's Rep.",0,TRUE,0,FALSE
731,1987,"Korea, Dem. People's Rep.",0,TRUE,0,FALSE
731,1988,"Korea, Dem. People's Rep.",0,TRUE,0,FALSE
731,1989,"Korea, Dem. People's Rep.",0,TRUE,0,FALSE
731,1990,"Korea, Dem. People's Rep.",0,FALSE,0,FALSE
731,1991,"Korea, Dem. People's Rep.",0,FALSE,0,FALSE
731,1992,"Korea, Dem. People's Rep.",0,FALSE,0,FALSE
731,1993,"Korea, Dem. People's Rep.",0,FALSE,0,FALSE
731,1994,"Korea, Dem. People's Rep.",0,FALSE,0,FALSE
731,1995,"Korea, Dem. People's Rep.",0,FALSE,0,FALSE
731,1996,"Korea, Dem. People's Rep.",0,TRUE,0,FALSE
731,1997,"Korea, Dem. People's Rep.",0,FALSE,0,FALSE
731,1998,"Korea, Dem. People's Rep.",0,FALSE,0,FALSE
731,1999,"Korea, Dem. People's Rep.",0,FALSE,0,FALSE
731,2000,"Korea, Dem. People's Rep.",0,FALSE,0,FALSE
731,2001,"Korea, Dem. People's Rep.",0,FALSE,0,FALSE
731,2002,"Korea, Dem. People's Rep.",0,FALSE,0,FALSE
731,2003,"Korea, Dem. People's Rep.",0,FALSE,0,FALSE
731,2004,"Korea, Dem. People's Rep.",0,FALSE,0,FALSE
731,2005,"Korea, Dem. People's Rep.",0,FALSE,0,FALSE
731,2006,"Korea, Dem. People's Rep.",0,FALSE,0,FALSE
731,2007,"Korea, Dem. People's Rep.",0,FALSE,0,FALSE
731,2008,"Korea, Dem. People's Rep.",0,FALSE,0,FALSE
731,2009,"Korea, Dem. People's Rep.",0,FALSE,0.281760571,FALSE
731,2010,"Korea, Dem. People's Rep.",0,FALSE,1.749620794,FALSE
731,2011,"Korea, Dem. People's Rep.",0,FALSE,4.034895552,FALSE
731,2012,"Korea, Dem. People's Rep.",0,FALSE,6.830664218,FALSE
731,2013,"Korea, Dem. People's Rep.",0,FALSE,9.679295734,FALSE
731,2014,"Korea, Dem. People's Rep.",0.35400130099791094,TRUE,11.14377697,FALSE
731,2015,"Korea, Dem. People's Rep.",0.4415369310694101,TRUE,12.82761135,FALSE
731,2016,"Korea, Dem. People's Rep.",0.5505983213747576,TRUE,14.20265951,FALSE
731,2017,"Korea, Dem. People's Rep.",0.6864125818627558,TRUE,14.93161965,FALSE
731,2018,"Korea, Dem. People's Rep.",0.8554395290393113,TRUE,18.068294814326492,TRUE
731,2019,"Korea, Dem. People's Rep.",1.0656422212612149,TRUE,16.51301564,FALSE
731,2020,"Korea, Dem. People's Rep.",1.3268056893968683,TRUE,23.19515861,FALSE
731,2021,"Korea, Dem. People's Rep.",1.6509060459691238,TRUE,20.124226280734206,TRUE
732,1960,"Korea, Rep.",0,TRUE,0,FALSE
732,1961,"Korea, Rep.",0,TRUE,0,TRUE
732,1962,"Korea, Rep.",0,TRUE,0,TRUE
732,1963,"Korea, Rep.",0,TRUE,0,TRUE
732,1964,"Korea, Rep.",0,TRUE,0,TRUE
732,1965,"Korea, Rep.",0,TRUE,0,FALSE
732,1966,"Korea, Rep.",0,TRUE,0,TRUE
732,1967,"Korea, Rep.",0,TRUE,0,TRUE
732,1968,"Korea, Rep.",0,TRUE,0,TRUE
732,1969,"Korea, Rep.",0,TRUE,0,TRUE
732,1970,"Korea, Rep.",0,TRUE,0,FALSE
732,1971,"Korea, Rep.",0,TRUE,0,TRUE
732,1972,"Korea, Rep.",0,TRUE,0,TRUE
732,1973,"Korea, Rep.",0,TRUE,0,TRUE
732,1974,"Korea, Rep.",0,TRUE,0,TRUE
732,1975,"Korea, Rep.",0,TRUE,0,FALSE
732,1976,"Korea, Rep.",0,TRUE,0,FALSE
732,1977,"Korea, Rep.",0,TRUE,0,FALSE
732,1978,"Korea, Rep.",0,TRUE,0,FALSE
732,1979,"Korea, Rep.",0,TRUE,0,FALSE
732,1980,"Korea, Rep.",0,TRUE,0,FALSE
732,1981,"Korea, Rep.",0,TRUE,0,FALSE
732,1982,"Korea, Rep.",0,TRUE,0,FALSE
732,1983,"Korea, Rep.",0,TRUE,0,FALSE
732,1984,"Korea, Rep.",0,TRUE,0,TRUE
732,1985,"Korea, Rep.",0,TRUE,0,TRUE
732,1986,"Korea, Rep.",0,TRUE,0.01695819,FALSE
732,1987,"Korea, Rep.",0,TRUE,0.024183325,FALSE
732,1988,"Korea, Rep.",0,TRUE,0.04734527,FALSE
732,1989,"Korea, Rep.",0,TRUE,0.09116426,FALSE
732,1990,"Korea, Rep.",0.023265092,FALSE,0.181334835,FALSE
732,1991,"Korea, Rep.",0.046124435,FALSE,0.373382025,FALSE
732,1992,"Korea, Rep.",0.098404337,FALSE,0.608287335,FALSE
732,1993,"Korea, Rep.",0.249946523,FALSE,1.049975406,FALSE
732,1994,"Korea, Rep.",0.311359364,FALSE,2.126074209,FALSE
732,1995,"Korea, Rep.",0.81968667,FALSE,3.615707017,FALSE
732,1996,"Korea, Rep.",1.624237192,FALSE,6.966660745,FALSE
732,1997,"Korea, Rep.",3.600801564,FALSE,14.96611806,FALSE
732,1998,"Korea, Rep.",6.781815468,FALSE,30.31034269,FALSE
732,1999,"Korea, Rep.",23.55219445,FALSE,50.39230494,FALSE
732,2000,"Korea, Rep.",44.7,FALSE,57.31396784,FALSE
732,2001,"Korea, Rep.",56.6,FALSE,61.71406693,FALSE
732,2002,"Korea, Rep.",59.4,FALSE,68.34749881,FALSE
732,2003,"Korea, Rep.",65.5,FALSE,70.6603768,FALSE
732,2004,"Korea, Rep.",72.7,FALSE,76.65647019,FALSE
732,2005,"Korea, Rep.",73.5,FALSE,80.06403189,FALSE
732,2006,"Korea, Rep.",78.1,FALSE,83.65798395,FALSE
732,2007,"Korea, Rep.",78.8,FALSE,92.012882629999993,FALSE
732,2008,"Korea, Rep.",81,FALSE,94.23198088,FALSE
732,2009,"Korea, Rep.",81.6,FALSE,98.67498817,FALSE
732,2010,"Korea, Rep.",83.7,FALSE,104.0034362,FALSE
732,2011,"Korea, Rep.",83.75912015,FALSE,106.7865025,FALSE
732,2012,"Korea, Rep.",84.07,FALSE,108.0393019,FALSE
732,2013,"Korea, Rep.",84.77,FALSE,109.1472515,FALSE
732,2014,"Korea, Rep.",87.55682649,FALSE,113.3160079,FALSE
732,2015,"Korea, Rep.",89.8962558,FALSE,115.5716703,FALSE
732,2016,"Korea, Rep.",92.84302568,FALSE,119.46123,FALSE
732,2017,"Korea, Rep.",95.06942188,FALSE,123.581176,FALSE
732,2018,"Korea, Rep.",96.02285958,FALSE,128.4051056,FALSE
732,2019,"Korea, Rep.",96.15757918,FALSE,132.9873505,FALSE
732,2020,"Korea, Rep.",96.50505968,FALSE,136.0094467,FALSE
732,2021,"Korea, Rep.",97.57132662,FALSE,140.5658819,FALSE
740,1960,Japan,0,TRUE,0,FALSE
740,1961,Japan,0,TRUE,0,TRUE
740,1962,Japan,0,TRUE,0,TRUE
740,1963,Japan,0,TRUE,0,TRUE
740,1964,Japan,0,TRUE,0,TRUE
740,1965,Japan,0,TRUE,0,FALSE
740,1966,Japan,0,TRUE,0,TRUE
740,1967,Japan,0,TRUE,0,TRUE
740,1968,Japan,0,TRUE,0,TRUE
740,1969,Japan,0,TRUE,0,TRUE
740,1970,Japan,0,TRUE,0,FALSE
740,1971,Japan,0,TRUE,0,TRUE
740,1972,Japan,0,TRUE,0,TRUE
740,1973,Japan,0,TRUE,0,TRUE
740,1974,Japan,0,TRUE,0,TRUE
740,1975,Japan,0,TRUE,0,FALSE
740,1976,Japan,0,TRUE,0,FALSE
740,1977,Japan,0,TRUE,0,FALSE
740,1978,Japan,0,TRUE,0,FALSE
740,1979,Japan,0,TRUE,0,FALSE
740,1980,Japan,0,TRUE,0,FALSE
740,1981,Japan,0,TRUE,0.011213345,FALSE
740,1982,Japan,0,TRUE,0.016628303,FALSE
740,1983,Japan,0,TRUE,0.022704022,FALSE
740,1984,Japan,0,TRUE,0.033528477,FALSE
740,1985,Japan,0,TRUE,0.051024186,FALSE
740,1986,Japan,0,TRUE,0.078161829,FALSE
740,1987,Japan,0,TRUE,0.123312648,FALSE
740,1988,Japan,0,TRUE,0.197794266,FALSE
740,1989,Japan,0,TRUE,0.397140769,FALSE
740,1990,Japan,0.020293683,FALSE,0.701838322,FALSE
740,1991,Japan,0.040438041,FALSE,1.110714636,FALSE
740,1992,Japan,0.096678025,FALSE,1.376149484,FALSE
740,1993,Japan,0.401277526,FALSE,1.70810566,FALSE
740,1994,Japan,0.799684291,FALSE,3.461792124,FALSE
740,1995,Japan,1.594363148,FALSE,9.337292835,FALSE
740,1996,Japan,4.372981968,FALSE,21.40087434,FALSE
740,1997,Japan,9.16307714,FALSE,30.35349093,FALSE
740,1998,Japan,13.41404088,FALSE,37.45403769,FALSE
740,1999,Japan,21.39129031,FALSE,44.91767666,FALSE
740,2000,Japan,29.99074036,FALSE,52.66746097,FALSE
740,2001,Japan,38.53206086,FALSE,58.88224733,FALSE
740,2002,Japan,46.59420112,FALSE,63.72129527,FALSE
740,2003,Japan,48.43526589,FALSE,67.96345216,FALSE
740,2004,Japan,62.39392963,FALSE,71.64805919,FALSE
740,2005,Japan,66.9210661,FALSE,75.49704878,FALSE
740,2006,Japan,68.68527032,FALSE,78.04871672,FALSE
740,2007,Japan,74.3,FALSE,83.854384,FALSE
740,2008,Japan,75.4,FALSE,86.1938134,FALSE
740,2009,Japan,78,FALSE,90.7727623,FALSE
740,2010,Japan,78.21,FALSE,96.23879646,FALSE
740,2011,Japan,79.05411352,FALSE,103.7137488,FALSE
740,2012,Japan,79.4964,FALSE,110.3834252,FALSE
740,2013,Japan,88.21942891,FALSE,115.827725,FALSE
740,2014,Japan,89.10683302,FALSE,123.8316866,FALSE
740,2015,Japan,91.05802839,FALSE,126.1756831,FALSE
740,2016,Japan,93.18272128,FALSE,131.3864746,FALSE
740,2017,Japan,91.72654724,FALSE,136.4176676,FALSE
740,2018,Japan,88.74635089,FALSE,142.4668807,FALSE
740,2019,Japan,92.73039781,FALSE,148.2722187,FALSE
740,2020,Japan,90.21945812,FALSE,155.7389638,FALSE
740,2021,Japan,98.9408893282368,TRUE,160.8817412,FALSE
750,1960,India,0,TRUE,0,FALSE
750,1961,India,0,TRUE,0,TRUE
750,1962,India,0,TRUE,0,TRUE
750,1963,India,0,TRUE,0,TRUE
750,1964,India,0,TRUE,0,TRUE
750,1965,India,0,TRUE,0,FALSE
750,1966,India,0,TRUE,0,TRUE
750,1967,India,0,TRUE,0,TRUE
750,1968,India,0,TRUE,0,TRUE
750,1969,India,0,TRUE,0,TRUE
750,1970,India,0,TRUE,0,FALSE
750,1971,India,0,TRUE,0,TRUE
750,1972,India,0,TRUE,0,TRUE
750,1973,India,0,TRUE,0,TRUE
750,1974,India,0,TRUE,0,TRUE
750,1975,India,0,TRUE,0,FALSE
750,1976,India,0,TRUE,0,FALSE
750,1977,India,0,TRUE,0,FALSE
750,1978,India,0,TRUE,0,FALSE
750,1979,India,0,TRUE,0,FALSE
750,1980,India,0,TRUE,0,FALSE
750,1981,India,0,TRUE,0,FALSE
750,1982,India,0,TRUE,0,FALSE
750,1983,India,0,TRUE,0,FALSE
750,1984,India,0,TRUE,0,FALSE
750,1985,India,0,TRUE,0,FALSE
750,1986,India,0,TRUE,0,FALSE
750,1987,India,0,TRUE,0,FALSE
750,1988,India,0,TRUE,0,FALSE
750,1989,India,0,TRUE,0,FALSE
750,1990,India,0,FALSE,0,FALSE
750,1991,India,0,FALSE,0,FALSE
750,1992,India,1.11308e-4,FALSE,0,FALSE
750,1993,India,2.18176e-4,FALSE,0,FALSE
750,1994,India,0.001069562,FALSE,0,FALSE
750,1995,India,0.026228879,FALSE,0.007952054,FALSE
750,1996,India,0.046333977,FALSE,0.033354344,FALSE
750,1997,India,0.070767849,FALSE,0.08797845,FALSE
750,1998,India,0.139027329,FALSE,0.11703148,FALSE
750,1999,India,0.273224277,FALSE,0.181096675,FALSE
750,2000,India,0.52753245,FALSE,0.337578456,FALSE
750,2001,India,0.660146377,FALSE,0.606133118,FALSE
750,2002,India,1.537875582,FALSE,1.183633404,FALSE
750,2003,India,1.686489971,FALSE,3.014994095,FALSE
750,2004,India,1.976136492,FALSE,4.595760598,FALSE
750,2005,India,2.388075,FALSE,7.806770983,FALSE
750,2006,India,2.805499865,FALSE,14.16357152,FALSE
750,2007,India,3.95,FALSE,19.63701843,FALSE
750,2008,India,4.38,FALSE,28.74616679,FALSE
750,2009,India,5.12,FALSE,42.91212541,FALSE
750,2010,India,7.5,FALSE,60.63048058,FALSE
750,2011,India,10.07,FALSE,71.07565334,FALSE
750,2012,India,11.1,FALSE,67.84853606,FALSE
750,2013,India,12.3,FALSE,68.6455143,FALSE
750,2014,India,13.5,FALSE,72.21351677,FALSE
750,2015,India,14.9,FALSE,75.67324414,FALSE
750,2016,India,16.5,FALSE,84.25058892,FALSE
750,2017,India,18.2,FALSE,86.31708801,FALSE
750,2018,India,20.08130004,FALSE,85.90350833,FALSE
750,2019,India,29.4,FALSE,83.25286162,FALSE
750,2020,India,43,FALSE,82.621059,FALSE
750,2021,India,40.37618820531884,TRUE,81.98893361,FALSE
760,1960,Bhutan,0,TRUE,0,FALSE
760,1961,Bhutan,0,TRUE,0,TRUE
760,1962,Bhutan,0,TRUE,0,TRUE
760,1963,Bhutan,0,TRUE,0,TRUE
760,1964,Bhutan,0,TRUE,0,TRUE
760,1965,Bhutan,0,TRUE,0,FALSE
760,1966,Bhutan,0,TRUE,0,TRUE
760,1967,Bhutan,0,TRUE,0,TRUE
760,1968,Bhutan,0,TRUE,0,TRUE
760,1969,Bhutan,0,TRUE,0,TRUE
760,1970,Bhutan,0,TRUE,0,FALSE
760,1971,Bhutan,0,TRUE,0,TRUE
760,1972,Bhutan,0,TRUE,0,TRUE
760,1973,Bhutan,0,TRUE,0,TRUE
760,1974,Bhutan,0,TRUE,0,TRUE
760,1975,Bhutan,0,TRUE,0,FALSE
760,1976,Bhutan,0,TRUE,0,FALSE
760,1977,Bhutan,0,TRUE,0,FALSE
760,1978,Bhutan,0,TRUE,0,FALSE
760,1979,Bhutan,0,TRUE,0,FALSE
760,1980,Bhutan,0,TRUE,0,FALSE
760,1981,Bhutan,0,TRUE,0,FALSE
760,1982,Bhutan,0,TRUE,0,FALSE
760,1983,Bhutan,0,TRUE,0,FALSE
760,1984,Bhutan,0,TRUE,0,FALSE
760,1985,Bhutan,0,TRUE,0,FALSE
760,1986,Bhutan,0,TRUE,0,FALSE
760,1987,Bhutan,0,TRUE,0,FALSE
760,1988,Bhutan,0,TRUE,0,FALSE
760,1989,Bhutan,0,TRUE,0,FALSE
760,1990,Bhutan,0,FALSE,0,FALSE
760,1991,Bhutan,0,FALSE,0,FALSE
760,1992,Bhutan,0,FALSE,0,FALSE
760,1993,Bhutan,0,FALSE,0,FALSE
760,1994,Bhutan,0,FALSE,0,FALSE
760,1995,Bhutan,0,FALSE,0,FALSE
760,1996,Bhutan,0,TRUE,0,FALSE
760,1997,Bhutan,0,TRUE,0,FALSE
760,1998,Bhutan,0,TRUE,0,FALSE
760,1999,Bhutan,0.137571514,FALSE,0,FALSE
760,2000,Bhutan,0.400944447,FALSE,0,FALSE
760,2001,Bhutan,0.864628564,FALSE,0,FALSE
760,2002,Bhutan,1.675802584,FALSE,0,FALSE
760,2003,Bhutan,2.436912399,FALSE,0.35532683,FALSE
760,2004,Bhutan,3.156984196,FALSE,2.94434846,FALSE
760,2005,Bhutan,3.847106745,FALSE,5.427220223,FALSE
760,2006,Bhutan,4.518317258,FALSE,12.19112973,FALSE
760,2007,Bhutan,5.92,FALSE,21.92428559,FALSE
760,2008,Bhutan,6.55,FALSE,36.74284546,FALSE
760,2009,Bhutan,7.17,FALSE,48.58086395,FALSE
760,2010,Bhutan,13.6,FALSE,55.89044047,FALSE
760,2011,Bhutan,14.4,FALSE,67.8772798,FALSE
760,2012,Bhutan,15.6,FALSE,77.77759289,FALSE
760,2013,Bhutan,22.4,FALSE,74.68047217,FALSE
760,2014,Bhutan,30.3,FALSE,84.81429524,FALSE
760,2015,Bhutan,39.8,FALSE,90.91492505,FALSE
760,2016,Bhutan,41.77264453,FALSE,93.14595832,FALSE
760,2017,Bhutan,46.2,FALSE,96.62766062,FALSE
760,2018,Bhutan,49.5,FALSE,92.31829061,FALSE
760,2019,Bhutan,53.5,FALSE,95.0199294,FALSE
760,2020,Bhutan,53.5,FALSE,96.4571149,FALSE
760,2021,Bhutan,85.636883889999993,FALSE,100.0671395,FALSE
770,1960,Pakistan,0,TRUE,0,FALSE
770,1961,Pakistan,0,TRUE,0,TRUE
770,1962,Pakistan,0,TRUE,0,TRUE
770,1963,Pakistan,0,TRUE,0,TRUE
770,1964,Pakistan,0,TRUE,0,TRUE
770,1965,Pakistan,0,TRUE,0,FALSE
770,1966,Pakistan,0,TRUE,0,TRUE
770,1967,Pakistan,0,TRUE,0,TRUE
770,1968,Pakistan,0,TRUE,0,TRUE
770,1969,Pakistan,0,TRUE,0,TRUE
770,1970,Pakistan,0,TRUE,0,FALSE
770,1971,Pakistan,0,TRUE,0,TRUE
770,1972,Pakistan,0,TRUE,0,TRUE
770,1973,Pakistan,0,TRUE,0,TRUE
770,1974,Pakistan,0,TRUE,0,TRUE
770,1975,Pakistan,0,TRUE,0,FALSE
770,1976,Pakistan,0,TRUE,0,FALSE
770,1977,Pakistan,0,TRUE,0,FALSE
770,1978,Pakistan,0,TRUE,0,FALSE
770,1979,Pakistan,0,TRUE,0,FALSE
770,1980,Pakistan,0,TRUE,0,FALSE
770,1981,Pakistan,0,TRUE,0,FALSE
770,1982,Pakistan,0,TRUE,0,FALSE
770,1983,Pakistan,0,TRUE,0,FALSE
770,1984,Pakistan,0,TRUE,0,FALSE
770,1985,Pakistan,0,TRUE,0,FALSE
770,1986,Pakistan,0,TRUE,0,FALSE
770,1987,Pakistan,0,TRUE,0,FALSE
770,1988,Pakistan,0,TRUE,0,FALSE
770,1989,Pakistan,0,TRUE,0,FALSE
770,1990,Pakistan,0,FALSE,0.001732891,FALSE
770,1991,Pakistan,0,FALSE,0.007130659,FALSE
770,1992,Pakistan,0,FALSE,0.011031649,FALSE
770,1993,Pakistan,0,FALSE,0.01274427,FALSE
770,1994,Pakistan,0,FALSE,0.019081569,FALSE
770,1995,Pakistan,1.22702e-4,FALSE,0.030772819,FALSE
770,1996,Pakistan,0.00299173,FALSE,0.0495778,FALSE
770,1997,Pakistan,0.027549238,FALSE,0.095540045,FALSE
770,1998,Pakistan,0.043947719,FALSE,0.134796019,FALSE
770,1999,Pakistan,0.055357238,FALSE,0.177437426,FALSE
770,2000,Pakistan,2.1395489031774884,TRUE,0.198544504,FALSE
770,2001,Pakistan,1.318550779,FALSE,0.46640912,FALSE
770,2002,Pakistan,2.577426737,FALSE,1.040369219,FALSE
770,2003,Pakistan,5.041158126,FALSE,1.440824446,FALSE
770,2004,Pakistan,6.164320985,FALSE,2.9434214,FALSE
770,2005,Pakistan,6.332329098,FALSE,7.324109273,FALSE
770,2006,Pakistan,6.5,FALSE,19.37808733,FALSE
770,2007,Pakistan,6.8,FALSE,34.55098392,FALSE
770,2008,Pakistan,7,FALSE,47.3397604,FALSE
770,2009,Pakistan,7.5,FALSE,49.62151862,FALSE
770,2010,Pakistan,8,FALSE,51.00722535,FALSE
770,2011,Pakistan,8,FALSE,54.83032062,FALSE
770,2012,Pakistan,8.1,FALSE,59.42025439,FALSE
770,2013,Pakistan,9,FALSE,62.20843608,FALSE
770,2014,Pakistan,10,FALSE,65.19134199,FALSE
770,2015,Pakistan,11,FALSE,59.67675827,FALSE
770,2016,Pakistan,12.38544676,FALSE,63.92184347,FALSE
770,2017,Pakistan,13.78,FALSE,66.79261828,FALSE
770,2018,Pakistan,15.34,FALSE,70.07944774,FALSE
770,2019,Pakistan,17.07090203,FALSE,74.07560451,FALSE
770,2020,Pakistan,25,FALSE,77.3005648,FALSE
770,2021,Pakistan,22.732405363250194,TRUE,81.55130785,FALSE
771,1960,Bangladesh,0,TRUE,0,FALSE
771,1961,Bangladesh,0,TRUE,0,TRUE
771,1962,Bangladesh,0,TRUE,0,TRUE
771,1963,Bangladesh,0,TRUE,0,TRUE
771,1964,Bangladesh,0,TRUE,0,TRUE
771,1965,Bangladesh,0,TRUE,0,FALSE
771,1966,Bangladesh,0,TRUE,0,TRUE
771,1967,Bangladesh,0,TRUE,0,TRUE
771,1968,Bangladesh,0,TRUE,0,TRUE
771,1969,Bangladesh,0,TRUE,0,TRUE
771,1970,Bangladesh,0,TRUE,0,FALSE
771,1971,Bangladesh,0,TRUE,0,TRUE
771,1972,Bangladesh,0,TRUE,0,TRUE
771,1973,Bangladesh,0,TRUE,0,TRUE
771,1974,Bangladesh,0,TRUE,0,TRUE
771,1975,Bangladesh,0,TRUE,0,FALSE
771,1976,Bangladesh,0,TRUE,0,FALSE
771,1977,Bangladesh,0,TRUE,0,FALSE
771,1978,Bangladesh,0,TRUE,0,FALSE
771,1979,Bangladesh,0,TRUE,0,FALSE
771,1980,Bangladesh,0,TRUE,0,FALSE
771,1981,Bangladesh,0,TRUE,0,FALSE
771,1982,Bangladesh,0,TRUE,0,FALSE
771,1983,Bangladesh,0,TRUE,0,FALSE
771,1984,Bangladesh,0,TRUE,0,FALSE
771,1985,Bangladesh,0,TRUE,0,FALSE
771,1986,Bangladesh,0,TRUE,0,FALSE
771,1987,Bangladesh,0,TRUE,0,FALSE
771,1988,Bangladesh,0,TRUE,0,FALSE
771,1989,Bangladesh,0,TRUE,0,FALSE
771,1990,Bangladesh,0,FALSE,0,FALSE
771,1991,Bangladesh,0,FALSE,0,FALSE
771,1992,Bangladesh,0,FALSE,2.24674e-4,FALSE
771,1993,Bangladesh,0,FALSE,4.40844e-4,FALSE
771,1994,Bangladesh,0,FALSE,9.54894e-4,FALSE
771,1995,Bangladesh,0,FALSE,0.002122361,FALSE
771,1996,Bangladesh,0,TRUE,0.003336757,FALSE
771,1997,Bangladesh,7.51046e-4,FALSE,0.021304625,FALSE
771,1998,Bangladesh,0.003684813,FALSE,0.060313402,FALSE
771,1999,Bangladesh,0.036170407,FALSE,0.117549767,FALSE
771,2000,Bangladesh,0.071039423,FALSE,0.215955426,FALSE
771,2001,Bangladesh,0.129807974,FALSE,0.394925259,FALSE
771,2002,Bangladesh,0.139920289,FALSE,0.80140256,FALSE
771,2003,Bangladesh,0.163877665,FALSE,0.999976513,FALSE
771,2004,Bangladesh,0.199036334,FALSE,2.004154126,FALSE
771,2005,Bangladesh,0.241637326,FALSE,6.386938172,FALSE
771,2006,Bangladesh,1,FALSE,13.41312473,FALSE
771,2007,Bangladesh,1.8,FALSE,23.84554569,FALSE
771,2008,Bangladesh,2.5,FALSE,30.69701239,FALSE
771,2009,Bangladesh,3.1,FALSE,35.00813289,FALSE
771,2010,Bangladesh,3.7,FALSE,45.77354649,FALSE
771,2011,Bangladesh,4.5,FALSE,56.1667898,FALSE
771,2012,Bangladesh,5,FALSE,63.89610407,FALSE
771,2013,Bangladesh,6.63,FALSE,75.66900657,FALSE
771,2014,Bangladesh,11.9,FALSE,81.34459807,FALSE
771,2015,Bangladesh,12.9,FALSE,83.23875309,FALSE
771,2016,Bangladesh,18.1,FALSE,85.10324101,FALSE
771,2017,Bangladesh,19.8,FALSE,93.29458051,FALSE
771,2018,Bangladesh,21.8,FALSE,98.83168698,FALSE
771,2019,Bangladesh,23.8,FALSE,100.0336994,FALSE
771,2020,Bangladesh,24.8,FALSE,105.2911628,FALSE
771,2021,Bangladesh,32.81733423756411,TRUE,106.8878332,FALSE
775,1960,Myanmar,0,TRUE,0,FALSE
775,1961,Myanmar,0,TRUE,0,TRUE
775,1962,Myanmar,0,TRUE,0,TRUE
775,1963,Myanmar,0,TRUE,0,TRUE
775,1964,Myanmar,0,TRUE,0,TRUE
775,1965,Myanmar,0,TRUE,0,FALSE
775,1966,Myanmar,0,TRUE,0,TRUE
775,1967,Myanmar,0,TRUE,0,TRUE
775,1968,Myanmar,0,TRUE,0,TRUE
775,1969,Myanmar,0,TRUE,0,TRUE
775,1970,Myanmar,0,TRUE,0,FALSE
775,1971,Myanmar,0,TRUE,0,TRUE
775,1972,Myanmar,0,TRUE,0,TRUE
775,1973,Myanmar,0,TRUE,0,TRUE
775,1974,Myanmar,0,TRUE,0,TRUE
775,1975,Myanmar,0,TRUE,0,FALSE
775,1976,Myanmar,0,TRUE,0,FALSE
775,1977,Myanmar,0,TRUE,0,FALSE
775,1978,Myanmar,0,TRUE,0,FALSE
775,1979,Myanmar,0,TRUE,0,FALSE
775,1980,Myanmar,0,TRUE,0,FALSE
775,1981,Myanmar,0,TRUE,0,FALSE
775,1982,Myanmar,0,TRUE,0,FALSE
775,1983,Myanmar,0,TRUE,0,FALSE
775,1984,Myanmar,0,TRUE,0,FALSE
775,1985,Myanmar,0,TRUE,0,FALSE
775,1986,Myanmar,0,TRUE,0,FALSE
775,1987,Myanmar,0,TRUE,0,FALSE
775,1988,Myanmar,0,TRUE,0,FALSE
775,1989,Myanmar,0,TRUE,0,FALSE
775,1990,Myanmar,0,FALSE,0,FALSE
775,1991,Myanmar,0,FALSE,0,FALSE
775,1992,Myanmar,0,FALSE,0,FALSE
775,1993,Myanmar,0,FALSE,0.001538708,FALSE
775,1994,Myanmar,0,FALSE,0.004535028,FALSE
775,1995,Myanmar,0,FALSE,0.006450532,FALSE
775,1996,Myanmar,0,TRUE,0.016719108,FALSE
775,1997,Myanmar,0,TRUE,0.019312269,FALSE
775,1998,Myanmar,0,TRUE,0.019130121,FALSE
775,1999,Myanmar,1.51709e-4,FALSE,0.025285494,FALSE
775,2000,Myanmar,0,TRUE,0.029419172,FALSE
775,2001,Myanmar,2.89277e-4,FALSE,0.049268903,FALSE
775,2002,Myanmar,4.26494e-4,FALSE,0.103230987,FALSE
775,2003,Myanmar,0.024064149,FALSE,0.141753867,FALSE
775,2004,Myanmar,0.024337392,FALSE,0.195300032,FALSE
775,2005,Myanmar,0.065238856,FALSE,0.269672968,FALSE
775,2006,Myanmar,0.182048331,FALSE,0.445459947,FALSE
775,2007,Myanmar,0.217128445,FALSE,0.511172861,FALSE
775,2008,Myanmar,0.22,FALSE,0.753933666,FALSE
775,2009,Myanmar,0.22,FALSE,1.024169005,FALSE
775,2010,Myanmar,0.25,FALSE,1.202648548,FALSE
775,2011,Myanmar,0.98,FALSE,2.497501633,FALSE
775,2012,Myanmar,1.4,FALSE,7.426825561,FALSE
775,2013,Myanmar,1.8,FALSE,13.48984154,FALSE
775,2014,Myanmar,7.4,FALSE,56.83954844,FALSE
775,2015,Myanmar,10.9,FALSE,79.62426697,FALSE
775,2016,Myanmar,16,FALSE,97.48338233,FALSE
775,2017,Myanmar,23.62108195,FALSE,91.69666523,FALSE
775,2018,Myanmar,28.7,FALSE,116.0975729,FALSE
775,2019,Myanmar,34.9,FALSE,154.4969145,FALSE
775,2020,Myanmar,35.1,FALSE,147.0303762,FALSE
775,2021,Myanmar,49.097714378930014,TRUE,126.2686102,FALSE
780,1960,Sri Lanka,0,TRUE,0,FALSE
780,1961,Sri Lanka,0,TRUE,0,TRUE
780,1962,Sri Lanka,0,TRUE,0,TRUE
780,1963,Sri Lanka,0,TRUE,0,TRUE
780,1964,Sri Lanka,0,TRUE,0,TRUE
780,1965,Sri Lanka,0,TRUE,0,FALSE
780,1966,Sri Lanka,0,TRUE,0,TRUE
780,1967,Sri Lanka,0,TRUE,0,TRUE
780,1968,Sri Lanka,0,TRUE,0,TRUE
780,1969,Sri Lanka,0,TRUE,0,TRUE
780,1970,Sri Lanka,0,TRUE,0,FALSE
780,1971,Sri Lanka,0,TRUE,0,TRUE
780,1972,Sri Lanka,0,TRUE,0,TRUE
780,1973,Sri Lanka,0,TRUE,0,TRUE
780,1974,Sri Lanka,0,TRUE,0,TRUE
780,1975,Sri Lanka,0,TRUE,0,FALSE
780,1976,Sri Lanka,0,TRUE,0,FALSE
780,1977,Sri Lanka,0,TRUE,0,FALSE
780,1978,Sri Lanka,0,TRUE,0,FALSE
780,1979,Sri Lanka,0,TRUE,0,FALSE
780,1980,Sri Lanka,0,TRUE,0,FALSE
780,1981,Sri Lanka,0,TRUE,0,FALSE
780,1982,Sri Lanka,0,TRUE,0,FALSE
780,1983,Sri Lanka,0,TRUE,0,FALSE
780,1984,Sri Lanka,0,TRUE,0,FALSE
780,1985,Sri Lanka,0,TRUE,0,FALSE
780,1986,Sri Lanka,0,TRUE,0,FALSE
780,1987,Sri Lanka,0,TRUE,0,FALSE
780,1988,Sri Lanka,0,TRUE,0,FALSE
780,1989,Sri Lanka,0,TRUE,0,FALSE
780,1990,Sri Lanka,0,FALSE,0.005870696,FALSE
780,1991,Sri Lanka,0,FALSE,0.01033497,FALSE
780,1992,Sri Lanka,0,FALSE,0.015001881,FALSE
780,1993,Sri Lanka,0,FALSE,0.082392688,FALSE
780,1994,Sri Lanka,0.002765448,FALSE,0.162016515,FALSE
780,1995,Sri Lanka,0.005484436,FALSE,0.282303929,FALSE
780,1996,Sri Lanka,0.054464499,FALSE,0.387659854,FALSE
780,1997,Sri Lanka,0.162464548,FALSE,0.622728788,FALSE
780,1998,Sri Lanka,0.296351104,FALSE,0.938548009,FALSE
780,1999,Sri Lanka,0.348414425,FALSE,1.374661758,FALSE
780,2000,Sri Lanka,0.647410011,FALSE,2.291188217,FALSE
780,2001,Sri Lanka,0.793821864,FALSE,3.528817631,FALSE
780,2002,Sri Lanka,1.050422706,FALSE,4.873723405,FALSE
780,2003,Sri Lanka,1.458580228,FALSE,7.218515291,FALSE
780,2004,Sri Lanka,1.44615998,FALSE,11.34483891,FALSE
780,2005,Sri Lanka,1.792046794,FALSE,17.087516,FALSE
780,2006,Sri Lanka,2.537566129,FALSE,27.23856918,FALSE
780,2007,Sri Lanka,3.88,FALSE,39.76107463,FALSE
780,2008,Sri Lanka,2.7044140211357264,TRUE,54.63200747,FALSE
780,2009,Sri Lanka,3.4342679185086316,TRUE,79.60666574,FALSE
780,2010,Sri Lanka,4.35228023742509,TRUE,83.98898868,FALSE
780,2011,Sri Lanka,5.501704974266703,TRUE,87.82201679,FALSE
780,2012,Sri Lanka,6.932687031752938,TRUE,91.9860531,FALSE
780,2013,Sri Lanka,8.70159205249803,TRUE,96.13564533,FALSE
780,2014,Sri Lanka,10.5,FALSE,104.1599133,FALSE
780,2015,Sri Lanka,12.1,FALSE,112.0119107,FALSE
780,2016,Sri Lanka,15.1,FALSE,120.4042203,FALSE
780,2017,Sri Lanka,21.3,FALSE,131.1169828,FALSE
780,2018,Sri Lanka,26,FALSE,140.3243174,FALSE
780,2019,Sri Lanka,29,FALSE,130.9608639,FALSE
780,2020,Sri Lanka,35,FALSE,136.9116134,FALSE
780,2021,Sri Lanka,40.63580431010128,TRUE,141.2920218,FALSE
781,1960,Maldives,0,FALSE,0,FALSE
781,1961,Maldives,0,TRUE,0,TRUE
781,1962,Maldives,0,TRUE,0,TRUE
781,1963,Maldives,0,TRUE,0,TRUE
781,1964,Maldives,0,TRUE,0,TRUE
781,1965,Maldives,0,FALSE,0,FALSE
781,1966,Maldives,0,TRUE,0,TRUE
781,1967,Maldives,0,TRUE,0,TRUE
781,1968,Maldives,0,TRUE,0,TRUE
781,1969,Maldives,0,TRUE,0,TRUE
781,1970,Maldives,0,FALSE,0,FALSE
781,1971,Maldives,0,TRUE,0,TRUE
781,1972,Maldives,0,TRUE,0,TRUE
781,1973,Maldives,0,TRUE,0,TRUE
781,1974,Maldives,0,TRUE,0,TRUE
781,1975,Maldives,0,FALSE,0,FALSE
781,1976,Maldives,0,FALSE,0,FALSE
781,1977,Maldives,0,FALSE,0,FALSE
781,1978,Maldives,0,FALSE,0,FALSE
781,1979,Maldives,0,FALSE,0,FALSE
781,1980,Maldives,0,FALSE,0,FALSE
781,1981,Maldives,0,FALSE,0,FALSE
781,1982,Maldives,0,FALSE,0,FALSE
781,1983,Maldives,0,FALSE,0,FALSE
781,1984,Maldives,0,FALSE,0,FALSE
781,1985,Maldives,0,FALSE,0,FALSE
781,1986,Maldives,0,FALSE,0,FALSE
781,1987,Maldives,0,FALSE,0,FALSE
781,1988,Maldives,0,FALSE,0,FALSE
781,1989,Maldives,0,FALSE,0,FALSE
781,1990,Maldives,0,FALSE,0,FALSE
781,1991,Maldives,0,FALSE,0,FALSE
781,1992,Maldives,0,FALSE,0,FALSE
781,1993,Maldives,0,FALSE,0,FALSE
781,1994,Maldives,0,FALSE,0,FALSE
781,1995,Maldives,0,FALSE,0,FALSE
781,1996,Maldives,0.22693009,FALSE,0.007580294,FALSE
781,1997,Maldives,0.309444238,FALSE,0.479482605,FALSE
781,1998,Maldives,0.569627464,FALSE,0.586568102,FALSE
781,1999,Maldives,1.119908615,FALSE,1.052097903,FALSE
781,2000,Maldives,2.203872939,FALSE,2.703649821,FALSE
781,2001,Maldives,3.617290649,FALSE,6.575851652,FALSE
781,2002,Maldives,5.347765169,FALSE,14.33503031,FALSE
781,2003,Maldives,5.97659285,FALSE,22.36210829,FALSE
781,2004,Maldives,6.588254875,FALSE,37.48204439,FALSE
781,2005,Maldives,6.869605067,FALSE,66.32184432,FALSE
781,2006,Maldives,11.03635278,FALSE,86.21251205,FALSE
781,2007,Maldives,16.3,FALSE,96.43615091,FALSE
781,2008,Maldives,23.2,FALSE,129.3110665,FALSE
781,2009,Maldives,24.8,FALSE,131.1522847,FALSE
781,2010,Maldives,26.53,FALSE,136.7219435,FALSE
781,2011,Maldives,34,FALSE,141.6646192,FALSE
781,2012,Maldives,38.9301,FALSE,144.6427327,FALSE
781,2013,Maldives,44.1,FALSE,156.0063185,FALSE
781,2014,Maldives,49.28,FALSE,159.7689676,FALSE
781,2015,Maldives,54.46195515,FALSE,169.8394332,FALSE
781,2016,Maldives,59.09258997,FALSE,178.7835827,FALSE
781,2017,Maldives,61.25,FALSE,190.5249745,FALSE
781,2018,Maldives,62.07,FALSE,175.1750865,FALSE
781,2019,Maldives,62.5,FALSE,164.1286164,FALSE
781,2020,Maldives,62.93,FALSE,139.513022,FALSE
781,2021,Maldives,76.89044660448742,TRUE,135.3978652,FALSE
790,1960,Nepal,0,TRUE,0,FALSE
790,1961,Nepal,0,TRUE,0,TRUE
790,1962,Nepal,0,TRUE,0,TRUE
790,1963,Nepal,0,TRUE,0,TRUE
790,1964,Nepal,0,TRUE,0,TRUE
790,1965,Nepal,0,TRUE,0,FALSE
790,1966,Nepal,0,TRUE,0,TRUE
790,1967,Nepal,0,TRUE,0,TRUE
790,1968,Nepal,0,TRUE,0,TRUE
790,1969,Nepal,0,TRUE,0,TRUE
790,1970,Nepal,0,TRUE,0,FALSE
790,1971,Nepal,0,TRUE,0,TRUE
790,1972,Nepal,0,TRUE,0,TRUE
790,1973,Nepal,0,TRUE,0,TRUE
790,1974,Nepal,0,TRUE,0,TRUE
790,1975,Nepal,0,TRUE,0,FALSE
790,1976,Nepal,0,TRUE,0,FALSE
790,1977,Nepal,0,TRUE,0,FALSE
790,1978,Nepal,0,TRUE,0,FALSE
790,1979,Nepal,0,TRUE,0,FALSE
790,1980,Nepal,0,TRUE,0,FALSE
790,1981,Nepal,0,TRUE,0,FALSE
790,1982,Nepal,0,TRUE,0,FALSE
790,1983,Nepal,0,TRUE,0,FALSE
790,1984,Nepal,0,TRUE,0,FALSE
790,1985,Nepal,0,TRUE,0,FALSE
790,1986,Nepal,0,TRUE,0,FALSE
790,1987,Nepal,0,TRUE,0,FALSE
790,1988,Nepal,0,TRUE,0,FALSE
790,1989,Nepal,0,FALSE,0,FALSE
790,1990,Nepal,0,FALSE,0,FALSE
790,1991,Nepal,0,FALSE,0,FALSE
790,1992,Nepal,0,FALSE,0,FALSE
790,1993,Nepal,0,FALSE,0,FALSE
790,1994,Nepal,0,FALSE,0,FALSE
790,1995,Nepal,9.24878e-4,FALSE,0,FALSE
790,1996,Nepal,0.004510473,FALSE,0,FALSE
790,1997,Nepal,0.021998858,FALSE,0,FALSE
790,1998,Nepal,0.064393596,FALSE,0,FALSE
790,1999,Nepal,0.146668869,FALSE,0.022780782,FALSE
790,2000,Nepal,0.204651684,FALSE,0.041637655,FALSE
790,2001,Nepal,0.240015303,FALSE,0.069265711,FALSE
790,2002,Nepal,0.31295606,FALSE,0.086376308,FALSE
790,2003,Nepal,0.382810917,FALSE,0.318760633,FALSE
790,2004,Nepal,0.449843651,FALSE,0.44907767,FALSE
790,2005,Nepal,0.826551266,FALSE,0.864809012,FALSE
790,2006,Nepal,1.141389164,FALSE,4.363299013,FALSE
790,2007,Nepal,1.41,FALSE,12.23679425,FALSE
790,2008,Nepal,1.73,FALSE,15.62410254,FALSE
790,2009,Nepal,1.97,FALSE,20.71222193,FALSE
790,2010,Nepal,7.93,FALSE,33.85504967,FALSE
790,2011,Nepal,9,FALSE,48.97778031,FALSE
790,2012,Nepal,11.1493,FALSE,60.76911914,FALSE
790,2013,Nepal,13.3,FALSE,78.01707755,FALSE
790,2014,Nepal,15.44,FALSE,83.82947761,FALSE
790,2015,Nepal,17.58161801,FALSE,99.65856976,FALSE
790,2016,Nepal,20.7,FALSE,115.2869264,FALSE
790,2017,Nepal,24.3,FALSE,128.0766788,FALSE
790,2018,Nepal,28.6,FALSE,137.4358818,FALSE
790,2019,Nepal,32.8,FALSE,134.2096779,FALSE
790,2020,Nepal,37.7,FALSE,130.203706,FALSE
790,2021,Nepal,44.03034442566351,TRUE,138.63399957341142,TRUE
800,1960,Thailand,0,FALSE,0,FALSE
800,1961,Thailand,0,TRUE,0,TRUE
800,1962,Thailand,0,TRUE,0,TRUE
800,1963,Thailand,0,TRUE,0,TRUE
800,1964,Thailand,0,TRUE,0,TRUE
800,1965,Thailand,0,FALSE,0,FALSE
800,1966,Thailand,0,TRUE,0,TRUE
800,1967,Thailand,0,TRUE,0,TRUE
800,1968,Thailand,0,TRUE,0,TRUE
800,1969,Thailand,0,TRUE,0,TRUE
800,1970,Thailand,0,FALSE,0,FALSE
800,1971,Thailand,0,TRUE,0,TRUE
800,1972,Thailand,0,TRUE,0,TRUE
800,1973,Thailand,0,TRUE,0,TRUE
800,1974,Thailand,0,TRUE,0,TRUE
800,1975,Thailand,0,FALSE,0,FALSE
800,1976,Thailand,0,FALSE,0,FALSE
800,1977,Thailand,0,FALSE,0,FALSE
800,1978,Thailand,0,FALSE,0,FALSE
800,1979,Thailand,0,FALSE,0,FALSE
800,1980,Thailand,0,FALSE,0,FALSE
800,1981,Thailand,0,FALSE,0,FALSE
800,1982,Thailand,0,FALSE,0,FALSE
800,1983,Thailand,0,FALSE,0,FALSE
800,1984,Thailand,0,FALSE,0,FALSE
800,1985,Thailand,0,FALSE,0,FALSE
800,1986,Thailand,0,FALSE,0.001592873,FALSE
800,1987,Thailand,0,FALSE,0.011208254,FALSE
800,1988,Thailand,0,FALSE,0.032882761,FALSE
800,1989,Thailand,0,FALSE,0.073514463,FALSE
800,1990,Thailand,0,FALSE,0.114475503,FALSE
800,1991,Thailand,5.22e-5,FALSE,0.220234042,FALSE
800,1992,Thailand,3.43725e-4,FALSE,0.440091874,FALSE
800,1993,Thailand,0.013580966,FALSE,0.715792739,FALSE
800,1994,Thailand,0.038614321,FALSE,1.257947235,FALSE
800,1995,Thailand,0.074825338,FALSE,2.183979176,FALSE
800,1996,Thailand,0.115472136,FALSE,3.063599772,FALSE
800,1997,Thailand,0.360522185,FALSE,3.613604252,FALSE
800,1998,Thailand,1.091218985,FALSE,3.201797801,FALSE
800,1999,Thailand,2.426242432,FALSE,3.746479249,FALSE
800,2000,Thailand,3.689041279,FALSE,4.845670931,FALSE
800,2001,Thailand,5.556326121,FALSE,11.86176404,FALSE
800,2002,Thailand,7.531250335,FALSE,27.17095763,FALSE
800,2003,Thailand,9.299027238,FALSE,33.37129642,FALSE
800,2004,Thailand,10.67730332,FALSE,41.28780674,FALSE
800,2005,Thailand,15.02600436,FALSE,46.27713253,FALSE
800,2006,Thailand,17.16071472,FALSE,60.503253,FALSE
800,2007,Thailand,20.03,FALSE,79.27063763,FALSE
800,2008,Thailand,18.2,FALSE,91.84432107,FALSE
800,2009,Thailand,20.1,FALSE,97.25521206,FALSE
800,2010,Thailand,22.4,FALSE,105.0619397,FALSE
800,2011,Thailand,23.66992562,FALSE,112.714004,FALSE
800,2012,Thailand,26.46,FALSE,122.9260548,FALSE
800,2013,Thailand,28.94,FALSE,134.8819857,FALSE
800,2014,Thailand,34.89,FALSE,138.7860081,FALSE
800,2015,Thailand,39.31612674,FALSE,146.4441042,FALSE
800,2016,Thailand,47.50496562,FALSE,169.4859395,FALSE
800,2017,Thailand,52.89192934,FALSE,171.4147843,FALSE
800,2018,Thailand,56.81748093,FALSE,175.8777812,FALSE
800,2019,Thailand,66.65241946,FALSE,181.7670258,FALSE
800,2020,Thailand,77.84374066,FALSE,162.7043297,FALSE
800,2021,Thailand,85.26960482,FALSE,168.7823161,FALSE
811,1960,Cambodia,0,TRUE,0,FALSE
811,1961,Cambodia,0,TRUE,0,TRUE
811,1962,Cambodia,0,TRUE,0,TRUE
811,1963,Cambodia,0,TRUE,0,TRUE
811,1964,Cambodia,0,TRUE,0,TRUE
811,1965,Cambodia,0,TRUE,0,FALSE
811,1966,Cambodia,0,TRUE,0,TRUE
811,1967,Cambodia,0,TRUE,0,TRUE
811,1968,Cambodia,0,TRUE,0,TRUE
811,1969,Cambodia,0,TRUE,0,TRUE
811,1970,Cambodia,0,TRUE,0,FALSE
811,1971,Cambodia,0,TRUE,0,TRUE
811,1972,Cambodia,0,TRUE,0,TRUE
811,1973,Cambodia,0,TRUE,0,TRUE
811,1974,Cambodia,0,TRUE,0,TRUE
811,1975,Cambodia,0,TRUE,0,FALSE
811,1976,Cambodia,0,TRUE,0,FALSE
811,1977,Cambodia,0,TRUE,0,FALSE
811,1978,Cambodia,0,TRUE,0,FALSE
811,1979,Cambodia,0,TRUE,0,FALSE
811,1980,Cambodia,0,TRUE,0,FALSE
811,1981,Cambodia,0,TRUE,0,FALSE
811,1982,Cambodia,0,TRUE,0,FALSE
811,1983,Cambodia,0,TRUE,0,FALSE
811,1984,Cambodia,0,TRUE,0,FALSE
811,1985,Cambodia,0,TRUE,0,FALSE
811,1986,Cambodia,0,TRUE,0,FALSE
811,1987,Cambodia,0,TRUE,0,FALSE
811,1988,Cambodia,0,TRUE,0,FALSE
811,1989,Cambodia,0,TRUE,0,FALSE
811,1990,Cambodia,0,FALSE,0,FALSE
811,1991,Cambodia,0,FALSE,0,FALSE
811,1992,Cambodia,0,FALSE,0,FALSE
811,1993,Cambodia,0,FALSE,0.046956377,FALSE
811,1994,Cambodia,0,FALSE,0.096264199,FALSE
811,1995,Cambodia,0,FALSE,0.12912646,FALSE
811,1996,Cambodia,0,TRUE,0.206552816,FALSE
811,1997,Cambodia,0.005844911,FALSE,0.293538009,FALSE
811,1998,Cambodia,0.016324986,FALSE,0.525705675,FALSE
811,1999,Cambodia,0.031969578,FALSE,0.748944912,FALSE
811,2000,Cambodia,0.04702264,FALSE,1.077223474,FALSE
811,2001,Cambodia,0.076956056,FALSE,1.811108143,FALSE
811,2002,Cambodia,0.226983238,FALSE,3.025049479,FALSE
811,2003,Cambodia,0.260570198,FALSE,3.897398361,FALSE
811,2004,Cambodia,0.300436644,FALSE,6.618588238,FALSE
811,2005,Cambodia,0.317321781,FALSE,8.01716186,FALSE
811,2006,Cambodia,0.46835672,FALSE,12.77398895,FALSE
811,2007,Cambodia,0.49,FALSE,18.83599976,FALSE
811,2008,Cambodia,0.51,FALSE,30.3860731,FALSE
811,2009,Cambodia,0.53,FALSE,44.2788579,FALSE
811,2010,Cambodia,1.26,FALSE,56.74623762,FALSE
811,2011,Cambodia,3.1,FALSE,94.39487785,FALSE
811,2012,Cambodia,4.94,FALSE,129.2052488,FALSE
811,2013,Cambodia,6,FALSE,135.0996151,FALSE
811,2014,Cambodia,14,FALSE,134.4568277,FALSE
811,2015,Cambodia,18,FALSE,135.2392534,FALSE
811,2016,Cambodia,32.39845171,FALSE,127.4626128,FALSE
811,2017,Cambodia,32.90027854,FALSE,117.3225889,FALSE
811,2018,Cambodia,47.717116897025925,TRUE,121.1658947,FALSE
811,2019,Cambodia,59.068652882217904,TRUE,132.1508925,FALSE
811,2020,Cambodia,69.52939579878617,TRUE,128.6026166,FALSE
811,2021,Cambodia,78.29889366913088,TRUE,119.9575768,FALSE
812,1960,Lao PDR,0,TRUE,0,FALSE
812,1961,Lao PDR,0,TRUE,0,TRUE
812,1962,Lao PDR,0,TRUE,0,TRUE
812,1963,Lao PDR,0,TRUE,0,TRUE
812,1964,Lao PDR,0,TRUE,0,TRUE
812,1965,Lao PDR,0,TRUE,0,FALSE
812,1966,Lao PDR,0,TRUE,0,TRUE
812,1967,Lao PDR,0,TRUE,0,TRUE
812,1968,Lao PDR,0,TRUE,0,TRUE
812,1969,Lao PDR,0,TRUE,0,TRUE
812,1970,Lao PDR,0,TRUE,0,FALSE
812,1971,Lao PDR,0,TRUE,0,TRUE
812,1972,Lao PDR,0,TRUE,0,TRUE
812,1973,Lao PDR,0,TRUE,0,TRUE
812,1974,Lao PDR,0,TRUE,0,TRUE
812,1975,Lao PDR,0,TRUE,0,FALSE
812,1976,Lao PDR,0,TRUE,0,FALSE
812,1977,Lao PDR,0,TRUE,0,FALSE
812,1978,Lao PDR,0,TRUE,0,FALSE
812,1979,Lao PDR,0,TRUE,0,FALSE
812,1980,Lao PDR,0,TRUE,0,FALSE
812,1981,Lao PDR,0,TRUE,0,FALSE
812,1982,Lao PDR,0,TRUE,0,FALSE
812,1983,Lao PDR,0,TRUE,0,FALSE
812,1984,Lao PDR,0,TRUE,0,FALSE
812,1985,Lao PDR,0,TRUE,0,FALSE
812,1986,Lao PDR,0,TRUE,0,FALSE
812,1987,Lao PDR,0,TRUE,0,FALSE
812,1988,Lao PDR,0,TRUE,0,FALSE
812,1989,Lao PDR,0,TRUE,0,FALSE
812,1990,Lao PDR,0,FALSE,0,FALSE
812,1991,Lao PDR,0,FALSE,0,FALSE
812,1992,Lao PDR,0,FALSE,0.006358107,FALSE
812,1993,Lao PDR,0,FALSE,0.007256745,FALSE
812,1994,Lao PDR,0,FALSE,0.012999303,FALSE
812,1995,Lao PDR,0,FALSE,0.031233308,FALSE
812,1996,Lao PDR,0,TRUE,0.07514006,FALSE
812,1997,Lao PDR,0,TRUE,0.095426924,FALSE
812,1998,Lao PDR,0.009657814,FALSE,0.122986391,FALSE
812,1999,Lao PDR,0.037780708,FALSE,0.226177403,FALSE
812,2000,Lao PDR,0.111044032,FALSE,0.233499231,FALSE
812,2001,Lao PDR,0.181664461,FALSE,0.535263919,FALSE
812,2002,Lao PDR,0.267899241,FALSE,0.983928046,FALSE
812,2003,Lao PDR,0.333912466,FALSE,1.97352289,FALSE
812,2004,Lao PDR,0.36143449,FALSE,3.539963389,FALSE
812,2005,Lao PDR,0.85035749,FALSE,11.23409141,FALSE
812,2006,Lao PDR,1.169893428,FALSE,16.97720022,FALSE
812,2007,Lao PDR,1.64,FALSE,24.47150868,FALSE
812,2008,Lao PDR,3.55,FALSE,32.95597261,FALSE
812,2009,Lao PDR,6,FALSE,51.92100072,FALSE
812,2010,Lao PDR,7,FALSE,63.31061777,FALSE
812,2011,Lao PDR,9,FALSE,85.42039479,FALSE
812,2012,Lao PDR,10.74767619,FALSE,66.06436451,FALSE
812,2013,Lao PDR,12.5,FALSE,69.88020438,FALSE
812,2014,Lao PDR,14.26,FALSE,69.02215871,FALSE
812,2015,Lao PDR,18.2,FALSE,54.91280264,FALSE
812,2016,Lao PDR,21.87,FALSE,57.44162039,FALSE
812,2017,Lao PDR,25.51043508,FALSE,53.04168369,FALSE
812,2018,Lao PDR,29.1,FALSE,51.54585373,FALSE
812,2019,Lao PDR,30.84,FALSE,64.29411986,FALSE
812,2020,Lao PDR,54,FALSE,63.34796067,FALSE
812,2021,Lao PDR,62,FALSE,64.95535792,FALSE
816,1960,Vietnam,0,TRUE,0,FALSE
816,1961,Vietnam,0,TRUE,0,TRUE
816,1962,Vietnam,0,TRUE,0,TRUE
816,1963,Vietnam,0,TRUE,0,TRUE
816,1964,Vietnam,0,TRUE,0,TRUE
816,1965,Vietnam,0,TRUE,0,FALSE
816,1966,Vietnam,0,TRUE,0,TRUE
816,1967,Vietnam,0,TRUE,0,TRUE
816,1968,Vietnam,0,TRUE,0,TRUE
816,1969,Vietnam,0,TRUE,0,TRUE
816,1970,Vietnam,0,TRUE,0,FALSE
816,1971,Vietnam,0,TRUE,0,TRUE
816,1972,Vietnam,0,TRUE,0,TRUE
816,1973,Vietnam,0,TRUE,0,TRUE
816,1974,Vietnam,0,TRUE,0,TRUE
816,1975,Vietnam,0,TRUE,0,FALSE
816,1976,Vietnam,0,TRUE,0,FALSE
816,1977,Vietnam,0,TRUE,0,FALSE
816,1978,Vietnam,0,TRUE,0,FALSE
816,1979,Vietnam,0,TRUE,0,FALSE
816,1980,Vietnam,0,TRUE,0,FALSE
816,1981,Vietnam,0,TRUE,0,FALSE
816,1982,Vietnam,0,TRUE,0,FALSE
816,1983,Vietnam,0,TRUE,0,FALSE
816,1984,Vietnam,0,TRUE,0,FALSE
816,1985,Vietnam,0,TRUE,0,FALSE
816,1986,Vietnam,0,TRUE,0,FALSE
816,1987,Vietnam,0,TRUE,0,FALSE
816,1988,Vietnam,0,TRUE,0,FALSE
816,1989,Vietnam,0,TRUE,0,FALSE
816,1990,Vietnam,0,FALSE,0,FALSE
816,1991,Vietnam,0,FALSE,0,FALSE
816,1992,Vietnam,0,FALSE,0.001146317,FALSE
816,1993,Vietnam,0,FALSE,0.005704137,FALSE
816,1994,Vietnam,0,FALSE,0.017241121,FALSE
816,1995,Vietnam,0,FALSE,0.031860471,FALSE
816,1996,Vietnam,1.34813e-4,FALSE,0.091945652,FALSE
816,1997,Vietnam,0.003981962,FALSE,0.210964958,FALSE
816,1998,Vietnam,0.013078543,FALSE,0.288739207,FALSE
816,1999,Vietnam,0.128926663,FALSE,0.420705811,FALSE
816,2000,Vietnam,0.254248276,FALSE,0.99816152,FALSE
816,2001,Vietnam,1.265651236,FALSE,1.567564328,FALSE
816,2002,Vietnam,1.854999236,FALSE,2.359044585,FALSE
816,2003,Vietnam,3.780280814,FALSE,3.365415447,FALSE
816,2004,Vietnam,7.642408528,FALSE,6.025909442,FALSE
816,2005,Vietnam,12.73992929,FALSE,11.53831883,FALSE
816,2006,Vietnam,17.25456172,FALSE,22.50396061,FALSE
816,2007,Vietnam,20.75544477,FALSE,53.11803062,FALSE
816,2008,Vietnam,23.92,FALSE,87.47047116,FALSE
816,2009,Vietnam,26.55,FALSE,113.5761578,FALSE
816,2010,Vietnam,30.65,FALSE,127.6386103,FALSE
816,2011,Vietnam,35.07,FALSE,144.1078862,FALSE
816,2012,Vietnam,36.8,FALSE,147.4487893,FALSE
816,2013,Vietnam,38.5,FALSE,137.0761674,FALSE
816,2014,Vietnam,41,FALSE,149.2271298,FALSE
816,2015,Vietnam,45,FALSE,130.5154869,FALSE
816,2016,Vietnam,53,FALSE,129.5014832,FALSE
816,2017,Vietnam,58.14,FALSE,127.6319162,FALSE
816,2018,Vietnam,69.84792868,FALSE,148.1748225,FALSE
816,2019,Vietnam,68.66158021,FALSE,142.2374996,FALSE
816,2020,Vietnam,70.3,FALSE,143.7522156,FALSE
816,2021,Vietnam,74.20999985,FALSE,138.8654955,FALSE
820,1960,Malaysia,0,TRUE,0,FALSE
820,1961,Malaysia,0,TRUE,0,TRUE
820,1962,Malaysia,0,TRUE,0,TRUE
820,1963,Malaysia,0,TRUE,0,TRUE
820,1964,Malaysia,0,TRUE,0,TRUE
820,1965,Malaysia,0,TRUE,0,FALSE
820,1966,Malaysia,0,TRUE,0,TRUE
820,1967,Malaysia,0,TRUE,0,TRUE
820,1968,Malaysia,0,TRUE,0,TRUE
820,1969,Malaysia,0,TRUE,0,TRUE
820,1970,Malaysia,0,TRUE,0,FALSE
820,1971,Malaysia,0,TRUE,0,TRUE
820,1972,Malaysia,0,TRUE,0,TRUE
820,1973,Malaysia,0,TRUE,0,TRUE
820,1974,Malaysia,0,TRUE,0,TRUE
820,1975,Malaysia,0,TRUE,0,FALSE
820,1976,Malaysia,0,TRUE,0,FALSE
820,1977,Malaysia,0,TRUE,0,FALSE
820,1978,Malaysia,0,TRUE,0,FALSE
820,1979,Malaysia,0,TRUE,0,FALSE
820,1980,Malaysia,0,TRUE,0,FALSE
820,1981,Malaysia,0,TRUE,0,FALSE
820,1982,Malaysia,0,TRUE,0,FALSE
820,1983,Malaysia,0,TRUE,0,FALSE
820,1984,Malaysia,0,TRUE,0,FALSE
820,1985,Malaysia,0,TRUE,0,TRUE
820,1986,Malaysia,0,TRUE,0.069523625,FALSE
820,1987,Malaysia,0,TRUE,0.108594076,FALSE
820,1988,Malaysia,0,TRUE,0.165220178,FALSE
820,1989,Malaysia,0,TRUE,0.231602049,FALSE
820,1990,Malaysia,0,FALSE,0.494489541,FALSE
820,1991,Malaysia,0,FALSE,0.721522185,FALSE
820,1992,Malaysia,0.001047822,FALSE,1.082615433,FALSE
820,1993,Malaysia,0.025538478,FALSE,1.784885174,FALSE
820,1994,Malaysia,0.099607417,FALSE,2.918621003,FALSE
820,1995,Malaysia,0.145673837,FALSE,4.991168447,FALSE
820,1996,Malaysia,0.852044466,FALSE,7.34842792,FALSE
820,1997,Malaysia,2.307393234,FALSE,9.412128789,FALSE
820,1998,Malaysia,6.751770483,FALSE,10.08686533,FALSE
820,1999,Malaysia,12.3055022,FALSE,13.36691902,FALSE
820,2000,Malaysia,21.38473116,FALSE,22.32170197,FALSE
820,2001,Malaysia,26.6959725,FALSE,31.36877845,FALSE
820,2002,Malaysia,32.33820434,FALSE,37.49827327,FALSE
820,2003,Malaysia,34.97115234,FALSE,44.96469217,FALSE
820,2004,Malaysia,42.25226563,FALSE,57.67519655,FALSE
820,2005,Malaysia,48.62917025,FALSE,75.39480725,FALSE
820,2006,Malaysia,51.63798899,FALSE,73.42192752,FALSE
820,2007,Malaysia,55.7,FALSE,86.17480992,FALSE
820,2008,Malaysia,55.8,FALSE,100.1760536,FALSE
820,2009,Malaysia,55.9,FALSE,106.8284441,FALSE
820,2010,Malaysia,56.3,FALSE,117.9017242,FALSE
820,2011,Malaysia,61,FALSE,125.6206583,FALSE
820,2012,Malaysia,65.8,FALSE,139.3270554,FALSE
820,2013,Malaysia,57.05751226,FALSE,142.7087288,FALSE
820,2014,Malaysia,63.66542588,FALSE,146.794505,FALSE
820,2015,Malaysia,71.06406781,FALSE,141.9557664,FALSE
820,2016,Malaysia,78.78830993,FALSE,137.8669153,FALSE
820,2017,Malaysia,80.14047901,FALSE,132.4079212,FALSE
820,2018,Malaysia,81.20104862,FALSE,130.908501,FALSE
820,2019,Malaysia,84.18714501,FALSE,135.9610804,FALSE
820,2020,Malaysia,89.55501192,FALSE,131.6976181,FALSE
820,2021,Malaysia,96.7514278,FALSE,140.5905675,FALSE
830,1960,Singapore,0,TRUE,0,FALSE
830,1961,Singapore,0,TRUE,0,TRUE
830,1962,Singapore,0,TRUE,0,TRUE
830,1963,Singapore,0,TRUE,0,TRUE
830,1964,Singapore,0,TRUE,0,TRUE
830,1965,Singapore,0,TRUE,0,FALSE
830,1966,Singapore,0,TRUE,0,TRUE
830,1967,Singapore,0,TRUE,0,TRUE
830,1968,Singapore,0,TRUE,0,TRUE
830,1969,Singapore,0,TRUE,0,TRUE
830,1970,Singapore,0,TRUE,0,FALSE
830,1971,Singapore,0,TRUE,0,TRUE
830,1972,Singapore,0,TRUE,0,TRUE
830,1973,Singapore,0,TRUE,0,TRUE
830,1974,Singapore,0,TRUE,0,TRUE
830,1975,Singapore,0,TRUE,0,FALSE
830,1976,Singapore,0,TRUE,0,FALSE
830,1977,Singapore,0,TRUE,0,FALSE
830,1978,Singapore,0,TRUE,0,FALSE
830,1979,Singapore,0,TRUE,0,FALSE
830,1980,Singapore,0,TRUE,0,FALSE
830,1981,Singapore,0,TRUE,0,FALSE
830,1982,Singapore,0,TRUE,0,FALSE
830,1983,Singapore,0,TRUE,0,FALSE
830,1984,Singapore,0,TRUE,0,TRUE
830,1985,Singapore,0,TRUE,0,TRUE
830,1986,Singapore,0,TRUE,0,TRUE
830,1987,Singapore,0,TRUE,0,TRUE
830,1988,Singapore,0,TRUE,0.375871722,FALSE
830,1989,Singapore,0,TRUE,0.892659215,FALSE
830,1990,Singapore,0,FALSE,1.711595724,FALSE
830,1991,Singapore,0.161504498,FALSE,2.624670739,FALSE
830,1992,Singapore,0.471368155,FALSE,3.717206111,FALSE
830,1993,Singapore,0.763278139,FALSE,5.368715266,FALSE
830,1994,Singapore,1.185203797,FALSE,6.85247021,FALSE
830,1995,Singapore,2.873418722,FALSE,8.634616063,FALSE
830,1996,Singapore,8.34995903,FALSE,11.80233977,FALSE
830,1997,Singapore,13.47162042,FALSE,22.56524803,FALSE
830,1998,Singapore,19.59076716,FALSE,28.31395042,FALSE
830,1999,Singapore,24.15543693,FALSE,41.11452948,FALSE
830,2000,Singapore,36,FALSE,67.77675756,FALSE
830,2001,Singapore,41.67042518,FALSE,72.58809459,FALSE
830,2002,Singapore,47,FALSE,79.3192099,FALSE
830,2003,Singapore,53.83794329,FALSE,84.63439691,FALSE
830,2004,Singapore,62,FALSE,93.4502185,FALSE
830,2005,Singapore,61,FALSE,100.9198005,FALSE
830,2006,Singapore,59,FALSE,106.7315594,FALSE
830,2007,Singapore,69.9,FALSE,127.0378465,FALSE
830,2008,Singapore,69,FALSE,132.5809637,FALSE
830,2009,Singapore,69,FALSE,137.4018501,FALSE
830,2010,Singapore,71,FALSE,143.0129038,FALSE
830,2011,Singapore,71,FALSE,147.5817519,FALSE
830,2012,Singapore,72,FALSE,149.9274113,FALSE
830,2013,Singapore,80.90205685,FALSE,154.0346262,FALSE
830,2014,Singapore,82.1,FALSE,145.4770145,FALSE
830,2015,Singapore,83.2,FALSE,145.7181198,FALSE
830,2016,Singapore,84.45226789,FALSE,148.123236,FALSE
830,2017,Singapore,84.45226789,FALSE,145.4058271,FALSE
830,2018,Singapore,88.16563603,FALSE,147.3617155,FALSE
830,2019,Singapore,88.94925269,FALSE,154.0006188,FALSE
830,2020,Singapore,92.00434653,FALSE,142.8931601,FALSE
830,2021,Singapore,96.36793032253239,TRUE,145.7770162,FALSE
835,1960,Brunei Darussalam,0,TRUE,0,FALSE
835,1961,Brunei Darussalam,0,TRUE,0,TRUE
835,1962,Brunei Darussalam,0,TRUE,0,TRUE
835,1963,Brunei Darussalam,0,TRUE,0,TRUE
835,1964,Brunei Darussalam,0,TRUE,0,TRUE
835,1965,Brunei Darussalam,0,TRUE,0,FALSE
835,1966,Brunei Darussalam,0,TRUE,0,TRUE
835,1967,Brunei Darussalam,0,TRUE,0,TRUE
835,1968,Brunei Darussalam,0,TRUE,0,TRUE
835,1969,Brunei Darussalam,0,TRUE,0,TRUE
835,1970,Brunei Darussalam,0,TRUE,0,FALSE
835,1971,Brunei Darussalam,0,TRUE,0,TRUE
835,1972,Brunei Darussalam,0,TRUE,0,TRUE
835,1973,Brunei Darussalam,0,TRUE,0,TRUE
835,1974,Brunei Darussalam,0,TRUE,0,TRUE
835,1975,Brunei Darussalam,0,TRUE,0,FALSE
835,1976,Brunei Darussalam,0,TRUE,0,FALSE
835,1977,Brunei Darussalam,0,TRUE,0,FALSE
835,1978,Brunei Darussalam,0,TRUE,0,FALSE
835,1979,Brunei Darussalam,0,TRUE,0,FALSE
835,1980,Brunei Darussalam,0,TRUE,0,FALSE
835,1981,Brunei Darussalam,0,TRUE,0,FALSE
835,1982,Brunei Darussalam,0,TRUE,0,FALSE
835,1983,Brunei Darussalam,0,TRUE,0,FALSE
835,1984,Brunei Darussalam,0,TRUE,0,FALSE
835,1985,Brunei Darussalam,0,TRUE,0,FALSE
835,1986,Brunei Darussalam,0,TRUE,0,FALSE
835,1987,Brunei Darussalam,0,TRUE,0,FALSE
835,1988,Brunei Darussalam,0,TRUE,0,FALSE
835,1989,Brunei Darussalam,0,TRUE,0,TRUE
835,1990,Brunei Darussalam,0,FALSE,0.676521792,FALSE
835,1991,Brunei Darussalam,0,FALSE,1.120951605,FALSE
835,1992,Brunei Darussalam,0,FALSE,1.479006258,FALSE
835,1993,Brunei Darussalam,0,FALSE,2.916621299,FALSE
835,1994,Brunei Darussalam,0,FALSE,5.351515401,FALSE
835,1995,Brunei Darussalam,1.017080166,FALSE,11.99644263,FALSE
835,1996,Brunei Darussalam,3.303349927,FALSE,14.21442475,FALSE
835,1997,Brunei Darussalam,4.831057905,FALSE,14.36712801,FALSE
835,1998,Brunei Darussalam,6.284742844,FALSE,15.34552338,FALSE
835,1999,Brunei Darussalam,7.671041206,FALSE,20.18070908,FALSE
835,2000,Brunei Darussalam,8.996284534,FALSE,28.44941694,FALSE
835,2001,Brunei Darussalam,12.91776908,FALSE,41.96767112,FALSE
835,2002,Brunei Darussalam,15.32987986,FALSE,44.21967231,FALSE
835,2003,Brunei Darussalam,19.59500322,FALSE,50.09673912,FALSE
835,2004,Brunei Darussalam,29.71560414,FALSE,56.16529944,FALSE
835,2005,Brunei Darussalam,36.46639195,FALSE,63.5094637,FALSE
835,2006,Brunei Darussalam,42.18634916,FALSE,80.84590459,FALSE
835,2007,Brunei Darussalam,44.68,FALSE,96.67060948,FALSE
835,2008,Brunei Darussalam,46,FALSE,103.7155978,FALSE
835,2009,Brunei Darussalam,49,FALSE,105.7828245,FALSE
835,2010,Brunei Darussalam,53,FALSE,109.8603214,FALSE
835,2011,Brunei Darussalam,56,FALSE,110.3746893,FALSE
835,2012,Brunei Darussalam,60.27306504,FALSE,115.5191155,FALSE
835,2013,Brunei Darussalam,64.5,FALSE,113.8721697,FALSE
835,2014,Brunei Darussalam,68.77,FALSE,108.4957375,FALSE
835,2015,Brunei Darussalam,71.2,FALSE,109.9533264,FALSE
835,2016,Brunei Darussalam,90,FALSE,122.8780218,FALSE
835,2017,Brunei Darussalam,94.86669164,FALSE,126.6006005,FALSE
835,2018,Brunei Darussalam,95,FALSE,130.3207192,FALSE
835,2019,Brunei Darussalam,95,FALSE,131.2182683,FALSE
835,2020,Brunei Darussalam,95,FALSE,121.4758051,FALSE
835,2021,Brunei Darussalam,93.73654452915966,TRUE,135.501254,FALSE
840,1960,Philippines,0,TRUE,0,FALSE
840,1961,Philippines,0,TRUE,0,TRUE
840,1962,Philippines,0,TRUE,0,TRUE
840,1963,Philippines,0,TRUE,0,TRUE
840,1964,Philippines,0,TRUE,0,TRUE
840,1965,Philippines,0,TRUE,0,FALSE
840,1966,Philippines,0,TRUE,0,TRUE
840,1967,Philippines,0,TRUE,0,TRUE
840,1968,Philippines,0,TRUE,0,TRUE
840,1969,Philippines,0,TRUE,0,TRUE
840,1970,Philippines,0,TRUE,0,FALSE
840,1971,Philippines,0,TRUE,0,TRUE
840,1972,Philippines,0,TRUE,0,TRUE
840,1973,Philippines,0,TRUE,0,TRUE
840,1974,Philippines,0,TRUE,0,TRUE
840,1975,Philippines,0,TRUE,0,FALSE
840,1976,Philippines,0,TRUE,0,FALSE
840,1977,Philippines,0,TRUE,0,FALSE
840,1978,Philippines,0,TRUE,0,FALSE
840,1979,Philippines,0,TRUE,0,FALSE
840,1980,Philippines,0,TRUE,0,FALSE
840,1981,Philippines,0,TRUE,0,FALSE
840,1982,Philippines,0,TRUE,0,FALSE
840,1983,Philippines,0,TRUE,0,FALSE
840,1984,Philippines,0,TRUE,0,FALSE
840,1985,Philippines,0,TRUE,0,FALSE
840,1986,Philippines,0,TRUE,0,FALSE
840,1987,Philippines,0,TRUE,0,FALSE
840,1988,Philippines,0,TRUE,0,FALSE
840,1989,Philippines,0,TRUE,0,FALSE
840,1990,Philippines,0,FALSE,0,FALSE
840,1991,Philippines,0,FALSE,0.054886004,FALSE
840,1992,Philippines,0,FALSE,0.086831328,FALSE
840,1993,Philippines,0,FALSE,0.154955895,FALSE
840,1994,Philippines,0.005844253,FALSE,0.254105367,FALSE
840,1995,Philippines,0.028585702,FALSE,0.713153303,FALSE
840,1996,Philippines,0.055946029,FALSE,1.351785776,FALSE
840,1997,Philippines,0.136912963,FALSE,1.847691816,FALSE
840,1998,Philippines,1.103405994,FALSE,2.327302138,FALSE
840,1999,Philippines,1.431608803,FALSE,3.737724571,FALSE
840,2000,Philippines,1.982253196,FALSE,8.27925362,FALSE
840,2001,Philippines,2.52400566,FALSE,15.27032611,FALSE
840,2002,Philippines,4.332275746,FALSE,18.92463893,FALSE
840,2003,Philippines,4.857672267,FALSE,27.13864248,FALSE
840,2004,Philippines,5.243628452,FALSE,38.92784282,FALSE
840,2005,Philippines,5.397636329,FALSE,40.31821357,FALSE
840,2006,Philippines,5.740586325,FALSE,48.76907405,FALSE
840,2007,Philippines,5.97,FALSE,64.02850974,FALSE
840,2008,Philippines,6.22,FALSE,74.64704735,FALSE
840,2009,Philippines,9,FALSE,81.32235128,FALSE
840,2010,Philippines,25,FALSE,87.86246562,FALSE
840,2011,Philippines,29,FALSE,97.77022573,FALSE
840,2012,Philippines,30.8,FALSE,104.0252318,FALSE
840,2013,Philippines,32.7,FALSE,103.1328562,FALSE
840,2014,Philippines,34.7,FALSE,109.8700461,FALSE
840,2015,Philippines,36.9,FALSE,114.3710694,FALSE
840,2016,Philippines,39.2,FALSE,114.5140314,FALSE
840,2017,Philippines,41.6,FALSE,112.3979818,FALSE
840,2018,Philippines,44.1,FALSE,123.9757392,FALSE
840,2019,Philippines,43.02661187,FALSE,151.5865313,FALSE
840,2020,Philippines,49.8,FALSE,133.3257005,FALSE
840,2021,Philippines,58.582115824223855,TRUE,143.4358742,FALSE
850,1960,Indonesia,0,TRUE,0,FALSE
850,1961,Indonesia,0,TRUE,0,TRUE
850,1962,Indonesia,0,TRUE,0,TRUE
850,1963,Indonesia,0,TRUE,0,TRUE
850,1964,Indonesia,0,TRUE,0,TRUE
850,1965,Indonesia,0,TRUE,0,FALSE
850,1966,Indonesia,0,TRUE,0,TRUE
850,1967,Indonesia,0,TRUE,0,TRUE
850,1968,Indonesia,0,TRUE,0,TRUE
850,1969,Indonesia,0,TRUE,0,TRUE
850,1970,Indonesia,0,TRUE,0,FALSE
850,1971,Indonesia,0,TRUE,0,TRUE
850,1972,Indonesia,0,TRUE,0,TRUE
850,1973,Indonesia,0,TRUE,0,TRUE
850,1974,Indonesia,0,TRUE,0,TRUE
850,1975,Indonesia,0,TRUE,0,FALSE
850,1976,Indonesia,0,TRUE,0,FALSE
850,1977,Indonesia,0,TRUE,0,FALSE
850,1978,Indonesia,0,TRUE,0,FALSE
850,1979,Indonesia,0,TRUE,0,FALSE
850,1980,Indonesia,0,TRUE,0,FALSE
850,1981,Indonesia,0,TRUE,0,FALSE
850,1982,Indonesia,0,TRUE,0,FALSE
850,1983,Indonesia,0,TRUE,0,FALSE
850,1984,Indonesia,0,TRUE,0.001078038,FALSE
850,1985,Indonesia,0,TRUE,0.001223825,FALSE
850,1986,Indonesia,0,TRUE,0.002678921,FALSE
850,1987,Indonesia,0,TRUE,0.003666018,FALSE
850,1988,Indonesia,0,TRUE,0.005127077,FALSE
850,1989,Indonesia,0,TRUE,0.007224398,FALSE
850,1990,Indonesia,0,FALSE,0.009934131,FALSE
850,1991,Indonesia,0,FALSE,0.013232541,FALSE
850,1992,Indonesia,0,FALSE,0.018851452,FALSE
850,1993,Indonesia,0,FALSE,0.027870427,FALSE
850,1994,Indonesia,0.001059744,FALSE,0.040026977,FALSE
850,1995,Indonesia,0.026109477,FALSE,0.106310098,FALSE
850,1996,Indonesia,0.056623989,FALSE,0.279339729,FALSE
850,1997,Indonesia,0.194910264,FALSE,0.447726102,FALSE
850,1998,Indonesia,0.255306646,FALSE,0.512769723,FALSE
850,1999,Indonesia,0.444415936,FALSE,1.052607358,FALSE
850,2000,Indonesia,0.925563864,FALSE,1.714058712,FALSE
850,2001,Indonesia,2.018613859,FALSE,3.003488464,FALSE
850,2002,Indonesia,2.134135733,FALSE,5.31540109,FALSE
850,2003,Indonesia,2.38701978,FALSE,8.290855733,FALSE
850,2004,Indonesia,2.600285876,FALSE,13.42692564,FALSE
850,2005,Indonesia,3.602024763,FALSE,20.5021492,FALSE
850,2006,Indonesia,4.764813134,FALSE,27.52533357,FALSE
850,2007,Indonesia,5.786274729,FALSE,39.76307645,FALSE
850,2008,Indonesia,7.917479385,FALSE,59.08224127,FALSE
850,2009,Indonesia,6.92,FALSE,67.92102195,FALSE
850,2010,Indonesia,10.92,FALSE,86.58861927,FALSE
850,2011,Indonesia,12.28,FALSE,101.095073,FALSE
850,2012,Indonesia,14.52,FALSE,112.6850884,FALSE
850,2013,Indonesia,14.94,FALSE,123.6702315,FALSE
850,2014,Indonesia,17.14,FALSE,127.0667453,FALSE
850,2015,Indonesia,22.0627426,FALSE,130.8216306,FALSE
850,2016,Indonesia,25.4473537,FALSE,147.24962,FALSE
850,2017,Indonesia,32.33580625,FALSE,164.5351584,FALSE
850,2018,Indonesia,39.90463864,FALSE,119.6084851,FALSE
850,2019,Indonesia,47.69064898,FALSE,126.5946679,FALSE
850,2020,Indonesia,53.72649449,FALSE,130.8110952,FALSE
850,2021,Indonesia,62.10447802,FALSE,133.6505363,FALSE
860,1960,Timor-Leste,0,TRUE,0,TRUE
860,1961,Timor-Leste,0,TRUE,0,TRUE
860,1962,Timor-Leste,0,TRUE,0,TRUE
860,1963,Timor-Leste,0,TRUE,0,TRUE
860,1964,Timor-Leste,0,TRUE,0,TRUE
860,1965,Timor-Leste,0,TRUE,0,TRUE
860,1966,Timor-Leste,0,TRUE,0,TRUE
860,1967,Timor-Leste,0,TRUE,0,TRUE
860,1968,Timor-Leste,0,TRUE,0,TRUE
860,1969,Timor-Leste,0,TRUE,0,TRUE
860,1970,Timor-Leste,0,TRUE,0,TRUE
860,1971,Timor-Leste,0,TRUE,0,TRUE
860,1972,Timor-Leste,0,TRUE,0,TRUE
860,1973,Timor-Leste,0,TRUE,0,TRUE
860,1974,Timor-Leste,0,TRUE,0,TRUE
860,1975,Timor-Leste,0,TRUE,0,TRUE
860,1976,Timor-Leste,0,TRUE,0,TRUE
860,1977,Timor-Leste,0,TRUE,0,TRUE
860,1978,Timor-Leste,0,TRUE,0,TRUE
860,1979,Timor-Leste,0,TRUE,0,TRUE
860,1980,Timor-Leste,0,TRUE,0,TRUE
860,1981,Timor-Leste,0,TRUE,0,TRUE
860,1982,Timor-Leste,0,TRUE,0,TRUE
860,1983,Timor-Leste,0,TRUE,0,TRUE
860,1984,Timor-Leste,0,TRUE,0,TRUE
860,1985,Timor-Leste,0,TRUE,0,TRUE
860,1986,Timor-Leste,0,TRUE,0,TRUE
860,1987,Timor-Leste,0,TRUE,0,TRUE
860,1988,Timor-Leste,0,TRUE,0,TRUE
860,1989,Timor-Leste,0,TRUE,0,TRUE
860,1990,Timor-Leste,0,FALSE,0,FALSE
860,1991,Timor-Leste,0,FALSE,9.653594126437692e-4,TRUE
860,1992,Timor-Leste,0,FALSE,0.001711945985080076,TRUE
860,1993,Timor-Leste,0,FALSE,0.0030359104028996036,TRUE
860,1994,Timor-Leste,0,FALSE,0.0053837398501737,TRUE
860,1995,Timor-Leste,0,FALSE,0.009547122260215113,TRUE
860,1996,Timor-Leste,0,TRUE,0.016929690784396198,TRUE
860,1997,Timor-Leste,0,TRUE,0.030019572900961907,TRUE
860,1998,Timor-Leste,0,TRUE,0.05322585618731499,TRUE
860,1999,Timor-Leste,0,TRUE,0.09435710773586842,TRUE
860,2000,Timor-Leste,0,TRUE,0.16722811912549626,TRUE
860,2001,Timor-Leste,0,TRUE,0.2962349445342594,TRUE
860,2002,Timor-Leste,0,FALSE,0.524319256835609,TRUE
860,2003,Timor-Leste,0,FALSE,2.164403133,FALSE
860,2004,Timor-Leste,0,FALSE,2.719061975,FALSE
860,2005,Timor-Leste,0.099031768,FALSE,3.411897486,FALSE
860,2006,Timor-Leste,0.5,FALSE,4.936836644,FALSE
860,2007,Timor-Leste,1,FALSE,7.672936602,FALSE
860,2008,Timor-Leste,1.5,FALSE,11.98397816,FALSE
860,2009,Timor-Leste,2,FALSE,32.93081442,FALSE
860,2010,Timor-Leste,3,FALSE,43.45669122,FALSE
860,2011,Timor-Leste,4,FALSE,55.18097425,FALSE
860,2012,Timor-Leste,7,FALSE,54.58496092,FALSE
860,2013,Timor-Leste,11,FALSE,55.95946813,FALSE
860,2014,Timor-Leste,17.5,FALSE,116.1136197,FALSE
860,2015,Timor-Leste,18.6,FALSE,114.1693613,FALSE
860,2016,Timor-Leste,21.2,FALSE,121.8496083,FALSE
860,2017,Timor-Leste,24.2,FALSE,125.2075432,FALSE
860,2018,Timor-Leste,27.6,FALSE,116.3766548,FALSE
860,2019,Timor-Leste,29,FALSE,111.3100361,FALSE
860,2020,Timor-Leste,29.1,FALSE,105.9938692,FALSE
860,2021,Timor-Leste,39.76463354021541,TRUE,104.9381426,FALSE
900,1960,Australia,0,TRUE,0,FALSE
900,1961,Australia,0,TRUE,0,TRUE
900,1962,Australia,0,TRUE,0,TRUE
900,1963,Australia,0,TRUE,0,TRUE
900,1964,Australia,0,TRUE,0,TRUE
900,1965,Australia,0,TRUE,0,FALSE
900,1966,Australia,0,TRUE,0,TRUE
900,1967,Australia,0,TRUE,0,TRUE
900,1968,Australia,0,TRUE,0,TRUE
900,1969,Australia,0,TRUE,0,TRUE
900,1970,Australia,0,TRUE,0,FALSE
900,1971,Australia,0,TRUE,0,TRUE
900,1972,Australia,0,TRUE,0,TRUE
900,1973,Australia,0,TRUE,0,TRUE
900,1974,Australia,0,TRUE,0,TRUE
900,1975,Australia,0,TRUE,0,FALSE
900,1976,Australia,0,TRUE,0,FALSE
900,1977,Australia,0,TRUE,0,FALSE
900,1978,Australia,0,TRUE,0,FALSE
900,1979,Australia,0,TRUE,0,FALSE
900,1980,Australia,0,TRUE,0,FALSE
900,1981,Australia,0,TRUE,0,FALSE
900,1982,Australia,0,TRUE,0,FALSE
900,1983,Australia,0,TRUE,0,FALSE
900,1984,Australia,0,TRUE,0,FALSE
900,1985,Australia,0,TRUE,0,FALSE
900,1986,Australia,0,TRUE,0,FALSE
900,1987,Australia,0,TRUE,0.027202978,FALSE
900,1988,Australia,0,TRUE,0.191348092,FALSE
900,1989,Australia,0,TRUE,0.562786918,FALSE
900,1990,Australia,0.585094712,FALSE,1.08483674,FALSE
900,1991,Australia,1.097203891,FALSE,1.687554564,FALSE
900,1992,Australia,1.768764913,FALSE,2.846098131,FALSE
900,1993,Australia,1.974611016,FALSE,3.913447917,FALSE
900,1994,Australia,2.232101254,FALSE,6.851813911,FALSE
900,1995,Australia,2.759654513,FALSE,12.45348067,FALSE
900,1996,Australia,3.27524987,FALSE,21.90881813,FALSE
900,1997,Australia,16.36935838,FALSE,24.86658247,FALSE
900,1998,Australia,30.81323944,FALSE,26.4384907,FALSE
900,1999,Australia,40.7837839,FALSE,33.58883185,FALSE
900,2000,Australia,46.75611561,FALSE,45.02059448,FALSE
900,2001,Australia,52.689266430000004,FALSE,57.83415055,FALSE
900,2002,Australia,42.23108043636936,TRUE,65.05494704,FALSE
900,2003,Australia,47.224041615728815,TRUE,72.83111188,FALSE
900,2004,Australia,52.273161559273326,TRUE,82.70993065,FALSE
900,2005,Australia,63,FALSE,91.31591136,FALSE
900,2006,Australia,66,FALSE,96.54551735,FALSE
900,2007,Australia,69.45,FALSE,102.0602734,FALSE
900,2008,Australia,71.67,FALSE,104.1045379,FALSE
900,2009,Australia,74.25,FALSE,102.4888541,FALSE
900,2010,Australia,76,FALSE,102.1836974,FALSE
900,2011,Australia,79.48769771,FALSE,106.4049909,FALSE
900,2012,Australia,79,FALSE,107.0777947,FALSE
900,2013,Australia,83.45349717,FALSE,107.910329,FALSE
900,2014,Australia,84,FALSE,106.7765212,FALSE
900,2015,Australia,84.56051491,FALSE,108.1853261,FALSE
900,2016,Australia,86.54,FALSE,109.7343698,FALSE
900,2017,Australia,86.54504885,FALSE,108.4165835,FALSE
900,2018,Australia,87.6,FALSE,110.6519296,FALSE
900,2019,Australia,88.6,FALSE,108.5886162,FALSE
900,2020,Australia,89.6,FALSE,106.9417431,FALSE
900,2021,Australia,97.14574114515597,TRUE,104.509498,FALSE
910,1960,Papua New Guinea,0,TRUE,0,FALSE
910,1961,Papua New Guinea,0,TRUE,0,TRUE
910,1962,Papua New Guinea,0,TRUE,0,TRUE
910,1963,Papua New Guinea,0,TRUE,0,TRUE
910,1964,Papua New Guinea,0,TRUE,0,TRUE
910,1965,Papua New Guinea,0,TRUE,0,FALSE
910,1966,Papua New Guinea,0,TRUE,0,TRUE
910,1967,Papua New Guinea,0,TRUE,0,TRUE
910,1968,Papua New Guinea,0,TRUE,0,TRUE
910,1969,Papua New Guinea,0,TRUE,0,TRUE
910,1970,Papua New Guinea,0,TRUE,0,FALSE
910,1971,Papua New Guinea,0,TRUE,0,TRUE
910,1972,Papua New Guinea,0,TRUE,0,TRUE
910,1973,Papua New Guinea,0,TRUE,0,TRUE
910,1974,Papua New Guinea,0,TRUE,0,TRUE
910,1975,Papua New Guinea,0,TRUE,0,FALSE
910,1976,Papua New Guinea,0,TRUE,0,FALSE
910,1977,Papua New Guinea,0,TRUE,0,FALSE
910,1978,Papua New Guinea,0,TRUE,0,FALSE
910,1979,Papua New Guinea,0,TRUE,0,FALSE
910,1980,Papua New Guinea,0,TRUE,0,FALSE
910,1981,Papua New Guinea,0,TRUE,0,FALSE
910,1982,Papua New Guinea,0,TRUE,0,FALSE
910,1983,Papua New Guinea,0,TRUE,0,FALSE
910,1984,Papua New Guinea,0,TRUE,0,FALSE
910,1985,Papua New Guinea,0,TRUE,0,FALSE
910,1986,Papua New Guinea,0,TRUE,0,FALSE
910,1987,Papua New Guinea,0,TRUE,0,FALSE
910,1988,Papua New Guinea,0,TRUE,0,FALSE
910,1989,Papua New Guinea,0,TRUE,0,FALSE
910,1990,Papua New Guinea,0,FALSE,0,FALSE
910,1991,Papua New Guinea,0,FALSE,0,FALSE
910,1992,Papua New Guinea,0,FALSE,0,FALSE
910,1993,Papua New Guinea,0,FALSE,0,FALSE
910,1994,Papua New Guinea,0,FALSE,0,FALSE
910,1995,Papua New Guinea,0,FALSE,0,FALSE
910,1996,Papua New Guinea,0.002067023,FALSE,0.047744476,FALSE
910,1997,Papua New Guinea,0.100588321,FALSE,0.077755215,FALSE
910,1998,Papua New Guinea,0.234958542,FALSE,0.108156936,FALSE
910,1999,Papua New Guinea,0.667113315,FALSE,0.13265336,FALSE
910,2000,Papua New Guinea,0.835249302,FALSE,0.155401905,FALSE
910,2001,Papua New Guinea,0.904103545,FALSE,0.187769074,FALSE
910,2002,Papua New Guinea,1.321656935,FALSE,0.254556735,FALSE
910,2003,Papua New Guinea,1.374404668,FALSE,0.287310088,FALSE
910,2004,Papua New Guinea,1.507912772,FALSE,0.767674013,FALSE
910,2005,Papua New Guinea,1.716190476,FALSE,1.154056014,FALSE
910,2006,Papua New Guinea,1.754487261,FALSE,1.490708859,FALSE
910,2007,Papua New Guinea,1.790559361,FALSE,4.334592388,FALSE
910,2008,Papua New Guinea,1.15,FALSE,12.24434673,FALSE
910,2009,Papua New Guinea,1.61,FALSE,19.26304103,FALSE
910,2010,Papua New Guinea,1.28,FALSE,25.17486852,FALSE
910,2011,Papua New Guinea,2,FALSE,30.74307157,FALSE
910,2012,Papua New Guinea,3.5,FALSE,33.75051158,FALSE
910,2013,Papua New Guinea,5.1,FALSE,36.38292152,FALSE
910,2014,Papua New Guinea,6.5,FALSE,39.68382897,FALSE
910,2015,Papua New Guinea,7.9,FALSE,41.0035551,FALSE
910,2016,Papua New Guinea,9.601538462,FALSE,42.49834535,FALSE
910,2017,Papua New Guinea,11.20919659,FALSE,44.08217145,FALSE
910,2018,Papua New Guinea,13.899042044360392,TRUE,46.09170728,FALSE
910,2019,Papua New Guinea,16.84986233456944,TRUE,47.52430342,FALSE
910,2020,Papua New Guinea,20.279598811467622,TRUE,49.41720925,FALSE
910,2021,Papua New Guinea,24.204233414642477,TRUE,45.72798439001932,TRUE
920,1960,New Zealand,0,TRUE,0,FALSE
920,1961,New Zealand,0,TRUE,0,TRUE
920,1962,New Zealand,0,TRUE,0,TRUE
920,1963,New Zealand,0,TRUE,0,TRUE
920,1964,New Zealand,0,TRUE,0,TRUE
920,1965,New Zealand,0,TRUE,0,FALSE
920,1966,New Zealand,0,TRUE,0,TRUE
920,1967,New Zealand,0,TRUE,0,TRUE
920,1968,New Zealand,0,TRUE,0,TRUE
920,1969,New Zealand,0,TRUE,0,TRUE
920,1970,New Zealand,0,TRUE,0,FALSE
920,1971,New Zealand,0,TRUE,0,TRUE
920,1972,New Zealand,0,TRUE,0,TRUE
920,1973,New Zealand,0,TRUE,0,TRUE
920,1974,New Zealand,0,TRUE,0,TRUE
920,1975,New Zealand,0,TRUE,0,FALSE
920,1976,New Zealand,0,TRUE,0,FALSE
920,1977,New Zealand,0,TRUE,0,FALSE
920,1978,New Zealand,0,TRUE,0,FALSE
920,1979,New Zealand,0,TRUE,0,FALSE
920,1980,New Zealand,0,TRUE,0,FALSE
920,1981,New Zealand,0,TRUE,0,FALSE
920,1982,New Zealand,0,TRUE,0,FALSE
920,1983,New Zealand,0,TRUE,0,FALSE
920,1984,New Zealand,0,TRUE,0,FALSE
920,1985,New Zealand,0,TRUE,0,FALSE
920,1986,New Zealand,0,TRUE,0,FALSE
920,1987,New Zealand,0,TRUE,0.072739396,FALSE
920,1988,New Zealand,0,TRUE,0.301567973,FALSE
920,1989,New Zealand,0,TRUE,0.866890338,FALSE
920,1990,New Zealand,0,FALSE,1.592399808,FALSE
920,1991,New Zealand,0,FALSE,2.07663203,FALSE
920,1992,New Zealand,0.285941241,FALSE,2.836468263,FALSE
920,1993,New Zealand,0.631215367,FALSE,4.023793547,FALSE
920,1994,New Zealand,3.168718848,FALSE,6.606110652,FALSE
920,1995,New Zealand,4.88424078,FALSE,9.934965444,FALSE
920,1996,New Zealand,8.041899368,FALSE,13.21726033,FALSE
920,1997,New Zealand,14.6015244,FALSE,14.99529113,FALSE
920,1998,New Zealand,31.63626081,FALSE,20.73466868,FALSE
920,1999,New Zealand,41.49448266,FALSE,36.38977914,FALSE
920,2000,New Zealand,47.37955654,FALSE,39.99724014,FALSE
920,2001,New Zealand,53.24101529,FALSE,58.82386213,FALSE
920,2002,New Zealand,59.08075328,FALSE,62.02223379,FALSE
920,2003,New Zealand,60.96253987,FALSE,64.65269018,FALSE
920,2004,New Zealand,61.84762781,FALSE,74.16558207,FALSE
920,2005,New Zealand,62.72021237,FALSE,85.41463968,FALSE
920,2006,New Zealand,69,FALSE,90.96435436,FALSE
920,2007,New Zealand,69.76,FALSE,100.7038503,FALSE
920,2008,New Zealand,72.03,FALSE,108.4446201,FALSE
920,2009,New Zealand,79.7,FALSE,109.2290151,FALSE
920,2010,New Zealand,80.46,FALSE,108.3670897,FALSE
920,2011,New Zealand,81.23,FALSE,110.0137882,FALSE
920,2012,New Zealand,81.64447018,FALSE,111.6027902,FALSE
920,2013,New Zealand,82.78,FALSE,107.0856263,FALSE
920,2014,New Zealand,84,FALSE,112.9769538,FALSE
920,2015,New Zealand,85.2,FALSE,121.9886768,FALSE
920,2016,New Zealand,86.5,FALSE,130.674682,FALSE
920,2017,New Zealand,87.7,FALSE,134.8432405,FALSE
920,2018,New Zealand,89,FALSE,130.5976242,FALSE
920,2019,New Zealand,90.2,FALSE,121.2131234,FALSE
920,2020,New Zealand,91.5,FALSE,123.2134933,FALSE
920,2021,New Zealand,98.14433588196876,TRUE,113.9631575,FALSE
940,1960,Solomon Islands,0,TRUE,0,FALSE
940,1961,Solomon Islands,0,TRUE,0,TRUE
940,1962,Solomon Islands,0,TRUE,0,TRUE
940,1963,Solomon Islands,0,TRUE,0,TRUE
940,1964,Solomon Islands,0,TRUE,0,TRUE
940,1965,Solomon Islands,0,TRUE,0,FALSE
940,1966,Solomon Islands,0,TRUE,0,TRUE
940,1967,Solomon Islands,0,TRUE,0,TRUE
940,1968,Solomon Islands,0,TRUE,0,TRUE
940,1969,Solomon Islands,0,TRUE,0,TRUE
940,1970,Solomon Islands,0,TRUE,0,FALSE
940,1971,Solomon Islands,0,TRUE,0,TRUE
940,1972,Solomon Islands,0,TRUE,0,TRUE
940,1973,Solomon Islands,0,TRUE,0,TRUE
940,1974,Solomon Islands,0,TRUE,0,TRUE
940,1975,Solomon Islands,0,TRUE,0,FALSE
940,1976,Solomon Islands,0,TRUE,0,FALSE
940,1977,Solomon Islands,0,TRUE,0,FALSE
940,1978,Solomon Islands,0,TRUE,0,FALSE
940,1979,Solomon Islands,0,TRUE,0,FALSE
940,1980,Solomon Islands,0,TRUE,0,FALSE
940,1981,Solomon Islands,0,TRUE,0,FALSE
940,1982,Solomon Islands,0,TRUE,0,FALSE
940,1983,Solomon Islands,0,TRUE,0,FALSE
940,1984,Solomon Islands,0,TRUE,0,FALSE
940,1985,Solomon Islands,0,TRUE,0,FALSE
940,1986,Solomon Islands,0,TRUE,0,FALSE
940,1987,Solomon Islands,0,TRUE,0,FALSE
940,1988,Solomon Islands,0,TRUE,0,FALSE
940,1989,Solomon Islands,0,TRUE,0,FALSE
940,1990,Solomon Islands,0,FALSE,0,FALSE
940,1991,Solomon Islands,0,FALSE,0,FALSE
940,1992,Solomon Islands,0,FALSE,0,FALSE
940,1993,Solomon Islands,0,FALSE,0,FALSE
940,1994,Solomon Islands,0,FALSE,0.039505739,FALSE
940,1995,Solomon Islands,0.02487191,FALSE,0.061302437,FALSE
940,1996,Solomon Islands,0.268683585,FALSE,0.087290096,FALSE
940,1997,Solomon Islands,0.391923246,FALSE,0.165722201,FALSE
940,1998,Solomon Islands,0.508292797,FALSE,0.171997697,FALSE
940,1999,Solomon Islands,0.494541498,FALSE,0.260716697,FALSE
940,2000,Solomon Islands,0.481296806,FALSE,0.267688114,FALSE
940,2001,Solomon Islands,0.468551964,FALSE,0.219575608,FALSE
940,2002,Solomon Islands,0.501919843,FALSE,0.221625699,FALSE
940,2003,Solomon Islands,0.555609882,FALSE,0.229827239,FALSE
940,2004,Solomon Islands,0.649672673,FALSE,0.63588287,FALSE
940,2005,Solomon Islands,0.844307573,FALSE,1.243559399,FALSE
940,2006,Solomon Islands,1.646347989,FALSE,1.418640942,FALSE
940,2007,Solomon Islands,2,FALSE,2.1600455,FALSE
940,2008,Solomon Islands,3,FALSE,5.813942221,FALSE
940,2009,Solomon Islands,4,FALSE,9.472675121,FALSE
940,2010,Solomon Islands,5,FALSE,21.3732943,FALSE
940,2011,Solomon Islands,6,FALSE,49.64088413,FALSE
940,2012,Solomon Islands,6.9974,FALSE,53.21709939,FALSE
940,2013,Solomon Islands,8,FALSE,55.48152791,FALSE
940,2014,Solomon Islands,9,FALSE,63.05844225,FALSE
940,2015,Solomon Islands,10.00046498,FALSE,69.32262593,FALSE
940,2016,Solomon Islands,11.00090227,FALSE,66.32234892,FALSE
940,2017,Solomon Islands,11.92422906,FALSE,72.29745476,FALSE
940,2018,Solomon Islands,15.316061545673247,TRUE,73.11789627,FALSE
940,2019,Solomon Islands,17.697035616218184,TRUE,70.83273456,FALSE
940,2020,Solomon Islands,20.35916058551416,TRUE,68.57738104,FALSE
940,2021,Solomon Islands,23.308332790158016,TRUE,69.29656116433759,TRUE
950,1960,Fiji,0,TRUE,0,FALSE
950,1961,Fiji,0,TRUE,0,TRUE
950,1962,Fiji,0,TRUE,0,TRUE
950,1963,Fiji,0,TRUE,0,TRUE
950,1964,Fiji,0,TRUE,0,TRUE
950,1965,Fiji,0,TRUE,0,FALSE
950,1966,Fiji,0,TRUE,0,TRUE
950,1967,Fiji,0,TRUE,0,TRUE
950,1968,Fiji,0,TRUE,0,TRUE
950,1969,Fiji,0,TRUE,0,TRUE
950,1970,Fiji,0,TRUE,0,FALSE
950,1971,Fiji,0,TRUE,0,TRUE
950,1972,Fiji,0,TRUE,0,TRUE
950,1973,Fiji,0,TRUE,0,TRUE
950,1974,Fiji,0,TRUE,0,TRUE
950,1975,Fiji,0,TRUE,0,FALSE
950,1976,Fiji,0,TRUE,0,FALSE
950,1977,Fiji,0,TRUE,0,FALSE
950,1978,Fiji,0,TRUE,0,FALSE
950,1979,Fiji,0,TRUE,0,FALSE
950,1980,Fiji,0,TRUE,0,FALSE
950,1981,Fiji,0,TRUE,0,FALSE
950,1982,Fiji,0,TRUE,0,FALSE
950,1983,Fiji,0,TRUE,0,FALSE
950,1984,Fiji,0,TRUE,0,FALSE
950,1985,Fiji,0,TRUE,0,FALSE
950,1986,Fiji,0,TRUE,0,FALSE
950,1987,Fiji,0,TRUE,0,FALSE
950,1988,Fiji,0,TRUE,0,FALSE
950,1989,Fiji,0,TRUE,0,FALSE
950,1990,Fiji,0,FALSE,0,FALSE
950,1991,Fiji,0,FALSE,0,FALSE
950,1992,Fiji,0,FALSE,0,FALSE
950,1993,Fiji,0.006678447,FALSE,0,FALSE
950,1994,Fiji,0.007907399,FALSE,0.139098942,FALSE
950,1995,Fiji,0.009115343,FALSE,0.277691525,FALSE
950,1996,Fiji,0.064437142,FALSE,0.464510168,FALSE
950,1997,Fiji,0.223454842,FALSE,0.646306359,FALSE
950,1998,Fiji,0.633167865,FALSE,0.98286377,FALSE
950,1999,Fiji,0.942462063,FALSE,2.839370335,FALSE
950,2000,Fiji,1.496854734,FALSE,6.613389901,FALSE
950,2001,Fiji,1.857978594,FALSE,9.61976418,FALSE
950,2002,Fiji,6.1526497000000004,FALSE,10.57782704,FALSE
950,2003,Fiji,6.725434738,FALSE,12.80219409,FALSE
950,2004,Fiji,7.4129434850000004,FALSE,16.40602104,FALSE
950,2005,Fiji,8.453636634,FALSE,23.43060654,FALSE
950,2006,Fiji,9.6000384,FALSE,32.23490884,FALSE
950,2007,Fiji,10.89783105,FALSE,59.51262452,FALSE
950,2008,Fiji,13,FALSE,66.90977217,FALSE
950,2009,Fiji,17,FALSE,71.0020047,FALSE
950,2010,Fiji,20,FALSE,77.10374847,FALSE
950,2011,Fiji,28,FALSE,80.03487627,FALSE
950,2012,Fiji,33.74235675,FALSE,94.26491588,FALSE
950,2013,Fiji,35.2,FALSE,101.8559247,FALSE
950,2014,Fiji,37.4,FALSE,95.6983704,FALSE
950,2015,Fiji,42.5,FALSE,105.3150894,FALSE
950,2016,Fiji,49.42,FALSE,113.7541364,FALSE
950,2017,Fiji,65.78,FALSE,112.502149,FALSE
950,2018,Fiji,68.9,FALSE,110.4466178,FALSE
950,2019,Fiji,70.84555311537525,TRUE,112.143753,FALSE
950,2020,Fiji,75.65912405463645,TRUE,107.7223274,FALSE
950,2021,Fiji,79.90339082956234,TRUE,110.94829174936996,TRUE
