country,iso2c,iso3c,year,SP.DYN.IMRT.IN
Africa Eastern and Southern,ZH,AFE,2024,NA
Africa Eastern and Southern,ZH,AFE,2023,37.919755006862
Africa Eastern and Southern,ZH,AFE,2022,39.6730585330406
Africa Eastern and Southern,ZH,AFE,2021,40.0875597895277
Africa Eastern and Southern,ZH,AFE,2020,41.1258527019551
Africa Eastern and Southern,ZH,AFE,2019,42.1900739123661
Africa Eastern and Southern,ZH,AFE,2018,43.8518142030077
Africa Eastern and Southern,ZH,AFE,2017,46.7832639603647
Africa Eastern and Southern,ZH,AFE,2016,47.7739196418728
Africa Eastern and Southern,ZH,AFE,2015,49.010304526817
Africa Eastern and Southern,ZH,AFE,2014,50.0271083910676
Africa Eastern and Southern,ZH,AFE,2013,50.7336578699843
Africa Eastern and Southern,ZH,AFE,2012,53.0417763570726
Africa Eastern and Southern,ZH,AFE,2011,57.8926194287132
Africa Eastern and Southern,ZH,AFE,2010,56.9034241703036
Africa Eastern and Southern,ZH,AFE,2009,58.5097391916938
Africa Eastern and Southern,ZH,AFE,2008,60.8028072164861
Africa Eastern and Southern,ZH,AFE,2007,63.474495764419
Africa Eastern and Southern,ZH,AFE,2006,66.2640252936723
Africa Eastern and Southern,ZH,AFE,2005,69.5713791768326
Africa Eastern and Southern,ZH,AFE,2004,72.7254355200617
Africa Eastern and Southern,ZH,AFE,2003,75.6413221963481
Africa Eastern and Southern,ZH,AFE,2002,78.8378528827153
Africa Eastern and Southern,ZH,AFE,2001,82.1943407373521
Africa Eastern and Southern,ZH,AFE,2000,85.2027391597479
Africa Eastern and Southern,ZH,AFE,1999,87.9441531905424
Africa Eastern and Southern,ZH,AFE,1998,92.2812231146882
Africa Eastern and Southern,ZH,AFE,1997,92.606935368313
Africa Eastern and Southern,ZH,AFE,1996,94.2505826472937
Africa Eastern and Southern,ZH,AFE,1995,95.7524125736609
Africa Eastern and Southern,ZH,AFE,1994,99.2462403902775
Africa Eastern and Southern,ZH,AFE,1993,98.5024946856404
Africa Eastern and Southern,ZH,AFE,1992,103.359095079909
Africa Eastern and Southern,ZH,AFE,1991,103.979742123847
Africa Eastern and Southern,ZH,AFE,1990,100.891848443124
Africa Eastern and Southern,ZH,AFE,1989,NA
Africa Eastern and Southern,ZH,AFE,1988,NA
Africa Eastern and Southern,ZH,AFE,1987,NA
Africa Eastern and Southern,ZH,AFE,1986,NA
Africa Eastern and Southern,ZH,AFE,1985,NA
Africa Eastern and Southern,ZH,AFE,1984,NA
Africa Eastern and Southern,ZH,AFE,1983,NA
Africa Eastern and Southern,ZH,AFE,1982,NA
Africa Eastern and Southern,ZH,AFE,1981,NA
Africa Eastern and Southern,ZH,AFE,1980,NA
Africa Eastern and Southern,ZH,AFE,1979,NA
Africa Eastern and Southern,ZH,AFE,1978,NA
Africa Eastern and Southern,ZH,AFE,1977,NA
Africa Eastern and Southern,ZH,AFE,1976,NA
Africa Eastern and Southern,ZH,AFE,1975,NA
Africa Eastern and Southern,ZH,AFE,1974,NA
Africa Eastern and Southern,ZH,AFE,1973,NA
Africa Eastern and Southern,ZH,AFE,1972,NA
Africa Eastern and Southern,ZH,AFE,1971,NA
Africa Eastern and Southern,ZH,AFE,1970,NA
Africa Eastern and Southern,ZH,AFE,1969,NA
Africa Eastern and Southern,ZH,AFE,1968,NA
Africa Eastern and Southern,ZH,AFE,1967,NA
Africa Eastern and Southern,ZH,AFE,1966,NA
Africa Eastern and Southern,ZH,AFE,1965,NA
Africa Eastern and Southern,ZH,AFE,1964,NA
Africa Eastern and Southern,ZH,AFE,1963,NA
Africa Eastern and Southern,ZH,AFE,1962,NA
Africa Eastern and Southern,ZH,AFE,1961,NA
Africa Eastern and Southern,ZH,AFE,1960,NA
Africa Western and Central,ZI,AFW,2024,NA
Africa Western and Central,ZI,AFW,2023,53.3372158285586
Africa Western and Central,ZI,AFW,2022,56.4303202171376
Africa Western and Central,ZI,AFW,2021,56.4740436067272
Africa Western and Central,ZI,AFW,2020,57.5502079306733
Africa Western and Central,ZI,AFW,2019,59.5677025529984
Africa Western and Central,ZI,AFW,2018,60.1219482365333
Africa Western and Central,ZI,AFW,2017,61.5022772493851
Africa Western and Central,ZI,AFW,2016,62.4306493269898
Africa Western and Central,ZI,AFW,2015,63.4495047767985
Africa Western and Central,ZI,AFW,2014,64.8130500760047
Africa Western and Central,ZI,AFW,2013,65.5037013748662
Africa Western and Central,ZI,AFW,2012,66.5413120103006
Africa Western and Central,ZI,AFW,2011,67.9062516089134
Africa Western and Central,ZI,AFW,2010,69.4122365852538
Africa Western and Central,ZI,AFW,2009,73.0575918951436
Africa Western and Central,ZI,AFW,2008,72.8760386283093
Africa Western and Central,ZI,AFW,2007,74.9347097907418
Africa Western and Central,ZI,AFW,2006,77.2061722191711
Africa Western and Central,ZI,AFW,2005,79.6981632968119
Africa Western and Central,ZI,AFW,2004,82.3543695553498
Africa Western and Central,ZI,AFW,2003,85.0548960442655
Africa Western and Central,ZI,AFW,2002,87.8161044886942
Africa Western and Central,ZI,AFW,2001,90.4939256218665
Africa Western and Central,ZI,AFW,2000,93.006571317231
Africa Western and Central,ZI,AFW,1999,95.3519261255103
Africa Western and Central,ZI,AFW,1998,97.432071875022
Africa Western and Central,ZI,AFW,1997,99.1955256961176
Africa Western and Central,ZI,AFW,1996,100.671326022687
Africa Western and Central,ZI,AFW,1995,101.657023682294
Africa Western and Central,ZI,AFW,1994,102.484203057084
Africa Western and Central,ZI,AFW,1993,103.064380351601
Africa Western and Central,ZI,AFW,1992,103.514592736963
Africa Western and Central,ZI,AFW,1991,103.928301784033
Africa Western and Central,ZI,AFW,1990,104.524494940384
Africa Western and Central,ZI,AFW,1989,NA
Africa Western and Central,ZI,AFW,1988,NA
Africa Western and Central,ZI,AFW,1987,NA
Africa Western and Central,ZI,AFW,1986,NA
Africa Western and Central,ZI,AFW,1985,NA
Africa Western and Central,ZI,AFW,1984,NA
Africa Western and Central,ZI,AFW,1983,NA
Africa Western and Central,ZI,AFW,1982,NA
Africa Western and Central,ZI,AFW,1981,NA
Africa Western and Central,ZI,AFW,1980,NA
Africa Western and Central,ZI,AFW,1979,NA
Africa Western and Central,ZI,AFW,1978,NA
Africa Western and Central,ZI,AFW,1977,NA
Africa Western and Central,ZI,AFW,1976,NA
Africa Western and Central,ZI,AFW,1975,NA
Africa Western and Central,ZI,AFW,1974,NA
Africa Western and Central,ZI,AFW,1973,NA
Africa Western and Central,ZI,AFW,1972,NA
Africa Western and Central,ZI,AFW,1971,NA
Africa Western and Central,ZI,AFW,1970,NA
Africa Western and Central,ZI,AFW,1969,NA
Africa Western and Central,ZI,AFW,1968,NA
Africa Western and Central,ZI,AFW,1967,NA
Africa Western and Central,ZI,AFW,1966,NA
Africa Western and Central,ZI,AFW,1965,NA
Africa Western and Central,ZI,AFW,1964,NA
Africa Western and Central,ZI,AFW,1963,NA
Africa Western and Central,ZI,AFW,1962,NA
Africa Western and Central,ZI,AFW,1961,NA
Africa Western and Central,ZI,AFW,1960,NA
Arab World,1A,ARB,2024,NA
Arab World,1A,ARB,2023,25.6477784978592
Arab World,1A,ARB,2022,27.7678438480466
Arab World,1A,ARB,2021,26.9837450907913
Arab World,1A,ARB,2020,27.4244280775006
Arab World,1A,ARB,2019,28.0382567044511
Arab World,1A,ARB,2018,29.0584370535539
Arab World,1A,ARB,2017,29.8010256555211
Arab World,1A,ARB,2016,29.3311611016505
Arab World,1A,ARB,2015,29.9407485446151
Arab World,1A,ARB,2014,30.4846042211855
Arab World,1A,ARB,2013,31.3226815316012
Arab World,1A,ARB,2012,33.2669346601255
Arab World,1A,ARB,2011,39.8109007711286
Arab World,1A,ARB,2010,34.8483927109866
Arab World,1A,ARB,2009,35.0647908588239
Arab World,1A,ARB,2008,36.1970148553493
Arab World,1A,ARB,2007,37.5086011545305
Arab World,1A,ARB,2006,38.9522787924252
Arab World,1A,ARB,2005,40.9558345625738
Arab World,1A,ARB,2004,42.2633739266612
Arab World,1A,ARB,2003,42.8635458952291
Arab World,1A,ARB,2002,44.223834763239
Arab World,1A,ARB,2001,45.587116454069
Arab World,1A,ARB,2000,47.0173312638246
Arab World,1A,ARB,1999,48.4631797655049
Arab World,1A,ARB,1998,49.9104391333288
Arab World,1A,ARB,1997,51.3837400713274
Arab World,1A,ARB,1996,52.7934865063999
Arab World,1A,ARB,1995,54.227208607329
Arab World,1A,ARB,1994,55.5572999278401
Arab World,1A,ARB,1993,56.9864412496962
Arab World,1A,ARB,1992,65.5034524139707
Arab World,1A,ARB,1991,67.6374905671856
Arab World,1A,ARB,1990,62.6370759311399
Arab World,1A,ARB,1989,NA
Arab World,1A,ARB,1988,NA
Arab World,1A,ARB,1987,NA
Arab World,1A,ARB,1986,NA
Arab World,1A,ARB,1985,NA
Arab World,1A,ARB,1984,NA
Arab World,1A,ARB,1983,NA
Arab World,1A,ARB,1982,NA
Arab World,1A,ARB,1981,NA
Arab World,1A,ARB,1980,NA
Arab World,1A,ARB,1979,NA
Arab World,1A,ARB,1978,NA
Arab World,1A,ARB,1977,NA
Arab World,1A,ARB,1976,NA
Arab World,1A,ARB,1975,NA
Arab World,1A,ARB,1974,NA
Arab World,1A,ARB,1973,NA
Arab World,1A,ARB,1972,NA
Arab World,1A,ARB,1971,NA
Arab World,1A,ARB,1970,NA
Arab World,1A,ARB,1969,NA
Arab World,1A,ARB,1968,NA
Arab World,1A,ARB,1967,NA
Arab World,1A,ARB,1966,NA
Arab World,1A,ARB,1965,NA
Arab World,1A,ARB,1964,NA
Arab World,1A,ARB,1963,NA
Arab World,1A,ARB,1962,NA
Arab World,1A,ARB,1961,NA
Arab World,1A,ARB,1960,NA
Caribbean small states,S3,CSS,2024,NA
Caribbean small states,S3,CSS,2023,16.8199872052641
Caribbean small states,S3,CSS,2022,17.3249795510315
Caribbean small states,S3,CSS,2021,17.8103424792288
Caribbean small states,S3,CSS,2020,18.219759136336
Caribbean small states,S3,CSS,2019,18.9557957775071
Caribbean small states,S3,CSS,2018,18.9694540993662
Caribbean small states,S3,CSS,2017,19.4357477853048
Caribbean small states,S3,CSS,2016,19.9264127273764
Caribbean small states,S3,CSS,2015,20.3070480613609
Caribbean small states,S3,CSS,2014,20.7343500494656
Caribbean small states,S3,CSS,2013,21.1479571835685
Caribbean small states,S3,CSS,2012,21.5008719596145
Caribbean small states,S3,CSS,2011,21.8637582585715
Caribbean small states,S3,CSS,2010,22.2036147078353
Caribbean small states,S3,CSS,2009,22.5039107668812
Caribbean small states,S3,CSS,2008,22.8914867239759
Caribbean small states,S3,CSS,2007,23.3101355959949
Caribbean small states,S3,CSS,2006,23.6731576786203
Caribbean small states,S3,CSS,2005,24.0494588448049
Caribbean small states,S3,CSS,2004,24.4815705434397
Caribbean small states,S3,CSS,2003,24.9472608812466
Caribbean small states,S3,CSS,2002,25.5025399081422
Caribbean small states,S3,CSS,2001,26.0854781884569
Caribbean small states,S3,CSS,2000,26.6695947395656
Caribbean small states,S3,CSS,1999,27.3585331417505
Caribbean small states,S3,CSS,1998,28.0816645705961
Caribbean small states,S3,CSS,1997,28.5804214255176
Caribbean small states,S3,CSS,1996,29.1914616025804
Caribbean small states,S3,CSS,1995,29.7886604420506
Caribbean small states,S3,CSS,1994,30.4299015711213
Caribbean small states,S3,CSS,1993,31.0272469230858
Caribbean small states,S3,CSS,1992,31.707997342851
Caribbean small states,S3,CSS,1991,32.527929323895
Caribbean small states,S3,CSS,1990,33.3489060727685
Caribbean small states,S3,CSS,1989,NA
Caribbean small states,S3,CSS,1988,NA
Caribbean small states,S3,CSS,1987,NA
Caribbean small states,S3,CSS,1986,NA
Caribbean small states,S3,CSS,1985,NA
Caribbean small states,S3,CSS,1984,NA
Caribbean small states,S3,CSS,1983,NA
Caribbean small states,S3,CSS,1982,NA
Caribbean small states,S3,CSS,1981,NA
Caribbean small states,S3,CSS,1980,NA
Caribbean small states,S3,CSS,1979,NA
Caribbean small states,S3,CSS,1978,NA
Caribbean small states,S3,CSS,1977,NA
Caribbean small states,S3,CSS,1976,NA
Caribbean small states,S3,CSS,1975,NA
Caribbean small states,S3,CSS,1974,NA
Caribbean small states,S3,CSS,1973,NA
Caribbean small states,S3,CSS,1972,NA
Caribbean small states,S3,CSS,1971,NA
Caribbean small states,S3,CSS,1970,NA
Caribbean small states,S3,CSS,1969,NA
Caribbean small states,S3,CSS,1968,NA
Caribbean small states,S3,CSS,1967,NA
Caribbean small states,S3,CSS,1966,NA
Caribbean small states,S3,CSS,1965,NA
Caribbean small states,S3,CSS,1964,NA
Caribbean small states,S3,CSS,1963,NA
Caribbean small states,S3,CSS,1962,NA
Caribbean small states,S3,CSS,1961,NA
Caribbean small states,S3,CSS,1960,NA
Central Europe and the Baltics,B8,CEB,2024,NA
Central Europe and the Baltics,B8,CEB,2023,3.91337411673734
Central Europe and the Baltics,B8,CEB,2022,3.92088972010921
Central Europe and the Baltics,B8,CEB,2021,3.92952886675911
Central Europe and the Baltics,B8,CEB,2020,3.9944836328859
Central Europe and the Baltics,B8,CEB,2019,4.05746028397598
Central Europe and the Baltics,B8,CEB,2018,4.2370588675825
Central Europe and the Baltics,B8,CEB,2017,4.43311578591841
Central Europe and the Baltics,B8,CEB,2016,4.65300774010683
Central Europe and the Baltics,B8,CEB,2015,4.8691632333314
Central Europe and the Baltics,B8,CEB,2014,5.08377115646495
Central Europe and the Baltics,B8,CEB,2013,5.33024701256361
Central Europe and the Baltics,B8,CEB,2012,5.61777538519931
Central Europe and the Baltics,B8,CEB,2011,5.86633121200653
Central Europe and the Baltics,B8,CEB,2010,6.17030539617401
Central Europe and the Baltics,B8,CEB,2009,6.56295924485279
Central Europe and the Baltics,B8,CEB,2008,6.9443614483283
Central Europe and the Baltics,B8,CEB,2007,7.37750084724805
Central Europe and the Baltics,B8,CEB,2006,7.94058665521986
Central Europe and the Baltics,B8,CEB,2005,8.47291667661146
Central Europe and the Baltics,B8,CEB,2004,8.93260308975103
Central Europe and the Baltics,B8,CEB,2003,9.29943226911662
Central Europe and the Baltics,B8,CEB,2002,9.54450466191146
Central Europe and the Baltics,B8,CEB,2001,9.89092842387876
Central Europe and the Baltics,B8,CEB,2000,10.4450429723932
Central Europe and the Baltics,B8,CEB,1999,11.0732843244853
Central Europe and the Baltics,B8,CEB,1998,11.736230797454
Central Europe and the Baltics,B8,CEB,1997,12.420055353026
Central Europe and the Baltics,B8,CEB,1996,13.1100489114543
Central Europe and the Baltics,B8,CEB,1995,13.7465931408408
Central Europe and the Baltics,B8,CEB,1994,14.2717622423068
Central Europe and the Baltics,B8,CEB,1993,14.6859776740851
Central Europe and the Baltics,B8,CEB,1992,15.1562288592439
Central Europe and the Baltics,B8,CEB,1991,15.5811369928712
Central Europe and the Baltics,B8,CEB,1990,16.1387522576349
Central Europe and the Baltics,B8,CEB,1989,NA
Central Europe and the Baltics,B8,CEB,1988,NA
Central Europe and the Baltics,B8,CEB,1987,NA
Central Europe and the Baltics,B8,CEB,1986,NA
Central Europe and the Baltics,B8,CEB,1985,NA
Central Europe and the Baltics,B8,CEB,1984,NA
Central Europe and the Baltics,B8,CEB,1983,NA
Central Europe and the Baltics,B8,CEB,1982,NA
Central Europe and the Baltics,B8,CEB,1981,NA
Central Europe and the Baltics,B8,CEB,1980,NA
Central Europe and the Baltics,B8,CEB,1979,NA
Central Europe and the Baltics,B8,CEB,1978,NA
Central Europe and the Baltics,B8,CEB,1977,NA
Central Europe and the Baltics,B8,CEB,1976,NA
Central Europe and the Baltics,B8,CEB,1975,NA
Central Europe and the Baltics,B8,CEB,1974,NA
Central Europe and the Baltics,B8,CEB,1973,NA
Central Europe and the Baltics,B8,CEB,1972,NA
Central Europe and the Baltics,B8,CEB,1971,NA
Central Europe and the Baltics,B8,CEB,1970,NA
Central Europe and the Baltics,B8,CEB,1969,NA
Central Europe and the Baltics,B8,CEB,1968,NA
Central Europe and the Baltics,B8,CEB,1967,NA
Central Europe and the Baltics,B8,CEB,1966,NA
Central Europe and the Baltics,B8,CEB,1965,NA
Central Europe and the Baltics,B8,CEB,1964,NA
Central Europe and the Baltics,B8,CEB,1963,NA
Central Europe and the Baltics,B8,CEB,1962,NA
Central Europe and the Baltics,B8,CEB,1961,NA
Central Europe and the Baltics,B8,CEB,1960,NA
Early-demographic dividend,V2,EAR,2024,NA
Early-demographic dividend,V2,EAR,2023,25.7356924158151
Early-demographic dividend,V2,EAR,2022,26.5516744711551
Early-demographic dividend,V2,EAR,2021,27.3828551047971
Early-demographic dividend,V2,EAR,2020,28.2962304261502
Early-demographic dividend,V2,EAR,2019,29.2451526731132
Early-demographic dividend,V2,EAR,2018,30.2298481709763
Early-demographic dividend,V2,EAR,2017,31.2890875640493
Early-demographic dividend,V2,EAR,2016,32.4493821182906
Early-demographic dividend,V2,EAR,2015,33.7182292440767
Early-demographic dividend,V2,EAR,2014,35.0465686256677
Early-demographic dividend,V2,EAR,2013,36.5527178519051
Early-demographic dividend,V2,EAR,2012,38.0697147541718
Early-demographic dividend,V2,EAR,2011,39.6430277367422
Early-demographic dividend,V2,EAR,2010,41.3474163246064
Early-demographic dividend,V2,EAR,2009,42.8473093079982
Early-demographic dividend,V2,EAR,2008,44.6343544178267
Early-demographic dividend,V2,EAR,2007,46.1055882798905
Early-demographic dividend,V2,EAR,2006,47.8271602366552
Early-demographic dividend,V2,EAR,2005,49.5802939661502
Early-demographic dividend,V2,EAR,2004,51.5481956061435
Early-demographic dividend,V2,EAR,2003,53.2583037016422
Early-demographic dividend,V2,EAR,2002,55.0873127357149
Early-demographic dividend,V2,EAR,2001,57.021596840067
Early-demographic dividend,V2,EAR,2000,58.9645915911723
Early-demographic dividend,V2,EAR,1999,60.8581109849844
Early-demographic dividend,V2,EAR,1998,62.8712403762589
Early-demographic dividend,V2,EAR,1997,64.7259005121219
Early-demographic dividend,V2,EAR,1996,66.5883727915182
Early-demographic dividend,V2,EAR,1995,68.4425989662784
Early-demographic dividend,V2,EAR,1994,70.8048069936864
Early-demographic dividend,V2,EAR,1993,72.0279106003518
Early-demographic dividend,V2,EAR,1992,73.8106867455257
Early-demographic dividend,V2,EAR,1991,75.5725295006583
Early-demographic dividend,V2,EAR,1990,77.5437446870962
Early-demographic dividend,V2,EAR,1989,NA
Early-demographic dividend,V2,EAR,1988,NA
Early-demographic dividend,V2,EAR,1987,NA
Early-demographic dividend,V2,EAR,1986,NA
Early-demographic dividend,V2,EAR,1985,NA
Early-demographic dividend,V2,EAR,1984,NA
Early-demographic dividend,V2,EAR,1983,NA
Early-demographic dividend,V2,EAR,1982,NA
Early-demographic dividend,V2,EAR,1981,NA
Early-demographic dividend,V2,EAR,1980,NA
Early-demographic dividend,V2,EAR,1979,NA
Early-demographic dividend,V2,EAR,1978,NA
Early-demographic dividend,V2,EAR,1977,NA
Early-demographic dividend,V2,EAR,1976,NA
Early-demographic dividend,V2,EAR,1975,NA
Early-demographic dividend,V2,EAR,1974,NA
Early-demographic dividend,V2,EAR,1973,NA
Early-demographic dividend,V2,EAR,1972,NA
Early-demographic dividend,V2,EAR,1971,NA
Early-demographic dividend,V2,EAR,1970,NA
Early-demographic dividend,V2,EAR,1969,NA
Early-demographic dividend,V2,EAR,1968,NA
Early-demographic dividend,V2,EAR,1967,NA
Early-demographic dividend,V2,EAR,1966,NA
Early-demographic dividend,V2,EAR,1965,NA
Early-demographic dividend,V2,EAR,1964,NA
Early-demographic dividend,V2,EAR,1963,NA
Early-demographic dividend,V2,EAR,1962,NA
Early-demographic dividend,V2,EAR,1961,NA
Early-demographic dividend,V2,EAR,1960,NA
East Asia & Pacific,Z4,EAS,2024,NA
East Asia & Pacific,Z4,EAS,2023,11.6
East Asia & Pacific,Z4,EAS,2022,11.8
East Asia & Pacific,Z4,EAS,2021,11.9
East Asia & Pacific,Z4,EAS,2020,12
East Asia & Pacific,Z4,EAS,2019,11.8
East Asia & Pacific,Z4,EAS,2018,12.1
East Asia & Pacific,Z4,EAS,2017,12.1
East Asia & Pacific,Z4,EAS,2016,12.7
East Asia & Pacific,Z4,EAS,2015,13.5
East Asia & Pacific,Z4,EAS,2014,13.9
East Asia & Pacific,Z4,EAS,2013,14.7
East Asia & Pacific,Z4,EAS,2012,15.4
East Asia & Pacific,Z4,EAS,2011,16.4
East Asia & Pacific,Z4,EAS,2010,17.3
East Asia & Pacific,Z4,EAS,2009,18.2
East Asia & Pacific,Z4,EAS,2008,19.6
East Asia & Pacific,Z4,EAS,2007,20.5
East Asia & Pacific,Z4,EAS,2006,21.8
East Asia & Pacific,Z4,EAS,2005,23.2
East Asia & Pacific,Z4,EAS,2004,25
East Asia & Pacific,Z4,EAS,2003,26.3
East Asia & Pacific,Z4,EAS,2002,28.4
East Asia & Pacific,Z4,EAS,2001,30
East Asia & Pacific,Z4,EAS,2000,31.6
East Asia & Pacific,Z4,EAS,1999,33.4
East Asia & Pacific,Z4,EAS,1998,35
East Asia & Pacific,Z4,EAS,1997,36.5
East Asia & Pacific,Z4,EAS,1996,38
East Asia & Pacific,Z4,EAS,1995,39.4
East Asia & Pacific,Z4,EAS,1994,40.3
East Asia & Pacific,Z4,EAS,1993,41.6
East Asia & Pacific,Z4,EAS,1992,42.7
East Asia & Pacific,Z4,EAS,1991,43.8
East Asia & Pacific,Z4,EAS,1990,44.5
East Asia & Pacific,Z4,EAS,1989,NA
East Asia & Pacific,Z4,EAS,1988,NA
East Asia & Pacific,Z4,EAS,1987,NA
East Asia & Pacific,Z4,EAS,1986,NA
East Asia & Pacific,Z4,EAS,1985,NA
East Asia & Pacific,Z4,EAS,1984,NA
East Asia & Pacific,Z4,EAS,1983,NA
East Asia & Pacific,Z4,EAS,1982,NA
East Asia & Pacific,Z4,EAS,1981,NA
East Asia & Pacific,Z4,EAS,1980,NA
East Asia & Pacific,Z4,EAS,1979,NA
East Asia & Pacific,Z4,EAS,1978,NA
East Asia & Pacific,Z4,EAS,1977,NA
East Asia & Pacific,Z4,EAS,1976,NA
East Asia & Pacific,Z4,EAS,1975,NA
East Asia & Pacific,Z4,EAS,1974,NA
East Asia & Pacific,Z4,EAS,1973,NA
East Asia & Pacific,Z4,EAS,1972,NA
East Asia & Pacific,Z4,EAS,1971,NA
East Asia & Pacific,Z4,EAS,1970,NA
East Asia & Pacific,Z4,EAS,1969,NA
East Asia & Pacific,Z4,EAS,1968,NA
East Asia & Pacific,Z4,EAS,1967,NA
East Asia & Pacific,Z4,EAS,1966,NA
East Asia & Pacific,Z4,EAS,1965,NA
East Asia & Pacific,Z4,EAS,1964,NA
East Asia & Pacific,Z4,EAS,1963,NA
East Asia & Pacific,Z4,EAS,1962,NA
East Asia & Pacific,Z4,EAS,1961,NA
East Asia & Pacific,Z4,EAS,1960,NA
East Asia & Pacific (excluding high income),4E,EAP,2024,NA
East Asia & Pacific (excluding high income),4E,EAP,2023,12.3149132336445
East Asia & Pacific (excluding high income),4E,EAP,2022,12.506974447304
East Asia & Pacific (excluding high income),4E,EAP,2021,12.547202398466
East Asia & Pacific (excluding high income),4E,EAP,2020,12.5869944722223
East Asia & Pacific (excluding high income),4E,EAP,2019,12.3823972395839
East Asia & Pacific (excluding high income),4E,EAP,2018,12.6803994286295
East Asia & Pacific (excluding high income),4E,EAP,2017,12.7061352288216
East Asia & Pacific (excluding high income),4E,EAP,2016,13.3481054035996
East Asia & Pacific (excluding high income),4E,EAP,2015,14.1236722092716
East Asia & Pacific (excluding high income),4E,EAP,2014,14.5822873658936
East Asia & Pacific (excluding high income),4E,EAP,2013,15.4606373192323
East Asia & Pacific (excluding high income),4E,EAP,2012,16.1126398688735
East Asia & Pacific (excluding high income),4E,EAP,2011,17.2906372040441
East Asia & Pacific (excluding high income),4E,EAP,2010,18.187150584879
East Asia & Pacific (excluding high income),4E,EAP,2009,19.1743883022398
East Asia & Pacific (excluding high income),4E,EAP,2008,20.7077945770889
East Asia & Pacific (excluding high income),4E,EAP,2007,21.6003373631738
East Asia & Pacific (excluding high income),4E,EAP,2006,23.0020127488892
East Asia & Pacific (excluding high income),4E,EAP,2005,24.485908161109
East Asia & Pacific (excluding high income),4E,EAP,2004,26.4112072511615
East Asia & Pacific (excluding high income),4E,EAP,2003,27.8894396822529
East Asia & Pacific (excluding high income),4E,EAP,2002,30.0535761180622
East Asia & Pacific (excluding high income),4E,EAP,2001,31.8849859654618
East Asia & Pacific (excluding high income),4E,EAP,2000,33.6325460006465
East Asia & Pacific (excluding high income),4E,EAP,1999,35.5237876344911
East Asia & Pacific (excluding high income),4E,EAP,1998,37.2211128044709
East Asia & Pacific (excluding high income),4E,EAP,1997,38.808173311137
East Asia & Pacific (excluding high income),4E,EAP,1996,40.3298364053222
East Asia & Pacific (excluding high income),4E,EAP,1995,41.7556054008784
East Asia & Pacific (excluding high income),4E,EAP,1994,42.7183859236047
East Asia & Pacific (excluding high income),4E,EAP,1993,44.0312711248495
East Asia & Pacific (excluding high income),4E,EAP,1992,45.2075331015932
East Asia & Pacific (excluding high income),4E,EAP,1991,46.1277188824303
East Asia & Pacific (excluding high income),4E,EAP,1990,46.5705476008443
East Asia & Pacific (excluding high income),4E,EAP,1989,NA
East Asia & Pacific (excluding high income),4E,EAP,1988,NA
East Asia & Pacific (excluding high income),4E,EAP,1987,NA
East Asia & Pacific (excluding high income),4E,EAP,1986,NA
East Asia & Pacific (excluding high income),4E,EAP,1985,NA
East Asia & Pacific (excluding high income),4E,EAP,1984,NA
East Asia & Pacific (excluding high income),4E,EAP,1983,NA
East Asia & Pacific (excluding high income),4E,EAP,1982,NA
East Asia & Pacific (excluding high income),4E,EAP,1981,NA
East Asia & Pacific (excluding high income),4E,EAP,1980,NA
East Asia & Pacific (excluding high income),4E,EAP,1979,NA
East Asia & Pacific (excluding high income),4E,EAP,1978,NA
East Asia & Pacific (excluding high income),4E,EAP,1977,NA
East Asia & Pacific (excluding high income),4E,EAP,1976,NA
East Asia & Pacific (excluding high income),4E,EAP,1975,NA
East Asia & Pacific (excluding high income),4E,EAP,1974,NA
East Asia & Pacific (excluding high income),4E,EAP,1973,NA
East Asia & Pacific (excluding high income),4E,EAP,1972,NA
East Asia & Pacific (excluding high income),4E,EAP,1971,NA
East Asia & Pacific (excluding high income),4E,EAP,1970,NA
East Asia & Pacific (excluding high income),4E,EAP,1969,NA
East Asia & Pacific (excluding high income),4E,EAP,1968,NA
East Asia & Pacific (excluding high income),4E,EAP,1967,NA
East Asia & Pacific (excluding high income),4E,EAP,1966,NA
East Asia & Pacific (excluding high income),4E,EAP,1965,NA
East Asia & Pacific (excluding high income),4E,EAP,1964,NA
East Asia & Pacific (excluding high income),4E,EAP,1963,NA
East Asia & Pacific (excluding high income),4E,EAP,1962,NA
East Asia & Pacific (excluding high income),4E,EAP,1961,NA
East Asia & Pacific (excluding high income),4E,EAP,1960,NA
East Asia & Pacific (IDA & IBRD countries),T4,TEA,2024,NA
East Asia & Pacific (IDA & IBRD countries),T4,TEA,2023,12.2765509315217
East Asia & Pacific (IDA & IBRD countries),T4,TEA,2022,12.4761247532852
East Asia & Pacific (IDA & IBRD countries),T4,TEA,2021,12.5217289355661
East Asia & Pacific (IDA & IBRD countries),T4,TEA,2020,12.5638036399223
East Asia & Pacific (IDA & IBRD countries),T4,TEA,2019,12.3564694277262
East Asia & Pacific (IDA & IBRD countries),T4,TEA,2018,12.6527818290033
East Asia & Pacific (IDA & IBRD countries),T4,TEA,2017,12.6748371076301
East Asia & Pacific (IDA & IBRD countries),T4,TEA,2016,13.3121020344373
East Asia & Pacific (IDA & IBRD countries),T4,TEA,2015,14.0881626251997
East Asia & Pacific (IDA & IBRD countries),T4,TEA,2014,14.5425671240608
East Asia & Pacific (IDA & IBRD countries),T4,TEA,2013,15.4183170678231
East Asia & Pacific (IDA & IBRD countries),T4,TEA,2012,16.0652371742879
East Asia & Pacific (IDA & IBRD countries),T4,TEA,2011,17.2421948620727
East Asia & Pacific (IDA & IBRD countries),T4,TEA,2010,18.135370230964
East Asia & Pacific (IDA & IBRD countries),T4,TEA,2009,19.1223652467728
East Asia & Pacific (IDA & IBRD countries),T4,TEA,2008,20.66175638619
East Asia & Pacific (IDA & IBRD countries),T4,TEA,2007,21.5537858570999
East Asia & Pacific (IDA & IBRD countries),T4,TEA,2006,22.9675013430371
East Asia & Pacific (IDA & IBRD countries),T4,TEA,2005,24.4643140856754
East Asia & Pacific (IDA & IBRD countries),T4,TEA,2004,26.4063314570602
East Asia & Pacific (IDA & IBRD countries),T4,TEA,2003,27.8971727960818
East Asia & Pacific (IDA & IBRD countries),T4,TEA,2002,29.6768003036925
East Asia & Pacific (IDA & IBRD countries),T4,TEA,2001,31.5067245362629
East Asia & Pacific (IDA & IBRD countries),T4,TEA,2000,33.268292608938
East Asia & Pacific (IDA & IBRD countries),T4,TEA,1999,35.1515571552398
East Asia & Pacific (IDA & IBRD countries),T4,TEA,1998,36.8561572571406
East Asia & Pacific (IDA & IBRD countries),T4,TEA,1997,38.4545552784574
East Asia & Pacific (IDA & IBRD countries),T4,TEA,1996,39.9830376013387
East Asia & Pacific (IDA & IBRD countries),T4,TEA,1995,41.4227825501012
East Asia & Pacific (IDA & IBRD countries),T4,TEA,1994,42.8535506190783
East Asia & Pacific (IDA & IBRD countries),T4,TEA,1993,44.1780629164907
East Asia & Pacific (IDA & IBRD countries),T4,TEA,1992,45.3681344123242
East Asia & Pacific (IDA & IBRD countries),T4,TEA,1991,46.296942641872
East Asia & Pacific (IDA & IBRD countries),T4,TEA,1990,46.7264556787986
East Asia & Pacific (IDA & IBRD countries),T4,TEA,1989,NA
East Asia & Pacific (IDA & IBRD countries),T4,TEA,1988,NA
East Asia & Pacific (IDA & IBRD countries),T4,TEA,1987,NA
East Asia & Pacific (IDA & IBRD countries),T4,TEA,1986,NA
East Asia & Pacific (IDA & IBRD countries),T4,TEA,1985,NA
East Asia & Pacific (IDA & IBRD countries),T4,TEA,1984,NA
East Asia & Pacific (IDA & IBRD countries),T4,TEA,1983,NA
East Asia & Pacific (IDA & IBRD countries),T4,TEA,1982,NA
East Asia & Pacific (IDA & IBRD countries),T4,TEA,1981,NA
East Asia & Pacific (IDA & IBRD countries),T4,TEA,1980,NA
East Asia & Pacific (IDA & IBRD countries),T4,TEA,1979,NA
East Asia & Pacific (IDA & IBRD countries),T4,TEA,1978,NA
East Asia & Pacific (IDA & IBRD countries),T4,TEA,1977,NA
East Asia & Pacific (IDA & IBRD countries),T4,TEA,1976,NA
East Asia & Pacific (IDA & IBRD countries),T4,TEA,1975,NA
East Asia & Pacific (IDA & IBRD countries),T4,TEA,1974,NA
East Asia & Pacific (IDA & IBRD countries),T4,TEA,1973,NA
East Asia & Pacific (IDA & IBRD countries),T4,TEA,1972,NA
East Asia & Pacific (IDA & IBRD countries),T4,TEA,1971,NA
East Asia & Pacific (IDA & IBRD countries),T4,TEA,1970,NA
East Asia & Pacific (IDA & IBRD countries),T4,TEA,1969,NA
East Asia & Pacific (IDA & IBRD countries),T4,TEA,1968,NA
East Asia & Pacific (IDA & IBRD countries),T4,TEA,1967,NA
East Asia & Pacific (IDA & IBRD countries),T4,TEA,1966,NA
East Asia & Pacific (IDA & IBRD countries),T4,TEA,1965,NA
East Asia & Pacific (IDA & IBRD countries),T4,TEA,1964,NA
East Asia & Pacific (IDA & IBRD countries),T4,TEA,1963,NA
East Asia & Pacific (IDA & IBRD countries),T4,TEA,1962,NA
East Asia & Pacific (IDA & IBRD countries),T4,TEA,1961,NA
East Asia & Pacific (IDA & IBRD countries),T4,TEA,1960,NA
Euro area,XC,EMU,2024,NA
Euro area,XC,EMU,2023,3.00512301199409
Euro area,XC,EMU,2022,3.02990230182414
Euro area,XC,EMU,2021,3.05787567846989
Euro area,XC,EMU,2020,3.03698022817174
Euro area,XC,EMU,2019,3.06109921374487
Euro area,XC,EMU,2018,3.12113123920241
Euro area,XC,EMU,2017,3.13924972204618
Euro area,XC,EMU,2016,3.16148384071981
Euro area,XC,EMU,2015,3.18124945321777
Euro area,XC,EMU,2014,3.19458867885643
Euro area,XC,EMU,2013,3.22279263211758
Euro area,XC,EMU,2012,3.27053534836446
Euro area,XC,EMU,2011,3.32407300153235
Euro area,XC,EMU,2010,3.41409120760312
Euro area,XC,EMU,2009,3.46580038157192
Euro area,XC,EMU,2008,3.57095756552572
Euro area,XC,EMU,2007,3.67372142194078
Euro area,XC,EMU,2006,3.79106573643357
Euro area,XC,EMU,2005,3.92058933076222
Euro area,XC,EMU,2004,4.04545063400955
Euro area,XC,EMU,2003,4.22025127392047
Euro area,XC,EMU,2002,4.37764160580312
Euro area,XC,EMU,2001,4.52914850955913
Euro area,XC,EMU,2000,4.72156318908892
Euro area,XC,EMU,1999,4.90003074505618
Euro area,XC,EMU,1998,5.13571880215679
Euro area,XC,EMU,1997,5.35348234697065
Euro area,XC,EMU,1996,5.65643812834415
Euro area,XC,EMU,1995,6.0299355044679
Euro area,XC,EMU,1994,6.399018109139
Euro area,XC,EMU,1993,6.84263055594984
Euro area,XC,EMU,1992,7.27816413631402
Euro area,XC,EMU,1991,7.66946535876303
Euro area,XC,EMU,1990,7.98110715318623
Euro area,XC,EMU,1989,NA
Euro area,XC,EMU,1988,NA
Euro area,XC,EMU,1987,NA
Euro area,XC,EMU,1986,NA
Euro area,XC,EMU,1985,NA
Euro area,XC,EMU,1984,NA
Euro area,XC,EMU,1983,NA
Euro area,XC,EMU,1982,NA
Euro area,XC,EMU,1981,NA
Euro area,XC,EMU,1980,NA
Euro area,XC,EMU,1979,NA
Euro area,XC,EMU,1978,NA
Euro area,XC,EMU,1977,NA
Euro area,XC,EMU,1976,NA
Euro area,XC,EMU,1975,NA
Euro area,XC,EMU,1974,NA
Euro area,XC,EMU,1973,NA
Euro area,XC,EMU,1972,NA
Euro area,XC,EMU,1971,NA
Euro area,XC,EMU,1970,NA
Euro area,XC,EMU,1969,NA
Euro area,XC,EMU,1968,NA
Euro area,XC,EMU,1967,NA
Euro area,XC,EMU,1966,NA
Euro area,XC,EMU,1965,NA
Euro area,XC,EMU,1964,NA
Euro area,XC,EMU,1963,NA
Euro area,XC,EMU,1962,NA
Euro area,XC,EMU,1961,NA
Euro area,XC,EMU,1960,NA
Europe & Central Asia,Z7,ECS,2024,NA
Europe & Central Asia,Z7,ECS,2023,6.6
Europe & Central Asia,Z7,ECS,2022,6.6
Europe & Central Asia,Z7,ECS,2021,6.7
Europe & Central Asia,Z7,ECS,2020,6.9
Europe & Central Asia,Z7,ECS,2019,7
Europe & Central Asia,Z7,ECS,2018,7.2
Europe & Central Asia,Z7,ECS,2017,7.4
Europe & Central Asia,Z7,ECS,2016,7.6
Europe & Central Asia,Z7,ECS,2015,8
Europe & Central Asia,Z7,ECS,2014,8.4
Europe & Central Asia,Z7,ECS,2013,8.7
Europe & Central Asia,Z7,ECS,2012,9
Europe & Central Asia,Z7,ECS,2011,9.4
Europe & Central Asia,Z7,ECS,2010,9.9
Europe & Central Asia,Z7,ECS,2009,10.4
Europe & Central Asia,Z7,ECS,2008,11
Europe & Central Asia,Z7,ECS,2007,11.7
Europe & Central Asia,Z7,ECS,2006,12.3
Europe & Central Asia,Z7,ECS,2005,13.1
Europe & Central Asia,Z7,ECS,2004,13.9
Europe & Central Asia,Z7,ECS,2003,14.7
Europe & Central Asia,Z7,ECS,2002,15.6
Europe & Central Asia,Z7,ECS,2001,16.6
Europe & Central Asia,Z7,ECS,2000,17.6
Europe & Central Asia,Z7,ECS,1999,18.9
Europe & Central Asia,Z7,ECS,1998,20.1
Europe & Central Asia,Z7,ECS,1997,21.1
Europe & Central Asia,Z7,ECS,1996,22.1
Europe & Central Asia,Z7,ECS,1995,23.3
Europe & Central Asia,Z7,ECS,1994,24
Europe & Central Asia,Z7,ECS,1993,24.7
Europe & Central Asia,Z7,ECS,1992,25
Europe & Central Asia,Z7,ECS,1991,25.3
Europe & Central Asia,Z7,ECS,1990,25.7
Europe & Central Asia,Z7,ECS,1989,NA
Europe & Central Asia,Z7,ECS,1988,NA
Europe & Central Asia,Z7,ECS,1987,NA
Europe & Central Asia,Z7,ECS,1986,NA
Europe & Central Asia,Z7,ECS,1985,NA
Europe & Central Asia,Z7,ECS,1984,NA
Europe & Central Asia,Z7,ECS,1983,NA
Europe & Central Asia,Z7,ECS,1982,NA
Europe & Central Asia,Z7,ECS,1981,NA
Europe & Central Asia,Z7,ECS,1980,NA
Europe & Central Asia,Z7,ECS,1979,NA
Europe & Central Asia,Z7,ECS,1978,NA
Europe & Central Asia,Z7,ECS,1977,NA
Europe & Central Asia,Z7,ECS,1976,NA
Europe & Central Asia,Z7,ECS,1975,NA
Europe & Central Asia,Z7,ECS,1974,NA
Europe & Central Asia,Z7,ECS,1973,NA
Europe & Central Asia,Z7,ECS,1972,NA
Europe & Central Asia,Z7,ECS,1971,NA
Europe & Central Asia,Z7,ECS,1970,NA
Europe & Central Asia,Z7,ECS,1969,NA
Europe & Central Asia,Z7,ECS,1968,NA
Europe & Central Asia,Z7,ECS,1967,NA
Europe & Central Asia,Z7,ECS,1966,NA
Europe & Central Asia,Z7,ECS,1965,NA
Europe & Central Asia,Z7,ECS,1964,NA
Europe & Central Asia,Z7,ECS,1963,NA
Europe & Central Asia,Z7,ECS,1962,NA
Europe & Central Asia,Z7,ECS,1961,NA
Europe & Central Asia,Z7,ECS,1960,NA
Europe & Central Asia (excluding high income),7E,ECA,2024,NA
Europe & Central Asia (excluding high income),7E,ECA,2023,11.8860410451798
Europe & Central Asia (excluding high income),7E,ECA,2022,11.7494303786583
Europe & Central Asia (excluding high income),7E,ECA,2021,11.9176977604447
Europe & Central Asia (excluding high income),7E,ECA,2020,12.1551526460306
Europe & Central Asia (excluding high income),7E,ECA,2019,12.463226083948
Europe & Central Asia (excluding high income),7E,ECA,2018,12.73597911055
Europe & Central Asia (excluding high income),7E,ECA,2017,13.0813559660252
Europe & Central Asia (excluding high income),7E,ECA,2016,13.5205168748911
Europe & Central Asia (excluding high income),7E,ECA,2015,14.1877653545582
Europe & Central Asia (excluding high income),7E,ECA,2014,14.8060432921116
Europe & Central Asia (excluding high income),7E,ECA,2013,15.6315313114737
Europe & Central Asia (excluding high income),7E,ECA,2012,16.4554863855131
Europe & Central Asia (excluding high income),7E,ECA,2011,17.554593965491
Europe & Central Asia (excluding high income),7E,ECA,2010,18.7081227304465
Europe & Central Asia (excluding high income),7E,ECA,2009,19.8630353678967
Europe & Central Asia (excluding high income),7E,ECA,2008,21.2628915425095
Europe & Central Asia (excluding high income),7E,ECA,2007,22.7173953757801
Europe & Central Asia (excluding high income),7E,ECA,2006,24.2248285155911
Europe & Central Asia (excluding high income),7E,ECA,2005,25.9231966306966
Europe & Central Asia (excluding high income),7E,ECA,2004,27.7504673927992
Europe & Central Asia (excluding high income),7E,ECA,2003,29.4750493615449
Europe & Central Asia (excluding high income),7E,ECA,2002,31.532274945396
Europe & Central Asia (excluding high income),7E,ECA,2001,33.6029786552825
Europe & Central Asia (excluding high income),7E,ECA,2000,35.7022786683549
Europe & Central Asia (excluding high income),7E,ECA,1999,37.9844664857179
Europe & Central Asia (excluding high income),7E,ECA,1998,40.1247070106364
Europe & Central Asia (excluding high income),7E,ECA,1997,42.1593997109961
Europe & Central Asia (excluding high income),7E,ECA,1996,43.8404114551484
Europe & Central Asia (excluding high income),7E,ECA,1995,45.7746822708041
Europe & Central Asia (excluding high income),7E,ECA,1994,46.8903081111934
Europe & Central Asia (excluding high income),7E,ECA,1993,48.0205868462938
Europe & Central Asia (excluding high income),7E,ECA,1992,48.5950693017473
Europe & Central Asia (excluding high income),7E,ECA,1991,49.0948530128133
Europe & Central Asia (excluding high income),7E,ECA,1990,49.9446401539267
Europe & Central Asia (excluding high income),7E,ECA,1989,NA
Europe & Central Asia (excluding high income),7E,ECA,1988,NA
Europe & Central Asia (excluding high income),7E,ECA,1987,NA
Europe & Central Asia (excluding high income),7E,ECA,1986,NA
Europe & Central Asia (excluding high income),7E,ECA,1985,NA
Europe & Central Asia (excluding high income),7E,ECA,1984,NA
Europe & Central Asia (excluding high income),7E,ECA,1983,NA
Europe & Central Asia (excluding high income),7E,ECA,1982,NA
Europe & Central Asia (excluding high income),7E,ECA,1981,NA
Europe & Central Asia (excluding high income),7E,ECA,1980,NA
Europe & Central Asia (excluding high income),7E,ECA,1979,NA
Europe & Central Asia (excluding high income),7E,ECA,1978,NA
Europe & Central Asia (excluding high income),7E,ECA,1977,NA
Europe & Central Asia (excluding high income),7E,ECA,1976,NA
Europe & Central Asia (excluding high income),7E,ECA,1975,NA
Europe & Central Asia (excluding high income),7E,ECA,1974,NA
Europe & Central Asia (excluding high income),7E,ECA,1973,NA
Europe & Central Asia (excluding high income),7E,ECA,1972,NA
Europe & Central Asia (excluding high income),7E,ECA,1971,NA
Europe & Central Asia (excluding high income),7E,ECA,1970,NA
Europe & Central Asia (excluding high income),7E,ECA,1969,NA
Europe & Central Asia (excluding high income),7E,ECA,1968,NA
Europe & Central Asia (excluding high income),7E,ECA,1967,NA
Europe & Central Asia (excluding high income),7E,ECA,1966,NA
Europe & Central Asia (excluding high income),7E,ECA,1965,NA
Europe & Central Asia (excluding high income),7E,ECA,1964,NA
Europe & Central Asia (excluding high income),7E,ECA,1963,NA
Europe & Central Asia (excluding high income),7E,ECA,1962,NA
Europe & Central Asia (excluding high income),7E,ECA,1961,NA
Europe & Central Asia (excluding high income),7E,ECA,1960,NA
Europe & Central Asia (IDA & IBRD countries),T7,TEC,2024,NA
Europe & Central Asia (IDA & IBRD countries),T7,TEC,2023,9.17673225325607
Europe & Central Asia (IDA & IBRD countries),T7,TEC,2022,9.12374934703656
Europe & Central Asia (IDA & IBRD countries),T7,TEC,2021,9.27095003536383
Europe & Central Asia (IDA & IBRD countries),T7,TEC,2020,9.46628151990603
Europe & Central Asia (IDA & IBRD countries),T7,TEC,2019,9.72256083968197
Europe & Central Asia (IDA & IBRD countries),T7,TEC,2018,9.9385404650361
Europe & Central Asia (IDA & IBRD countries),T7,TEC,2017,10.2361551385643
Europe & Central Asia (IDA & IBRD countries),T7,TEC,2016,10.600246224994
Europe & Central Asia (IDA & IBRD countries),T7,TEC,2015,11.1734339546534
Europe & Central Asia (IDA & IBRD countries),T7,TEC,2014,11.7509439500905
Europe & Central Asia (IDA & IBRD countries),T7,TEC,2013,12.3781247398687
Europe & Central Asia (IDA & IBRD countries),T7,TEC,2012,12.9456179939798
Europe & Central Asia (IDA & IBRD countries),T7,TEC,2011,13.715947119287
Europe & Central Asia (IDA & IBRD countries),T7,TEC,2010,14.4603329417282
Europe & Central Asia (IDA & IBRD countries),T7,TEC,2009,15.316079648109
Europe & Central Asia (IDA & IBRD countries),T7,TEC,2008,16.3674105957231
Europe & Central Asia (IDA & IBRD countries),T7,TEC,2007,17.555939460181
Europe & Central Asia (IDA & IBRD countries),T7,TEC,2006,18.8740316475238
Europe & Central Asia (IDA & IBRD countries),T7,TEC,2005,20.1856659071204
Europe & Central Asia (IDA & IBRD countries),T7,TEC,2004,21.5470771732137
Europe & Central Asia (IDA & IBRD countries),T7,TEC,2003,22.874925723115
Europe & Central Asia (IDA & IBRD countries),T7,TEC,2002,24.5420973947175
Europe & Central Asia (IDA & IBRD countries),T7,TEC,2001,26.3032991949487
Europe & Central Asia (IDA & IBRD countries),T7,TEC,2000,28.031673230283
Europe & Central Asia (IDA & IBRD countries),T7,TEC,1999,29.9294056152136
Europe & Central Asia (IDA & IBRD countries),T7,TEC,1998,31.5709223535872
Europe & Central Asia (IDA & IBRD countries),T7,TEC,1997,33.153524955973
Europe & Central Asia (IDA & IBRD countries),T7,TEC,1996,34.3521242099902
Europe & Central Asia (IDA & IBRD countries),T7,TEC,1995,35.7700531322701
Europe & Central Asia (IDA & IBRD countries),T7,TEC,1994,36.4452301827252
Europe & Central Asia (IDA & IBRD countries),T7,TEC,1993,37.3446501536125
Europe & Central Asia (IDA & IBRD countries),T7,TEC,1992,37.225647234551
Europe & Central Asia (IDA & IBRD countries),T7,TEC,1991,37.0367906739449
Europe & Central Asia (IDA & IBRD countries),T7,TEC,1990,37.1503461364251
Europe & Central Asia (IDA & IBRD countries),T7,TEC,1989,NA
Europe & Central Asia (IDA & IBRD countries),T7,TEC,1988,NA
Europe & Central Asia (IDA & IBRD countries),T7,TEC,1987,NA
Europe & Central Asia (IDA & IBRD countries),T7,TEC,1986,NA
Europe & Central Asia (IDA & IBRD countries),T7,TEC,1985,NA
Europe & Central Asia (IDA & IBRD countries),T7,TEC,1984,NA
Europe & Central Asia (IDA & IBRD countries),T7,TEC,1983,NA
Europe & Central Asia (IDA & IBRD countries),T7,TEC,1982,NA
Europe & Central Asia (IDA & IBRD countries),T7,TEC,1981,NA
Europe & Central Asia (IDA & IBRD countries),T7,TEC,1980,NA
Europe & Central Asia (IDA & IBRD countries),T7,TEC,1979,NA
Europe & Central Asia (IDA & IBRD countries),T7,TEC,1978,NA
Europe & Central Asia (IDA & IBRD countries),T7,TEC,1977,NA
Europe & Central Asia (IDA & IBRD countries),T7,TEC,1976,NA
Europe & Central Asia (IDA & IBRD countries),T7,TEC,1975,NA
Europe & Central Asia (IDA & IBRD countries),T7,TEC,1974,NA
Europe & Central Asia (IDA & IBRD countries),T7,TEC,1973,NA
Europe & Central Asia (IDA & IBRD countries),T7,TEC,1972,NA
Europe & Central Asia (IDA & IBRD countries),T7,TEC,1971,NA
Europe & Central Asia (IDA & IBRD countries),T7,TEC,1970,NA
Europe & Central Asia (IDA & IBRD countries),T7,TEC,1969,NA
Europe & Central Asia (IDA & IBRD countries),T7,TEC,1968,NA
Europe & Central Asia (IDA & IBRD countries),T7,TEC,1967,NA
Europe & Central Asia (IDA & IBRD countries),T7,TEC,1966,NA
Europe & Central Asia (IDA & IBRD countries),T7,TEC,1965,NA
Europe & Central Asia (IDA & IBRD countries),T7,TEC,1964,NA
Europe & Central Asia (IDA & IBRD countries),T7,TEC,1963,NA
Europe & Central Asia (IDA & IBRD countries),T7,TEC,1962,NA
Europe & Central Asia (IDA & IBRD countries),T7,TEC,1961,NA
Europe & Central Asia (IDA & IBRD countries),T7,TEC,1960,NA
European Union,EU,EUU,2024,NA
European Union,EU,EUU,2023,3.17037478192545
European Union,EU,EUU,2022,3.18683214828156
European Union,EU,EUU,2021,3.21384433385185
European Union,EU,EUU,2020,3.21949239060874
European Union,EU,EUU,2019,3.25836400565364
European Union,EU,EUU,2018,3.34760221362294
European Union,EU,EUU,2017,3.41215159530482
European Union,EU,EUU,2016,3.46963134457982
European Union,EU,EUU,2015,3.52981745343064
European Union,EU,EUU,2014,3.5873473098987
European Union,EU,EUU,2013,3.65713209823215
European Union,EU,EUU,2012,3.75974229522096
European Union,EU,EUU,2011,3.85472670960752
European Union,EU,EUU,2010,4.00446358361651
European Union,EU,EUU,2009,4.14754996415979
European Union,EU,EUU,2008,4.30176836944364
European Union,EU,EUU,2007,4.45760190622225
European Union,EU,EUU,2006,4.6579441226426
European Union,EU,EUU,2005,4.87230648501981
European Union,EU,EUU,2004,5.04461386348596
European Union,EU,EUU,2003,5.25027609841993
European Union,EU,EUU,2002,5.42840023672902
European Union,EU,EUU,2001,5.62693545206045
European Union,EU,EUU,2000,5.90483764187873
European Union,EU,EUU,1999,6.19284569442224
European Union,EU,EUU,1998,6.53217565874518
European Union,EU,EUU,1997,6.87367375859867
European Union,EU,EUU,1996,7.29422998396271
European Union,EU,EUU,1995,7.76359459717007
European Union,EU,EUU,1994,8.24965868254747
European Union,EU,EUU,1993,8.70241723112204
European Union,EU,EUU,1992,9.17328509025981
European Union,EU,EUU,1991,9.65079443402744
European Union,EU,EUU,1990,10.0894162841563
European Union,EU,EUU,1989,NA
European Union,EU,EUU,1988,NA
European Union,EU,EUU,1987,NA
European Union,EU,EUU,1986,NA
European Union,EU,EUU,1985,NA
European Union,EU,EUU,1984,NA
European Union,EU,EUU,1983,NA
European Union,EU,EUU,1982,NA
European Union,EU,EUU,1981,NA
European Union,EU,EUU,1980,NA
European Union,EU,EUU,1979,NA
European Union,EU,EUU,1978,NA
European Union,EU,EUU,1977,NA
European Union,EU,EUU,1976,NA
European Union,EU,EUU,1975,NA
European Union,EU,EUU,1974,NA
European Union,EU,EUU,1973,NA
European Union,EU,EUU,1972,NA
European Union,EU,EUU,1971,NA
European Union,EU,EUU,1970,NA
European Union,EU,EUU,1969,NA
European Union,EU,EUU,1968,NA
European Union,EU,EUU,1967,NA
European Union,EU,EUU,1966,NA
European Union,EU,EUU,1965,NA
European Union,EU,EUU,1964,NA
European Union,EU,EUU,1963,NA
European Union,EU,EUU,1962,NA
European Union,EU,EUU,1961,NA
European Union,EU,EUU,1960,NA
Fragile and conflict affected situations,F1,FCS,2024,NA
Fragile and conflict affected situations,F1,FCS,2023,45.9686669748043
Fragile and conflict affected situations,F1,FCS,2022,48.5154059942791
Fragile and conflict affected situations,F1,FCS,2021,48.4897828488366
Fragile and conflict affected situations,F1,FCS,2020,49.4971960235411
Fragile and conflict affected situations,F1,FCS,2019,51.0904174534603
Fragile and conflict affected situations,F1,FCS,2018,52.3495271634906
Fragile and conflict affected situations,F1,FCS,2017,54.7335350981898
Fragile and conflict affected situations,F1,FCS,2016,55.4658366443468
Fragile and conflict affected situations,F1,FCS,2015,56.3293940413087
Fragile and conflict affected situations,F1,FCS,2014,57.1974564829155
Fragile and conflict affected situations,F1,FCS,2013,57.5271972965154
Fragile and conflict affected situations,F1,FCS,2012,59.136271592324
Fragile and conflict affected situations,F1,FCS,2011,62.6323439057374
Fragile and conflict affected situations,F1,FCS,2010,62.3629678098493
Fragile and conflict affected situations,F1,FCS,2009,64.5523111622916
Fragile and conflict affected situations,F1,FCS,2008,65.7981891228558
Fragile and conflict affected situations,F1,FCS,2007,67.4886394870902
Fragile and conflict affected situations,F1,FCS,2006,69.7541880035516
Fragile and conflict affected situations,F1,FCS,2005,72.4166565931262
Fragile and conflict affected situations,F1,FCS,2004,74.780451771508
Fragile and conflict affected situations,F1,FCS,2003,76.9629576603422
Fragile and conflict affected situations,F1,FCS,2002,79.3387060759909
Fragile and conflict affected situations,F1,FCS,2001,81.8621003611946
Fragile and conflict affected situations,F1,FCS,2000,84.1788496109851
Fragile and conflict affected situations,F1,FCS,1999,86.4084145839055
Fragile and conflict affected situations,F1,FCS,1998,89.7027544946524
Fragile and conflict affected situations,F1,FCS,1997,90.3381713512205
Fragile and conflict affected situations,F1,FCS,1996,92.0039116552147
Fragile and conflict affected situations,F1,FCS,1995,93.3487314346685
Fragile and conflict affected situations,F1,FCS,1994,94.1816262923603
Fragile and conflict affected situations,F1,FCS,1993,95.4060169128175
Fragile and conflict affected situations,F1,FCS,1992,98.839766856858
Fragile and conflict affected situations,F1,FCS,1991,99.5856060711734
Fragile and conflict affected situations,F1,FCS,1990,97.6792358083557
Fragile and conflict affected situations,F1,FCS,1989,NA
Fragile and conflict affected situations,F1,FCS,1988,NA
Fragile and conflict affected situations,F1,FCS,1987,NA
Fragile and conflict affected situations,F1,FCS,1986,NA
Fragile and conflict affected situations,F1,FCS,1985,NA
Fragile and conflict affected situations,F1,FCS,1984,NA
Fragile and conflict affected situations,F1,FCS,1983,NA
Fragile and conflict affected situations,F1,FCS,1982,NA
Fragile and conflict affected situations,F1,FCS,1981,NA
Fragile and conflict affected situations,F1,FCS,1980,NA
Fragile and conflict affected situations,F1,FCS,1979,NA
Fragile and conflict affected situations,F1,FCS,1978,NA
Fragile and conflict affected situations,F1,FCS,1977,NA
Fragile and conflict affected situations,F1,FCS,1976,NA
Fragile and conflict affected situations,F1,FCS,1975,NA
Fragile and conflict affected situations,F1,FCS,1974,NA
Fragile and conflict affected situations,F1,FCS,1973,NA
Fragile and conflict affected situations,F1,FCS,1972,NA
Fragile and conflict affected situations,F1,FCS,1971,NA
Fragile and conflict affected situations,F1,FCS,1970,NA
Fragile and conflict affected situations,F1,FCS,1969,NA
Fragile and conflict affected situations,F1,FCS,1968,NA
Fragile and conflict affected situations,F1,FCS,1967,NA
Fragile and conflict affected situations,F1,FCS,1966,NA
Fragile and conflict affected situations,F1,FCS,1965,NA
Fragile and conflict affected situations,F1,FCS,1964,NA
Fragile and conflict affected situations,F1,FCS,1963,NA
Fragile and conflict affected situations,F1,FCS,1962,NA
Fragile and conflict affected situations,F1,FCS,1961,NA
Fragile and conflict affected situations,F1,FCS,1960,NA
Heavily indebted poor countries (HIPC),XE,HPC,2024,NA
Heavily indebted poor countries (HIPC),XE,HPC,2023,41.3600560328369
Heavily indebted poor countries (HIPC),XE,HPC,2022,44.0104847065421
Heavily indebted poor countries (HIPC),XE,HPC,2021,43.9350670309859
Heavily indebted poor countries (HIPC),XE,HPC,2020,44.9638438232595
Heavily indebted poor countries (HIPC),XE,HPC,2019,46.5290188133556
Heavily indebted poor countries (HIPC),XE,HPC,2018,47.6038261321914
Heavily indebted poor countries (HIPC),XE,HPC,2017,49.2879045338745
Heavily indebted poor countries (HIPC),XE,HPC,2016,50.2269860030065
Heavily indebted poor countries (HIPC),XE,HPC,2015,51.6687761264626
Heavily indebted poor countries (HIPC),XE,HPC,2014,53.338418171451
Heavily indebted poor countries (HIPC),XE,HPC,2013,54.7200650583484
Heavily indebted poor countries (HIPC),XE,HPC,2012,56.8488255709245
Heavily indebted poor countries (HIPC),XE,HPC,2011,61.0374988940023
Heavily indebted poor countries (HIPC),XE,HPC,2010,60.9266611246967
Heavily indebted poor countries (HIPC),XE,HPC,2009,63.480811445414
Heavily indebted poor countries (HIPC),XE,HPC,2008,64.5292380232775
Heavily indebted poor countries (HIPC),XE,HPC,2007,66.9921084171848
Heavily indebted poor countries (HIPC),XE,HPC,2006,69.7106432983413
Heavily indebted poor countries (HIPC),XE,HPC,2005,72.8490800312807
Heavily indebted poor countries (HIPC),XE,HPC,2004,75.9331490941173
Heavily indebted poor countries (HIPC),XE,HPC,2003,78.9363447870241
Heavily indebted poor countries (HIPC),XE,HPC,2002,82.1763332771632
Heavily indebted poor countries (HIPC),XE,HPC,2001,85.5033848675168
Heavily indebted poor countries (HIPC),XE,HPC,2000,88.7084353075979
Heavily indebted poor countries (HIPC),XE,HPC,1999,91.6945889853
Heavily indebted poor countries (HIPC),XE,HPC,1998,94.4078574197399
Heavily indebted poor countries (HIPC),XE,HPC,1997,96.5458063178002
Heavily indebted poor countries (HIPC),XE,HPC,1996,98.4940017578966
Heavily indebted poor countries (HIPC),XE,HPC,1995,100.278522804013
Heavily indebted poor countries (HIPC),XE,HPC,1994,103.731683725914
Heavily indebted poor countries (HIPC),XE,HPC,1993,103.56134252621
Heavily indebted poor countries (HIPC),XE,HPC,1992,108.056973990023
Heavily indebted poor countries (HIPC),XE,HPC,1991,109.408398576291
Heavily indebted poor countries (HIPC),XE,HPC,1990,107.642999483698
Heavily indebted poor countries (HIPC),XE,HPC,1989,NA
Heavily indebted poor countries (HIPC),XE,HPC,1988,NA
Heavily indebted poor countries (HIPC),XE,HPC,1987,NA
Heavily indebted poor countries (HIPC),XE,HPC,1986,NA
Heavily indebted poor countries (HIPC),XE,HPC,1985,NA
Heavily indebted poor countries (HIPC),XE,HPC,1984,NA
Heavily indebted poor countries (HIPC),XE,HPC,1983,NA
Heavily indebted poor countries (HIPC),XE,HPC,1982,NA
Heavily indebted poor countries (HIPC),XE,HPC,1981,NA
Heavily indebted poor countries (HIPC),XE,HPC,1980,NA
Heavily indebted poor countries (HIPC),XE,HPC,1979,NA
Heavily indebted poor countries (HIPC),XE,HPC,1978,NA
Heavily indebted poor countries (HIPC),XE,HPC,1977,NA
Heavily indebted poor countries (HIPC),XE,HPC,1976,NA
Heavily indebted poor countries (HIPC),XE,HPC,1975,NA
Heavily indebted poor countries (HIPC),XE,HPC,1974,NA
Heavily indebted poor countries (HIPC),XE,HPC,1973,NA
Heavily indebted poor countries (HIPC),XE,HPC,1972,NA
Heavily indebted poor countries (HIPC),XE,HPC,1971,NA
Heavily indebted poor countries (HIPC),XE,HPC,1970,NA
Heavily indebted poor countries (HIPC),XE,HPC,1969,NA
Heavily indebted poor countries (HIPC),XE,HPC,1968,NA
Heavily indebted poor countries (HIPC),XE,HPC,1967,NA
Heavily indebted poor countries (HIPC),XE,HPC,1966,NA
Heavily indebted poor countries (HIPC),XE,HPC,1965,NA
Heavily indebted poor countries (HIPC),XE,HPC,1964,NA
Heavily indebted poor countries (HIPC),XE,HPC,1963,NA
Heavily indebted poor countries (HIPC),XE,HPC,1962,NA
Heavily indebted poor countries (HIPC),XE,HPC,1961,NA
Heavily indebted poor countries (HIPC),XE,HPC,1960,NA
High income,XD,,2024,NA
High income,XD,,2023,4.1
High income,XD,,2022,4.2
High income,XD,,2021,4.2
High income,XD,,2020,4.3
High income,XD,,2019,4.3
High income,XD,,2018,4.4
High income,XD,,2017,4.6
High income,XD,,2016,4.7
High income,XD,,2015,4.9
High income,XD,,2014,5
High income,XD,,2013,5.1
High income,XD,,2012,5.3
High income,XD,,2011,5.4
High income,XD,,2010,5.5
High income,XD,,2009,5.7
High income,XD,,2008,5.8
High income,XD,,2007,6
High income,XD,,2006,6.2
High income,XD,,2005,6.4
High income,XD,,2004,6.7
High income,XD,,2003,6.9
High income,XD,,2002,7.1
High income,XD,,2001,7.3
High income,XD,,2000,7.6
High income,XD,,1999,7.8
High income,XD,,1998,8.2
High income,XD,,1997,8.5
High income,XD,,1996,8.8
High income,XD,,1995,9.2
High income,XD,,1994,9.6
High income,XD,,1993,10
High income,XD,,1992,10.4
High income,XD,,1991,10.9
High income,XD,,1990,11.4
High income,XD,,1989,NA
High income,XD,,1988,NA
High income,XD,,1987,NA
High income,XD,,1986,NA
High income,XD,,1985,NA
High income,XD,,1984,NA
High income,XD,,1983,NA
High income,XD,,1982,NA
High income,XD,,1981,NA
High income,XD,,1980,NA
High income,XD,,1979,NA
High income,XD,,1978,NA
High income,XD,,1977,NA
High income,XD,,1976,NA
High income,XD,,1975,NA
High income,XD,,1974,NA
High income,XD,,1973,NA
High income,XD,,1972,NA
High income,XD,,1971,NA
High income,XD,,1970,NA
High income,XD,,1969,NA
High income,XD,,1968,NA
High income,XD,,1967,NA
High income,XD,,1966,NA
High income,XD,,1965,NA
High income,XD,,1964,NA
High income,XD,,1963,NA
High income,XD,,1962,NA
High income,XD,,1961,NA
High income,XD,,1960,NA
IBRD only,XF,IBD,2024,NA
IBRD only,XF,IBD,2023,17.3059259032933
IBRD only,XF,IBD,2022,17.7571168549093
IBRD only,XF,IBD,2021,18.1460778280348
IBRD only,XF,IBD,2020,18.5928735549577
IBRD only,XF,IBD,2019,18.9055225641147
IBRD only,XF,IBD,2018,19.5785117970087
IBRD only,XF,IBD,2017,19.8921923488784
IBRD only,XF,IBD,2016,20.891497644478
IBRD only,XF,IBD,2015,21.8814857382177
IBRD only,XF,IBD,2014,22.6466728921061
IBRD only,XF,IBD,2013,24.0389611233001
IBRD only,XF,IBD,2012,25.0773042853732
IBRD only,XF,IBD,2011,26.6482998784131
IBRD only,XF,IBD,2010,27.9420072164342
IBRD only,XF,IBD,2009,29.2859587421215
IBRD only,XF,IBD,2008,30.7504795946127
IBRD only,XF,IBD,2007,32.3489691775783
IBRD only,XF,IBD,2006,34.0593558865511
IBRD only,XF,IBD,2005,35.7591493426634
IBRD only,XF,IBD,2004,37.5849161449109
IBRD only,XF,IBD,2003,39.1979771001336
IBRD only,XF,IBD,2002,40.8841589369302
IBRD only,XF,IBD,2001,42.5676240619616
IBRD only,XF,IBD,2000,44.0503236479478
IBRD only,XF,IBD,1999,45.7101346438822
IBRD only,XF,IBD,1998,47.2840330175586
IBRD only,XF,IBD,1997,48.7681634241749
IBRD only,XF,IBD,1996,50.195129903482
IBRD only,XF,IBD,1995,51.5913105766031
IBRD only,XF,IBD,1994,52.9497293908698
IBRD only,XF,IBD,1993,54.2197612697099
IBRD only,XF,IBD,1992,55.4152694536821
IBRD only,XF,IBD,1991,56.4503459493181
IBRD only,XF,IBD,1990,56.9275080106418
IBRD only,XF,IBD,1989,NA
IBRD only,XF,IBD,1988,NA
IBRD only,XF,IBD,1987,NA
IBRD only,XF,IBD,1986,NA
IBRD only,XF,IBD,1985,NA
IBRD only,XF,IBD,1984,NA
IBRD only,XF,IBD,1983,NA
IBRD only,XF,IBD,1982,NA
IBRD only,XF,IBD,1981,NA
IBRD only,XF,IBD,1980,NA
IBRD only,XF,IBD,1979,NA
IBRD only,XF,IBD,1978,NA
IBRD only,XF,IBD,1977,NA
IBRD only,XF,IBD,1976,NA
IBRD only,XF,IBD,1975,NA
IBRD only,XF,IBD,1974,NA
IBRD only,XF,IBD,1973,NA
IBRD only,XF,IBD,1972,NA
IBRD only,XF,IBD,1971,NA
IBRD only,XF,IBD,1970,NA
IBRD only,XF,IBD,1969,NA
IBRD only,XF,IBD,1968,NA
IBRD only,XF,IBD,1967,NA
IBRD only,XF,IBD,1966,NA
IBRD only,XF,IBD,1965,NA
IBRD only,XF,IBD,1964,NA
IBRD only,XF,IBD,1963,NA
IBRD only,XF,IBD,1962,NA
IBRD only,XF,IBD,1961,NA
IBRD only,XF,IBD,1960,NA
IDA & IBRD total,ZT,IBT,2024,NA
IDA & IBRD total,ZT,IBT,2023,29.1378116819422
IDA & IBRD total,ZT,IBT,2022,30.1389107010954
IDA & IBRD total,ZT,IBT,2021,30.3354112438244
IDA & IBRD total,ZT,IBT,2020,30.768023101735
IDA & IBRD total,ZT,IBT,2019,31.1087124272407
IDA & IBRD total,ZT,IBT,2018,31.7816732523862
IDA & IBRD total,ZT,IBT,2017,32.4046382256703
IDA & IBRD total,ZT,IBT,2016,33.2297504955127
IDA & IBRD total,ZT,IBT,2015,34.3036394858353
IDA & IBRD total,ZT,IBT,2014,35.0671905142375
IDA & IBRD total,ZT,IBT,2013,36.1670259322832
IDA & IBRD total,ZT,IBT,2012,37.2535798685676
IDA & IBRD total,ZT,IBT,2011,39.3377891912301
IDA & IBRD total,ZT,IBT,2010,40.2486651799244
IDA & IBRD total,ZT,IBT,2009,41.6954512317975
IDA & IBRD total,ZT,IBT,2008,43.0736340437462
IDA & IBRD total,ZT,IBT,2007,44.6850556971635
IDA & IBRD total,ZT,IBT,2006,46.4972563212447
IDA & IBRD total,ZT,IBT,2005,48.3636232504531
IDA & IBRD total,ZT,IBT,2004,50.3222666974289
IDA & IBRD total,ZT,IBT,2003,52.1836004735656
IDA & IBRD total,ZT,IBT,2002,54.0639255841069
IDA & IBRD total,ZT,IBT,2001,56.0102568238459
IDA & IBRD total,ZT,IBT,2000,57.7333693944492
IDA & IBRD total,ZT,IBT,1999,59.6898907988078
IDA & IBRD total,ZT,IBT,1998,61.5778176555801
IDA & IBRD total,ZT,IBT,1997,62.8403726552258
IDA & IBRD total,ZT,IBT,1996,64.2277099104191
IDA & IBRD total,ZT,IBT,1995,65.4797326573462
IDA & IBRD total,ZT,IBT,1994,66.8990897677647
IDA & IBRD total,ZT,IBT,1993,67.7585602804481
IDA & IBRD total,ZT,IBT,1992,69.1300238039154
IDA & IBRD total,ZT,IBT,1991,69.8361066798568
IDA & IBRD total,ZT,IBT,1990,69.4327828042993
IDA & IBRD total,ZT,IBT,1989,NA
IDA & IBRD total,ZT,IBT,1988,NA
IDA & IBRD total,ZT,IBT,1987,NA
IDA & IBRD total,ZT,IBT,1986,NA
IDA & IBRD total,ZT,IBT,1985,NA
IDA & IBRD total,ZT,IBT,1984,NA
IDA & IBRD total,ZT,IBT,1983,NA
IDA & IBRD total,ZT,IBT,1982,NA
IDA & IBRD total,ZT,IBT,1981,NA
IDA & IBRD total,ZT,IBT,1980,NA
IDA & IBRD total,ZT,IBT,1979,NA
IDA & IBRD total,ZT,IBT,1978,NA
IDA & IBRD total,ZT,IBT,1977,NA
IDA & IBRD total,ZT,IBT,1976,NA
IDA & IBRD total,ZT,IBT,1975,NA
IDA & IBRD total,ZT,IBT,1974,NA
IDA & IBRD total,ZT,IBT,1973,NA
IDA & IBRD total,ZT,IBT,1972,NA
IDA & IBRD total,ZT,IBT,1971,NA
IDA & IBRD total,ZT,IBT,1970,NA
IDA & IBRD total,ZT,IBT,1969,NA
IDA & IBRD total,ZT,IBT,1968,NA
IDA & IBRD total,ZT,IBT,1967,NA
IDA & IBRD total,ZT,IBT,1966,NA
IDA & IBRD total,ZT,IBT,1965,NA
IDA & IBRD total,ZT,IBT,1964,NA
IDA & IBRD total,ZT,IBT,1963,NA
IDA & IBRD total,ZT,IBT,1962,NA
IDA & IBRD total,ZT,IBT,1961,NA
IDA & IBRD total,ZT,IBT,1960,NA
IDA blend,XH,IDB,2024,NA
IDA blend,XH,IDB,2023,49.5417880591402
IDA blend,XH,IDB,2022,50.9914254908524
IDA blend,XH,IDB,2021,52.4355453327047
IDA blend,XH,IDB,2020,53.9202572114668
IDA blend,XH,IDB,2019,55.4405844429813
IDA blend,XH,IDB,2018,56.8953832803911
IDA blend,XH,IDB,2017,58.4150306171814
IDA blend,XH,IDB,2016,59.7387697723443
IDA blend,XH,IDB,2015,61.0172110589809
IDA blend,XH,IDB,2014,62.3492363437094
IDA blend,XH,IDB,2013,63.701329502373
IDA blend,XH,IDB,2012,65.0606385629548
IDA blend,XH,IDB,2011,66.4739114403638
IDA blend,XH,IDB,2010,67.7377616008734
IDA blend,XH,IDB,2009,69.2212693024844
IDA blend,XH,IDB,2008,70.7350207898314
IDA blend,XH,IDB,2007,72.5032691201804
IDA blend,XH,IDB,2006,74.3194974193571
IDA blend,XH,IDB,2005,76.2549878893654
IDA blend,XH,IDB,2004,78.2972902802241
IDA blend,XH,IDB,2003,80.4184625607316
IDA blend,XH,IDB,2002,82.4867805719193
IDA blend,XH,IDB,2001,84.8418015046187
IDA blend,XH,IDB,2000,86.9409967373038
IDA blend,XH,IDB,1999,89.0694236477062
IDA blend,XH,IDB,1998,90.9988808876179
IDA blend,XH,IDB,1997,92.7926844332668
IDA blend,XH,IDB,1996,94.411933567149
IDA blend,XH,IDB,1995,95.6766662389693
IDA blend,XH,IDB,1994,96.7017800376882
IDA blend,XH,IDB,1993,97.4296076285921
IDA blend,XH,IDB,1992,97.9960990256519
IDA blend,XH,IDB,1991,98.5406251913761
IDA blend,XH,IDB,1990,99.0291082312748
IDA blend,XH,IDB,1989,NA
IDA blend,XH,IDB,1988,NA
IDA blend,XH,IDB,1987,NA
IDA blend,XH,IDB,1986,NA
IDA blend,XH,IDB,1985,NA
IDA blend,XH,IDB,1984,NA
IDA blend,XH,IDB,1983,NA
IDA blend,XH,IDB,1982,NA
IDA blend,XH,IDB,1981,NA
IDA blend,XH,IDB,1980,NA
IDA blend,XH,IDB,1979,NA
IDA blend,XH,IDB,1978,NA
IDA blend,XH,IDB,1977,NA
IDA blend,XH,IDB,1976,NA
IDA blend,XH,IDB,1975,NA
IDA blend,XH,IDB,1974,NA
IDA blend,XH,IDB,1973,NA
IDA blend,XH,IDB,1972,NA
IDA blend,XH,IDB,1971,NA
IDA blend,XH,IDB,1970,NA
IDA blend,XH,IDB,1969,NA
IDA blend,XH,IDB,1968,NA
IDA blend,XH,IDB,1967,NA
IDA blend,XH,IDB,1966,NA
IDA blend,XH,IDB,1965,NA
IDA blend,XH,IDB,1964,NA
IDA blend,XH,IDB,1963,NA
IDA blend,XH,IDB,1962,NA
IDA blend,XH,IDB,1961,NA
IDA blend,XH,IDB,1960,NA
IDA only,XI,IDX,2024,NA
IDA only,XI,IDX,2023,38.3197770437325
IDA only,XI,IDX,2022,40.5319767556079
IDA only,XI,IDX,2021,40.5009461575421
IDA only,XI,IDX,2020,41.3770079139356
IDA only,XI,IDX,2019,42.7511955922775
IDA only,XI,IDX,2018,43.9276981822977
IDA only,XI,IDX,2017,46.2502667775613
IDA only,XI,IDX,2016,47.155152334448
IDA only,XI,IDX,2015,48.3346454118107
IDA only,XI,IDX,2014,49.4569527275608
IDA only,XI,IDX,2013,50.0397613329264
IDA only,XI,IDX,2012,51.8582664632197
IDA only,XI,IDX,2011,55.2936628535695
IDA only,XI,IDX,2010,55.3410404554705
IDA only,XI,IDX,2009,57.5647895363453
IDA only,XI,IDX,2008,58.9328418466047
IDA only,XI,IDX,2007,60.7819078318983
IDA only,XI,IDX,2006,63.2940725985228
IDA only,XI,IDX,2005,66.0843948320766
IDA only,XI,IDX,2004,68.9036997002015
IDA only,XI,IDX,2003,71.5752888339316
IDA only,XI,IDX,2002,74.5398937374362
IDA only,XI,IDX,2001,77.6839152013424
IDA only,XI,IDX,2000,80.8265778654363
IDA only,XI,IDX,1999,83.8308728680282
IDA only,XI,IDX,1998,87.7402537324514
IDA only,XI,IDX,1997,89.0378908181081
IDA only,XI,IDX,1996,91.2663389382336
IDA only,XI,IDX,1995,93.2510383044662
IDA only,XI,IDX,1994,96.3173880986962
IDA only,XI,IDX,1993,97.1825861024645
IDA only,XI,IDX,1992,101.123478865234
IDA only,XI,IDX,1991,102.678410712286
IDA only,XI,IDX,1990,102.207885753894
IDA only,XI,IDX,1989,NA
IDA only,XI,IDX,1988,NA
IDA only,XI,IDX,1987,NA
IDA only,XI,IDX,1986,NA
IDA only,XI,IDX,1985,NA
IDA only,XI,IDX,1984,NA
IDA only,XI,IDX,1983,NA
IDA only,XI,IDX,1982,NA
IDA only,XI,IDX,1981,NA
IDA only,XI,IDX,1980,NA
IDA only,XI,IDX,1979,NA
IDA only,XI,IDX,1978,NA
IDA only,XI,IDX,1977,NA
IDA only,XI,IDX,1976,NA
IDA only,XI,IDX,1975,NA
IDA only,XI,IDX,1974,NA
IDA only,XI,IDX,1973,NA
IDA only,XI,IDX,1972,NA
IDA only,XI,IDX,1971,NA
IDA only,XI,IDX,1970,NA
IDA only,XI,IDX,1969,NA
IDA only,XI,IDX,1968,NA
IDA only,XI,IDX,1967,NA
IDA only,XI,IDX,1966,NA
IDA only,XI,IDX,1965,NA
IDA only,XI,IDX,1964,NA
IDA only,XI,IDX,1963,NA
IDA only,XI,IDX,1962,NA
IDA only,XI,IDX,1961,NA
IDA only,XI,IDX,1960,NA
IDA total,XG,IDA,2024,NA
IDA total,XG,IDA,2023,42.1951603422233
IDA total,XG,IDA,2022,44.1536280844604
IDA total,XG,IDA,2021,44.6460203206208
IDA total,XG,IDA,2020,45.736384443873
IDA total,XG,IDA,2019,47.1954776104743
IDA total,XG,IDA,2018,48.5145941529772
IDA total,XG,IDA,2017,50.59489119295
IDA total,XG,IDA,2016,51.6859645921813
IDA total,XG,IDA,2015,52.9565538330763
IDA total,XG,IDA,2014,54.1909593076065
IDA total,XG,IDA,2013,55.0726039599942
IDA total,XG,IDA,2012,56.7406223295395
IDA total,XG,IDA,2011,59.4434830407051
IDA total,XG,IDA,2010,59.9353026585794
IDA total,XG,IDA,2009,61.8614851795559
IDA total,XG,IDA,2008,63.2503324611337
IDA total,XG,IDA,2007,65.0210316793996
IDA total,XG,IDA,2006,67.2488344576535
IDA total,XG,IDA,2005,69.7044088162398
IDA total,XG,IDA,2004,72.2327695890696
IDA total,XG,IDA,2003,74.7141946903268
IDA total,XG,IDA,2002,77.3552265680671
IDA total,XG,IDA,2001,80.2156405948841
IDA total,XG,IDA,2000,82.9836015705562
IDA total,XG,IDA,1999,85.672917537905
IDA total,XG,IDA,1998,88.8802862492535
IDA total,XG,IDA,1997,90.3503595924884
IDA total,XG,IDA,1996,92.3672355610514
IDA total,XG,IDA,1995,94.098859896389
IDA total,XG,IDA,1994,96.4518549281586
IDA total,XG,IDA,1993,97.2692071201071
IDA total,XG,IDA,1992,100.02208310257
IDA total,XG,IDA,1991,101.225519260415
IDA total,XG,IDA,1990,101.099737573875
IDA total,XG,IDA,1989,NA
IDA total,XG,IDA,1988,NA
IDA total,XG,IDA,1987,NA
IDA total,XG,IDA,1986,NA
IDA total,XG,IDA,1985,NA
IDA total,XG,IDA,1984,NA
IDA total,XG,IDA,1983,NA
IDA total,XG,IDA,1982,NA
IDA total,XG,IDA,1981,NA
IDA total,XG,IDA,1980,NA
IDA total,XG,IDA,1979,NA
IDA total,XG,IDA,1978,NA
IDA total,XG,IDA,1977,NA
IDA total,XG,IDA,1976,NA
IDA total,XG,IDA,1975,NA
IDA total,XG,IDA,1974,NA
IDA total,XG,IDA,1973,NA
IDA total,XG,IDA,1972,NA
IDA total,XG,IDA,1971,NA
IDA total,XG,IDA,1970,NA
IDA total,XG,IDA,1969,NA
IDA total,XG,IDA,1968,NA
IDA total,XG,IDA,1967,NA
IDA total,XG,IDA,1966,NA
IDA total,XG,IDA,1965,NA
IDA total,XG,IDA,1964,NA
IDA total,XG,IDA,1963,NA
IDA total,XG,IDA,1962,NA
IDA total,XG,IDA,1961,NA
IDA total,XG,IDA,1960,NA
Late-demographic dividend,V3,LTE,2024,NA
Late-demographic dividend,V3,LTE,2023,7.57066022860459
Late-demographic dividend,V3,LTE,2022,7.74327168139762
Late-demographic dividend,V3,LTE,2021,7.84904402519256
Late-demographic dividend,V3,LTE,2020,8.01259746974431
Late-demographic dividend,V3,LTE,2019,8.16102174023508
Late-demographic dividend,V3,LTE,2018,8.42571688686783
Late-demographic dividend,V3,LTE,2017,8.72997585765813
Late-demographic dividend,V3,LTE,2016,9.3191959384053
Late-demographic dividend,V3,LTE,2015,9.79186098217097
Late-demographic dividend,V3,LTE,2014,10.315132625126
Late-demographic dividend,V3,LTE,2013,10.9790118981943
Late-demographic dividend,V3,LTE,2012,11.6014405553995
Late-demographic dividend,V3,LTE,2011,12.4335507118677
Late-demographic dividend,V3,LTE,2010,13.2354021660287
Late-demographic dividend,V3,LTE,2009,14.152089292236
Late-demographic dividend,V3,LTE,2008,15.1011282311145
Late-demographic dividend,V3,LTE,2007,16.1965250258299
Late-demographic dividend,V3,LTE,2006,17.490677371478
Late-demographic dividend,V3,LTE,2005,18.8261713897155
Late-demographic dividend,V3,LTE,2004,20.3479902290409
Late-demographic dividend,V3,LTE,2003,21.9103181195507
Late-demographic dividend,V3,LTE,2002,23.9750847470689
Late-demographic dividend,V3,LTE,2001,25.7694199260403
Late-demographic dividend,V3,LTE,2000,27.6415879788499
Late-demographic dividend,V3,LTE,1999,29.2399989956937
Late-demographic dividend,V3,LTE,1998,30.8952220236761
Late-demographic dividend,V3,LTE,1997,32.5166220510148
Late-demographic dividend,V3,LTE,1996,34.0300966191718
Late-demographic dividend,V3,LTE,1995,35.4955270000873
Late-demographic dividend,V3,LTE,1994,36.4285817054385
Late-demographic dividend,V3,LTE,1993,37.743709089549
Late-demographic dividend,V3,LTE,1992,38.8142900093852
Late-demographic dividend,V3,LTE,1991,39.7108149520381
Late-demographic dividend,V3,LTE,1990,40.6948452806339
Late-demographic dividend,V3,LTE,1989,NA
Late-demographic dividend,V3,LTE,1988,NA
Late-demographic dividend,V3,LTE,1987,NA
Late-demographic dividend,V3,LTE,1986,NA
Late-demographic dividend,V3,LTE,1985,NA
Late-demographic dividend,V3,LTE,1984,NA
Late-demographic dividend,V3,LTE,1983,NA
Late-demographic dividend,V3,LTE,1982,NA
Late-demographic dividend,V3,LTE,1981,NA
Late-demographic dividend,V3,LTE,1980,NA
Late-demographic dividend,V3,LTE,1979,NA
Late-demographic dividend,V3,LTE,1978,NA
Late-demographic dividend,V3,LTE,1977,NA
Late-demographic dividend,V3,LTE,1976,NA
Late-demographic dividend,V3,LTE,1975,NA
Late-demographic dividend,V3,LTE,1974,NA
Late-demographic dividend,V3,LTE,1973,NA
Late-demographic dividend,V3,LTE,1972,NA
Late-demographic dividend,V3,LTE,1971,NA
Late-demographic dividend,V3,LTE,1970,NA
Late-demographic dividend,V3,LTE,1969,NA
Late-demographic dividend,V3,LTE,1968,NA
Late-demographic dividend,V3,LTE,1967,NA
Late-demographic dividend,V3,LTE,1966,NA
Late-demographic dividend,V3,LTE,1965,NA
Late-demographic dividend,V3,LTE,1964,NA
Late-demographic dividend,V3,LTE,1963,NA
Late-demographic dividend,V3,LTE,1962,NA
Late-demographic dividend,V3,LTE,1961,NA
Late-demographic dividend,V3,LTE,1960,NA
Latin America & Caribbean,ZJ,LCN,2024,NA
Latin America & Caribbean,ZJ,LCN,2023,13.5
Latin America & Caribbean,ZJ,LCN,2022,13.8
Latin America & Caribbean,ZJ,LCN,2021,14.1
Latin America & Caribbean,ZJ,LCN,2020,14.3
Latin America & Caribbean,ZJ,LCN,2019,14.6
Latin America & Caribbean,ZJ,LCN,2018,14.9
Latin America & Caribbean,ZJ,LCN,2017,15.2
Latin America & Caribbean,ZJ,LCN,2016,15.8
Latin America & Caribbean,ZJ,LCN,2015,15.6
Latin America & Caribbean,ZJ,LCN,2014,15.9
Latin America & Caribbean,ZJ,LCN,2013,16.3
Latin America & Caribbean,ZJ,LCN,2012,16.8
Latin America & Caribbean,ZJ,LCN,2011,17.3
Latin America & Caribbean,ZJ,LCN,2010,18.4
Latin America & Caribbean,ZJ,LCN,2009,18.4
Latin America & Caribbean,ZJ,LCN,2008,19.1
Latin America & Caribbean,ZJ,LCN,2007,19.8
Latin America & Caribbean,ZJ,LCN,2006,20.6
Latin America & Caribbean,ZJ,LCN,2005,21.5
Latin America & Caribbean,ZJ,LCN,2004,22.4
Latin America & Caribbean,ZJ,LCN,2003,23.5
Latin America & Caribbean,ZJ,LCN,2002,24.6
Latin America & Caribbean,ZJ,LCN,2001,25.8
Latin America & Caribbean,ZJ,LCN,2000,27.1
Latin America & Caribbean,ZJ,LCN,1999,28.5
Latin America & Caribbean,ZJ,LCN,1998,30.1
Latin America & Caribbean,ZJ,LCN,1997,31.5
Latin America & Caribbean,ZJ,LCN,1996,33.2
Latin America & Caribbean,ZJ,LCN,1995,34.9
Latin America & Caribbean,ZJ,LCN,1994,36.7
Latin America & Caribbean,ZJ,LCN,1993,38.5
Latin America & Caribbean,ZJ,LCN,1992,40.3
Latin America & Caribbean,ZJ,LCN,1991,42.2
Latin America & Caribbean,ZJ,LCN,1990,43.9
Latin America & Caribbean,ZJ,LCN,1989,NA
Latin America & Caribbean,ZJ,LCN,1988,NA
Latin America & Caribbean,ZJ,LCN,1987,NA
Latin America & Caribbean,ZJ,LCN,1986,NA
Latin America & Caribbean,ZJ,LCN,1985,NA
Latin America & Caribbean,ZJ,LCN,1984,NA
Latin America & Caribbean,ZJ,LCN,1983,NA
Latin America & Caribbean,ZJ,LCN,1982,NA
Latin America & Caribbean,ZJ,LCN,1981,NA
Latin America & Caribbean,ZJ,LCN,1980,NA
Latin America & Caribbean,ZJ,LCN,1979,NA
Latin America & Caribbean,ZJ,LCN,1978,NA
Latin America & Caribbean,ZJ,LCN,1977,NA
Latin America & Caribbean,ZJ,LCN,1976,NA
Latin America & Caribbean,ZJ,LCN,1975,NA
Latin America & Caribbean,ZJ,LCN,1974,NA
Latin America & Caribbean,ZJ,LCN,1973,NA
Latin America & Caribbean,ZJ,LCN,1972,NA
Latin America & Caribbean,ZJ,LCN,1971,NA
Latin America & Caribbean,ZJ,LCN,1970,NA
Latin America & Caribbean,ZJ,LCN,1969,NA
Latin America & Caribbean,ZJ,LCN,1968,NA
Latin America & Caribbean,ZJ,LCN,1967,NA
Latin America & Caribbean,ZJ,LCN,1966,NA
Latin America & Caribbean,ZJ,LCN,1965,NA
Latin America & Caribbean,ZJ,LCN,1964,NA
Latin America & Caribbean,ZJ,LCN,1963,NA
Latin America & Caribbean,ZJ,LCN,1962,NA
Latin America & Caribbean,ZJ,LCN,1961,NA
Latin America & Caribbean,ZJ,LCN,1960,NA
Latin America & Caribbean (excluding high income),XJ,LAC,2024,NA
Latin America & Caribbean (excluding high income),XJ,LAC,2023,13.3682618891253
Latin America & Caribbean (excluding high income),XJ,LAC,2022,13.6510686282049
Latin America & Caribbean (excluding high income),XJ,LAC,2021,13.9215782793868
Latin America & Caribbean (excluding high income),XJ,LAC,2020,14.2127372030552
Latin America & Caribbean (excluding high income),XJ,LAC,2019,14.4913290901461
Latin America & Caribbean (excluding high income),XJ,LAC,2018,14.7679407872851
Latin America & Caribbean (excluding high income),XJ,LAC,2017,15.1106075883306
Latin America & Caribbean (excluding high income),XJ,LAC,2016,15.8279420916708
Latin America & Caribbean (excluding high income),XJ,LAC,2015,15.7977820988667
Latin America & Caribbean (excluding high income),XJ,LAC,2014,16.1978920115006
Latin America & Caribbean (excluding high income),XJ,LAC,2013,16.6958326092064
Latin America & Caribbean (excluding high income),XJ,LAC,2012,17.2031292416487
Latin America & Caribbean (excluding high income),XJ,LAC,2011,17.7483754131726
Latin America & Caribbean (excluding high income),XJ,LAC,2010,19.031819964563
Latin America & Caribbean (excluding high income),XJ,LAC,2009,19.050628187806
Latin America & Caribbean (excluding high income),XJ,LAC,2008,19.7585238958858
Latin America & Caribbean (excluding high income),XJ,LAC,2007,20.5750268413318
Latin America & Caribbean (excluding high income),XJ,LAC,2006,21.4041933240909
Latin America & Caribbean (excluding high income),XJ,LAC,2005,22.3084513005185
Latin America & Caribbean (excluding high income),XJ,LAC,2004,23.3370930908578
Latin America & Caribbean (excluding high income),XJ,LAC,2003,24.4167080560968
Latin America & Caribbean (excluding high income),XJ,LAC,2002,25.5682048273012
Latin America & Caribbean (excluding high income),XJ,LAC,2001,26.8944528234399
Latin America & Caribbean (excluding high income),XJ,LAC,2000,28.2551359498222
Latin America & Caribbean (excluding high income),XJ,LAC,1999,29.7270009446636
Latin America & Caribbean (excluding high income),XJ,LAC,1998,31.5307151699337
Latin America & Caribbean (excluding high income),XJ,LAC,1997,32.9513577106907
Latin America & Caribbean (excluding high income),XJ,LAC,1996,34.7637914131084
Latin America & Caribbean (excluding high income),XJ,LAC,1995,36.5924525250333
Latin America & Caribbean (excluding high income),XJ,LAC,1994,38.5241713651453
Latin America & Caribbean (excluding high income),XJ,LAC,1993,40.4633908566984
Latin America & Caribbean (excluding high income),XJ,LAC,1992,42.4312093890674
Latin America & Caribbean (excluding high income),XJ,LAC,1991,44.3987690948699
Latin America & Caribbean (excluding high income),XJ,LAC,1990,46.2677462476652
Latin America & Caribbean (excluding high income),XJ,LAC,1989,NA
Latin America & Caribbean (excluding high income),XJ,LAC,1988,NA
Latin America & Caribbean (excluding high income),XJ,LAC,1987,NA
Latin America & Caribbean (excluding high income),XJ,LAC,1986,NA
Latin America & Caribbean (excluding high income),XJ,LAC,1985,NA
Latin America & Caribbean (excluding high income),XJ,LAC,1984,NA
Latin America & Caribbean (excluding high income),XJ,LAC,1983,NA
Latin America & Caribbean (excluding high income),XJ,LAC,1982,NA
Latin America & Caribbean (excluding high income),XJ,LAC,1981,NA
Latin America & Caribbean (excluding high income),XJ,LAC,1980,NA
Latin America & Caribbean (excluding high income),XJ,LAC,1979,NA
Latin America & Caribbean (excluding high income),XJ,LAC,1978,NA
Latin America & Caribbean (excluding high income),XJ,LAC,1977,NA
Latin America & Caribbean (excluding high income),XJ,LAC,1976,NA
Latin America & Caribbean (excluding high income),XJ,LAC,1975,NA
Latin America & Caribbean (excluding high income),XJ,LAC,1974,NA
Latin America & Caribbean (excluding high income),XJ,LAC,1973,NA
Latin America & Caribbean (excluding high income),XJ,LAC,1972,NA
Latin America & Caribbean (excluding high income),XJ,LAC,1971,NA
Latin America & Caribbean (excluding high income),XJ,LAC,1970,NA
Latin America & Caribbean (excluding high income),XJ,LAC,1969,NA
Latin America & Caribbean (excluding high income),XJ,LAC,1968,NA
Latin America & Caribbean (excluding high income),XJ,LAC,1967,NA
Latin America & Caribbean (excluding high income),XJ,LAC,1966,NA
Latin America & Caribbean (excluding high income),XJ,LAC,1965,NA
Latin America & Caribbean (excluding high income),XJ,LAC,1964,NA
Latin America & Caribbean (excluding high income),XJ,LAC,1963,NA
Latin America & Caribbean (excluding high income),XJ,LAC,1962,NA
Latin America & Caribbean (excluding high income),XJ,LAC,1961,NA
Latin America & Caribbean (excluding high income),XJ,LAC,1960,NA
Latin America & the Caribbean (IDA & IBRD countries),T2,TLA,2024,NA
Latin America & the Caribbean (IDA & IBRD countries),T2,TLA,2023,13.6285676732373
Latin America & the Caribbean (IDA & IBRD countries),T2,TLA,2022,13.8758102791969
Latin America & the Caribbean (IDA & IBRD countries),T2,TLA,2021,14.1464722886566
Latin America & the Caribbean (IDA & IBRD countries),T2,TLA,2020,14.4187896982468
Latin America & the Caribbean (IDA & IBRD countries),T2,TLA,2019,14.6886102237351
Latin America & the Caribbean (IDA & IBRD countries),T2,TLA,2018,14.9730038361273
Latin America & the Caribbean (IDA & IBRD countries),T2,TLA,2017,15.3161494186166
Latin America & the Caribbean (IDA & IBRD countries),T2,TLA,2016,15.974321307192
Latin America & the Caribbean (IDA & IBRD countries),T2,TLA,2015,15.6979020474724
Latin America & the Caribbean (IDA & IBRD countries),T2,TLA,2014,16.01666242103
Latin America & the Caribbean (IDA & IBRD countries),T2,TLA,2013,16.4620962146911
Latin America & the Caribbean (IDA & IBRD countries),T2,TLA,2012,16.913857229888
Latin America & the Caribbean (IDA & IBRD countries),T2,TLA,2011,17.4122278373253
Latin America & the Caribbean (IDA & IBRD countries),T2,TLA,2010,18.5724876987292
Latin America & the Caribbean (IDA & IBRD countries),T2,TLA,2009,18.5937937592311
Latin America & the Caribbean (IDA & IBRD countries),T2,TLA,2008,19.2376057517004
Latin America & the Caribbean (IDA & IBRD countries),T2,TLA,2007,19.988363526965
Latin America & the Caribbean (IDA & IBRD countries),T2,TLA,2006,20.7733853580931
Latin America & the Caribbean (IDA & IBRD countries),T2,TLA,2005,21.6498605824987
Latin America & the Caribbean (IDA & IBRD countries),T2,TLA,2004,22.6452957321461
Latin America & the Caribbean (IDA & IBRD countries),T2,TLA,2003,23.680036301771
Latin America & the Caribbean (IDA & IBRD countries),T2,TLA,2002,24.7749189795693
Latin America & the Caribbean (IDA & IBRD countries),T2,TLA,2001,26.0224281682686
Latin America & the Caribbean (IDA & IBRD countries),T2,TLA,2000,27.331240341613
Latin America & the Caribbean (IDA & IBRD countries),T2,TLA,1999,28.7514917851291
Latin America & the Caribbean (IDA & IBRD countries),T2,TLA,1998,30.4673442461587
Latin America & the Caribbean (IDA & IBRD countries),T2,TLA,1997,31.8223331608371
Latin America & the Caribbean (IDA & IBRD countries),T2,TLA,1996,33.506214091519
Latin America & the Caribbean (IDA & IBRD countries),T2,TLA,1995,35.237918058356
Latin America & the Caribbean (IDA & IBRD countries),T2,TLA,1994,37.0567075563395
Latin America & the Caribbean (IDA & IBRD countries),T2,TLA,1993,38.8810703673758
Latin America & the Caribbean (IDA & IBRD countries),T2,TLA,1992,40.7516375549025
Latin America & the Caribbean (IDA & IBRD countries),T2,TLA,1991,42.6408552104166
Latin America & the Caribbean (IDA & IBRD countries),T2,TLA,1990,44.4727791924818
Latin America & the Caribbean (IDA & IBRD countries),T2,TLA,1989,NA
Latin America & the Caribbean (IDA & IBRD countries),T2,TLA,1988,NA
Latin America & the Caribbean (IDA & IBRD countries),T2,TLA,1987,NA
Latin America & the Caribbean (IDA & IBRD countries),T2,TLA,1986,NA
Latin America & the Caribbean (IDA & IBRD countries),T2,TLA,1985,NA
Latin America & the Caribbean (IDA & IBRD countries),T2,TLA,1984,NA
Latin America & the Caribbean (IDA & IBRD countries),T2,TLA,1983,NA
Latin America & the Caribbean (IDA & IBRD countries),T2,TLA,1982,NA
Latin America & the Caribbean (IDA & IBRD countries),T2,TLA,1981,NA
Latin America & the Caribbean (IDA & IBRD countries),T2,TLA,1980,NA
Latin America & the Caribbean (IDA & IBRD countries),T2,TLA,1979,NA
Latin America & the Caribbean (IDA & IBRD countries),T2,TLA,1978,NA
Latin America & the Caribbean (IDA & IBRD countries),T2,TLA,1977,NA
Latin America & the Caribbean (IDA & IBRD countries),T2,TLA,1976,NA
Latin America & the Caribbean (IDA & IBRD countries),T2,TLA,1975,NA
Latin America & the Caribbean (IDA & IBRD countries),T2,TLA,1974,NA
Latin America & the Caribbean (IDA & IBRD countries),T2,TLA,1973,NA
Latin America & the Caribbean (IDA & IBRD countries),T2,TLA,1972,NA
Latin America & the Caribbean (IDA & IBRD countries),T2,TLA,1971,NA
Latin America & the Caribbean (IDA & IBRD countries),T2,TLA,1970,NA
Latin America & the Caribbean (IDA & IBRD countries),T2,TLA,1969,NA
Latin America & the Caribbean (IDA & IBRD countries),T2,TLA,1968,NA
Latin America & the Caribbean (IDA & IBRD countries),T2,TLA,1967,NA
Latin America & the Caribbean (IDA & IBRD countries),T2,TLA,1966,NA
Latin America & the Caribbean (IDA & IBRD countries),T2,TLA,1965,NA
Latin America & the Caribbean (IDA & IBRD countries),T2,TLA,1964,NA
Latin America & the Caribbean (IDA & IBRD countries),T2,TLA,1963,NA
Latin America & the Caribbean (IDA & IBRD countries),T2,TLA,1962,NA
Latin America & the Caribbean (IDA & IBRD countries),T2,TLA,1961,NA
Latin America & the Caribbean (IDA & IBRD countries),T2,TLA,1960,NA
Least developed countries: UN classification,XL,LDC,2024,NA
Least developed countries: UN classification,XL,LDC,2023,39.6616837734436
Least developed countries: UN classification,XL,LDC,2022,41.9506230406724
Least developed countries: UN classification,XL,LDC,2021,41.9477612359959
Least developed countries: UN classification,XL,LDC,2020,42.8731198848264
Least developed countries: UN classification,XL,LDC,2019,44.3125367635008
Least developed countries: UN classification,XL,LDC,2018,45.5085858986774
Least developed countries: UN classification,XL,LDC,2017,47.9454329909933
Least developed countries: UN classification,XL,LDC,2016,48.9503544372124
Least developed countries: UN classification,XL,LDC,2015,50.25202219685
Least developed countries: UN classification,XL,LDC,2014,51.5527663279719
Least developed countries: UN classification,XL,LDC,2013,52.3177356680705
Least developed countries: UN classification,XL,LDC,2012,54.3761882331903
Least developed countries: UN classification,XL,LDC,2011,58.1803711629169
Least developed countries: UN classification,XL,LDC,2010,58.3353583866334
Least developed countries: UN classification,XL,LDC,2009,60.7190380446674
Least developed countries: UN classification,XL,LDC,2008,62.3281277063937
Least developed countries: UN classification,XL,LDC,2007,64.300935153428
Least developed countries: UN classification,XL,LDC,2006,66.9561127238954
Least developed countries: UN classification,XL,LDC,2005,69.9598242129432
Least developed countries: UN classification,XL,LDC,2004,72.9084444619336
Least developed countries: UN classification,XL,LDC,2003,75.8398714832758
Least developed countries: UN classification,XL,LDC,2002,78.99152913577
Least developed countries: UN classification,XL,LDC,2001,82.3010678944177
Least developed countries: UN classification,XL,LDC,2000,85.5513577383789
Least developed countries: UN classification,XL,LDC,1999,88.7191837397774
Least developed countries: UN classification,XL,LDC,1998,92.7041353267241
Least developed countries: UN classification,XL,LDC,1997,94.1171136776148
Least developed countries: UN classification,XL,LDC,1996,96.4607299546798
Least developed countries: UN classification,XL,LDC,1995,98.5722820705583
Least developed countries: UN classification,XL,LDC,1994,101.808242539397
Least developed countries: UN classification,XL,LDC,1993,102.71051751174
Least developed countries: UN classification,XL,LDC,1992,106.921126228595
Least developed countries: UN classification,XL,LDC,1991,108.556259591296
Least developed countries: UN classification,XL,LDC,1990,107.993341328311
Least developed countries: UN classification,XL,LDC,1989,NA
Least developed countries: UN classification,XL,LDC,1988,NA
Least developed countries: UN classification,XL,LDC,1987,NA
Least developed countries: UN classification,XL,LDC,1986,NA
Least developed countries: UN classification,XL,LDC,1985,NA
Least developed countries: UN classification,XL,LDC,1984,NA
Least developed countries: UN classification,XL,LDC,1983,NA
Least developed countries: UN classification,XL,LDC,1982,NA
Least developed countries: UN classification,XL,LDC,1981,NA
Least developed countries: UN classification,XL,LDC,1980,NA
Least developed countries: UN classification,XL,LDC,1979,NA
Least developed countries: UN classification,XL,LDC,1978,NA
Least developed countries: UN classification,XL,LDC,1977,NA
Least developed countries: UN classification,XL,LDC,1976,NA
Least developed countries: UN classification,XL,LDC,1975,NA
Least developed countries: UN classification,XL,LDC,1974,NA
Least developed countries: UN classification,XL,LDC,1973,NA
Least developed countries: UN classification,XL,LDC,1972,NA
Least developed countries: UN classification,XL,LDC,1971,NA
Least developed countries: UN classification,XL,LDC,1970,NA
Least developed countries: UN classification,XL,LDC,1969,NA
Least developed countries: UN classification,XL,LDC,1968,NA
Least developed countries: UN classification,XL,LDC,1967,NA
Least developed countries: UN classification,XL,LDC,1966,NA
Least developed countries: UN classification,XL,LDC,1965,NA
Least developed countries: UN classification,XL,LDC,1964,NA
Least developed countries: UN classification,XL,LDC,1963,NA
Least developed countries: UN classification,XL,LDC,1962,NA
Least developed countries: UN classification,XL,LDC,1961,NA
Least developed countries: UN classification,XL,LDC,1960,NA
Low & middle income,XO,LMY,2024,NA
Low & middle income,XO,LMY,2023,29.3326473183927
Low & middle income,XO,LMY,2022,30.3477935620875
Low & middle income,XO,LMY,2021,30.5311414233056
Low & middle income,XO,LMY,2020,30.9592983669989
Low & middle income,XO,LMY,2019,31.2901423668018
Low & middle income,XO,LMY,2018,31.9909093598889
Low & middle income,XO,LMY,2017,32.6210805847341
Low & middle income,XO,LMY,2016,33.4799803925393
Low & middle income,XO,LMY,2015,34.5874793305239
Low & middle income,XO,LMY,2014,35.3430567407123
Low & middle income,XO,LMY,2013,36.4410797119095
Low & middle income,XO,LMY,2012,37.5291582119938
Low & middle income,XO,LMY,2011,39.6373032020589
Low & middle income,XO,LMY,2010,40.5422114897549
Low & middle income,XO,LMY,2009,41.9911158576323
Low & middle income,XO,LMY,2008,43.3436395110396
Low & middle income,XO,LMY,2007,44.9109895892517
Low & middle income,XO,LMY,2006,46.6730089016459
Low & middle income,XO,LMY,2005,48.5125060517967
Low & middle income,XO,LMY,2004,50.4683768913549
Low & middle income,XO,LMY,2003,52.3016311651231
Low & middle income,XO,LMY,2002,54.2406717821342
Low & middle income,XO,LMY,2001,56.1634274212154
Low & middle income,XO,LMY,2000,57.8669083047014
Low & middle income,XO,LMY,1999,59.822539864672
Low & middle income,XO,LMY,1998,61.7432294374247
Low & middle income,XO,LMY,1997,62.98711295658
Low & middle income,XO,LMY,1996,64.3894478647178
Low & middle income,XO,LMY,1995,65.6539280423612
Low & middle income,XO,LMY,1994,66.9824216756484
Low & middle income,XO,LMY,1993,67.8358809928928
Low & middle income,XO,LMY,1992,69.3258697605741
Low & middle income,XO,LMY,1991,70.1547144745312
Low & middle income,XO,LMY,1990,69.7854440018764
Low & middle income,XO,LMY,1989,NA
Low & middle income,XO,LMY,1988,NA
Low & middle income,XO,LMY,1987,NA
Low & middle income,XO,LMY,1986,NA
Low & middle income,XO,LMY,1985,NA
Low & middle income,XO,LMY,1984,NA
Low & middle income,XO,LMY,1983,NA
Low & middle income,XO,LMY,1982,NA
Low & middle income,XO,LMY,1981,NA
Low & middle income,XO,LMY,1980,NA
Low & middle income,XO,LMY,1979,NA
Low & middle income,XO,LMY,1978,NA
Low & middle income,XO,LMY,1977,NA
Low & middle income,XO,LMY,1976,NA
Low & middle income,XO,LMY,1975,NA
Low & middle income,XO,LMY,1974,NA
Low & middle income,XO,LMY,1973,NA
Low & middle income,XO,LMY,1972,NA
Low & middle income,XO,LMY,1971,NA
Low & middle income,XO,LMY,1970,NA
Low & middle income,XO,LMY,1969,NA
Low & middle income,XO,LMY,1968,NA
Low & middle income,XO,LMY,1967,NA
Low & middle income,XO,LMY,1966,NA
Low & middle income,XO,LMY,1965,NA
Low & middle income,XO,LMY,1964,NA
Low & middle income,XO,LMY,1963,NA
Low & middle income,XO,LMY,1962,NA
Low & middle income,XO,LMY,1961,NA
Low & middle income,XO,LMY,1960,NA
Low income,XM,,2024,NA
Low income,XM,,2023,42.8
Low income,XM,,2022,45.8
Low income,XM,,2021,45.3
Low income,XM,,2020,46.3
Low income,XM,,2019,47.9
Low income,XM,,2018,49.2
Low income,XM,,2017,52.2
Low income,XM,,2016,53
Low income,XM,,2015,54.2
Low income,XM,,2014,55.4
Low income,XM,,2013,55.7
Low income,XM,,2012,57.8
Low income,XM,,2011,62.4
Low income,XM,,2010,61.5
Low income,XM,,2009,64.4
Low income,XM,,2008,65.1
Low income,XM,,2007,67.8
Low income,XM,,2006,70.7
Low income,XM,,2005,74
Low income,XM,,2004,77
Low income,XM,,2003,79.8
Low income,XM,,2002,83.6
Low income,XM,,2001,86.8
Low income,XM,,2000,90
Low income,XM,,1999,92.9
Low income,XM,,1998,97.5
Low income,XM,,1997,98.1
Low income,XM,,1996,100.1
Low income,XM,,1995,102.1
Low income,XM,,1994,105
Low income,XM,,1993,105
Low income,XM,,1992,110.5
Low income,XM,,1991,111.7
Low income,XM,,1990,109.3
Low income,XM,,1989,NA
Low income,XM,,1988,NA
Low income,XM,,1987,NA
Low income,XM,,1986,NA
Low income,XM,,1985,NA
Low income,XM,,1984,NA
Low income,XM,,1983,NA
Low income,XM,,1982,NA
Low income,XM,,1981,NA
Low income,XM,,1980,NA
Low income,XM,,1979,NA
Low income,XM,,1978,NA
Low income,XM,,1977,NA
Low income,XM,,1976,NA
Low income,XM,,1975,NA
Low income,XM,,1974,NA
Low income,XM,,1973,NA
Low income,XM,,1972,NA
Low income,XM,,1971,NA
Low income,XM,,1970,NA
Low income,XM,,1969,NA
Low income,XM,,1968,NA
Low income,XM,,1967,NA
Low income,XM,,1966,NA
Low income,XM,,1965,NA
Low income,XM,,1964,NA
Low income,XM,,1963,NA
Low income,XM,,1962,NA
Low income,XM,,1961,NA
Low income,XM,,1960,NA
Lower middle income,XN,,2024,NA
Lower middle income,XN,,2023,32.6
Lower middle income,XN,,2022,33.5
Lower middle income,XN,,2021,34.6
Lower middle income,XN,,2020,35.6
Lower middle income,XN,,2019,36.8
Lower middle income,XN,,2018,38
Lower middle income,XN,,2017,39.3
Lower middle income,XN,,2016,40.5
Lower middle income,XN,,2015,41.8
Lower middle income,XN,,2014,43.3
Lower middle income,XN,,2013,44.7
Lower middle income,XN,,2012,46.3
Lower middle income,XN,,2011,47.9
Lower middle income,XN,,2010,49.6
Lower middle income,XN,,2009,51.1
Lower middle income,XN,,2008,52.9
Lower middle income,XN,,2007,54.5
Lower middle income,XN,,2006,56.3
Lower middle income,XN,,2005,58.1
Lower middle income,XN,,2004,60
Lower middle income,XN,,2003,61.9
Lower middle income,XN,,2002,63.9
Lower middle income,XN,,2001,66
Lower middle income,XN,,2000,68.1
Lower middle income,XN,,1999,70.2
Lower middle income,XN,,1998,72.1
Lower middle income,XN,,1997,73.9
Lower middle income,XN,,1996,75.7
Lower middle income,XN,,1995,77.2
Lower middle income,XN,,1994,78.7
Lower middle income,XN,,1993,80.1
Lower middle income,XN,,1992,81.6
Lower middle income,XN,,1991,83.1
Lower middle income,XN,,1990,84.7
Lower middle income,XN,,1989,NA
Lower middle income,XN,,1988,NA
Lower middle income,XN,,1987,NA
Lower middle income,XN,,1986,NA
Lower middle income,XN,,1985,NA
Lower middle income,XN,,1984,NA
Lower middle income,XN,,1983,NA
Lower middle income,XN,,1982,NA
Lower middle income,XN,,1981,NA
Lower middle income,XN,,1980,NA
Lower middle income,XN,,1979,NA
Lower middle income,XN,,1978,NA
Lower middle income,XN,,1977,NA
Lower middle income,XN,,1976,NA
Lower middle income,XN,,1975,NA
Lower middle income,XN,,1974,NA
Lower middle income,XN,,1973,NA
Lower middle income,XN,,1972,NA
Lower middle income,XN,,1971,NA
Lower middle income,XN,,1970,NA
Lower middle income,XN,,1969,NA
Lower middle income,XN,,1968,NA
Lower middle income,XN,,1967,NA
Lower middle income,XN,,1966,NA
Lower middle income,XN,,1965,NA
Lower middle income,XN,,1964,NA
Lower middle income,XN,,1963,NA
Lower middle income,XN,,1962,NA
Lower middle income,XN,,1961,NA
Lower middle income,XN,,1960,NA
"Middle East, North Africa, Afghanistan & Pakistan",ZQ,MEA,2024,NA
"Middle East, North Africa, Afghanistan & Pakistan",ZQ,MEA,2023,17.8
"Middle East, North Africa, Afghanistan & Pakistan",ZQ,MEA,2022,18.1
"Middle East, North Africa, Afghanistan & Pakistan",ZQ,MEA,2021,18.6
"Middle East, North Africa, Afghanistan & Pakistan",ZQ,MEA,2020,19
"Middle East, North Africa, Afghanistan & Pakistan",ZQ,MEA,2019,19.4
"Middle East, North Africa, Afghanistan & Pakistan",ZQ,MEA,2018,19.8
"Middle East, North Africa, Afghanistan & Pakistan",ZQ,MEA,2017,20.1
"Middle East, North Africa, Afghanistan & Pakistan",ZQ,MEA,2016,20.5
"Middle East, North Africa, Afghanistan & Pakistan",ZQ,MEA,2015,21.2
"Middle East, North Africa, Afghanistan & Pakistan",ZQ,MEA,2014,21.7
"Middle East, North Africa, Afghanistan & Pakistan",ZQ,MEA,2013,22.5
"Middle East, North Africa, Afghanistan & Pakistan",ZQ,MEA,2012,23.1
"Middle East, North Africa, Afghanistan & Pakistan",ZQ,MEA,2011,23.6
"Middle East, North Africa, Afghanistan & Pakistan",ZQ,MEA,2010,24.4
"Middle East, North Africa, Afghanistan & Pakistan",ZQ,MEA,2009,25.3
"Middle East, North Africa, Afghanistan & Pakistan",ZQ,MEA,2008,26.3
"Middle East, North Africa, Afghanistan & Pakistan",ZQ,MEA,2007,27.5
"Middle East, North Africa, Afghanistan & Pakistan",ZQ,MEA,2006,28.8
"Middle East, North Africa, Afghanistan & Pakistan",ZQ,MEA,2005,30.1
"Middle East, North Africa, Afghanistan & Pakistan",ZQ,MEA,2004,31.4
"Middle East, North Africa, Afghanistan & Pakistan",ZQ,MEA,2003,32.8
"Middle East, North Africa, Afghanistan & Pakistan",ZQ,MEA,2002,34.2
"Middle East, North Africa, Afghanistan & Pakistan",ZQ,MEA,2001,35.7
"Middle East, North Africa, Afghanistan & Pakistan",ZQ,MEA,2000,37.3
"Middle East, North Africa, Afghanistan & Pakistan",ZQ,MEA,1999,38.9
"Middle East, North Africa, Afghanistan & Pakistan",ZQ,MEA,1998,40.6
"Middle East, North Africa, Afghanistan & Pakistan",ZQ,MEA,1997,42.2
"Middle East, North Africa, Afghanistan & Pakistan",ZQ,MEA,1996,43.7
"Middle East, North Africa, Afghanistan & Pakistan",ZQ,MEA,1995,45.4
"Middle East, North Africa, Afghanistan & Pakistan",ZQ,MEA,1994,46.9
"Middle East, North Africa, Afghanistan & Pakistan",ZQ,MEA,1993,48.5
"Middle East, North Africa, Afghanistan & Pakistan",ZQ,MEA,1992,50.1
"Middle East, North Africa, Afghanistan & Pakistan",ZQ,MEA,1991,52.3
"Middle East, North Africa, Afghanistan & Pakistan",ZQ,MEA,1990,54.5
"Middle East, North Africa, Afghanistan & Pakistan",ZQ,MEA,1989,NA
"Middle East, North Africa, Afghanistan & Pakistan",ZQ,MEA,1988,NA
"Middle East, North Africa, Afghanistan & Pakistan",ZQ,MEA,1987,NA
"Middle East, North Africa, Afghanistan & Pakistan",ZQ,MEA,1986,NA
"Middle East, North Africa, Afghanistan & Pakistan",ZQ,MEA,1985,NA
"Middle East, North Africa, Afghanistan & Pakistan",ZQ,MEA,1984,NA
"Middle East, North Africa, Afghanistan & Pakistan",ZQ,MEA,1983,NA
"Middle East, North Africa, Afghanistan & Pakistan",ZQ,MEA,1982,NA
"Middle East, North Africa, Afghanistan & Pakistan",ZQ,MEA,1981,NA
"Middle East, North Africa, Afghanistan & Pakistan",ZQ,MEA,1980,NA
"Middle East, North Africa, Afghanistan & Pakistan",ZQ,MEA,1979,NA
"Middle East, North Africa, Afghanistan & Pakistan",ZQ,MEA,1978,NA
"Middle East, North Africa, Afghanistan & Pakistan",ZQ,MEA,1977,NA
"Middle East, North Africa, Afghanistan & Pakistan",ZQ,MEA,1976,NA
"Middle East, North Africa, Afghanistan & Pakistan",ZQ,MEA,1975,NA
"Middle East, North Africa, Afghanistan & Pakistan",ZQ,MEA,1974,NA
"Middle East, North Africa, Afghanistan & Pakistan",ZQ,MEA,1973,NA
"Middle East, North Africa, Afghanistan & Pakistan",ZQ,MEA,1972,NA
"Middle East, North Africa, Afghanistan & Pakistan",ZQ,MEA,1971,NA
"Middle East, North Africa, Afghanistan & Pakistan",ZQ,MEA,1970,NA
"Middle East, North Africa, Afghanistan & Pakistan",ZQ,MEA,1969,NA
"Middle East, North Africa, Afghanistan & Pakistan",ZQ,MEA,1968,NA
"Middle East, North Africa, Afghanistan & Pakistan",ZQ,MEA,1967,NA
"Middle East, North Africa, Afghanistan & Pakistan",ZQ,MEA,1966,NA
"Middle East, North Africa, Afghanistan & Pakistan",ZQ,MEA,1965,NA
"Middle East, North Africa, Afghanistan & Pakistan",ZQ,MEA,1964,NA
"Middle East, North Africa, Afghanistan & Pakistan",ZQ,MEA,1963,NA
"Middle East, North Africa, Afghanistan & Pakistan",ZQ,MEA,1962,NA
"Middle East, North Africa, Afghanistan & Pakistan",ZQ,MEA,1961,NA
"Middle East, North Africa, Afghanistan & Pakistan",ZQ,MEA,1960,NA
"Middle East, North Africa, Afghanistan & Pakistan (excluding high income)",XQ,MNA,2024,NA
"Middle East, North Africa, Afghanistan & Pakistan (excluding high income)",XQ,MNA,2023,34.1207734088251
"Middle East, North Africa, Afghanistan & Pakistan (excluding high income)",XQ,MNA,2022,35.1385328983309
"Middle East, North Africa, Afghanistan & Pakistan (excluding high income)",XQ,MNA,2021,36.1115803478419
"Middle East, North Africa, Afghanistan & Pakistan (excluding high income)",XQ,MNA,2020,36.9738972040549
"Middle East, North Africa, Afghanistan & Pakistan (excluding high income)",XQ,MNA,2019,37.9433751397736
"Middle East, North Africa, Afghanistan & Pakistan (excluding high income)",XQ,MNA,2018,38.732410112487
"Middle East, North Africa, Afghanistan & Pakistan (excluding high income)",XQ,MNA,2017,39.3355861159403
"Middle East, North Africa, Afghanistan & Pakistan (excluding high income)",XQ,MNA,2016,40.3161305967128
"Middle East, North Africa, Afghanistan & Pakistan (excluding high income)",XQ,MNA,2015,41.4766400770653
"Middle East, North Africa, Afghanistan & Pakistan (excluding high income)",XQ,MNA,2014,42.7047471684335
"Middle East, North Africa, Afghanistan & Pakistan (excluding high income)",XQ,MNA,2013,44.1158291719865
"Middle East, North Africa, Afghanistan & Pakistan (excluding high income)",XQ,MNA,2012,45.6001016491136
"Middle East, North Africa, Afghanistan & Pakistan (excluding high income)",XQ,MNA,2011,46.9937334978657
"Middle East, North Africa, Afghanistan & Pakistan (excluding high income)",XQ,MNA,2010,48.4291815538868
"Middle East, North Africa, Afghanistan & Pakistan (excluding high income)",XQ,MNA,2009,49.8673709064156
"Middle East, North Africa, Afghanistan & Pakistan (excluding high income)",XQ,MNA,2008,51.1808842064674
"Middle East, North Africa, Afghanistan & Pakistan (excluding high income)",XQ,MNA,2007,52.6181957676564
"Middle East, North Africa, Afghanistan & Pakistan (excluding high income)",XQ,MNA,2006,54.1488773158669
"Middle East, North Africa, Afghanistan & Pakistan (excluding high income)",XQ,MNA,2005,55.6628917734301
"Middle East, North Africa, Afghanistan & Pakistan (excluding high income)",XQ,MNA,2004,57.3964275878335
"Middle East, North Africa, Afghanistan & Pakistan (excluding high income)",XQ,MNA,2003,59.3219316549244
"Middle East, North Africa, Afghanistan & Pakistan (excluding high income)",XQ,MNA,2002,60.9732430428847
"Middle East, North Africa, Afghanistan & Pakistan (excluding high income)",XQ,MNA,2001,62.9264911374216
"Middle East, North Africa, Afghanistan & Pakistan (excluding high income)",XQ,MNA,2000,65.0797679976933
"Middle East, North Africa, Afghanistan & Pakistan (excluding high income)",XQ,MNA,1999,67.006296208859
"Middle East, North Africa, Afghanistan & Pakistan (excluding high income)",XQ,MNA,1998,68.8755839168042
"Middle East, North Africa, Afghanistan & Pakistan (excluding high income)",XQ,MNA,1997,70.8274784054459
"Middle East, North Africa, Afghanistan & Pakistan (excluding high income)",XQ,MNA,1996,72.6899726939471
"Middle East, North Africa, Afghanistan & Pakistan (excluding high income)",XQ,MNA,1995,74.2874778269966
"Middle East, North Africa, Afghanistan & Pakistan (excluding high income)",XQ,MNA,1994,75.6535124753391
"Middle East, North Africa, Afghanistan & Pakistan (excluding high income)",XQ,MNA,1993,76.6801215165365
"Middle East, North Africa, Afghanistan & Pakistan (excluding high income)",XQ,MNA,1992,77.7944899162914
"Middle East, North Africa, Afghanistan & Pakistan (excluding high income)",XQ,MNA,1991,79.4020263463774
"Middle East, North Africa, Afghanistan & Pakistan (excluding high income)",XQ,MNA,1990,81.2510493402079
"Middle East, North Africa, Afghanistan & Pakistan (excluding high income)",XQ,MNA,1989,NA
"Middle East, North Africa, Afghanistan & Pakistan (excluding high income)",XQ,MNA,1988,NA
"Middle East, North Africa, Afghanistan & Pakistan (excluding high income)",XQ,MNA,1987,NA
"Middle East, North Africa, Afghanistan & Pakistan (excluding high income)",XQ,MNA,1986,NA
"Middle East, North Africa, Afghanistan & Pakistan (excluding high income)",XQ,MNA,1985,NA
"Middle East, North Africa, Afghanistan & Pakistan (excluding high income)",XQ,MNA,1984,NA
"Middle East, North Africa, Afghanistan & Pakistan (excluding high income)",XQ,MNA,1983,NA
"Middle East, North Africa, Afghanistan & Pakistan (excluding high income)",XQ,MNA,1982,NA
"Middle East, North Africa, Afghanistan & Pakistan (excluding high income)",XQ,MNA,1981,NA
"Middle East, North Africa, Afghanistan & Pakistan (excluding high income)",XQ,MNA,1980,NA
"Middle East, North Africa, Afghanistan & Pakistan (excluding high income)",XQ,MNA,1979,NA
"Middle East, North Africa, Afghanistan & Pakistan (excluding high income)",XQ,MNA,1978,NA
"Middle East, North Africa, Afghanistan & Pakistan (excluding high income)",XQ,MNA,1977,NA
"Middle East, North Africa, Afghanistan & Pakistan (excluding high income)",XQ,MNA,1976,NA
"Middle East, North Africa, Afghanistan & Pakistan (excluding high income)",XQ,MNA,1975,NA
"Middle East, North Africa, Afghanistan & Pakistan (excluding high income)",XQ,MNA,1974,NA
"Middle East, North Africa, Afghanistan & Pakistan (excluding high income)",XQ,MNA,1973,NA
"Middle East, North Africa, Afghanistan & Pakistan (excluding high income)",XQ,MNA,1972,NA
"Middle East, North Africa, Afghanistan & Pakistan (excluding high income)",XQ,MNA,1971,NA
"Middle East, North Africa, Afghanistan & Pakistan (excluding high income)",XQ,MNA,1970,NA
"Middle East, North Africa, Afghanistan & Pakistan (excluding high income)",XQ,MNA,1969,NA
"Middle East, North Africa, Afghanistan & Pakistan (excluding high income)",XQ,MNA,1968,NA
"Middle East, North Africa, Afghanistan & Pakistan (excluding high income)",XQ,MNA,1967,NA
"Middle East, North Africa, Afghanistan & Pakistan (excluding high income)",XQ,MNA,1966,NA
"Middle East, North Africa, Afghanistan & Pakistan (excluding high income)",XQ,MNA,1965,NA
"Middle East, North Africa, Afghanistan & Pakistan (excluding high income)",XQ,MNA,1964,NA
"Middle East, North Africa, Afghanistan & Pakistan (excluding high income)",XQ,MNA,1963,NA
"Middle East, North Africa, Afghanistan & Pakistan (excluding high income)",XQ,MNA,1962,NA
"Middle East, North Africa, Afghanistan & Pakistan (excluding high income)",XQ,MNA,1961,NA
"Middle East, North Africa, Afghanistan & Pakistan (excluding high income)",XQ,MNA,1960,NA
"Middle East, North Africa, Afghanistan & Pakistan (IDA & IBRD)",T3,TMN,2024,NA
"Middle East, North Africa, Afghanistan & Pakistan (IDA & IBRD)",T3,TMN,2023,34.2896652390574
"Middle East, North Africa, Afghanistan & Pakistan (IDA & IBRD)",T3,TMN,2022,35.3341433369107
"Middle East, North Africa, Afghanistan & Pakistan (IDA & IBRD)",T3,TMN,2021,36.3124355800439
"Middle East, North Africa, Afghanistan & Pakistan (IDA & IBRD)",T3,TMN,2020,37.1789755952984
"Middle East, North Africa, Afghanistan & Pakistan (IDA & IBRD)",T3,TMN,2019,38.1549611623357
"Middle East, North Africa, Afghanistan & Pakistan (IDA & IBRD)",T3,TMN,2018,38.9459677209249
"Middle East, North Africa, Afghanistan & Pakistan (IDA & IBRD)",T3,TMN,2017,39.5470671786103
"Middle East, North Africa, Afghanistan & Pakistan (IDA & IBRD)",T3,TMN,2016,40.5324420046715
"Middle East, North Africa, Afghanistan & Pakistan (IDA & IBRD)",T3,TMN,2015,41.6942590967163
"Middle East, North Africa, Afghanistan & Pakistan (IDA & IBRD)",T3,TMN,2014,42.9122440584237
"Middle East, North Africa, Afghanistan & Pakistan (IDA & IBRD)",T3,TMN,2013,44.3361665365005
"Middle East, North Africa, Afghanistan & Pakistan (IDA & IBRD)",T3,TMN,2012,45.8282889888899
"Middle East, North Africa, Afghanistan & Pakistan (IDA & IBRD)",T3,TMN,2011,47.2314092797263
"Middle East, North Africa, Afghanistan & Pakistan (IDA & IBRD)",T3,TMN,2010,48.6753235406891
"Middle East, North Africa, Afghanistan & Pakistan (IDA & IBRD)",T3,TMN,2009,50.1157137000695
"Middle East, North Africa, Afghanistan & Pakistan (IDA & IBRD)",T3,TMN,2008,51.4334329765766
"Middle East, North Africa, Afghanistan & Pakistan (IDA & IBRD)",T3,TMN,2007,52.8788539110489
"Middle East, North Africa, Afghanistan & Pakistan (IDA & IBRD)",T3,TMN,2006,54.4236183855442
"Middle East, North Africa, Afghanistan & Pakistan (IDA & IBRD)",T3,TMN,2005,55.950766986724
"Middle East, North Africa, Afghanistan & Pakistan (IDA & IBRD)",T3,TMN,2004,57.696454067472
"Middle East, North Africa, Afghanistan & Pakistan (IDA & IBRD)",T3,TMN,2003,59.6329531967948
"Middle East, North Africa, Afghanistan & Pakistan (IDA & IBRD)",T3,TMN,2002,61.2966481058085
"Middle East, North Africa, Afghanistan & Pakistan (IDA & IBRD)",T3,TMN,2001,63.2600195784284
"Middle East, North Africa, Afghanistan & Pakistan (IDA & IBRD)",T3,TMN,2000,65.4210321509203
"Middle East, North Africa, Afghanistan & Pakistan (IDA & IBRD)",T3,TMN,1999,67.3560660909366
"Middle East, North Africa, Afghanistan & Pakistan (IDA & IBRD)",T3,TMN,1998,69.2320726861836
"Middle East, North Africa, Afghanistan & Pakistan (IDA & IBRD)",T3,TMN,1997,71.1868696013831
"Middle East, North Africa, Afghanistan & Pakistan (IDA & IBRD)",T3,TMN,1996,73.051765682926
"Middle East, North Africa, Afghanistan & Pakistan (IDA & IBRD)",T3,TMN,1995,74.6455563750405
"Middle East, North Africa, Afghanistan & Pakistan (IDA & IBRD)",T3,TMN,1994,76.004375083978
"Middle East, North Africa, Afghanistan & Pakistan (IDA & IBRD)",T3,TMN,1993,77.0199649456802
"Middle East, North Africa, Afghanistan & Pakistan (IDA & IBRD)",T3,TMN,1992,78.1229148462823
"Middle East, North Africa, Afghanistan & Pakistan (IDA & IBRD)",T3,TMN,1991,79.7197153564884
"Middle East, North Africa, Afghanistan & Pakistan (IDA & IBRD)",T3,TMN,1990,81.5588080217165
"Middle East, North Africa, Afghanistan & Pakistan (IDA & IBRD)",T3,TMN,1989,NA
"Middle East, North Africa, Afghanistan & Pakistan (IDA & IBRD)",T3,TMN,1988,NA
"Middle East, North Africa, Afghanistan & Pakistan (IDA & IBRD)",T3,TMN,1987,NA
"Middle East, North Africa, Afghanistan & Pakistan (IDA & IBRD)",T3,TMN,1986,NA
"Middle East, North Africa, Afghanistan & Pakistan (IDA & IBRD)",T3,TMN,1985,NA
"Middle East, North Africa, Afghanistan & Pakistan (IDA & IBRD)",T3,TMN,1984,NA
"Middle East, North Africa, Afghanistan & Pakistan (IDA & IBRD)",T3,TMN,1983,NA
"Middle East, North Africa, Afghanistan & Pakistan (IDA & IBRD)",T3,TMN,1982,NA
"Middle East, North Africa, Afghanistan & Pakistan (IDA & IBRD)",T3,TMN,1981,NA
"Middle East, North Africa, Afghanistan & Pakistan (IDA & IBRD)",T3,TMN,1980,NA
"Middle East, North Africa, Afghanistan & Pakistan (IDA & IBRD)",T3,TMN,1979,NA
"Middle East, North Africa, Afghanistan & Pakistan (IDA & IBRD)",T3,TMN,1978,NA
"Middle East, North Africa, Afghanistan & Pakistan (IDA & IBRD)",T3,TMN,1977,NA
"Middle East, North Africa, Afghanistan & Pakistan (IDA & IBRD)",T3,TMN,1976,NA
"Middle East, North Africa, Afghanistan & Pakistan (IDA & IBRD)",T3,TMN,1975,NA
"Middle East, North Africa, Afghanistan & Pakistan (IDA & IBRD)",T3,TMN,1974,NA
"Middle East, North Africa, Afghanistan & Pakistan (IDA & IBRD)",T3,TMN,1973,NA
"Middle East, North Africa, Afghanistan & Pakistan (IDA & IBRD)",T3,TMN,1972,NA
"Middle East, North Africa, Afghanistan & Pakistan (IDA & IBRD)",T3,TMN,1971,NA
"Middle East, North Africa, Afghanistan & Pakistan (IDA & IBRD)",T3,TMN,1970,NA
"Middle East, North Africa, Afghanistan & Pakistan (IDA & IBRD)",T3,TMN,1969,NA
"Middle East, North Africa, Afghanistan & Pakistan (IDA & IBRD)",T3,TMN,1968,NA
"Middle East, North Africa, Afghanistan & Pakistan (IDA & IBRD)",T3,TMN,1967,NA
"Middle East, North Africa, Afghanistan & Pakistan (IDA & IBRD)",T3,TMN,1966,NA
"Middle East, North Africa, Afghanistan & Pakistan (IDA & IBRD)",T3,TMN,1965,NA
"Middle East, North Africa, Afghanistan & Pakistan (IDA & IBRD)",T3,TMN,1964,NA
"Middle East, North Africa, Afghanistan & Pakistan (IDA & IBRD)",T3,TMN,1963,NA
"Middle East, North Africa, Afghanistan & Pakistan (IDA & IBRD)",T3,TMN,1962,NA
"Middle East, North Africa, Afghanistan & Pakistan (IDA & IBRD)",T3,TMN,1961,NA
"Middle East, North Africa, Afghanistan & Pakistan (IDA & IBRD)",T3,TMN,1960,NA
Middle income,XP,MIC,2024,NA
Middle income,XP,MIC,2023,25.9715849560898
Middle income,XP,MIC,2022,26.5608532035754
Middle income,XP,MIC,2021,27.0537464985015
Middle income,XP,MIC,2020,27.5158032031332
Middle income,XP,MIC,2019,27.7715279952778
Middle income,XP,MIC,2018,28.4983758303748
Middle income,XP,MIC,2017,28.8424158534458
Middle income,XP,MIC,2016,29.8504061385382
Middle income,XP,MIC,2015,31.014492062429
Middle income,XP,MIC,2014,31.8230122251025
Middle income,XP,MIC,2013,33.1557376884851
Middle income,XP,MIC,2012,34.1613397622753
Middle income,XP,MIC,2011,35.8004327492746
Middle income,XP,MIC,2010,37.1560685846528
Middle income,XP,MIC,2009,38.4172913603105
Middle income,XP,MIC,2008,39.9798193609515
Middle income,XP,MIC,2007,41.435874609378
Middle income,XP,MIC,2006,43.0967069332935
Middle income,XP,MIC,2005,44.7980402731097
Middle income,XP,MIC,2004,46.6888646624735
Middle income,XP,MIC,2003,48.4696106147083
Middle income,XP,MIC,2002,50.2384893014314
Middle income,XP,MIC,2001,52.07617417802
Middle income,XP,MIC,2000,53.6819794636942
Middle income,XP,MIC,1999,55.5547514616457
Middle income,XP,MIC,1998,57.2109387631643
Middle income,XP,MIC,1997,58.7131025418135
Middle income,XP,MIC,1996,60.1795381241757
Middle income,XP,MIC,1995,61.5249579377155
Middle income,XP,MIC,1994,62.8328497589701
Middle income,XP,MIC,1993,63.9835287975754
Middle income,XP,MIC,1992,65.1432843936312
Middle income,XP,MIC,1991,66.1027383287084
Middle income,XP,MIC,1990,66.2919384272088
Middle income,XP,MIC,1989,NA
Middle income,XP,MIC,1988,NA
Middle income,XP,MIC,1987,NA
Middle income,XP,MIC,1986,NA
Middle income,XP,MIC,1985,NA
Middle income,XP,MIC,1984,NA
Middle income,XP,MIC,1983,NA
Middle income,XP,MIC,1982,NA
Middle income,XP,MIC,1981,NA
Middle income,XP,MIC,1980,NA
Middle income,XP,MIC,1979,NA
Middle income,XP,MIC,1978,NA
Middle income,XP,MIC,1977,NA
Middle income,XP,MIC,1976,NA
Middle income,XP,MIC,1975,NA
Middle income,XP,MIC,1974,NA
Middle income,XP,MIC,1973,NA
Middle income,XP,MIC,1972,NA
Middle income,XP,MIC,1971,NA
Middle income,XP,MIC,1970,NA
Middle income,XP,MIC,1969,NA
Middle income,XP,MIC,1968,NA
Middle income,XP,MIC,1967,NA
Middle income,XP,MIC,1966,NA
Middle income,XP,MIC,1965,NA
Middle income,XP,MIC,1964,NA
Middle income,XP,MIC,1963,NA
Middle income,XP,MIC,1962,NA
Middle income,XP,MIC,1961,NA
Middle income,XP,MIC,1960,NA
North America,XU,NAC,2024,NA
North America,XU,NAC,2023,5.4
North America,XU,NAC,2022,5.4
North America,XU,NAC,2021,5.4
North America,XU,NAC,2020,5.4
North America,XU,NAC,2019,5.4
North America,XU,NAC,2018,5.5
North America,XU,NAC,2017,5.5
North America,XU,NAC,2016,5.6
North America,XU,NAC,2015,5.7
North America,XU,NAC,2014,5.7
North America,XU,NAC,2013,5.8
North America,XU,NAC,2012,5.9
North America,XU,NAC,2011,6
North America,XU,NAC,2010,6.1
North America,XU,NAC,2009,6.2
North America,XU,NAC,2008,6.4
North America,XU,NAC,2007,6.5
North America,XU,NAC,2006,6.6
North America,XU,NAC,2005,6.6
North America,XU,NAC,2004,6.7
North America,XU,NAC,2003,6.8
North America,XU,NAC,2002,6.8
North America,XU,NAC,2001,6.9
North America,XU,NAC,2000,7
North America,XU,NAC,1999,7.1
North America,XU,NAC,1998,7.2
North America,XU,NAC,1997,7.3
North America,XU,NAC,1996,7.5
North America,XU,NAC,1995,7.7
North America,XU,NAC,1994,8
North America,XU,NAC,1993,8.3
North America,XU,NAC,1992,8.5
North America,XU,NAC,1991,8.9
North America,XU,NAC,1990,9.1
North America,XU,NAC,1989,NA
North America,XU,NAC,1988,NA
North America,XU,NAC,1987,NA
North America,XU,NAC,1986,NA
North America,XU,NAC,1985,NA
North America,XU,NAC,1984,NA
North America,XU,NAC,1983,NA
North America,XU,NAC,1982,NA
North America,XU,NAC,1981,NA
North America,XU,NAC,1980,NA
North America,XU,NAC,1979,NA
North America,XU,NAC,1978,NA
North America,XU,NAC,1977,NA
North America,XU,NAC,1976,NA
North America,XU,NAC,1975,NA
North America,XU,NAC,1974,NA
North America,XU,NAC,1973,NA
North America,XU,NAC,1972,NA
North America,XU,NAC,1971,NA
North America,XU,NAC,1970,NA
North America,XU,NAC,1969,NA
North America,XU,NAC,1968,NA
North America,XU,NAC,1967,NA
North America,XU,NAC,1966,NA
North America,XU,NAC,1965,NA
North America,XU,NAC,1964,NA
North America,XU,NAC,1963,NA
North America,XU,NAC,1962,NA
North America,XU,NAC,1961,NA
North America,XU,NAC,1960,NA
Not classified,XY,,2024,NA
Not classified,XY,,2023,NA
Not classified,XY,,2022,NA
Not classified,XY,,2021,NA
Not classified,XY,,2020,NA
Not classified,XY,,2019,NA
Not classified,XY,,2018,NA
Not classified,XY,,2017,NA
Not classified,XY,,2016,NA
Not classified,XY,,2015,NA
Not classified,XY,,2014,NA
Not classified,XY,,2013,NA
Not classified,XY,,2012,NA
Not classified,XY,,2011,NA
Not classified,XY,,2010,NA
Not classified,XY,,2009,NA
Not classified,XY,,2008,NA
Not classified,XY,,2007,NA
Not classified,XY,,2006,NA
Not classified,XY,,2005,NA
Not classified,XY,,2004,NA
Not classified,XY,,2003,NA
Not classified,XY,,2002,NA
Not classified,XY,,2001,NA
Not classified,XY,,2000,NA
Not classified,XY,,1999,NA
Not classified,XY,,1998,NA
Not classified,XY,,1997,NA
Not classified,XY,,1996,NA
Not classified,XY,,1995,NA
Not classified,XY,,1994,NA
Not classified,XY,,1993,NA
Not classified,XY,,1992,NA
Not classified,XY,,1991,NA
Not classified,XY,,1990,NA
Not classified,XY,,1989,NA
Not classified,XY,,1988,NA
Not classified,XY,,1987,NA
Not classified,XY,,1986,NA
Not classified,XY,,1985,NA
Not classified,XY,,1984,NA
Not classified,XY,,1983,NA
Not classified,XY,,1982,NA
Not classified,XY,,1981,NA
Not classified,XY,,1980,NA
Not classified,XY,,1979,NA
Not classified,XY,,1978,NA
Not classified,XY,,1977,NA
Not classified,XY,,1976,NA
Not classified,XY,,1975,NA
Not classified,XY,,1974,NA
Not classified,XY,,1973,NA
Not classified,XY,,1972,NA
Not classified,XY,,1971,NA
Not classified,XY,,1970,NA
Not classified,XY,,1969,NA
Not classified,XY,,1968,NA
Not classified,XY,,1967,NA
Not classified,XY,,1966,NA
Not classified,XY,,1965,NA
Not classified,XY,,1964,NA
Not classified,XY,,1963,NA
Not classified,XY,,1962,NA
Not classified,XY,,1961,NA
Not classified,XY,,1960,NA
OECD members,OE,OED,2024,NA
OECD members,OE,OED,2023,5.75600195308485
OECD members,OE,OED,2022,5.71264898693856
OECD members,OE,OED,2021,5.80134634820117
OECD members,OE,OED,2020,5.9047844584081
OECD members,OE,OED,2019,6.00859311233872
OECD members,OE,OED,2018,6.14074210688119
OECD members,OE,OED,2017,6.23747148462924
OECD members,OE,OED,2016,6.39539325628312
OECD members,OE,OED,2015,6.58736077281296
OECD members,OE,OED,2014,6.75271598983656
OECD members,OE,OED,2013,6.96527131788814
OECD members,OE,OED,2012,7.12061597635021
OECD members,OE,OED,2011,7.33706463704323
OECD members,OE,OED,2010,7.55493094357476
OECD members,OE,OED,2009,7.85783003232234
OECD members,OE,OED,2008,8.11432144392982
OECD members,OE,OED,2007,8.43197789947464
OECD members,OE,OED,2006,8.78241932057637
OECD members,OE,OED,2005,9.18771965547091
OECD members,OE,OED,2004,9.53244239532772
OECD members,OE,OED,2003,9.9553508029092
OECD members,OE,OED,2002,10.4183995742779
OECD members,OE,OED,2001,10.8759627751955
OECD members,OE,OED,2000,11.347868201331
OECD members,OE,OED,1999,12.0200750189681
OECD members,OE,OED,1998,12.625844034917
OECD members,OE,OED,1997,13.233386818755701
OECD members,OE,OED,1996,13.8863436615836
OECD members,OE,OED,1995,14.6349180087051
OECD members,OE,OED,1994,15.3204921191017
OECD members,OE,OED,1993,16.0252492969208
OECD members,OE,OED,1992,16.6475118804382
OECD members,OE,OED,1991,17.3920631680892
OECD members,OE,OED,1990,18.1613968079166
OECD members,OE,OED,1989,NA
OECD members,OE,OED,1988,NA
OECD members,OE,OED,1987,NA
OECD members,OE,OED,1986,NA
OECD members,OE,OED,1985,NA
OECD members,OE,OED,1984,NA
OECD members,OE,OED,1983,NA
OECD members,OE,OED,1982,NA
OECD members,OE,OED,1981,NA
OECD members,OE,OED,1980,NA
OECD members,OE,OED,1979,NA
OECD members,OE,OED,1978,NA
OECD members,OE,OED,1977,NA
OECD members,OE,OED,1976,NA
OECD members,OE,OED,1975,NA
OECD members,OE,OED,1974,NA
OECD members,OE,OED,1973,NA
OECD members,OE,OED,1972,NA
OECD members,OE,OED,1971,NA
OECD members,OE,OED,1970,NA
OECD members,OE,OED,1969,NA
OECD members,OE,OED,1968,NA
OECD members,OE,OED,1967,NA
OECD members,OE,OED,1966,NA
OECD members,OE,OED,1965,NA
OECD members,OE,OED,1964,NA
OECD members,OE,OED,1963,NA
OECD members,OE,OED,1962,NA
OECD members,OE,OED,1961,NA
OECD members,OE,OED,1960,NA
Other small states,S4,OSS,2024,NA
Other small states,S4,OSS,2023,25.2193205602151
Other small states,S4,OSS,2022,25.8597399999
Other small states,S4,OSS,2021,26.2418277256097
Other small states,S4,OSS,2020,26.9765261074745
Other small states,S4,OSS,2019,27.6233969304904
Other small states,S4,OSS,2018,28.1212584629571
Other small states,S4,OSS,2017,29.0600093221724
Other small states,S4,OSS,2016,29.6168969010671
Other small states,S4,OSS,2015,30.849368691028
Other small states,S4,OSS,2014,32.0008352778217
Other small states,S4,OSS,2013,32.6941814963842
Other small states,S4,OSS,2012,33.291850303347
Other small states,S4,OSS,2011,34.1204269092027
Other small states,S4,OSS,2010,35.4569895124805
Other small states,S4,OSS,2009,36.8702130499786
Other small states,S4,OSS,2008,38.4047590407071
Other small states,S4,OSS,2007,39.3856734695711
Other small states,S4,OSS,2006,40.5989948681809
Other small states,S4,OSS,2005,43.4070076509437
Other small states,S4,OSS,2004,44.925004384604
Other small states,S4,OSS,2003,46.4569838572259
Other small states,S4,OSS,2002,47.5432356529022
Other small states,S4,OSS,2001,48.5168616065257
Other small states,S4,OSS,2000,49.0951909333186
Other small states,S4,OSS,1999,59.4647472740917
Other small states,S4,OSS,1998,59.3028486705017
Other small states,S4,OSS,1997,59.2464228569408
Other small states,S4,OSS,1996,60.0621548308442
Other small states,S4,OSS,1995,61.1627709451947
Other small states,S4,OSS,1994,60.9951028542363
Other small states,S4,OSS,1993,61.4101347715538
Other small states,S4,OSS,1992,62.2354051476089
Other small states,S4,OSS,1991,63.7617031985907
Other small states,S4,OSS,1990,64.364827865111
Other small states,S4,OSS,1989,NA
Other small states,S4,OSS,1988,NA
Other small states,S4,OSS,1987,NA
Other small states,S4,OSS,1986,NA
Other small states,S4,OSS,1985,NA
Other small states,S4,OSS,1984,NA
Other small states,S4,OSS,1983,NA
Other small states,S4,OSS,1982,NA
Other small states,S4,OSS,1981,NA
Other small states,S4,OSS,1980,NA
Other small states,S4,OSS,1979,NA
Other small states,S4,OSS,1978,NA
Other small states,S4,OSS,1977,NA
Other small states,S4,OSS,1976,NA
Other small states,S4,OSS,1975,NA
Other small states,S4,OSS,1974,NA
Other small states,S4,OSS,1973,NA
Other small states,S4,OSS,1972,NA
Other small states,S4,OSS,1971,NA
Other small states,S4,OSS,1970,NA
Other small states,S4,OSS,1969,NA
Other small states,S4,OSS,1968,NA
Other small states,S4,OSS,1967,NA
Other small states,S4,OSS,1966,NA
Other small states,S4,OSS,1965,NA
Other small states,S4,OSS,1964,NA
Other small states,S4,OSS,1963,NA
Other small states,S4,OSS,1962,NA
Other small states,S4,OSS,1961,NA
Other small states,S4,OSS,1960,NA
Pacific island small states,S2,PSS,2024,NA
Pacific island small states,S2,PSS,2023,18.9596956716322
Pacific island small states,S2,PSS,2022,19.2214754830071
Pacific island small states,S2,PSS,2021,19.3875368754956
Pacific island small states,S2,PSS,2020,19.4172902530281
Pacific island small states,S2,PSS,2019,19.3966172462147
Pacific island small states,S2,PSS,2018,19.1626971843097
Pacific island small states,S2,PSS,2017,19.0265294711501
Pacific island small states,S2,PSS,2016,18.9049921468387
Pacific island small states,S2,PSS,2015,18.8068440189626
Pacific island small states,S2,PSS,2014,18.8996947618682
Pacific island small states,S2,PSS,2013,19.0688639985148
Pacific island small states,S2,PSS,2012,19.3558894624394
Pacific island small states,S2,PSS,2011,19.699677885673
Pacific island small states,S2,PSS,2010,20.029668629525
Pacific island small states,S2,PSS,2009,20.5331514950271
Pacific island small states,S2,PSS,2008,20.6521981856246
Pacific island small states,S2,PSS,2007,20.8492293209089
Pacific island small states,S2,PSS,2006,20.9897877813505
Pacific island small states,S2,PSS,2005,21.0340244990671
Pacific island small states,S2,PSS,2004,21.1119730378156
Pacific island small states,S2,PSS,2003,21.1441872292952
Pacific island small states,S2,PSS,2002,21.4532240509252
Pacific island small states,S2,PSS,2001,21.6085668362359
Pacific island small states,S2,PSS,2000,21.9112459425718
Pacific island small states,S2,PSS,1999,22.2535419687047
Pacific island small states,S2,PSS,1998,22.6487638988447
Pacific island small states,S2,PSS,1997,23.092821538718
Pacific island small states,S2,PSS,1996,23.5136997675191
Pacific island small states,S2,PSS,1995,24.0671055478802
Pacific island small states,S2,PSS,1994,24.648116630164
Pacific island small states,S2,PSS,1993,25.3325114323523
Pacific island small states,S2,PSS,1992,26.1112676529361
Pacific island small states,S2,PSS,1991,26.912241440051
Pacific island small states,S2,PSS,1990,27.8138021926364
Pacific island small states,S2,PSS,1989,NA
Pacific island small states,S2,PSS,1988,NA
Pacific island small states,S2,PSS,1987,NA
Pacific island small states,S2,PSS,1986,NA
Pacific island small states,S2,PSS,1985,NA
Pacific island small states,S2,PSS,1984,NA
Pacific island small states,S2,PSS,1983,NA
Pacific island small states,S2,PSS,1982,NA
Pacific island small states,S2,PSS,1981,NA
Pacific island small states,S2,PSS,1980,NA
Pacific island small states,S2,PSS,1979,NA
Pacific island small states,S2,PSS,1978,NA
Pacific island small states,S2,PSS,1977,NA
Pacific island small states,S2,PSS,1976,NA
Pacific island small states,S2,PSS,1975,NA
Pacific island small states,S2,PSS,1974,NA
Pacific island small states,S2,PSS,1973,NA
Pacific island small states,S2,PSS,1972,NA
Pacific island small states,S2,PSS,1971,NA
Pacific island small states,S2,PSS,1970,NA
Pacific island small states,S2,PSS,1969,NA
Pacific island small states,S2,PSS,1968,NA
Pacific island small states,S2,PSS,1967,NA
Pacific island small states,S2,PSS,1966,NA
Pacific island small states,S2,PSS,1965,NA
Pacific island small states,S2,PSS,1964,NA
Pacific island small states,S2,PSS,1963,NA
Pacific island small states,S2,PSS,1962,NA
Pacific island small states,S2,PSS,1961,NA
Pacific island small states,S2,PSS,1960,NA
Post-demographic dividend,V4,PST,2024,NA
Post-demographic dividend,V4,PST,2023,4.07979128956356
Post-demographic dividend,V4,PST,2022,4.09082593379732
Post-demographic dividend,V4,PST,2021,4.09641477391411
Post-demographic dividend,V4,PST,2020,4.10139169008525
Post-demographic dividend,V4,PST,2019,4.1220030933533
Post-demographic dividend,V4,PST,2018,4.18888249540161
Post-demographic dividend,V4,PST,2017,4.21335019048368
Post-demographic dividend,V4,PST,2016,4.28373268861762
Post-demographic dividend,V4,PST,2015,4.36023997668223
Post-demographic dividend,V4,PST,2014,4.4097452522303
Post-demographic dividend,V4,PST,2013,4.50263686637708
Post-demographic dividend,V4,PST,2012,4.57899222200574
Post-demographic dividend,V4,PST,2011,4.6807466658976
Post-demographic dividend,V4,PST,2010,4.7919235293189
Post-demographic dividend,V4,PST,2009,4.95408000289414
Post-demographic dividend,V4,PST,2008,5.08973853247444
Post-demographic dividend,V4,PST,2007,5.20515933205454
Post-demographic dividend,V4,PST,2006,5.32887333193992
Post-demographic dividend,V4,PST,2005,5.43247240372577
Post-demographic dividend,V4,PST,2004,5.51836143075822
Post-demographic dividend,V4,PST,2003,5.66168479243436
Post-demographic dividend,V4,PST,2002,5.78835332462193
Post-demographic dividend,V4,PST,2001,5.8865628877348
Post-demographic dividend,V4,PST,2000,6.05874316335672
Post-demographic dividend,V4,PST,1999,6.23658297170722
Post-demographic dividend,V4,PST,1998,6.45409144092506
Post-demographic dividend,V4,PST,1997,6.69253615384668
Post-demographic dividend,V4,PST,1996,6.96229620632883
Post-demographic dividend,V4,PST,1995,7.2701293988132
Post-demographic dividend,V4,PST,1994,7.59147138952546
Post-demographic dividend,V4,PST,1993,8.02644069110116
Post-demographic dividend,V4,PST,1992,8.40617337649725
Post-demographic dividend,V4,PST,1991,8.68499791675278
Post-demographic dividend,V4,PST,1990,9.03249586664736
Post-demographic dividend,V4,PST,1989,NA
Post-demographic dividend,V4,PST,1988,NA
Post-demographic dividend,V4,PST,1987,NA
Post-demographic dividend,V4,PST,1986,NA
Post-demographic dividend,V4,PST,1985,NA
Post-demographic dividend,V4,PST,1984,NA
Post-demographic dividend,V4,PST,1983,NA
Post-demographic dividend,V4,PST,1982,NA
Post-demographic dividend,V4,PST,1981,NA
Post-demographic dividend,V4,PST,1980,NA
Post-demographic dividend,V4,PST,1979,NA
Post-demographic dividend,V4,PST,1978,NA
Post-demographic dividend,V4,PST,1977,NA
Post-demographic dividend,V4,PST,1976,NA
Post-demographic dividend,V4,PST,1975,NA
Post-demographic dividend,V4,PST,1974,NA
Post-demographic dividend,V4,PST,1973,NA
Post-demographic dividend,V4,PST,1972,NA
Post-demographic dividend,V4,PST,1971,NA
Post-demographic dividend,V4,PST,1970,NA
Post-demographic dividend,V4,PST,1969,NA
Post-demographic dividend,V4,PST,1968,NA
Post-demographic dividend,V4,PST,1967,NA
Post-demographic dividend,V4,PST,1966,NA
Post-demographic dividend,V4,PST,1965,NA
Post-demographic dividend,V4,PST,1964,NA
Post-demographic dividend,V4,PST,1963,NA
Post-demographic dividend,V4,PST,1962,NA
Post-demographic dividend,V4,PST,1961,NA
Post-demographic dividend,V4,PST,1960,NA
Pre-demographic dividend,V1,PRE,2024,NA
Pre-demographic dividend,V1,PRE,2023,45.9338672007582
Pre-demographic dividend,V1,PRE,2022,48.4289891841862
Pre-demographic dividend,V1,PRE,2021,48.6301223757596
Pre-demographic dividend,V1,PRE,2020,49.7186076410923
Pre-demographic dividend,V1,PRE,2019,51.2817838109435
Pre-demographic dividend,V1,PRE,2018,52.5555184092646
Pre-demographic dividend,V1,PRE,2017,54.9964859347697
Pre-demographic dividend,V1,PRE,2016,55.9338259946456
Pre-demographic dividend,V1,PRE,2015,57.0223617036034
Pre-demographic dividend,V1,PRE,2014,58.1058315241343
Pre-demographic dividend,V1,PRE,2013,58.679784521772
Pre-demographic dividend,V1,PRE,2012,60.437904868291
Pre-demographic dividend,V1,PRE,2011,63.9413567476982
Pre-demographic dividend,V1,PRE,2010,63.766995322238
Pre-demographic dividend,V1,PRE,2009,66.2768579661118
Pre-demographic dividend,V1,PRE,2008,67.4038379756145
Pre-demographic dividend,V1,PRE,2007,69.7370079453067
Pre-demographic dividend,V1,PRE,2006,72.2925909642189
Pre-demographic dividend,V1,PRE,2005,75.3125779431962
Pre-demographic dividend,V1,PRE,2004,78.2903266538427
Pre-demographic dividend,V1,PRE,2003,81.1692633449644
Pre-demographic dividend,V1,PRE,2002,84.2406659780374
Pre-demographic dividend,V1,PRE,2001,87.3162279852982
Pre-demographic dividend,V1,PRE,2000,90.2157633697868
Pre-demographic dividend,V1,PRE,1999,92.9142575671378
Pre-demographic dividend,V1,PRE,1998,96.4947037188338
Pre-demographic dividend,V1,PRE,1997,97.2637514176286
Pre-demographic dividend,V1,PRE,1996,98.9156317666133
Pre-demographic dividend,V1,PRE,1995,100.221539876047
Pre-demographic dividend,V1,PRE,1994,101.197170819488
Pre-demographic dividend,V1,PRE,1993,102.461818588917
Pre-demographic dividend,V1,PRE,1992,105.977948090817
Pre-demographic dividend,V1,PRE,1991,106.777787447855
Pre-demographic dividend,V1,PRE,1990,104.914365307894
Pre-demographic dividend,V1,PRE,1989,NA
Pre-demographic dividend,V1,PRE,1988,NA
Pre-demographic dividend,V1,PRE,1987,NA
Pre-demographic dividend,V1,PRE,1986,NA
Pre-demographic dividend,V1,PRE,1985,NA
Pre-demographic dividend,V1,PRE,1984,NA
Pre-demographic dividend,V1,PRE,1983,NA
Pre-demographic dividend,V1,PRE,1982,NA
Pre-demographic dividend,V1,PRE,1981,NA
Pre-demographic dividend,V1,PRE,1980,NA
Pre-demographic dividend,V1,PRE,1979,NA
Pre-demographic dividend,V1,PRE,1978,NA
Pre-demographic dividend,V1,PRE,1977,NA
Pre-demographic dividend,V1,PRE,1976,NA
Pre-demographic dividend,V1,PRE,1975,NA
Pre-demographic dividend,V1,PRE,1974,NA
Pre-demographic dividend,V1,PRE,1973,NA
Pre-demographic dividend,V1,PRE,1972,NA
Pre-demographic dividend,V1,PRE,1971,NA
Pre-demographic dividend,V1,PRE,1970,NA
Pre-demographic dividend,V1,PRE,1969,NA
Pre-demographic dividend,V1,PRE,1968,NA
Pre-demographic dividend,V1,PRE,1967,NA
Pre-demographic dividend,V1,PRE,1966,NA
Pre-demographic dividend,V1,PRE,1965,NA
Pre-demographic dividend,V1,PRE,1964,NA
Pre-demographic dividend,V1,PRE,1963,NA
Pre-demographic dividend,V1,PRE,1962,NA
Pre-demographic dividend,V1,PRE,1961,NA
Pre-demographic dividend,V1,PRE,1960,NA
Small states,S1,SST,2024,NA
Small states,S1,SST,2023,22.3309013559083
Small states,S1,SST,2022,22.8784198884606
Small states,S1,SST,2021,23.263921314831
Small states,S1,SST,2020,23.783960174342
Small states,S1,SST,2019,24.2966545368129
Small states,S1,SST,2018,24.5769721875905
Small states,S1,SST,2017,25.2222340627973
Small states,S1,SST,2016,25.6454118109054
Small states,S1,SST,2015,26.4504813165448
Small states,S1,SST,2014,27.2786236864527
Small states,S1,SST,2013,27.8536569015407
Small states,S1,SST,2012,28.4011124060942
Small states,S1,SST,2011,29.0778668834354
Small states,S1,SST,2010,30.061117276068
Small states,S1,SST,2009,31.0947209498637
Small states,S1,SST,2008,32.1482333643658
Small states,S1,SST,2007,32.8594981858949
Small states,S1,SST,2006,33.7113643501279
Small states,S1,SST,2005,35.5711590546142
Small states,S1,SST,2004,36.6400382164891
Small states,S1,SST,2003,37.6556699559101
Small states,S1,SST,2002,38.4030152587133
Small states,S1,SST,2001,39.0210054193374
Small states,S1,SST,2000,39.5218655773604
Small states,S1,SST,1999,46.3633596490749
Small states,S1,SST,1998,46.4055786369666
Small states,S1,SST,1997,46.5345302261391
Small states,S1,SST,1996,47.2991048356585
Small states,S1,SST,1995,48.2170270758506
Small states,S1,SST,1994,48.5637551887148
Small states,S1,SST,1993,49.1136398003932
Small states,S1,SST,1992,50.1101441541634
Small states,S1,SST,1991,51.2545774603834
Small states,S1,SST,1990,51.8438449664212
Small states,S1,SST,1989,NA
Small states,S1,SST,1988,NA
Small states,S1,SST,1987,NA
Small states,S1,SST,1986,NA
Small states,S1,SST,1985,NA
Small states,S1,SST,1984,NA
Small states,S1,SST,1983,NA
Small states,S1,SST,1982,NA
Small states,S1,SST,1981,NA
Small states,S1,SST,1980,NA
Small states,S1,SST,1979,NA
Small states,S1,SST,1978,NA
Small states,S1,SST,1977,NA
Small states,S1,SST,1976,NA
Small states,S1,SST,1975,NA
Small states,S1,SST,1974,NA
Small states,S1,SST,1973,NA
Small states,S1,SST,1972,NA
Small states,S1,SST,1971,NA
Small states,S1,SST,1970,NA
Small states,S1,SST,1969,NA
Small states,S1,SST,1968,NA
Small states,S1,SST,1967,NA
Small states,S1,SST,1966,NA
Small states,S1,SST,1965,NA
Small states,S1,SST,1964,NA
Small states,S1,SST,1963,NA
Small states,S1,SST,1962,NA
Small states,S1,SST,1961,NA
Small states,S1,SST,1960,NA
South Asia,8S,SAS,2024,NA
South Asia,8S,SAS,2023,30.2
South Asia,8S,SAS,2022,31.3
South Asia,8S,SAS,2021,32.5
South Asia,8S,SAS,2020,33.7
South Asia,8S,SAS,2019,35.1
South Asia,8S,SAS,2018,36.5
South Asia,8S,SAS,2017,38.1
South Asia,8S,SAS,2016,39.7
South Asia,8S,SAS,2015,41.6
South Asia,8S,SAS,2014,43.4
South Asia,8S,SAS,2013,45.2
South Asia,8S,SAS,2012,47.1
South Asia,8S,SAS,2011,49
South Asia,8S,SAS,2010,50.8
South Asia,8S,SAS,2009,52.6
South Asia,8S,SAS,2008,54.4
South Asia,8S,SAS,2007,56.1
South Asia,8S,SAS,2006,57.9
South Asia,8S,SAS,2005,59.6
South Asia,8S,SAS,2004,61.4
South Asia,8S,SAS,2003,63.2
South Asia,8S,SAS,2002,65.1
South Asia,8S,SAS,2001,67.2
South Asia,8S,SAS,2000,69.3
South Asia,8S,SAS,1999,71.5
South Asia,8S,SAS,1998,73.7
South Asia,8S,SAS,1997,75.8
South Asia,8S,SAS,1996,77.9
South Asia,8S,SAS,1995,80
South Asia,8S,SAS,1994,82
South Asia,8S,SAS,1993,83.9
South Asia,8S,SAS,1992,85.8
South Asia,8S,SAS,1991,87.8
South Asia,8S,SAS,1990,89.9
South Asia,8S,SAS,1989,NA
South Asia,8S,SAS,1988,NA
South Asia,8S,SAS,1987,NA
South Asia,8S,SAS,1986,NA
South Asia,8S,SAS,1985,NA
South Asia,8S,SAS,1984,NA
South Asia,8S,SAS,1983,NA
South Asia,8S,SAS,1982,NA
South Asia,8S,SAS,1981,NA
South Asia,8S,SAS,1980,NA
South Asia,8S,SAS,1979,NA
South Asia,8S,SAS,1978,NA
South Asia,8S,SAS,1977,NA
South Asia,8S,SAS,1976,NA
South Asia,8S,SAS,1975,NA
South Asia,8S,SAS,1974,NA
South Asia,8S,SAS,1973,NA
South Asia,8S,SAS,1972,NA
South Asia,8S,SAS,1971,NA
South Asia,8S,SAS,1970,NA
South Asia,8S,SAS,1969,NA
South Asia,8S,SAS,1968,NA
South Asia,8S,SAS,1967,NA
South Asia,8S,SAS,1966,NA
South Asia,8S,SAS,1965,NA
South Asia,8S,SAS,1964,NA
South Asia,8S,SAS,1963,NA
South Asia,8S,SAS,1962,NA
South Asia,8S,SAS,1961,NA
South Asia,8S,SAS,1960,NA
South Asia (IDA & IBRD),T5,TSA,2024,NA
South Asia (IDA & IBRD),T5,TSA,2023,24.2308945172015
South Asia (IDA & IBRD),T5,TSA,2022,25.1760759188118
South Asia (IDA & IBRD),T5,TSA,2021,26.2233648576991
South Asia (IDA & IBRD),T5,TSA,2020,27.4829630315707
South Asia (IDA & IBRD),T5,TSA,2019,28.8626379125237
South Asia (IDA & IBRD),T5,TSA,2018,30.3752175594854
South Asia (IDA & IBRD),T5,TSA,2017,31.9802653204503
South Asia (IDA & IBRD),T5,TSA,2016,33.6197647177214
South Asia (IDA & IBRD),T5,TSA,2015,35.4324201369112
South Asia (IDA & IBRD),T5,TSA,2014,37.2409278032834
South Asia (IDA & IBRD),T5,TSA,2013,39.1657963340536
South Asia (IDA & IBRD),T5,TSA,2012,41.0933352819563
South Asia (IDA & IBRD),T5,TSA,2011,43.0875530690447
South Asia (IDA & IBRD),T5,TSA,2010,45.0794863977843
South Asia (IDA & IBRD),T5,TSA,2009,47.0155706124186
South Asia (IDA & IBRD),T5,TSA,2008,48.9575720604333
South Asia (IDA & IBRD),T5,TSA,2007,50.8791672922026
South Asia (IDA & IBRD),T5,TSA,2006,52.8596845975647
South Asia (IDA & IBRD),T5,TSA,2005,54.7759834779257
South Asia (IDA & IBRD),T5,TSA,2004,56.780714876981
South Asia (IDA & IBRD),T5,TSA,2003,58.6826930664413
South Asia (IDA & IBRD),T5,TSA,2002,60.6786103019274
South Asia (IDA & IBRD),T5,TSA,2001,62.7243247795815
South Asia (IDA & IBRD),T5,TSA,2000,64.8831302416243
South Asia (IDA & IBRD),T5,TSA,1999,67.0045928431559
South Asia (IDA & IBRD),T5,TSA,1998,69.22344499933
South Asia (IDA & IBRD),T5,TSA,1997,71.2543436329934
South Asia (IDA & IBRD),T5,TSA,1996,73.298153305218
South Asia (IDA & IBRD),T5,TSA,1995,75.3303933545799
South Asia (IDA & IBRD),T5,TSA,1994,77.2965392343461
South Asia (IDA & IBRD),T5,TSA,1993,79.1873914250356
South Asia (IDA & IBRD),T5,TSA,1992,81.1727017014835
South Asia (IDA & IBRD),T5,TSA,1991,83.245337882945
South Asia (IDA & IBRD),T5,TSA,1990,85.4175395602239
South Asia (IDA & IBRD),T5,TSA,1989,NA
South Asia (IDA & IBRD),T5,TSA,1988,NA
South Asia (IDA & IBRD),T5,TSA,1987,NA
South Asia (IDA & IBRD),T5,TSA,1986,NA
South Asia (IDA & IBRD),T5,TSA,1985,NA
South Asia (IDA & IBRD),T5,TSA,1984,NA
South Asia (IDA & IBRD),T5,TSA,1983,NA
South Asia (IDA & IBRD),T5,TSA,1982,NA
South Asia (IDA & IBRD),T5,TSA,1981,NA
South Asia (IDA & IBRD),T5,TSA,1980,NA
South Asia (IDA & IBRD),T5,TSA,1979,NA
South Asia (IDA & IBRD),T5,TSA,1978,NA
South Asia (IDA & IBRD),T5,TSA,1977,NA
South Asia (IDA & IBRD),T5,TSA,1976,NA
South Asia (IDA & IBRD),T5,TSA,1975,NA
South Asia (IDA & IBRD),T5,TSA,1974,NA
South Asia (IDA & IBRD),T5,TSA,1973,NA
South Asia (IDA & IBRD),T5,TSA,1972,NA
South Asia (IDA & IBRD),T5,TSA,1971,NA
South Asia (IDA & IBRD),T5,TSA,1970,NA
South Asia (IDA & IBRD),T5,TSA,1969,NA
South Asia (IDA & IBRD),T5,TSA,1968,NA
South Asia (IDA & IBRD),T5,TSA,1967,NA
South Asia (IDA & IBRD),T5,TSA,1966,NA
South Asia (IDA & IBRD),T5,TSA,1965,NA
South Asia (IDA & IBRD),T5,TSA,1964,NA
South Asia (IDA & IBRD),T5,TSA,1963,NA
South Asia (IDA & IBRD),T5,TSA,1962,NA
South Asia (IDA & IBRD),T5,TSA,1961,NA
South Asia (IDA & IBRD),T5,TSA,1960,NA
Sub-Saharan Africa,ZG,SSF,2024,NA
Sub-Saharan Africa,ZG,SSF,2023,44.2
Sub-Saharan Africa,ZG,SSF,2022,46.5
Sub-Saharan Africa,ZG,SSF,2021,46.8
Sub-Saharan Africa,ZG,SSF,2020,47.8
Sub-Saharan Africa,ZG,SSF,2019,49.4
Sub-Saharan Africa,ZG,SSF,2018,50.6
Sub-Saharan Africa,ZG,SSF,2017,53
Sub-Saharan Africa,ZG,SSF,2016,54
Sub-Saharan Africa,ZG,SSF,2015,55.2
Sub-Saharan Africa,ZG,SSF,2014,56.4
Sub-Saharan Africa,ZG,SSF,2013,57.1
Sub-Saharan Africa,ZG,SSF,2012,58.9
Sub-Saharan Africa,ZG,SSF,2011,62.2
Sub-Saharan Africa,ZG,SSF,2010,62.3
Sub-Saharan Africa,ZG,SSF,2009,64.7
Sub-Saharan Africa,ZG,SSF,2008,65.9
Sub-Saharan Africa,ZG,SSF,2007,68.3
Sub-Saharan Africa,ZG,SSF,2006,70.9
Sub-Saharan Africa,ZG,SSF,2005,73.8
Sub-Saharan Africa,ZG,SSF,2004,76.8
Sub-Saharan Africa,ZG,SSF,2003,79.6
Sub-Saharan Africa,ZG,SSF,2002,82.6
Sub-Saharan Africa,ZG,SSF,2001,85.7
Sub-Saharan Africa,ZG,SSF,2000,88.5
Sub-Saharan Africa,ZG,SSF,1999,91
Sub-Saharan Africa,ZG,SSF,1998,94.4
Sub-Saharan Africa,ZG,SSF,1997,95.3
Sub-Saharan Africa,ZG,SSF,1996,96.9
Sub-Saharan Africa,ZG,SSF,1995,98.2
Sub-Saharan Africa,ZG,SSF,1994,100.6
Sub-Saharan Africa,ZG,SSF,1993,100.4
Sub-Saharan Africa,ZG,SSF,1992,103.4
Sub-Saharan Africa,ZG,SSF,1991,104
Sub-Saharan Africa,ZG,SSF,1990,102.4
Sub-Saharan Africa,ZG,SSF,1989,NA
Sub-Saharan Africa,ZG,SSF,1988,NA
Sub-Saharan Africa,ZG,SSF,1987,NA
Sub-Saharan Africa,ZG,SSF,1986,NA
Sub-Saharan Africa,ZG,SSF,1985,NA
Sub-Saharan Africa,ZG,SSF,1984,NA
Sub-Saharan Africa,ZG,SSF,1983,NA
Sub-Saharan Africa,ZG,SSF,1982,NA
Sub-Saharan Africa,ZG,SSF,1981,NA
Sub-Saharan Africa,ZG,SSF,1980,NA
Sub-Saharan Africa,ZG,SSF,1979,NA
Sub-Saharan Africa,ZG,SSF,1978,NA
Sub-Saharan Africa,ZG,SSF,1977,NA
Sub-Saharan Africa,ZG,SSF,1976,NA
Sub-Saharan Africa,ZG,SSF,1975,NA
Sub-Saharan Africa,ZG,SSF,1974,NA
Sub-Saharan Africa,ZG,SSF,1973,NA
Sub-Saharan Africa,ZG,SSF,1972,NA
Sub-Saharan Africa,ZG,SSF,1971,NA
Sub-Saharan Africa,ZG,SSF,1970,NA
Sub-Saharan Africa,ZG,SSF,1969,NA
Sub-Saharan Africa,ZG,SSF,1968,NA
Sub-Saharan Africa,ZG,SSF,1967,NA
Sub-Saharan Africa,ZG,SSF,1966,NA
Sub-Saharan Africa,ZG,SSF,1965,NA
Sub-Saharan Africa,ZG,SSF,1964,NA
Sub-Saharan Africa,ZG,SSF,1963,NA
Sub-Saharan Africa,ZG,SSF,1962,NA
Sub-Saharan Africa,ZG,SSF,1961,NA
Sub-Saharan Africa,ZG,SSF,1960,NA
Sub-Saharan Africa (excluding high income),ZF,SSA,2024,NA
Sub-Saharan Africa (excluding high income),ZF,SSA,2023,45.1384280693628
Sub-Saharan Africa (excluding high income),ZF,SSA,2022,47.5482911880344
Sub-Saharan Africa (excluding high income),ZF,SSA,2021,47.709939341088
Sub-Saharan Africa (excluding high income),ZF,SSA,2020,48.7492824815544
Sub-Saharan Africa (excluding high income),ZF,SSA,2019,50.2721929589089
Sub-Saharan Africa (excluding high income),ZF,SSA,2018,51.5133747061561
Sub-Saharan Africa (excluding high income),ZF,SSA,2017,53.920118144772204
Sub-Saharan Africa (excluding high income),ZF,SSA,2016,54.8534102683566
Sub-Saharan Africa (excluding high income),ZF,SSA,2015,55.9413198513661
Sub-Saharan Africa (excluding high income),ZF,SSA,2014,57.0257808107354
Sub-Saharan Africa (excluding high income),ZF,SSA,2013,57.5947396584899
Sub-Saharan Africa (excluding high income),ZF,SSA,2012,59.3088684181765
Sub-Saharan Africa (excluding high income),ZF,SSA,2011,62.758802295882
Sub-Saharan Africa (excluding high income),ZF,SSA,2010,62.5761093694385
Sub-Saharan Africa (excluding high income),ZF,SSA,2009,65.0195378030184
Sub-Saharan Africa (excluding high income),ZF,SSA,2008,66.0659883560233
Sub-Saharan Africa (excluding high income),ZF,SSA,2007,68.4085591719437
Sub-Saharan Africa (excluding high income),ZF,SSA,2006,70.897093368331
Sub-Saharan Africa (excluding high income),ZF,SSA,2005,73.7864649580071
Sub-Saharan Africa (excluding high income),ZF,SSA,2004,76.6537219218397
Sub-Saharan Africa (excluding high income),ZF,SSA,2003,79.3749873512372
Sub-Saharan Africa (excluding high income),ZF,SSA,2002,82.3143268413328
Sub-Saharan Africa (excluding high income),ZF,SSA,2001,85.308708338381
Sub-Saharan Africa (excluding high income),ZF,SSA,2000,88.0119441647679
Sub-Saharan Africa (excluding high income),ZF,SSA,1999,90.4563323443628
Sub-Saharan Africa (excluding high income),ZF,SSA,1998,93.845733288198
Sub-Saharan Africa (excluding high income),ZF,SSA,1997,94.4297562204853
Sub-Saharan Africa (excluding high income),ZF,SSA,1996,95.733817669493
Sub-Saharan Africa (excluding high income),ZF,SSA,1995,96.7162753217911
Sub-Saharan Africa (excluding high income),ZF,SSA,1994,98.9444849569112
Sub-Saharan Africa (excluding high income),ZF,SSA,1993,98.2897315201842
Sub-Saharan Africa (excluding high income),ZF,SSA,1992,101.316744355674
Sub-Saharan Africa (excluding high income),ZF,SSA,1991,101.609173652089
Sub-Saharan Africa (excluding high income),ZF,SSA,1990,99.5453966125679
Sub-Saharan Africa (excluding high income),ZF,SSA,1989,NA
Sub-Saharan Africa (excluding high income),ZF,SSA,1988,NA
Sub-Saharan Africa (excluding high income),ZF,SSA,1987,NA
Sub-Saharan Africa (excluding high income),ZF,SSA,1986,NA
Sub-Saharan Africa (excluding high income),ZF,SSA,1985,NA
Sub-Saharan Africa (excluding high income),ZF,SSA,1984,NA
Sub-Saharan Africa (excluding high income),ZF,SSA,1983,NA
Sub-Saharan Africa (excluding high income),ZF,SSA,1982,NA
Sub-Saharan Africa (excluding high income),ZF,SSA,1981,NA
Sub-Saharan Africa (excluding high income),ZF,SSA,1980,NA
Sub-Saharan Africa (excluding high income),ZF,SSA,1979,NA
Sub-Saharan Africa (excluding high income),ZF,SSA,1978,NA
Sub-Saharan Africa (excluding high income),ZF,SSA,1977,NA
Sub-Saharan Africa (excluding high income),ZF,SSA,1976,NA
Sub-Saharan Africa (excluding high income),ZF,SSA,1975,NA
Sub-Saharan Africa (excluding high income),ZF,SSA,1974,NA
Sub-Saharan Africa (excluding high income),ZF,SSA,1973,NA
Sub-Saharan Africa (excluding high income),ZF,SSA,1972,NA
Sub-Saharan Africa (excluding high income),ZF,SSA,1971,NA
Sub-Saharan Africa (excluding high income),ZF,SSA,1970,NA
Sub-Saharan Africa (excluding high income),ZF,SSA,1969,NA
Sub-Saharan Africa (excluding high income),ZF,SSA,1968,NA
Sub-Saharan Africa (excluding high income),ZF,SSA,1967,NA
Sub-Saharan Africa (excluding high income),ZF,SSA,1966,NA
Sub-Saharan Africa (excluding high income),ZF,SSA,1965,NA
Sub-Saharan Africa (excluding high income),ZF,SSA,1964,NA
Sub-Saharan Africa (excluding high income),ZF,SSA,1963,NA
Sub-Saharan Africa (excluding high income),ZF,SSA,1962,NA
Sub-Saharan Africa (excluding high income),ZF,SSA,1961,NA
Sub-Saharan Africa (excluding high income),ZF,SSA,1960,NA
Sub-Saharan Africa (IDA & IBRD countries),T6,TSS,2024,NA
Sub-Saharan Africa (IDA & IBRD countries),T6,TSS,2023,44.209453036333
Sub-Saharan Africa (IDA & IBRD countries),T6,TSS,2022,46.5056199745582
Sub-Saharan Africa (IDA & IBRD countries),T6,TSS,2021,46.7775335569482
Sub-Saharan Africa (IDA & IBRD countries),T6,TSS,2020,47.8405809228252
Sub-Saharan Africa (IDA & IBRD countries),T6,TSS,2019,49.3592659458161
Sub-Saharan Africa (IDA & IBRD countries),T6,TSS,2018,50.6432085680392
Sub-Saharan Africa (IDA & IBRD countries),T6,TSS,2017,53.0002326831677
Sub-Saharan Africa (IDA & IBRD countries),T6,TSS,2016,54.0253732823717
Sub-Saharan Africa (IDA & IBRD countries),T6,TSS,2015,55.2106447453952
Sub-Saharan Africa (IDA & IBRD countries),T6,TSS,2014,56.3967220187974
Sub-Saharan Africa (IDA & IBRD countries),T6,TSS,2013,57.1069304418804
Sub-Saharan Africa (IDA & IBRD countries),T6,TSS,2012,58.868047115909
Sub-Saharan Africa (IDA & IBRD countries),T6,TSS,2011,62.2035668538863
Sub-Saharan Africa (IDA & IBRD countries),T6,TSS,2010,62.2659926410538
Sub-Saharan Africa (IDA & IBRD countries),T6,TSS,2009,64.7191502934068
Sub-Saharan Africa (IDA & IBRD countries),T6,TSS,2008,65.9297335433365
Sub-Saharan Africa (IDA & IBRD countries),T6,TSS,2007,68.3349212795159
Sub-Saharan Africa (IDA & IBRD countries),T6,TSS,2006,70.8946463760396
Sub-Saharan Africa (IDA & IBRD countries),T6,TSS,2005,73.8468115856057
Sub-Saharan Africa (IDA & IBRD countries),T6,TSS,2004,76.7805896444924
Sub-Saharan Africa (IDA & IBRD countries),T6,TSS,2003,79.6054487777859
Sub-Saharan Africa (IDA & IBRD countries),T6,TSS,2002,82.6072391698416
Sub-Saharan Africa (IDA & IBRD countries),T6,TSS,2001,85.6681410434689
Sub-Saharan Africa (IDA & IBRD countries),T6,TSS,2000,88.4584247331351
Sub-Saharan Africa (IDA & IBRD countries),T6,TSS,1999,91.0106302709542
Sub-Saharan Africa (IDA & IBRD countries),T6,TSS,1998,94.4045555539777
Sub-Saharan Africa (IDA & IBRD countries),T6,TSS,1997,95.3122696000839
Sub-Saharan Africa (IDA & IBRD countries),T6,TSS,1996,96.8792454896798
Sub-Saharan Africa (IDA & IBRD countries),T6,TSS,1995,98.1669313178404
Sub-Saharan Africa (IDA & IBRD countries),T6,TSS,1994,100.576885186948
Sub-Saharan Africa (IDA & IBRD countries),T6,TSS,1993,100.370370926698
Sub-Saharan Africa (IDA & IBRD countries),T6,TSS,1992,103.422705702743
Sub-Saharan Africa (IDA & IBRD countries),T6,TSS,1991,103.958762217712
Sub-Saharan Africa (IDA & IBRD countries),T6,TSS,1990,102.374097826193
Sub-Saharan Africa (IDA & IBRD countries),T6,TSS,1989,NA
Sub-Saharan Africa (IDA & IBRD countries),T6,TSS,1988,NA
Sub-Saharan Africa (IDA & IBRD countries),T6,TSS,1987,NA
Sub-Saharan Africa (IDA & IBRD countries),T6,TSS,1986,NA
Sub-Saharan Africa (IDA & IBRD countries),T6,TSS,1985,NA
Sub-Saharan Africa (IDA & IBRD countries),T6,TSS,1984,NA
Sub-Saharan Africa (IDA & IBRD countries),T6,TSS,1983,NA
Sub-Saharan Africa (IDA & IBRD countries),T6,TSS,1982,NA
Sub-Saharan Africa (IDA & IBRD countries),T6,TSS,1981,NA
Sub-Saharan Africa (IDA & IBRD countries),T6,TSS,1980,NA
Sub-Saharan Africa (IDA & IBRD countries),T6,TSS,1979,NA
Sub-Saharan Africa (IDA & IBRD countries),T6,TSS,1978,NA
Sub-Saharan Africa (IDA & IBRD countries),T6,TSS,1977,NA
Sub-Saharan Africa (IDA & IBRD countries),T6,TSS,1976,NA
Sub-Saharan Africa (IDA & IBRD countries),T6,TSS,1975,NA
Sub-Saharan Africa (IDA & IBRD countries),T6,TSS,1974,NA
Sub-Saharan Africa (IDA & IBRD countries),T6,TSS,1973,NA
Sub-Saharan Africa (IDA & IBRD countries),T6,TSS,1972,NA
Sub-Saharan Africa (IDA & IBRD countries),T6,TSS,1971,NA
Sub-Saharan Africa (IDA & IBRD countries),T6,TSS,1970,NA
Sub-Saharan Africa (IDA & IBRD countries),T6,TSS,1969,NA
Sub-Saharan Africa (IDA & IBRD countries),T6,TSS,1968,NA
Sub-Saharan Africa (IDA & IBRD countries),T6,TSS,1967,NA
Sub-Saharan Africa (IDA & IBRD countries),T6,TSS,1966,NA
Sub-Saharan Africa (IDA & IBRD countries),T6,TSS,1965,NA
Sub-Saharan Africa (IDA & IBRD countries),T6,TSS,1964,NA
Sub-Saharan Africa (IDA & IBRD countries),T6,TSS,1963,NA
Sub-Saharan Africa (IDA & IBRD countries),T6,TSS,1962,NA
Sub-Saharan Africa (IDA & IBRD countries),T6,TSS,1961,NA
Sub-Saharan Africa (IDA & IBRD countries),T6,TSS,1960,NA
Upper middle income,XT,,2024,NA
Upper middle income,XT,,2023,11.5
Upper middle income,XT,,2022,11.6
Upper middle income,XT,,2021,11.8
Upper middle income,XT,,2020,11.9
Upper middle income,XT,,2019,11.8
Upper middle income,XT,,2018,12.1
Upper middle income,XT,,2017,12.2
Upper middle income,XT,,2016,12.8
Upper middle income,XT,,2015,13.5
Upper middle income,XT,,2014,14
Upper middle income,XT,,2013,14.7
Upper middle income,XT,,2012,15.3
Upper middle income,XT,,2011,16.3
Upper middle income,XT,,2010,17.1
Upper middle income,XT,,2009,18
Upper middle income,XT,,2008,19.1
Upper middle income,XT,,2007,20.3
Upper middle income,XT,,2006,21.5
Upper middle income,XT,,2005,22.9
Upper middle income,XT,,2004,24.5
Upper middle income,XT,,2003,25.7
Upper middle income,XT,,2002,27.3
Upper middle income,XT,,2001,29
Upper middle income,XT,,2000,30.6
Upper middle income,XT,,1999,32.3
Upper middle income,XT,,1998,33.9
Upper middle income,XT,,1997,35.6
Upper middle income,XT,,1996,37.2
Upper middle income,XT,,1995,38.8
Upper middle income,XT,,1994,40.3
Upper middle income,XT,,1993,41.8
Upper middle income,XT,,1992,43.2
Upper middle income,XT,,1991,44.5
Upper middle income,XT,,1990,45.4
Upper middle income,XT,,1989,NA
Upper middle income,XT,,1988,NA
Upper middle income,XT,,1987,NA
Upper middle income,XT,,1986,NA
Upper middle income,XT,,1985,NA
Upper middle income,XT,,1984,NA
Upper middle income,XT,,1983,NA
Upper middle income,XT,,1982,NA
Upper middle income,XT,,1981,NA
Upper middle income,XT,,1980,NA
Upper middle income,XT,,1979,NA
Upper middle income,XT,,1978,NA
Upper middle income,XT,,1977,NA
Upper middle income,XT,,1976,NA
Upper middle income,XT,,1975,NA
Upper middle income,XT,,1974,NA
Upper middle income,XT,,1973,NA
Upper middle income,XT,,1972,NA
Upper middle income,XT,,1971,NA
Upper middle income,XT,,1970,NA
Upper middle income,XT,,1969,NA
Upper middle income,XT,,1968,NA
Upper middle income,XT,,1967,NA
Upper middle income,XT,,1966,NA
Upper middle income,XT,,1965,NA
Upper middle income,XT,,1964,NA
Upper middle income,XT,,1963,NA
Upper middle income,XT,,1962,NA
Upper middle income,XT,,1961,NA
Upper middle income,XT,,1960,NA
World,1W,WLD,2024,NA
World,1W,WLD,2023,27.1
World,1W,WLD,2022,28
World,1W,WLD,2021,28.1
World,1W,WLD,2020,28.5
World,1W,WLD,2019,28.9
World,1W,WLD,2018,29.5
World,1W,WLD,2017,30
World,1W,WLD,2016,30.8
World,1W,WLD,2015,31.8
World,1W,WLD,2014,32.5
World,1W,WLD,2013,33.5
World,1W,WLD,2012,34.5
World,1W,WLD,2011,36.4
World,1W,WLD,2010,37.2
World,1W,WLD,2009,38.5
World,1W,WLD,2008,39.7
World,1W,WLD,2007,41.2
World,1W,WLD,2006,42.8
World,1W,WLD,2005,44.6
World,1W,WLD,2004,46.4
World,1W,WLD,2003,48.1
World,1W,WLD,2002,49.9
World,1W,WLD,2001,51.6
World,1W,WLD,2000,53.2
World,1W,WLD,1999,55
World,1W,WLD,1998,56.7
World,1W,WLD,1997,57.9
World,1W,WLD,1996,59.1
World,1W,WLD,1995,60.3
World,1W,WLD,1994,61.4
World,1W,WLD,1993,62.2
World,1W,WLD,1992,63.4
World,1W,WLD,1991,64.2
World,1W,WLD,1990,64
World,1W,WLD,1989,NA
World,1W,WLD,1988,NA
World,1W,WLD,1987,NA
World,1W,WLD,1986,NA
World,1W,WLD,1985,NA
World,1W,WLD,1984,NA
World,1W,WLD,1983,NA
World,1W,WLD,1982,NA
World,1W,WLD,1981,NA
World,1W,WLD,1980,NA
World,1W,WLD,1979,NA
World,1W,WLD,1978,NA
World,1W,WLD,1977,NA
World,1W,WLD,1976,NA
World,1W,WLD,1975,NA
World,1W,WLD,1974,NA
World,1W,WLD,1973,NA
World,1W,WLD,1972,NA
World,1W,WLD,1971,NA
World,1W,WLD,1970,NA
World,1W,WLD,1969,NA
World,1W,WLD,1968,NA
World,1W,WLD,1967,NA
World,1W,WLD,1966,NA
World,1W,WLD,1965,NA
World,1W,WLD,1964,NA
World,1W,WLD,1963,NA
World,1W,WLD,1962,NA
World,1W,WLD,1961,NA
World,1W,WLD,1960,NA
Afghanistan,AF,AFG,2024,NA
Afghanistan,AF,AFG,2023,50.4
Afghanistan,AF,AFG,2022,52
Afghanistan,AF,AFG,2021,53.6
Afghanistan,AF,AFG,2020,55.3
Afghanistan,AF,AFG,2019,56.9
Afghanistan,AF,AFG,2018,58.6
Afghanistan,AF,AFG,2017,60.4
Afghanistan,AF,AFG,2016,62.3
Afghanistan,AF,AFG,2015,64.2
Afghanistan,AF,AFG,2014,66.4
Afghanistan,AF,AFG,2013,68.7
Afghanistan,AF,AFG,2012,71.3
Afghanistan,AF,AFG,2011,74
Afghanistan,AF,AFG,2010,76.9
Afghanistan,AF,AFG,2009,80
Afghanistan,AF,AFG,2008,83.3
Afghanistan,AF,AFG,2007,86.7
Afghanistan,AF,AFG,2006,90.1
Afghanistan,AF,AFG,2005,93.7
Afghanistan,AF,AFG,2004,97.2
Afghanistan,AF,AFG,2003,100.6
Afghanistan,AF,AFG,2002,103.8
Afghanistan,AF,AFG,2001,107
Afghanistan,AF,AFG,2000,110.1
Afghanistan,AF,AFG,1999,113
Afghanistan,AF,AFG,1998,115.9
Afghanistan,AF,AFG,1997,118.8
Afghanistan,AF,AFG,1996,121.7
Afghanistan,AF,AFG,1995,124.8
Afghanistan,AF,AFG,1994,128.3
Afghanistan,AF,AFG,1993,132
Afghanistan,AF,AFG,1992,135.9
Afghanistan,AF,AFG,1991,140.1
Afghanistan,AF,AFG,1990,144.5
Afghanistan,AF,AFG,1989,149
Afghanistan,AF,AFG,1988,163.4
Afghanistan,AF,AFG,1987,176.9
Afghanistan,AF,AFG,1986,181.1
Afghanistan,AF,AFG,1985,202.5
Afghanistan,AF,AFG,1984,207.7
Afghanistan,AF,AFG,1983,195.1
Afghanistan,AF,AFG,1982,199
Afghanistan,AF,AFG,1981,184.6
Afghanistan,AF,AFG,1980,188.8
Afghanistan,AF,AFG,1979,192.9
Afghanistan,AF,AFG,1978,196.6
Afghanistan,AF,AFG,1977,200.4
Afghanistan,AF,AFG,1976,204.1
Afghanistan,AF,AFG,1975,207.5
Afghanistan,AF,AFG,1974,210.7
Afghanistan,AF,AFG,1973,213.8
Afghanistan,AF,AFG,1972,217.1
Afghanistan,AF,AFG,1971,220.2
Afghanistan,AF,AFG,1970,223.1
Afghanistan,AF,AFG,1969,225.8
Afghanistan,AF,AFG,1968,228.6
Afghanistan,AF,AFG,1967,231.4
Afghanistan,AF,AFG,1966,234.2
Afghanistan,AF,AFG,1965,236.9
Afghanistan,AF,AFG,1964,239.7
Afghanistan,AF,AFG,1963,242.5
Afghanistan,AF,AFG,1962,245.4
Afghanistan,AF,AFG,1961,248.4
Afghanistan,AF,AFG,1960,251.2
Albania,AL,ALB,2024,NA
Albania,AL,ALB,2023,8.3
Albania,AL,ALB,2022,8.3
Albania,AL,ALB,2021,8.2
Albania,AL,ALB,2020,8.1
Albania,AL,ALB,2019,8
Albania,AL,ALB,2018,7.8
Albania,AL,ALB,2017,7.7
Albania,AL,ALB,2016,7.6
Albania,AL,ALB,2015,7.6
Albania,AL,ALB,2014,7.8
Albania,AL,ALB,2013,8
Albania,AL,ALB,2012,8.5
Albania,AL,ALB,2011,9
Albania,AL,ALB,2010,9.7
Albania,AL,ALB,2009,10.4
Albania,AL,ALB,2008,11.1
Albania,AL,ALB,2007,11.9
Albania,AL,ALB,2006,12.7
Albania,AL,ALB,2005,13.5
Albania,AL,ALB,2004,14.4
Albania,AL,ALB,2003,15.3
Albania,AL,ALB,2002,16.1
Albania,AL,ALB,2001,17
Albania,AL,ALB,2000,17.9
Albania,AL,ALB,1999,18.7
Albania,AL,ALB,1998,19.6
Albania,AL,ALB,1997,20.5
Albania,AL,ALB,1996,21.3
Albania,AL,ALB,1995,22.2
Albania,AL,ALB,1994,23.1
Albania,AL,ALB,1993,24
Albania,AL,ALB,1992,25
Albania,AL,ALB,1991,26
Albania,AL,ALB,1990,27.2
Albania,AL,ALB,1989,28.6
Albania,AL,ALB,1988,30.3
Albania,AL,ALB,1987,32.3
Albania,AL,ALB,1986,34.6
Albania,AL,ALB,1985,37.2
Albania,AL,ALB,1984,40.2
Albania,AL,ALB,1983,43.5
Albania,AL,ALB,1982,47.3
Albania,AL,ALB,1981,51.6
Albania,AL,ALB,1980,56.1
Albania,AL,ALB,1979,61.3
Albania,AL,ALB,1978,66.9
Albania,AL,ALB,1977,NA
Albania,AL,ALB,1976,NA
Albania,AL,ALB,1975,NA
Albania,AL,ALB,1974,NA
Albania,AL,ALB,1973,NA
Albania,AL,ALB,1972,NA
Albania,AL,ALB,1971,NA
Albania,AL,ALB,1970,NA
Albania,AL,ALB,1969,NA
Albania,AL,ALB,1968,NA
Albania,AL,ALB,1967,NA
Albania,AL,ALB,1966,NA
Albania,AL,ALB,1965,NA
Albania,AL,ALB,1964,NA
Albania,AL,ALB,1963,NA
Albania,AL,ALB,1962,NA
Albania,AL,ALB,1961,NA
Albania,AL,ALB,1960,NA
Algeria,DZ,DZA,2024,NA
Algeria,DZ,DZA,2023,19.7
Algeria,DZ,DZA,2022,20
Algeria,DZ,DZA,2021,20.2
Algeria,DZ,DZA,2020,20.4
Algeria,DZ,DZA,2019,20.7
Algeria,DZ,DZA,2018,21
Algeria,DZ,DZA,2017,21.3
Algeria,DZ,DZA,2016,21.6
Algeria,DZ,DZA,2015,21.9
Algeria,DZ,DZA,2014,22.3
Algeria,DZ,DZA,2013,22.7
Algeria,DZ,DZA,2012,23.2
Algeria,DZ,DZA,2011,23.8
Algeria,DZ,DZA,2010,24.4
Algeria,DZ,DZA,2009,25.1
Algeria,DZ,DZA,2008,25.9
Algeria,DZ,DZA,2007,26.9
Algeria,DZ,DZA,2006,27.9
Algeria,DZ,DZA,2005,29
Algeria,DZ,DZA,2004,30.1
Algeria,DZ,DZA,2003,31.3
Algeria,DZ,DZA,2002,32.4
Algeria,DZ,DZA,2001,33.6
Algeria,DZ,DZA,2000,34.7
Algeria,DZ,DZA,1999,35.7
Algeria,DZ,DZA,1998,36.6
Algeria,DZ,DZA,1997,37.4
Algeria,DZ,DZA,1996,38.2
Algeria,DZ,DZA,1995,38.8
Algeria,DZ,DZA,1994,39.2
Algeria,DZ,DZA,1993,39.5
Algeria,DZ,DZA,1992,39.6
Algeria,DZ,DZA,1991,39.6
Algeria,DZ,DZA,1990,39.8
Algeria,DZ,DZA,1989,40.4
Algeria,DZ,DZA,1988,41.8
Algeria,DZ,DZA,1987,44.4
Algeria,DZ,DZA,1986,48.9
Algeria,DZ,DZA,1985,55.5
Algeria,DZ,DZA,1984,64.3
Algeria,DZ,DZA,1983,75.1
Algeria,DZ,DZA,1982,86.9
Algeria,DZ,DZA,1981,98.1
Algeria,DZ,DZA,1980,107.7
Algeria,DZ,DZA,1979,115.8
Algeria,DZ,DZA,1978,122.6
Algeria,DZ,DZA,1977,128.4
Algeria,DZ,DZA,1976,134
Algeria,DZ,DZA,1975,139.3
Algeria,DZ,DZA,1974,144.3
Algeria,DZ,DZA,1973,149
Algeria,DZ,DZA,1972,153.1
Algeria,DZ,DZA,1971,156.7
Algeria,DZ,DZA,1970,159.5
Algeria,DZ,DZA,1969,161.5
Algeria,DZ,DZA,1968,162.7
Algeria,DZ,DZA,1967,163.2
Algeria,DZ,DZA,1966,163.2
Algeria,DZ,DZA,1965,162.8
Algeria,DZ,DZA,1964,162.2
Algeria,DZ,DZA,1963,161.9
Algeria,DZ,DZA,1962,161.6
Algeria,DZ,DZA,1961,161.4
Algeria,DZ,DZA,1960,161.8
American Samoa,AS,ASM,2024,NA
American Samoa,AS,ASM,2023,NA
American Samoa,AS,ASM,2022,NA
American Samoa,AS,ASM,2021,NA
American Samoa,AS,ASM,2020,NA
American Samoa,AS,ASM,2019,NA
American Samoa,AS,ASM,2018,NA
American Samoa,AS,ASM,2017,NA
American Samoa,AS,ASM,2016,NA
American Samoa,AS,ASM,2015,NA
American Samoa,AS,ASM,2014,NA
American Samoa,AS,ASM,2013,NA
American Samoa,AS,ASM,2012,NA
American Samoa,AS,ASM,2011,NA
American Samoa,AS,ASM,2010,NA
American Samoa,AS,ASM,2009,NA
American Samoa,AS,ASM,2008,NA
American Samoa,AS,ASM,2007,NA
American Samoa,AS,ASM,2006,NA
American Samoa,AS,ASM,2005,NA
American Samoa,AS,ASM,2004,NA
American Samoa,AS,ASM,2003,NA
American Samoa,AS,ASM,2002,NA
American Samoa,AS,ASM,2001,NA
American Samoa,AS,ASM,2000,NA
American Samoa,AS,ASM,1999,NA
American Samoa,AS,ASM,1998,NA
American Samoa,AS,ASM,1997,NA
American Samoa,AS,ASM,1996,NA
American Samoa,AS,ASM,1995,NA
American Samoa,AS,ASM,1994,NA
American Samoa,AS,ASM,1993,NA
American Samoa,AS,ASM,1992,NA
American Samoa,AS,ASM,1991,NA
American Samoa,AS,ASM,1990,NA
American Samoa,AS,ASM,1989,NA
American Samoa,AS,ASM,1988,NA
American Samoa,AS,ASM,1987,NA
American Samoa,AS,ASM,1986,NA
American Samoa,AS,ASM,1985,NA
American Samoa,AS,ASM,1984,NA
American Samoa,AS,ASM,1983,NA
American Samoa,AS,ASM,1982,NA
American Samoa,AS,ASM,1981,NA
American Samoa,AS,ASM,1980,NA
American Samoa,AS,ASM,1979,NA
American Samoa,AS,ASM,1978,NA
American Samoa,AS,ASM,1977,NA
American Samoa,AS,ASM,1976,NA
American Samoa,AS,ASM,1975,NA
American Samoa,AS,ASM,1974,NA
American Samoa,AS,ASM,1973,NA
American Samoa,AS,ASM,1972,NA
American Samoa,AS,ASM,1971,NA
American Samoa,AS,ASM,1970,NA
American Samoa,AS,ASM,1969,NA
American Samoa,AS,ASM,1968,NA
American Samoa,AS,ASM,1967,NA
American Samoa,AS,ASM,1966,NA
American Samoa,AS,ASM,1965,NA
American Samoa,AS,ASM,1964,NA
American Samoa,AS,ASM,1963,NA
American Samoa,AS,ASM,1962,NA
American Samoa,AS,ASM,1961,NA
American Samoa,AS,ASM,1960,NA
Andorra,AD,AND,2024,NA
Andorra,AD,AND,2023,2.5
Andorra,AD,AND,2022,2.6
Andorra,AD,AND,2021,2.7
Andorra,AD,AND,2020,2.7
Andorra,AD,AND,2019,2.8
Andorra,AD,AND,2018,2.9
Andorra,AD,AND,2017,3.1
Andorra,AD,AND,2016,3.2
Andorra,AD,AND,2015,3.4
Andorra,AD,AND,2014,3.5
Andorra,AD,AND,2013,3.7
Andorra,AD,AND,2012,3.9
Andorra,AD,AND,2011,4.1
Andorra,AD,AND,2010,4.2
Andorra,AD,AND,2009,4.4
Andorra,AD,AND,2008,4.7
Andorra,AD,AND,2007,4.9
Andorra,AD,AND,2006,5.1
Andorra,AD,AND,2005,5.4
Andorra,AD,AND,2004,5.6
Andorra,AD,AND,2003,5.8
Andorra,AD,AND,2002,6.1
Andorra,AD,AND,2001,6.3
Andorra,AD,AND,2000,6.6
Andorra,AD,AND,1999,6.8
Andorra,AD,AND,1998,7.1
Andorra,AD,AND,1997,7.4
Andorra,AD,AND,1996,7.6
Andorra,AD,AND,1995,7.9
Andorra,AD,AND,1994,8.2
Andorra,AD,AND,1993,8.4
Andorra,AD,AND,1992,8.6
Andorra,AD,AND,1991,8.8
Andorra,AD,AND,1990,9.1
Andorra,AD,AND,1989,9.2
Andorra,AD,AND,1988,9.4
Andorra,AD,AND,1987,9.7
Andorra,AD,AND,1986,9.9
Andorra,AD,AND,1985,10.1
Andorra,AD,AND,1984,NA
Andorra,AD,AND,1983,NA
Andorra,AD,AND,1982,NA
Andorra,AD,AND,1981,NA
Andorra,AD,AND,1980,NA
Andorra,AD,AND,1979,NA
Andorra,AD,AND,1978,NA
Andorra,AD,AND,1977,NA
Andorra,AD,AND,1976,NA
Andorra,AD,AND,1975,NA
Andorra,AD,AND,1974,NA
Andorra,AD,AND,1973,NA
Andorra,AD,AND,1972,NA
Andorra,AD,AND,1971,NA
Andorra,AD,AND,1970,NA
Andorra,AD,AND,1969,NA
Andorra,AD,AND,1968,NA
Andorra,AD,AND,1967,NA
Andorra,AD,AND,1966,NA
Andorra,AD,AND,1965,NA
Andorra,AD,AND,1964,NA
Andorra,AD,AND,1963,NA
Andorra,AD,AND,1962,NA
Andorra,AD,AND,1961,NA
Andorra,AD,AND,1960,NA
Angola,AO,AGO,2024,NA
Angola,AO,AGO,2023,38.3
Angola,AO,AGO,2022,39.6
Angola,AO,AGO,2021,40.9
Angola,AO,AGO,2020,42.3
Angola,AO,AGO,2019,43.8
Angola,AO,AGO,2018,45.3
Angola,AO,AGO,2017,47
Angola,AO,AGO,2016,48.9
Angola,AO,AGO,2015,51.1
Angola,AO,AGO,2014,53.6
Angola,AO,AGO,2013,56.7
Angola,AO,AGO,2012,60.4
Angola,AO,AGO,2011,64.4
Angola,AO,AGO,2010,68.9
Angola,AO,AGO,2009,73.7
Angola,AO,AGO,2008,78.7
Angola,AO,AGO,2007,83.8
Angola,AO,AGO,2006,89.1
Angola,AO,AGO,2005,94.4
Angola,AO,AGO,2004,99.3
Angola,AO,AGO,2003,104
Angola,AO,AGO,2002,108.1
Angola,AO,AGO,2001,111.9
Angola,AO,AGO,2000,115
Angola,AO,AGO,1999,117.6
Angola,AO,AGO,1998,119.8
Angola,AO,AGO,1997,121.5
Angola,AO,AGO,1996,122.6
Angola,AO,AGO,1995,123.2
Angola,AO,AGO,1994,123.3
Angola,AO,AGO,1993,123.1
Angola,AO,AGO,1992,122.9
Angola,AO,AGO,1991,122.5
Angola,AO,AGO,1990,122.3
Angola,AO,AGO,1989,122
Angola,AO,AGO,1988,121.9
Angola,AO,AGO,1987,122.1
Angola,AO,AGO,1986,122.4
Angola,AO,AGO,1985,122.8
Angola,AO,AGO,1984,123.4
Angola,AO,AGO,1983,124.2
Angola,AO,AGO,1982,125.4
Angola,AO,AGO,1981,126.4
Angola,AO,AGO,1980,127.6
Angola,AO,AGO,1979,NA
Angola,AO,AGO,1978,NA
Angola,AO,AGO,1977,NA
Angola,AO,AGO,1976,NA
Angola,AO,AGO,1975,NA
Angola,AO,AGO,1974,NA
Angola,AO,AGO,1973,NA
Angola,AO,AGO,1972,NA
Angola,AO,AGO,1971,NA
Angola,AO,AGO,1970,NA
Angola,AO,AGO,1969,NA
Angola,AO,AGO,1968,NA
Angola,AO,AGO,1967,NA
Angola,AO,AGO,1966,NA
Angola,AO,AGO,1965,NA
Angola,AO,AGO,1964,NA
Angola,AO,AGO,1963,NA
Angola,AO,AGO,1962,NA
Angola,AO,AGO,1961,NA
Angola,AO,AGO,1960,NA
Antigua and Barbuda,AG,ATG,2024,NA
Antigua and Barbuda,AG,ATG,2023,7.3
Antigua and Barbuda,AG,ATG,2022,7.5
Antigua and Barbuda,AG,ATG,2021,7.7
Antigua and Barbuda,AG,ATG,2020,7.8
Antigua and Barbuda,AG,ATG,2019,8
Antigua and Barbuda,AG,ATG,2018,8.2
Antigua and Barbuda,AG,ATG,2017,8.3
Antigua and Barbuda,AG,ATG,2016,8.4
Antigua and Barbuda,AG,ATG,2015,8.6
Antigua and Barbuda,AG,ATG,2014,8.8
Antigua and Barbuda,AG,ATG,2013,8.9
Antigua and Barbuda,AG,ATG,2012,9.1
Antigua and Barbuda,AG,ATG,2011,9.3
Antigua and Barbuda,AG,ATG,2010,9.5
Antigua and Barbuda,AG,ATG,2009,9.7
Antigua and Barbuda,AG,ATG,2008,10
Antigua and Barbuda,AG,ATG,2007,10.2
Antigua and Barbuda,AG,ATG,2006,10.5
Antigua and Barbuda,AG,ATG,2005,10.8
Antigua and Barbuda,AG,ATG,2004,11
Antigua and Barbuda,AG,ATG,2003,11.3
Antigua and Barbuda,AG,ATG,2002,11.6
Antigua and Barbuda,AG,ATG,2001,11.9
Antigua and Barbuda,AG,ATG,2000,12.2
Antigua and Barbuda,AG,ATG,1999,12.4
Antigua and Barbuda,AG,ATG,1998,12.6
Antigua and Barbuda,AG,ATG,1997,12.7
Antigua and Barbuda,AG,ATG,1996,12.7
Antigua and Barbuda,AG,ATG,1995,12.6
Antigua and Barbuda,AG,ATG,1994,12.3
Antigua and Barbuda,AG,ATG,1993,12.1
Antigua and Barbuda,AG,ATG,1992,11.7
Antigua and Barbuda,AG,ATG,1991,11.4
Antigua and Barbuda,AG,ATG,1990,11.1
Antigua and Barbuda,AG,ATG,1989,10.8
Antigua and Barbuda,AG,ATG,1988,10.6
Antigua and Barbuda,AG,ATG,1987,10.5
Antigua and Barbuda,AG,ATG,1986,10.4
Antigua and Barbuda,AG,ATG,1985,10.5
Antigua and Barbuda,AG,ATG,1984,10.7
Antigua and Barbuda,AG,ATG,1983,11
Antigua and Barbuda,AG,ATG,1982,11.5
Antigua and Barbuda,AG,ATG,1981,12.2
Antigua and Barbuda,AG,ATG,1980,13
Antigua and Barbuda,AG,ATG,1979,13.9
Antigua and Barbuda,AG,ATG,1978,14.8
Antigua and Barbuda,AG,ATG,1977,15.9
Antigua and Barbuda,AG,ATG,1976,17
Antigua and Barbuda,AG,ATG,1975,18
Antigua and Barbuda,AG,ATG,1974,19.2
Antigua and Barbuda,AG,ATG,1973,20.4
Antigua and Barbuda,AG,ATG,1972,21.8
Antigua and Barbuda,AG,ATG,1971,23.5
Antigua and Barbuda,AG,ATG,1970,25.5
Antigua and Barbuda,AG,ATG,1969,27.8
Antigua and Barbuda,AG,ATG,1968,30.7
Antigua and Barbuda,AG,ATG,1967,33.9
Antigua and Barbuda,AG,ATG,1966,37.7
Antigua and Barbuda,AG,ATG,1965,41.7
Antigua and Barbuda,AG,ATG,1964,46.1
Antigua and Barbuda,AG,ATG,1963,50.4
Antigua and Barbuda,AG,ATG,1962,54.6
Antigua and Barbuda,AG,ATG,1961,58.5
Antigua and Barbuda,AG,ATG,1960,62
Argentina,AR,ARG,2024,NA
Argentina,AR,ARG,2023,8.2
Argentina,AR,ARG,2022,8.3
Argentina,AR,ARG,2021,8.5
Argentina,AR,ARG,2020,8.7
Argentina,AR,ARG,2019,8.9
Argentina,AR,ARG,2018,9.2
Argentina,AR,ARG,2017,9.4
Argentina,AR,ARG,2016,9.7
Argentina,AR,ARG,2015,10
Argentina,AR,ARG,2014,10.4
Argentina,AR,ARG,2013,10.9
Argentina,AR,ARG,2012,11.4
Argentina,AR,ARG,2011,11.9
Argentina,AR,ARG,2010,12.4
Argentina,AR,ARG,2009,12.8
Argentina,AR,ARG,2008,13.2
Argentina,AR,ARG,2007,13.6
Argentina,AR,ARG,2006,14
Argentina,AR,ARG,2005,14.4
Argentina,AR,ARG,2004,14.9
Argentina,AR,ARG,2003,15.4
Argentina,AR,ARG,2002,15.8
Argentina,AR,ARG,2001,16.2
Argentina,AR,ARG,2000,16.7
Argentina,AR,ARG,1999,17.3
Argentina,AR,ARG,1998,18.1
Argentina,AR,ARG,1997,18.9
Argentina,AR,ARG,1996,19.9
Argentina,AR,ARG,1995,20.9
Argentina,AR,ARG,1994,22
Argentina,AR,ARG,1993,22.9
Argentina,AR,ARG,1992,23.8
Argentina,AR,ARG,1991,24.5
Argentina,AR,ARG,1990,24.8
Argentina,AR,ARG,1989,24.9
Argentina,AR,ARG,1988,24.9
Argentina,AR,ARG,1987,25
Argentina,AR,ARG,1986,25.4
Argentina,AR,ARG,1985,26.2
Argentina,AR,ARG,1984,27.5
Argentina,AR,ARG,1983,29.1
Argentina,AR,ARG,1982,31.1
Argentina,AR,ARG,1981,33.5
Argentina,AR,ARG,1980,36.4
Argentina,AR,ARG,1979,39.7
Argentina,AR,ARG,1978,43.3
Argentina,AR,ARG,1977,46.9
Argentina,AR,ARG,1976,50.3
Argentina,AR,ARG,1975,53.2
Argentina,AR,ARG,1974,55.4
Argentina,AR,ARG,1973,56.9
Argentina,AR,ARG,1972,58
Argentina,AR,ARG,1971,58.8
Argentina,AR,ARG,1970,59.3
Argentina,AR,ARG,1969,59.8
Argentina,AR,ARG,1968,NA
Argentina,AR,ARG,1967,NA
Argentina,AR,ARG,1966,NA
Argentina,AR,ARG,1965,NA
Argentina,AR,ARG,1964,NA
Argentina,AR,ARG,1963,NA
Argentina,AR,ARG,1962,NA
Argentina,AR,ARG,1961,NA
Argentina,AR,ARG,1960,NA
Armenia,AM,ARM,2024,NA
Armenia,AM,ARM,2023,8.9
Armenia,AM,ARM,2022,9.3
Armenia,AM,ARM,2021,9.7
Armenia,AM,ARM,2020,10.2
Armenia,AM,ARM,2019,10.7
Armenia,AM,ARM,2018,11.2
Armenia,AM,ARM,2017,11.7
Armenia,AM,ARM,2016,12.2
Armenia,AM,ARM,2015,12.8
Armenia,AM,ARM,2014,13.4
Armenia,AM,ARM,2013,14.1
Armenia,AM,ARM,2012,14.8
Armenia,AM,ARM,2011,15.6
Armenia,AM,ARM,2010,16.4
Armenia,AM,ARM,2009,17.2
Armenia,AM,ARM,2008,18.1
Armenia,AM,ARM,2007,19.1
Armenia,AM,ARM,2006,20.1
Armenia,AM,ARM,2005,21.3
Armenia,AM,ARM,2004,22.5
Armenia,AM,ARM,2003,23.7
Armenia,AM,ARM,2002,25
Armenia,AM,ARM,2001,26.4
Armenia,AM,ARM,2000,27.8
Armenia,AM,ARM,1999,29.3
Armenia,AM,ARM,1998,30.9
Armenia,AM,ARM,1997,32.5
Armenia,AM,ARM,1996,34.2
Armenia,AM,ARM,1995,35.9
Armenia,AM,ARM,1994,37.8
Armenia,AM,ARM,1993,39.6
Armenia,AM,ARM,1992,41.5
Armenia,AM,ARM,1991,43.5
Armenia,AM,ARM,1990,45.5
Armenia,AM,ARM,1989,47.5
Armenia,AM,ARM,1988,67.8
Armenia,AM,ARM,1987,51.7
Armenia,AM,ARM,1986,53.9
Armenia,AM,ARM,1985,56.1
Armenia,AM,ARM,1984,58.4
Armenia,AM,ARM,1983,60.8
Armenia,AM,ARM,1982,63.4
Armenia,AM,ARM,1981,66
Armenia,AM,ARM,1980,68.8
Armenia,AM,ARM,1979,71.7
Armenia,AM,ARM,1978,74.7
Armenia,AM,ARM,1977,77.8
Armenia,AM,ARM,1976,81.2
Armenia,AM,ARM,1975,NA
Armenia,AM,ARM,1974,NA
Armenia,AM,ARM,1973,NA
Armenia,AM,ARM,1972,NA
Armenia,AM,ARM,1971,NA
Armenia,AM,ARM,1970,NA
Armenia,AM,ARM,1969,NA
Armenia,AM,ARM,1968,NA
Armenia,AM,ARM,1967,NA
Armenia,AM,ARM,1966,NA
Armenia,AM,ARM,1965,NA
Armenia,AM,ARM,1964,NA
Armenia,AM,ARM,1963,NA
Armenia,AM,ARM,1962,NA
Armenia,AM,ARM,1961,NA
Armenia,AM,ARM,1960,NA
Aruba,AW,ABW,2024,NA
Aruba,AW,ABW,2023,NA
Aruba,AW,ABW,2022,NA
Aruba,AW,ABW,2021,NA
Aruba,AW,ABW,2020,NA
Aruba,AW,ABW,2019,NA
Aruba,AW,ABW,2018,NA
Aruba,AW,ABW,2017,NA
Aruba,AW,ABW,2016,NA
Aruba,AW,ABW,2015,NA
Aruba,AW,ABW,2014,NA
Aruba,AW,ABW,2013,NA
Aruba,AW,ABW,2012,NA
Aruba,AW,ABW,2011,NA
Aruba,AW,ABW,2010,NA
Aruba,AW,ABW,2009,NA
Aruba,AW,ABW,2008,NA
Aruba,AW,ABW,2007,NA
Aruba,AW,ABW,2006,NA
Aruba,AW,ABW,2005,NA
Aruba,AW,ABW,2004,NA
Aruba,AW,ABW,2003,NA
Aruba,AW,ABW,2002,NA
Aruba,AW,ABW,2001,NA
Aruba,AW,ABW,2000,NA
Aruba,AW,ABW,1999,NA
Aruba,AW,ABW,1998,NA
Aruba,AW,ABW,1997,NA
Aruba,AW,ABW,1996,NA
Aruba,AW,ABW,1995,NA
Aruba,AW,ABW,1994,NA
Aruba,AW,ABW,1993,NA
Aruba,AW,ABW,1992,NA
Aruba,AW,ABW,1991,NA
Aruba,AW,ABW,1990,NA
Aruba,AW,ABW,1989,NA
Aruba,AW,ABW,1988,NA
Aruba,AW,ABW,1987,NA
Aruba,AW,ABW,1986,NA
Aruba,AW,ABW,1985,NA
Aruba,AW,ABW,1984,NA
Aruba,AW,ABW,1983,NA
Aruba,AW,ABW,1982,NA
Aruba,AW,ABW,1981,NA
Aruba,AW,ABW,1980,NA
Aruba,AW,ABW,1979,NA
Aruba,AW,ABW,1978,NA
Aruba,AW,ABW,1977,NA
Aruba,AW,ABW,1976,NA
Aruba,AW,ABW,1975,NA
Aruba,AW,ABW,1974,NA
Aruba,AW,ABW,1973,NA
Aruba,AW,ABW,1972,NA
Aruba,AW,ABW,1971,NA
Aruba,AW,ABW,1970,NA
Aruba,AW,ABW,1969,NA
Aruba,AW,ABW,1968,NA
Aruba,AW,ABW,1967,NA
Aruba,AW,ABW,1966,NA
Aruba,AW,ABW,1965,NA
Aruba,AW,ABW,1964,NA
Aruba,AW,ABW,1963,NA
Aruba,AW,ABW,1962,NA
Aruba,AW,ABW,1961,NA
Aruba,AW,ABW,1960,NA
Australia,AU,AUS,2024,NA
Australia,AU,AUS,2023,3.1
Australia,AU,AUS,2022,3.2
Australia,AU,AUS,2021,3.2
Australia,AU,AUS,2020,3.2
Australia,AU,AUS,2019,3.2
Australia,AU,AUS,2018,3.2
Australia,AU,AUS,2017,3.2
Australia,AU,AUS,2016,3.2
Australia,AU,AUS,2015,3.3
Australia,AU,AUS,2014,3.4
Australia,AU,AUS,2013,3.5
Australia,AU,AUS,2012,3.6
Australia,AU,AUS,2011,3.8
Australia,AU,AUS,2010,4
Australia,AU,AUS,2009,4.2
Australia,AU,AUS,2008,4.4
Australia,AU,AUS,2007,4.5
Australia,AU,AUS,2006,4.7
Australia,AU,AUS,2005,4.8
Australia,AU,AUS,2004,4.8
Australia,AU,AUS,2003,4.9
Australia,AU,AUS,2002,4.9
Australia,AU,AUS,2001,5
Australia,AU,AUS,2000,5.1
Australia,AU,AUS,1999,5.2
Australia,AU,AUS,1998,5.3
Australia,AU,AUS,1997,5.4
Australia,AU,AUS,1996,5.6
Australia,AU,AUS,1995,5.8
Australia,AU,AUS,1994,6
Australia,AU,AUS,1993,6.3
Australia,AU,AUS,1992,6.7
Australia,AU,AUS,1991,7.1
Australia,AU,AUS,1990,7.6
Australia,AU,AUS,1989,8
Australia,AU,AUS,1988,8.4
Australia,AU,AUS,1987,8.8
Australia,AU,AUS,1986,9.1
Australia,AU,AUS,1985,9.3
Australia,AU,AUS,1984,9.6
Australia,AU,AUS,1983,9.8
Australia,AU,AUS,1982,10.1
Australia,AU,AUS,1981,10.4
Australia,AU,AUS,1980,10.8
Australia,AU,AUS,1979,11.3
Australia,AU,AUS,1978,11.9
Australia,AU,AUS,1977,12.7
Australia,AU,AUS,1976,13.5
Australia,AU,AUS,1975,14.4
Australia,AU,AUS,1974,15.3
Australia,AU,AUS,1973,16.2
Australia,AU,AUS,1972,16.9
Australia,AU,AUS,1971,17.5
Australia,AU,AUS,1970,17.9
Australia,AU,AUS,1969,18.1
Australia,AU,AUS,1968,18.2
Australia,AU,AUS,1967,18.3
Australia,AU,AUS,1966,18.4
Australia,AU,AUS,1965,18.5
Australia,AU,AUS,1964,18.8
Australia,AU,AUS,1963,19.1
Australia,AU,AUS,1962,19.5
Australia,AU,AUS,1961,20
Australia,AU,AUS,1960,20.4
Austria,AT,AUT,2024,NA
Austria,AT,AUT,2023,2.6
Austria,AT,AUT,2022,2.7
Austria,AT,AUT,2021,2.8
Austria,AT,AUT,2020,2.9
Austria,AT,AUT,2019,2.9
Austria,AT,AUT,2018,3
Austria,AT,AUT,2017,3
Austria,AT,AUT,2016,3
Austria,AT,AUT,2015,3.1
Austria,AT,AUT,2014,3.2
Austria,AT,AUT,2013,3.3
Austria,AT,AUT,2012,3.4
Austria,AT,AUT,2011,3.5
Austria,AT,AUT,2010,3.6
Austria,AT,AUT,2009,3.7
Austria,AT,AUT,2008,3.8
Austria,AT,AUT,2007,3.9
Austria,AT,AUT,2006,4
Austria,AT,AUT,2005,4.1
Austria,AT,AUT,2004,4.2
Austria,AT,AUT,2003,4.3
Austria,AT,AUT,2002,4.4
Austria,AT,AUT,2001,4.5
Austria,AT,AUT,2000,4.5
Austria,AT,AUT,1999,4.6
Austria,AT,AUT,1998,4.8
Austria,AT,AUT,1997,5
Austria,AT,AUT,1996,5.3
Austria,AT,AUT,1995,5.7
Austria,AT,AUT,1994,6.1
Austria,AT,AUT,1993,6.6
Austria,AT,AUT,1992,7.1
Austria,AT,AUT,1991,7.5
Austria,AT,AUT,1990,8
Austria,AT,AUT,1989,8.4
Austria,AT,AUT,1988,8.8
Austria,AT,AUT,1987,9.4
Austria,AT,AUT,1986,10
Austria,AT,AUT,1985,10.6
Austria,AT,AUT,1984,11.3
Austria,AT,AUT,1983,11.9
Austria,AT,AUT,1982,12.5
Austria,AT,AUT,1981,13.2
Austria,AT,AUT,1980,13.9
Austria,AT,AUT,1979,14.6
Austria,AT,AUT,1978,15.5
Austria,AT,AUT,1977,16.7
Austria,AT,AUT,1976,18.1
Austria,AT,AUT,1975,19.9
Austria,AT,AUT,1974,21.6
Austria,AT,AUT,1973,23.1
Austria,AT,AUT,1972,24.2
Austria,AT,AUT,1971,24.8
Austria,AT,AUT,1970,25.1
Austria,AT,AUT,1969,25.4
Austria,AT,AUT,1968,25.9
Austria,AT,AUT,1967,26.5
Austria,AT,AUT,1966,27.3
Austria,AT,AUT,1965,28.4
Austria,AT,AUT,1964,29.7
Austria,AT,AUT,1963,31.2
Austria,AT,AUT,1962,32.9
Austria,AT,AUT,1961,35
Austria,AT,AUT,1960,37.2
Azerbaijan,AZ,AZE,2024,NA
Azerbaijan,AZ,AZE,2023,13.3
Azerbaijan,AZ,AZE,2022,14.1
Azerbaijan,AZ,AZE,2021,14.8
Azerbaijan,AZ,AZE,2020,15.6
Azerbaijan,AZ,AZE,2019,16.6
Azerbaijan,AZ,AZE,2018,17.6
Azerbaijan,AZ,AZE,2017,18.7
Azerbaijan,AZ,AZE,2016,19.8
Azerbaijan,AZ,AZE,2015,21.1
Azerbaijan,AZ,AZE,2014,22.5
Azerbaijan,AZ,AZE,2013,24.1
Azerbaijan,AZ,AZE,2012,25.7
Azerbaijan,AZ,AZE,2011,27.5
Azerbaijan,AZ,AZE,2010,29.5
Azerbaijan,AZ,AZE,2009,31.6
Azerbaijan,AZ,AZE,2008,33.7
Azerbaijan,AZ,AZE,2007,36.1
Azerbaijan,AZ,AZE,2006,38.6
Azerbaijan,AZ,AZE,2005,41.4
Azerbaijan,AZ,AZE,2004,44.5
Azerbaijan,AZ,AZE,2003,47.9
Azerbaijan,AZ,AZE,2002,51.7
Azerbaijan,AZ,AZE,2001,55.7
Azerbaijan,AZ,AZE,2000,59.9
Azerbaijan,AZ,AZE,1999,64
Azerbaijan,AZ,AZE,1998,67.8
Azerbaijan,AZ,AZE,1997,71.1
Azerbaijan,AZ,AZE,1996,73.7
Azerbaijan,AZ,AZE,1995,75.5
Azerbaijan,AZ,AZE,1994,76.4
Azerbaijan,AZ,AZE,1993,76.7
Azerbaijan,AZ,AZE,1992,76.4
Azerbaijan,AZ,AZE,1991,75.9
Azerbaijan,AZ,AZE,1990,75.5
Azerbaijan,AZ,AZE,1989,75.6
Azerbaijan,AZ,AZE,1988,76.1
Azerbaijan,AZ,AZE,1987,76.9
Azerbaijan,AZ,AZE,1986,78.2
Azerbaijan,AZ,AZE,1985,79.6
Azerbaijan,AZ,AZE,1984,81.1
Azerbaijan,AZ,AZE,1983,82.7
Azerbaijan,AZ,AZE,1982,84.5
Azerbaijan,AZ,AZE,1981,NA
Azerbaijan,AZ,AZE,1980,NA
Azerbaijan,AZ,AZE,1979,NA
Azerbaijan,AZ,AZE,1978,NA
Azerbaijan,AZ,AZE,1977,NA
Azerbaijan,AZ,AZE,1976,NA
Azerbaijan,AZ,AZE,1975,NA
Azerbaijan,AZ,AZE,1974,NA
Azerbaijan,AZ,AZE,1973,NA
Azerbaijan,AZ,AZE,1972,NA
Azerbaijan,AZ,AZE,1971,NA
Azerbaijan,AZ,AZE,1970,NA
Azerbaijan,AZ,AZE,1969,NA
Azerbaijan,AZ,AZE,1968,NA
Azerbaijan,AZ,AZE,1967,NA
Azerbaijan,AZ,AZE,1966,NA
Azerbaijan,AZ,AZE,1965,NA
Azerbaijan,AZ,AZE,1964,NA
Azerbaijan,AZ,AZE,1963,NA
Azerbaijan,AZ,AZE,1962,NA
Azerbaijan,AZ,AZE,1961,NA
Azerbaijan,AZ,AZE,1960,NA
"Bahamas, The",BS,BHS,2024,NA
"Bahamas, The",BS,BHS,2023,11.4
"Bahamas, The",BS,BHS,2022,11.6
"Bahamas, The",BS,BHS,2021,11.7
"Bahamas, The",BS,BHS,2020,11.8
"Bahamas, The",BS,BHS,2019,15.7
"Bahamas, The",BS,BHS,2018,12
"Bahamas, The",BS,BHS,2017,12.1
"Bahamas, The",BS,BHS,2016,12.2
"Bahamas, The",BS,BHS,2015,12.3
"Bahamas, The",BS,BHS,2014,12.4
"Bahamas, The",BS,BHS,2013,12.6
"Bahamas, The",BS,BHS,2012,12.8
"Bahamas, The",BS,BHS,2011,13.1
"Bahamas, The",BS,BHS,2010,13.4
"Bahamas, The",BS,BHS,2009,13.7
"Bahamas, The",BS,BHS,2008,14
"Bahamas, The",BS,BHS,2007,14.2
"Bahamas, The",BS,BHS,2006,14.4
"Bahamas, The",BS,BHS,2005,14.5
"Bahamas, The",BS,BHS,2004,14.4
"Bahamas, The",BS,BHS,2003,14.3
"Bahamas, The",BS,BHS,2002,14.1
"Bahamas, The",BS,BHS,2001,13.9
"Bahamas, The",BS,BHS,2000,13.7
"Bahamas, The",BS,BHS,1999,13.7
"Bahamas, The",BS,BHS,1998,13.9
"Bahamas, The",BS,BHS,1997,14.3
"Bahamas, The",BS,BHS,1996,14.8
"Bahamas, The",BS,BHS,1995,15.5
"Bahamas, The",BS,BHS,1994,16.2
"Bahamas, The",BS,BHS,1993,17
"Bahamas, The",BS,BHS,1992,17.9
"Bahamas, The",BS,BHS,1991,18.7
"Bahamas, The",BS,BHS,1990,19.7
"Bahamas, The",BS,BHS,1989,20.6
"Bahamas, The",BS,BHS,1988,21.5
"Bahamas, The",BS,BHS,1987,22.3
"Bahamas, The",BS,BHS,1986,23
"Bahamas, The",BS,BHS,1985,23.4
"Bahamas, The",BS,BHS,1984,23.7
"Bahamas, The",BS,BHS,1983,24
"Bahamas, The",BS,BHS,1982,24.3
"Bahamas, The",BS,BHS,1981,24.6
"Bahamas, The",BS,BHS,1980,24.9
"Bahamas, The",BS,BHS,1979,25.3
"Bahamas, The",BS,BHS,1978,25.7
"Bahamas, The",BS,BHS,1977,26.1
"Bahamas, The",BS,BHS,1976,26.4
"Bahamas, The",BS,BHS,1975,26.6
"Bahamas, The",BS,BHS,1974,26.7
"Bahamas, The",BS,BHS,1973,26.7
"Bahamas, The",BS,BHS,1972,26.5
"Bahamas, The",BS,BHS,1971,26.3
"Bahamas, The",BS,BHS,1970,26
"Bahamas, The",BS,BHS,1969,25.6
"Bahamas, The",BS,BHS,1968,25.3
"Bahamas, The",BS,BHS,1967,NA
"Bahamas, The",BS,BHS,1966,NA
"Bahamas, The",BS,BHS,1965,NA
"Bahamas, The",BS,BHS,1964,NA
"Bahamas, The",BS,BHS,1963,NA
"Bahamas, The",BS,BHS,1962,NA
"Bahamas, The",BS,BHS,1961,NA
"Bahamas, The",BS,BHS,1960,NA
Bahrain,BH,BHR,2024,NA
Bahrain,BH,BHR,2023,7.2
Bahrain,BH,BHR,2022,7
Bahrain,BH,BHR,2021,6.8
Bahrain,BH,BHR,2020,6.6
Bahrain,BH,BHR,2019,6.5
Bahrain,BH,BHR,2018,6.4
Bahrain,BH,BHR,2017,6.3
Bahrain,BH,BHR,2016,6.3
Bahrain,BH,BHR,2015,6.3
Bahrain,BH,BHR,2014,6.4
Bahrain,BH,BHR,2013,6.5
Bahrain,BH,BHR,2012,6.6
Bahrain,BH,BHR,2011,6.8
Bahrain,BH,BHR,2010,7.1
Bahrain,BH,BHR,2009,7.4
Bahrain,BH,BHR,2008,7.8
Bahrain,BH,BHR,2007,8.1
Bahrain,BH,BHR,2006,8.5
Bahrain,BH,BHR,2005,8.8
Bahrain,BH,BHR,2004,9.1
Bahrain,BH,BHR,2003,9.4
Bahrain,BH,BHR,2002,9.7
Bahrain,BH,BHR,2001,10.1
Bahrain,BH,BHR,2000,10.5
Bahrain,BH,BHR,1999,11.1
Bahrain,BH,BHR,1998,11.9
Bahrain,BH,BHR,1997,13
Bahrain,BH,BHR,1996,14.2
Bahrain,BH,BHR,1995,15.6
Bahrain,BH,BHR,1994,16.9
Bahrain,BH,BHR,1993,18.2
Bahrain,BH,BHR,1992,19.1
Bahrain,BH,BHR,1991,19.7
Bahrain,BH,BHR,1990,20
Bahrain,BH,BHR,1989,20.2
Bahrain,BH,BHR,1988,20.4
Bahrain,BH,BHR,1987,20.7
Bahrain,BH,BHR,1986,21.2
Bahrain,BH,BHR,1985,22
Bahrain,BH,BHR,1984,22.9
Bahrain,BH,BHR,1983,24
Bahrain,BH,BHR,1982,25.4
Bahrain,BH,BHR,1981,26.9
Bahrain,BH,BHR,1980,28.7
Bahrain,BH,BHR,1979,30.7
Bahrain,BH,BHR,1978,33
Bahrain,BH,BHR,1977,35.5
Bahrain,BH,BHR,1976,38.4
Bahrain,BH,BHR,1975,41.7
Bahrain,BH,BHR,1974,45.4
Bahrain,BH,BHR,1973,49.6
Bahrain,BH,BHR,1972,54.4
Bahrain,BH,BHR,1971,59.9
Bahrain,BH,BHR,1970,66
Bahrain,BH,BHR,1969,72.6
Bahrain,BH,BHR,1968,79.8
Bahrain,BH,BHR,1967,87.5
Bahrain,BH,BHR,1966,95.9
Bahrain,BH,BHR,1965,104.9
Bahrain,BH,BHR,1964,114.7
Bahrain,BH,BHR,1963,124.9
Bahrain,BH,BHR,1962,135.8
Bahrain,BH,BHR,1961,147.7
Bahrain,BH,BHR,1960,160
Bangladesh,BD,BGD,2024,NA
Bangladesh,BD,BGD,2023,24.4
Bangladesh,BD,BGD,2022,24.4
Bangladesh,BD,BGD,2021,24.5
Bangladesh,BD,BGD,2020,24.9
Bangladesh,BD,BGD,2019,25.4
Bangladesh,BD,BGD,2018,26.3
Bangladesh,BD,BGD,2017,27.4
Bangladesh,BD,BGD,2016,28.6
Bangladesh,BD,BGD,2015,30
Bangladesh,BD,BGD,2014,31.4
Bangladesh,BD,BGD,2013,32.7
Bangladesh,BD,BGD,2012,34.1
Bangladesh,BD,BGD,2011,35.4
Bangladesh,BD,BGD,2010,36.9
Bangladesh,BD,BGD,2009,38.4
Bangladesh,BD,BGD,2008,40.1
Bangladesh,BD,BGD,2007,41.9
Bangladesh,BD,BGD,2006,43.9
Bangladesh,BD,BGD,2005,46
Bangladesh,BD,BGD,2004,48.4
Bangladesh,BD,BGD,2003,50.9
Bangladesh,BD,BGD,2002,53.6
Bangladesh,BD,BGD,2001,56.6
Bangladesh,BD,BGD,2000,59.8
Bangladesh,BD,BGD,1999,63.3
Bangladesh,BD,BGD,1998,66.9
Bangladesh,BD,BGD,1997,70.5
Bangladesh,BD,BGD,1996,74.2
Bangladesh,BD,BGD,1995,77.8
Bangladesh,BD,BGD,1994,81.5
Bangladesh,BD,BGD,1993,85.2
Bangladesh,BD,BGD,1992,88.9
Bangladesh,BD,BGD,1991,92.5
Bangladesh,BD,BGD,1990,96.2
Bangladesh,BD,BGD,1989,99.9
Bangladesh,BD,BGD,1988,103.8
Bangladesh,BD,BGD,1987,107.7
Bangladesh,BD,BGD,1986,111.6
Bangladesh,BD,BGD,1985,115.4
Bangladesh,BD,BGD,1984,119.1
Bangladesh,BD,BGD,1983,122.6
Bangladesh,BD,BGD,1982,126.1
Bangladesh,BD,BGD,1981,129.4
Bangladesh,BD,BGD,1980,132.7
Bangladesh,BD,BGD,1979,135.8
Bangladesh,BD,BGD,1978,139
Bangladesh,BD,BGD,1977,141.8
Bangladesh,BD,BGD,1976,144.2
Bangladesh,BD,BGD,1975,145.9
Bangladesh,BD,BGD,1974,147.2
Bangladesh,BD,BGD,1973,148
Bangladesh,BD,BGD,1972,148.4
Bangladesh,BD,BGD,1971,205.7
Bangladesh,BD,BGD,1970,165.3
Bangladesh,BD,BGD,1969,148.9
Bangladesh,BD,BGD,1968,149.7
Bangladesh,BD,BGD,1967,151
Bangladesh,BD,BGD,1966,153.1
Bangladesh,BD,BGD,1965,155.9
Bangladesh,BD,BGD,1964,159.4
Bangladesh,BD,BGD,1963,163.7
Bangladesh,BD,BGD,1962,168.4
Bangladesh,BD,BGD,1961,173.3
Bangladesh,BD,BGD,1960,178.6
Barbados,BB,BRB,2024,NA
Barbados,BB,BRB,2023,9.3
Barbados,BB,BRB,2022,9.6
Barbados,BB,BRB,2021,9.9
Barbados,BB,BRB,2020,10.2
Barbados,BB,BRB,2019,10.5
Barbados,BB,BRB,2018,10.9
Barbados,BB,BRB,2017,11.2
Barbados,BB,BRB,2016,11.5
Barbados,BB,BRB,2015,11.8
Barbados,BB,BRB,2014,12
Barbados,BB,BRB,2013,12.2
Barbados,BB,BRB,2012,12.4
Barbados,BB,BRB,2011,12.5
Barbados,BB,BRB,2010,12.7
Barbados,BB,BRB,2009,12.9
Barbados,BB,BRB,2008,13.1
Barbados,BB,BRB,2007,13.2
Barbados,BB,BRB,2006,13.4
Barbados,BB,BRB,2005,13.5
Barbados,BB,BRB,2004,13.5
Barbados,BB,BRB,2003,13.4
Barbados,BB,BRB,2002,13.3
Barbados,BB,BRB,2001,13.1
Barbados,BB,BRB,2000,13
Barbados,BB,BRB,1999,12.9
Barbados,BB,BRB,1998,12.8
Barbados,BB,BRB,1997,12.9
Barbados,BB,BRB,1996,13.1
Barbados,BB,BRB,1995,13.4
Barbados,BB,BRB,1994,13.7
Barbados,BB,BRB,1993,14.2
Barbados,BB,BRB,1992,14.8
Barbados,BB,BRB,1991,15.5
Barbados,BB,BRB,1990,16.2
Barbados,BB,BRB,1989,16.9
Barbados,BB,BRB,1988,17.6
Barbados,BB,BRB,1987,18.2
Barbados,BB,BRB,1986,18.8
Barbados,BB,BRB,1985,19.4
Barbados,BB,BRB,1984,20
Barbados,BB,BRB,1983,20.7
Barbados,BB,BRB,1982,21.5
Barbados,BB,BRB,1981,22.5
Barbados,BB,BRB,1980,23.7
Barbados,BB,BRB,1979,25
Barbados,BB,BRB,1978,26.6
Barbados,BB,BRB,1977,28.2
Barbados,BB,BRB,1976,29.9
Barbados,BB,BRB,1975,31.6
Barbados,BB,BRB,1974,33.5
Barbados,BB,BRB,1973,35.3
Barbados,BB,BRB,1972,37.2
Barbados,BB,BRB,1971,39.1
Barbados,BB,BRB,1970,41
Barbados,BB,BRB,1969,43
Barbados,BB,BRB,1968,44.9
Barbados,BB,BRB,1967,46.9
Barbados,BB,BRB,1966,49
Barbados,BB,BRB,1965,51.4
Barbados,BB,BRB,1964,54.2
Barbados,BB,BRB,1963,57.4
Barbados,BB,BRB,1962,61.1
Barbados,BB,BRB,1961,65.4
Barbados,BB,BRB,1960,70.3
Belarus,BY,BLR,2024,NA
Belarus,BY,BLR,2023,1.9
Belarus,BY,BLR,2022,2
Belarus,BY,BLR,2021,2.1
Belarus,BY,BLR,2020,2.2
Belarus,BY,BLR,2019,2.4
Belarus,BY,BLR,2018,2.6
Belarus,BY,BLR,2017,2.8
Belarus,BY,BLR,2016,2.9
Belarus,BY,BLR,2015,3.1
Belarus,BY,BLR,2014,3.3
Belarus,BY,BLR,2013,3.5
Belarus,BY,BLR,2012,3.7
Belarus,BY,BLR,2011,3.9
Belarus,BY,BLR,2010,4.2
Belarus,BY,BLR,2009,4.6
Belarus,BY,BLR,2008,5.1
Belarus,BY,BLR,2007,5.6
Belarus,BY,BLR,2006,6.1
Belarus,BY,BLR,2005,6.7
Belarus,BY,BLR,2004,7.2
Belarus,BY,BLR,2003,7.8
Belarus,BY,BLR,2002,8.5
Belarus,BY,BLR,2001,9.2
Belarus,BY,BLR,2000,9.9
Belarus,BY,BLR,1999,10.7
Belarus,BY,BLR,1998,11.4
Belarus,BY,BLR,1997,11.9
Belarus,BY,BLR,1996,12.2
Belarus,BY,BLR,1995,12.4
Belarus,BY,BLR,1994,12.4
Belarus,BY,BLR,1993,12.3
Belarus,BY,BLR,1992,12.2
Belarus,BY,BLR,1991,12.1
Belarus,BY,BLR,1990,12.1
Belarus,BY,BLR,1989,12.4
Belarus,BY,BLR,1988,12.7
Belarus,BY,BLR,1987,13.2
Belarus,BY,BLR,1986,13.7
Belarus,BY,BLR,1985,14.2
Belarus,BY,BLR,1984,14.7
Belarus,BY,BLR,1983,15.2
Belarus,BY,BLR,1982,15.7
Belarus,BY,BLR,1981,16.2
Belarus,BY,BLR,1980,16.7
Belarus,BY,BLR,1979,17.1
Belarus,BY,BLR,1978,17.4
Belarus,BY,BLR,1977,17.6
Belarus,BY,BLR,1976,17.7
Belarus,BY,BLR,1975,17.7
Belarus,BY,BLR,1974,17.8
Belarus,BY,BLR,1973,17.9
Belarus,BY,BLR,1972,18.1
Belarus,BY,BLR,1971,18.3
Belarus,BY,BLR,1970,18.8
Belarus,BY,BLR,1969,19.3
Belarus,BY,BLR,1968,20
Belarus,BY,BLR,1967,20.9
Belarus,BY,BLR,1966,22.1
Belarus,BY,BLR,1965,23.5
Belarus,BY,BLR,1964,25.3
Belarus,BY,BLR,1963,27.5
Belarus,BY,BLR,1962,30.2
Belarus,BY,BLR,1961,33.3
Belarus,BY,BLR,1960,36.9
Belgium,BE,BEL,2024,NA
Belgium,BE,BEL,2023,3
Belgium,BE,BEL,2022,3.1
Belgium,BE,BEL,2021,3.2
Belgium,BE,BEL,2020,3.2
Belgium,BE,BEL,2019,3.3
Belgium,BE,BEL,2018,3.3
Belgium,BE,BEL,2017,3.4
Belgium,BE,BEL,2016,3.4
Belgium,BE,BEL,2015,3.4
Belgium,BE,BEL,2014,3.4
Belgium,BE,BEL,2013,3.5
Belgium,BE,BEL,2012,3.5
Belgium,BE,BEL,2011,3.6
Belgium,BE,BEL,2010,3.7
Belgium,BE,BEL,2009,3.8
Belgium,BE,BEL,2008,3.8
Belgium,BE,BEL,2007,3.9
Belgium,BE,BEL,2006,4
Belgium,BE,BEL,2005,4.1
Belgium,BE,BEL,2004,4.2
Belgium,BE,BEL,2003,4.4
Belgium,BE,BEL,2002,4.5
Belgium,BE,BEL,2001,4.7
Belgium,BE,BEL,2000,4.8
Belgium,BE,BEL,1999,5
Belgium,BE,BEL,1998,5.3
Belgium,BE,BEL,1997,5.6
Belgium,BE,BEL,1996,5.9
Belgium,BE,BEL,1995,6.4
Belgium,BE,BEL,1994,6.8
Belgium,BE,BEL,1993,7.3
Belgium,BE,BEL,1992,7.7
Belgium,BE,BEL,1991,8
Belgium,BE,BEL,1990,8.3
Belgium,BE,BEL,1989,8.6
Belgium,BE,BEL,1988,8.9
Belgium,BE,BEL,1987,9.2
Belgium,BE,BEL,1986,9.5
Belgium,BE,BEL,1985,9.8
Belgium,BE,BEL,1984,10.2
Belgium,BE,BEL,1983,10.6
Belgium,BE,BEL,1982,11.1
Belgium,BE,BEL,1981,11.6
Belgium,BE,BEL,1980,12.2
Belgium,BE,BEL,1979,12.7
Belgium,BE,BEL,1978,13.4
Belgium,BE,BEL,1977,14.1
Belgium,BE,BEL,1976,14.8
Belgium,BE,BEL,1975,15.7
Belgium,BE,BEL,1974,16.6
Belgium,BE,BEL,1973,17.6
Belgium,BE,BEL,1972,18.6
Belgium,BE,BEL,1971,19.6
Belgium,BE,BEL,1970,20.5
Belgium,BE,BEL,1969,21.2
Belgium,BE,BEL,1968,21.9
Belgium,BE,BEL,1967,22.6
Belgium,BE,BEL,1966,23.3
Belgium,BE,BEL,1965,24.1
Belgium,BE,BEL,1964,25
Belgium,BE,BEL,1963,26
Belgium,BE,BEL,1962,27.1
Belgium,BE,BEL,1961,28.3
Belgium,BE,BEL,1960,29.6
Belize,BZ,BLZ,2024,NA
Belize,BZ,BLZ,2023,10.8
Belize,BZ,BLZ,2022,10.9
Belize,BZ,BLZ,2021,11
Belize,BZ,BLZ,2020,11.1
Belize,BZ,BLZ,2019,11.4
Belize,BZ,BLZ,2018,11.7
Belize,BZ,BLZ,2017,12.1
Belize,BZ,BLZ,2016,12.6
Belize,BZ,BLZ,2015,13.1
Belize,BZ,BLZ,2014,13.6
Belize,BZ,BLZ,2013,14.2
Belize,BZ,BLZ,2012,14.7
Belize,BZ,BLZ,2011,15.1
Belize,BZ,BLZ,2010,15.5
Belize,BZ,BLZ,2009,15.9
Belize,BZ,BLZ,2008,16.2
Belize,BZ,BLZ,2007,16.5
Belize,BZ,BLZ,2006,16.8
Belize,BZ,BLZ,2005,17.1
Belize,BZ,BLZ,2004,17.5
Belize,BZ,BLZ,2003,17.9
Belize,BZ,BLZ,2002,18.4
Belize,BZ,BLZ,2001,19
Belize,BZ,BLZ,2000,19.6
Belize,BZ,BLZ,1999,20.3
Belize,BZ,BLZ,1998,21.1
Belize,BZ,BLZ,1997,21.9
Belize,BZ,BLZ,1996,22.7
Belize,BZ,BLZ,1995,23.7
Belize,BZ,BLZ,1994,24.8
Belize,BZ,BLZ,1993,26.1
Belize,BZ,BLZ,1992,27.5
Belize,BZ,BLZ,1991,29.1
Belize,BZ,BLZ,1990,30.9
Belize,BZ,BLZ,1989,32.8
Belize,BZ,BLZ,1988,34.8
Belize,BZ,BLZ,1987,36.9
Belize,BZ,BLZ,1986,38.9
Belize,BZ,BLZ,1985,40.9
Belize,BZ,BLZ,1984,42.9
Belize,BZ,BLZ,1983,44.8
Belize,BZ,BLZ,1982,46.7
Belize,BZ,BLZ,1981,48.6
Belize,BZ,BLZ,1980,50.4
Belize,BZ,BLZ,1979,52.3
Belize,BZ,BLZ,1978,54.2
Belize,BZ,BLZ,1977,56.2
Belize,BZ,BLZ,1976,58.3
Belize,BZ,BLZ,1975,60.5
Belize,BZ,BLZ,1974,62.8
Belize,BZ,BLZ,1973,65.2
Belize,BZ,BLZ,1972,67.8
Belize,BZ,BLZ,1971,70.5
Belize,BZ,BLZ,1970,73.3
Belize,BZ,BLZ,1969,76.2
Belize,BZ,BLZ,1968,79.3
Belize,BZ,BLZ,1967,82.4
Belize,BZ,BLZ,1966,NA
Belize,BZ,BLZ,1965,NA
Belize,BZ,BLZ,1964,NA
Belize,BZ,BLZ,1963,NA
Belize,BZ,BLZ,1962,NA
Belize,BZ,BLZ,1961,NA
Belize,BZ,BLZ,1960,NA
Benin,BJ,BEN,2024,NA
Benin,BJ,BEN,2023,46.4
Benin,BJ,BEN,2022,47.7
Benin,BJ,BEN,2021,49.1
Benin,BJ,BEN,2020,50.4
Benin,BJ,BEN,2019,51.8
Benin,BJ,BEN,2018,53.1
Benin,BJ,BEN,2017,54.4
Benin,BJ,BEN,2016,55.7
Benin,BJ,BEN,2015,57
Benin,BJ,BEN,2014,58.3
Benin,BJ,BEN,2013,59.7
Benin,BJ,BEN,2012,61
Benin,BJ,BEN,2011,62.4
Benin,BJ,BEN,2010,63.7
Benin,BJ,BEN,2009,65.1
Benin,BJ,BEN,2008,66.4
Benin,BJ,BEN,2007,67.9
Benin,BJ,BEN,2006,69.3
Benin,BJ,BEN,2005,70.9
Benin,BJ,BEN,2004,72.5
Benin,BJ,BEN,2003,74.2
Benin,BJ,BEN,2002,76
Benin,BJ,BEN,2001,77.8
Benin,BJ,BEN,2000,79.7
Benin,BJ,BEN,1999,81.4
Benin,BJ,BEN,1998,83.2
Benin,BJ,BEN,1997,84.9
Benin,BJ,BEN,1996,86.6
Benin,BJ,BEN,1995,88.3
Benin,BJ,BEN,1994,90.1
Benin,BJ,BEN,1993,92
Benin,BJ,BEN,1992,94
Benin,BJ,BEN,1991,96
Benin,BJ,BEN,1990,97.9
Benin,BJ,BEN,1989,99.8
Benin,BJ,BEN,1988,101.6
Benin,BJ,BEN,1987,103.3
Benin,BJ,BEN,1986,105
Benin,BJ,BEN,1985,106.7
Benin,BJ,BEN,1984,108.3
Benin,BJ,BEN,1983,110
Benin,BJ,BEN,1982,111.6
Benin,BJ,BEN,1981,113.3
Benin,BJ,BEN,1980,115.2
Benin,BJ,BEN,1979,117.2
Benin,BJ,BEN,1978,119.4
Benin,BJ,BEN,1977,121.7
Benin,BJ,BEN,1976,124.2
Benin,BJ,BEN,1975,126.8
Benin,BJ,BEN,1974,129.2
Benin,BJ,BEN,1973,131.6
Benin,BJ,BEN,1972,133.9
Benin,BJ,BEN,1971,136.2
Benin,BJ,BEN,1970,138.2
Benin,BJ,BEN,1969,140.3
Benin,BJ,BEN,1968,142.4
Benin,BJ,BEN,1967,144.6
Benin,BJ,BEN,1966,147
Benin,BJ,BEN,1965,149.5
Benin,BJ,BEN,1964,152
Benin,BJ,BEN,1963,154.6
Benin,BJ,BEN,1962,157.1
Benin,BJ,BEN,1961,159.4
Benin,BJ,BEN,1960,161.4
Bermuda,BM,BMU,2024,NA
Bermuda,BM,BMU,2023,NA
Bermuda,BM,BMU,2022,NA
Bermuda,BM,BMU,2021,NA
Bermuda,BM,BMU,2020,NA
Bermuda,BM,BMU,2019,NA
Bermuda,BM,BMU,2018,NA
Bermuda,BM,BMU,2017,NA
Bermuda,BM,BMU,2016,NA
Bermuda,BM,BMU,2015,NA
Bermuda,BM,BMU,2014,NA
Bermuda,BM,BMU,2013,NA
Bermuda,BM,BMU,2012,NA
Bermuda,BM,BMU,2011,NA
Bermuda,BM,BMU,2010,NA
Bermuda,BM,BMU,2009,NA
Bermuda,BM,BMU,2008,NA
Bermuda,BM,BMU,2007,NA
Bermuda,BM,BMU,2006,NA
Bermuda,BM,BMU,2005,NA
Bermuda,BM,BMU,2004,NA
Bermuda,BM,BMU,2003,NA
Bermuda,BM,BMU,2002,NA
Bermuda,BM,BMU,2001,NA
Bermuda,BM,BMU,2000,NA
Bermuda,BM,BMU,1999,NA
Bermuda,BM,BMU,1998,NA
Bermuda,BM,BMU,1997,NA
Bermuda,BM,BMU,1996,NA
Bermuda,BM,BMU,1995,NA
Bermuda,BM,BMU,1994,NA
Bermuda,BM,BMU,1993,NA
Bermuda,BM,BMU,1992,NA
Bermuda,BM,BMU,1991,NA
Bermuda,BM,BMU,1990,NA
Bermuda,BM,BMU,1989,NA
Bermuda,BM,BMU,1988,NA
Bermuda,BM,BMU,1987,NA
Bermuda,BM,BMU,1986,NA
Bermuda,BM,BMU,1985,NA
Bermuda,BM,BMU,1984,NA
Bermuda,BM,BMU,1983,NA
Bermuda,BM,BMU,1982,NA
Bermuda,BM,BMU,1981,NA
Bermuda,BM,BMU,1980,NA
Bermuda,BM,BMU,1979,NA
Bermuda,BM,BMU,1978,NA
Bermuda,BM,BMU,1977,NA
Bermuda,BM,BMU,1976,NA
Bermuda,BM,BMU,1975,NA
Bermuda,BM,BMU,1974,NA
Bermuda,BM,BMU,1973,NA
Bermuda,BM,BMU,1972,NA
Bermuda,BM,BMU,1971,NA
Bermuda,BM,BMU,1970,NA
Bermuda,BM,BMU,1969,NA
Bermuda,BM,BMU,1968,NA
Bermuda,BM,BMU,1967,NA
Bermuda,BM,BMU,1966,NA
Bermuda,BM,BMU,1965,NA
Bermuda,BM,BMU,1964,NA
Bermuda,BM,BMU,1963,NA
Bermuda,BM,BMU,1962,NA
Bermuda,BM,BMU,1961,NA
Bermuda,BM,BMU,1960,NA
Bhutan,BT,BTN,2024,NA
Bhutan,BT,BTN,2023,18.5
Bhutan,BT,BTN,2022,19.1
Bhutan,BT,BTN,2021,19.8
Bhutan,BT,BTN,2020,20.3
Bhutan,BT,BTN,2019,21.1
Bhutan,BT,BTN,2018,21.8
Bhutan,BT,BTN,2017,22.6
Bhutan,BT,BTN,2016,23.4
Bhutan,BT,BTN,2015,24.4
Bhutan,BT,BTN,2014,25.4
Bhutan,BT,BTN,2013,26.5
Bhutan,BT,BTN,2012,27.9
Bhutan,BT,BTN,2011,29.5
Bhutan,BT,BTN,2010,31.4
Bhutan,BT,BTN,2009,33.6
Bhutan,BT,BTN,2008,35.9
Bhutan,BT,BTN,2007,38.4
Bhutan,BT,BTN,2006,41.2
Bhutan,BT,BTN,2005,44.1
Bhutan,BT,BTN,2004,47.2
Bhutan,BT,BTN,2003,50.3
Bhutan,BT,BTN,2002,53.5
Bhutan,BT,BTN,2001,56.7
Bhutan,BT,BTN,2000,60.1
Bhutan,BT,BTN,1999,63.4
Bhutan,BT,BTN,1998,66.8
Bhutan,BT,BTN,1997,70.5
Bhutan,BT,BTN,1996,74
Bhutan,BT,BTN,1995,77.6
Bhutan,BT,BTN,1994,81.2
Bhutan,BT,BTN,1993,84.8
Bhutan,BT,BTN,1992,88.3
Bhutan,BT,BTN,1991,92
Bhutan,BT,BTN,1990,95.8
Bhutan,BT,BTN,1989,99.7
Bhutan,BT,BTN,1988,104
Bhutan,BT,BTN,1987,108.4
Bhutan,BT,BTN,1986,112.8
Bhutan,BT,BTN,1985,117.3
Bhutan,BT,BTN,1984,122
Bhutan,BT,BTN,1983,126.8
Bhutan,BT,BTN,1982,131.6
Bhutan,BT,BTN,1981,136.3
Bhutan,BT,BTN,1980,141.2
Bhutan,BT,BTN,1979,146
Bhutan,BT,BTN,1978,150.4
Bhutan,BT,BTN,1977,155
Bhutan,BT,BTN,1976,159.5
Bhutan,BT,BTN,1975,163.7
Bhutan,BT,BTN,1974,168
Bhutan,BT,BTN,1973,172.1
Bhutan,BT,BTN,1972,176.1
Bhutan,BT,BTN,1971,179.8
Bhutan,BT,BTN,1970,183.7
Bhutan,BT,BTN,1969,187
Bhutan,BT,BTN,1968,190.9
Bhutan,BT,BTN,1967,NA
Bhutan,BT,BTN,1966,NA
Bhutan,BT,BTN,1965,NA
Bhutan,BT,BTN,1964,NA
Bhutan,BT,BTN,1963,NA
Bhutan,BT,BTN,1962,NA
Bhutan,BT,BTN,1961,NA
Bhutan,BT,BTN,1960,NA
Bolivia,BO,BOL,2024,NA
Bolivia,BO,BOL,2023,20
Bolivia,BO,BOL,2022,20.7
Bolivia,BO,BOL,2021,21.4
Bolivia,BO,BOL,2020,22.2
Bolivia,BO,BOL,2019,23
Bolivia,BO,BOL,2018,23.9
Bolivia,BO,BOL,2017,24.8
Bolivia,BO,BOL,2016,25.9
Bolivia,BO,BOL,2015,27.1
Bolivia,BO,BOL,2014,28.4
Bolivia,BO,BOL,2013,29.9
Bolivia,BO,BOL,2012,31.5
Bolivia,BO,BOL,2011,33.2
Bolivia,BO,BOL,2010,34.9
Bolivia,BO,BOL,2009,36.8
Bolivia,BO,BOL,2008,38.8
Bolivia,BO,BOL,2007,41
Bolivia,BO,BOL,2006,43.3
Bolivia,BO,BOL,2005,45.7
Bolivia,BO,BOL,2004,48.2
Bolivia,BO,BOL,2003,50.9
Bolivia,BO,BOL,2002,53.7
Bolivia,BO,BOL,2001,56.6
Bolivia,BO,BOL,2000,59.6
Bolivia,BO,BOL,1999,62.7
Bolivia,BO,BOL,1998,65.9
Bolivia,BO,BOL,1997,69
Bolivia,BO,BOL,1996,72.1
Bolivia,BO,BOL,1995,75.1
Bolivia,BO,BOL,1994,78.1
Bolivia,BO,BOL,1993,81.1
Bolivia,BO,BOL,1992,84
Bolivia,BO,BOL,1991,87
Bolivia,BO,BOL,1990,90
Bolivia,BO,BOL,1989,93.1
Bolivia,BO,BOL,1988,96.2
Bolivia,BO,BOL,1987,99.3
Bolivia,BO,BOL,1986,102.3
Bolivia,BO,BOL,1985,105.3
Bolivia,BO,BOL,1984,108.1
Bolivia,BO,BOL,1983,110.8
Bolivia,BO,BOL,1982,113.4
Bolivia,BO,BOL,1981,116.2
Bolivia,BO,BOL,1980,119
Bolivia,BO,BOL,1979,122
Bolivia,BO,BOL,1978,125.3
Bolivia,BO,BOL,1977,128.8
Bolivia,BO,BOL,1976,132.5
Bolivia,BO,BOL,1975,136.5
Bolivia,BO,BOL,1974,140.4
Bolivia,BO,BOL,1973,144.4
Bolivia,BO,BOL,1972,148.2
Bolivia,BO,BOL,1971,152
Bolivia,BO,BOL,1970,155.7
Bolivia,BO,BOL,1969,159.4
Bolivia,BO,BOL,1968,163
Bolivia,BO,BOL,1967,166.4
Bolivia,BO,BOL,1966,169.6
Bolivia,BO,BOL,1965,172.7
Bolivia,BO,BOL,1964,175.7
Bolivia,BO,BOL,1963,178.6
Bolivia,BO,BOL,1962,181.5
Bolivia,BO,BOL,1961,184.5
Bolivia,BO,BOL,1960,187.4
Bosnia and Herzegovina,BA,BIH,2024,NA
Bosnia and Herzegovina,BA,BIH,2023,5.3
Bosnia and Herzegovina,BA,BIH,2022,5.5
Bosnia and Herzegovina,BA,BIH,2021,5.7
Bosnia and Herzegovina,BA,BIH,2020,5.8
Bosnia and Herzegovina,BA,BIH,2019,5.9
Bosnia and Herzegovina,BA,BIH,2018,5.9
Bosnia and Herzegovina,BA,BIH,2017,6
Bosnia and Herzegovina,BA,BIH,2016,5.9
Bosnia and Herzegovina,BA,BIH,2015,5.9
Bosnia and Herzegovina,BA,BIH,2014,5.9
Bosnia and Herzegovina,BA,BIH,2013,5.9
Bosnia and Herzegovina,BA,BIH,2012,5.9
Bosnia and Herzegovina,BA,BIH,2011,5.9
Bosnia and Herzegovina,BA,BIH,2010,6
Bosnia and Herzegovina,BA,BIH,2009,6
Bosnia and Herzegovina,BA,BIH,2008,6.1
Bosnia and Herzegovina,BA,BIH,2007,6.2
Bosnia and Herzegovina,BA,BIH,2006,6.3
Bosnia and Herzegovina,BA,BIH,2005,6.4
Bosnia and Herzegovina,BA,BIH,2004,6.6
Bosnia and Herzegovina,BA,BIH,2003,6.9
Bosnia and Herzegovina,BA,BIH,2002,7.3
Bosnia and Herzegovina,BA,BIH,2001,7.8
Bosnia and Herzegovina,BA,BIH,2000,8.3
Bosnia and Herzegovina,BA,BIH,1999,8.9
Bosnia and Herzegovina,BA,BIH,1998,9.6
Bosnia and Herzegovina,BA,BIH,1997,10.2
Bosnia and Herzegovina,BA,BIH,1996,10.9
Bosnia and Herzegovina,BA,BIH,1995,14
Bosnia and Herzegovina,BA,BIH,1994,12.3
Bosnia and Herzegovina,BA,BIH,1993,30.5
Bosnia and Herzegovina,BA,BIH,1992,30.6
Bosnia and Herzegovina,BA,BIH,1991,14.9
Bosnia and Herzegovina,BA,BIH,1990,16.1
Bosnia and Herzegovina,BA,BIH,1989,17.4
Bosnia and Herzegovina,BA,BIH,1988,18.8
Bosnia and Herzegovina,BA,BIH,1987,20.4
Bosnia and Herzegovina,BA,BIH,1986,22.1
Bosnia and Herzegovina,BA,BIH,1985,24.1
Bosnia and Herzegovina,BA,BIH,1984,26.2
Bosnia and Herzegovina,BA,BIH,1983,NA
Bosnia and Herzegovina,BA,BIH,1982,NA
Bosnia and Herzegovina,BA,BIH,1981,NA
Bosnia and Herzegovina,BA,BIH,1980,NA
Bosnia and Herzegovina,BA,BIH,1979,NA
Bosnia and Herzegovina,BA,BIH,1978,NA
Bosnia and Herzegovina,BA,BIH,1977,NA
Bosnia and Herzegovina,BA,BIH,1976,NA
Bosnia and Herzegovina,BA,BIH,1975,NA
Bosnia and Herzegovina,BA,BIH,1974,NA
Bosnia and Herzegovina,BA,BIH,1973,NA
Bosnia and Herzegovina,BA,BIH,1972,NA
Bosnia and Herzegovina,BA,BIH,1971,NA
Bosnia and Herzegovina,BA,BIH,1970,NA
Bosnia and Herzegovina,BA,BIH,1969,NA
Bosnia and Herzegovina,BA,BIH,1968,NA
Bosnia and Herzegovina,BA,BIH,1967,NA
Bosnia and Herzegovina,BA,BIH,1966,NA
Bosnia and Herzegovina,BA,BIH,1965,NA
Bosnia and Herzegovina,BA,BIH,1964,NA
Bosnia and Herzegovina,BA,BIH,1963,NA
Bosnia and Herzegovina,BA,BIH,1962,NA
Bosnia and Herzegovina,BA,BIH,1961,NA
Bosnia and Herzegovina,BA,BIH,1960,NA
Botswana,BW,BWA,2024,NA
Botswana,BW,BWA,2023,38.2
Botswana,BW,BWA,2022,39.2
Botswana,BW,BWA,2021,40.3
Botswana,BW,BWA,2020,41.5
Botswana,BW,BWA,2019,42.3
Botswana,BW,BWA,2018,43.2
Botswana,BW,BWA,2017,44.3
Botswana,BW,BWA,2016,46.7
Botswana,BW,BWA,2015,47.2
Botswana,BW,BWA,2014,48.4
Botswana,BW,BWA,2013,47.6
Botswana,BW,BWA,2012,48.8
Botswana,BW,BWA,2011,52
Botswana,BW,BWA,2010,50.5
Botswana,BW,BWA,2009,49.3
Botswana,BW,BWA,2008,49
Botswana,BW,BWA,2007,47.1
Botswana,BW,BWA,2006,43.8
Botswana,BW,BWA,2005,43
Botswana,BW,BWA,2004,44.5
Botswana,BW,BWA,2003,43.3
Botswana,BW,BWA,2002,42.4
Botswana,BW,BWA,2001,42.3
Botswana,BW,BWA,2000,42.5
Botswana,BW,BWA,1999,42.4
Botswana,BW,BWA,1998,41.7
Botswana,BW,BWA,1997,41.6
Botswana,BW,BWA,1996,41.5
Botswana,BW,BWA,1995,41.3
Botswana,BW,BWA,1994,42.6
Botswana,BW,BWA,1993,41.5
Botswana,BW,BWA,1992,40.3
Botswana,BW,BWA,1991,39.3
Botswana,BW,BWA,1990,38.9
Botswana,BW,BWA,1989,39.2
Botswana,BW,BWA,1988,40.2
Botswana,BW,BWA,1987,42
Botswana,BW,BWA,1986,44.1
Botswana,BW,BWA,1985,46.5
Botswana,BW,BWA,1984,49.1
Botswana,BW,BWA,1983,51.5
Botswana,BW,BWA,1982,54.2
Botswana,BW,BWA,1981,57.1
Botswana,BW,BWA,1980,60.3
Botswana,BW,BWA,1979,63.5
Botswana,BW,BWA,1978,67.1
Botswana,BW,BWA,1977,70.9
Botswana,BW,BWA,1976,74.8
Botswana,BW,BWA,1975,78.7
Botswana,BW,BWA,1974,82.3
Botswana,BW,BWA,1973,85.6
Botswana,BW,BWA,1972,88.7
Botswana,BW,BWA,1971,91.7
Botswana,BW,BWA,1970,94.6
Botswana,BW,BWA,1969,97.1
Botswana,BW,BWA,1968,99.5
Botswana,BW,BWA,1967,101.7
Botswana,BW,BWA,1966,103.9
Botswana,BW,BWA,1965,106.1
Botswana,BW,BWA,1964,108.3
Botswana,BW,BWA,1963,110.6
Botswana,BW,BWA,1962,112.8
Botswana,BW,BWA,1961,115.1
Botswana,BW,BWA,1960,117.6
Brazil,BR,BRA,2024,NA
Brazil,BR,BRA,2023,12.5
Brazil,BR,BRA,2022,12.6
Brazil,BR,BRA,2021,12.7
Brazil,BR,BRA,2020,12.8
Brazil,BR,BRA,2019,13
Brazil,BR,BRA,2018,13.1
Brazil,BR,BRA,2017,13.3
Brazil,BR,BRA,2016,14.6
Brazil,BR,BRA,2015,13.7
Brazil,BR,BRA,2014,14
Brazil,BR,BRA,2013,14.4
Brazil,BR,BRA,2012,14.8
Brazil,BR,BRA,2011,15.3
Brazil,BR,BRA,2010,16
Brazil,BR,BRA,2009,16.7
Brazil,BR,BRA,2008,17.6
Brazil,BR,BRA,2007,18.6
Brazil,BR,BRA,2006,19.7
Brazil,BR,BRA,2005,21
Brazil,BR,BRA,2004,22.4
Brazil,BR,BRA,2003,23.9
Brazil,BR,BRA,2002,25.5
Brazil,BR,BRA,2001,27.3
Brazil,BR,BRA,2000,29.1
Brazil,BR,BRA,1999,31
Brazil,BR,BRA,1998,33
Brazil,BR,BRA,1997,35.1
Brazil,BR,BRA,1996,37.4
Brazil,BR,BRA,1995,39.8
Brazil,BR,BRA,1994,42.4
Brazil,BR,BRA,1993,44.9
Brazil,BR,BRA,1992,47.4
Brazil,BR,BRA,1991,49.8
Brazil,BR,BRA,1990,52
Brazil,BR,BRA,1989,54.1
Brazil,BR,BRA,1988,56.1
Brazil,BR,BRA,1987,58.1
Brazil,BR,BRA,1986,60.1
Brazil,BR,BRA,1985,62.3
Brazil,BR,BRA,1984,64.7
Brazil,BR,BRA,1983,67.3
Brazil,BR,BRA,1982,70.2
Brazil,BR,BRA,1981,73.3
Brazil,BR,BRA,1980,76.5
Brazil,BR,BRA,1979,79.8
Brazil,BR,BRA,1978,82.8
Brazil,BR,BRA,1977,85.7
Brazil,BR,BRA,1976,88.4
Brazil,BR,BRA,1975,90.8
Brazil,BR,BRA,1974,93.1
Brazil,BR,BRA,1973,95.3
Brazil,BR,BRA,1972,97.6
Brazil,BR,BRA,1971,99.8
Brazil,BR,BRA,1970,102
Brazil,BR,BRA,1969,104.2
Brazil,BR,BRA,1968,106.4
Brazil,BR,BRA,1967,108.4
Brazil,BR,BRA,1966,110.5
Brazil,BR,BRA,1965,112.7
Brazil,BR,BRA,1964,115.1
Brazil,BR,BRA,1963,117.6
Brazil,BR,BRA,1962,120.4
Brazil,BR,BRA,1961,123.3
Brazil,BR,BRA,1960,126.4
British Virgin Islands,VG,VGB,2024,NA
British Virgin Islands,VG,VGB,2023,11.6
British Virgin Islands,VG,VGB,2022,12
British Virgin Islands,VG,VGB,2021,12.3
British Virgin Islands,VG,VGB,2020,12.7
British Virgin Islands,VG,VGB,2019,13
British Virgin Islands,VG,VGB,2018,13.3
British Virgin Islands,VG,VGB,2017,13.6
British Virgin Islands,VG,VGB,2016,13.8
British Virgin Islands,VG,VGB,2015,14
British Virgin Islands,VG,VGB,2014,14.1
British Virgin Islands,VG,VGB,2013,14.1
British Virgin Islands,VG,VGB,2012,14
British Virgin Islands,VG,VGB,2011,14
British Virgin Islands,VG,VGB,2010,13.9
British Virgin Islands,VG,VGB,2009,13.9
British Virgin Islands,VG,VGB,2008,13.9
British Virgin Islands,VG,VGB,2007,13.9
British Virgin Islands,VG,VGB,2006,13.9
British Virgin Islands,VG,VGB,2005,13.9
British Virgin Islands,VG,VGB,2004,14
British Virgin Islands,VG,VGB,2003,14.1
British Virgin Islands,VG,VGB,2002,14.2
British Virgin Islands,VG,VGB,2001,14.4
British Virgin Islands,VG,VGB,2000,14.5
British Virgin Islands,VG,VGB,1999,14.7
British Virgin Islands,VG,VGB,1998,15
British Virgin Islands,VG,VGB,1997,15.3
British Virgin Islands,VG,VGB,1996,15.6
British Virgin Islands,VG,VGB,1995,16
British Virgin Islands,VG,VGB,1994,16.5
British Virgin Islands,VG,VGB,1993,17
British Virgin Islands,VG,VGB,1992,17.6
British Virgin Islands,VG,VGB,1991,18.3
British Virgin Islands,VG,VGB,1990,19.1
British Virgin Islands,VG,VGB,1989,20
British Virgin Islands,VG,VGB,1988,20.9
British Virgin Islands,VG,VGB,1987,21.9
British Virgin Islands,VG,VGB,1986,22.9
British Virgin Islands,VG,VGB,1985,23.8
British Virgin Islands,VG,VGB,1984,24.7
British Virgin Islands,VG,VGB,1983,25.6
British Virgin Islands,VG,VGB,1982,26.5
British Virgin Islands,VG,VGB,1981,27.3
British Virgin Islands,VG,VGB,1980,28
British Virgin Islands,VG,VGB,1979,28.7
British Virgin Islands,VG,VGB,1978,29.3
British Virgin Islands,VG,VGB,1977,29.9
British Virgin Islands,VG,VGB,1976,30.6
British Virgin Islands,VG,VGB,1975,31.4
British Virgin Islands,VG,VGB,1974,32.3
British Virgin Islands,VG,VGB,1973,33.5
British Virgin Islands,VG,VGB,1972,34.9
British Virgin Islands,VG,VGB,1971,36.6
British Virgin Islands,VG,VGB,1970,38.5
British Virgin Islands,VG,VGB,1969,40.6
British Virgin Islands,VG,VGB,1968,43
British Virgin Islands,VG,VGB,1967,45.7
British Virgin Islands,VG,VGB,1966,48.6
British Virgin Islands,VG,VGB,1965,51.7
British Virgin Islands,VG,VGB,1964,55.1
British Virgin Islands,VG,VGB,1963,58.7
British Virgin Islands,VG,VGB,1962,62.5
British Virgin Islands,VG,VGB,1961,66.4
British Virgin Islands,VG,VGB,1960,70.6
Brunei Darussalam,BN,BRN,2024,NA
Brunei Darussalam,BN,BRN,2023,8.2
Brunei Darussalam,BN,BRN,2022,8.3
Brunei Darussalam,BN,BRN,2021,8.4
Brunei Darussalam,BN,BRN,2020,8.5
Brunei Darussalam,BN,BRN,2019,8.5
Brunei Darussalam,BN,BRN,2018,8.6
Brunei Darussalam,BN,BRN,2017,8.6
Brunei Darussalam,BN,BRN,2016,8.6
Brunei Darussalam,BN,BRN,2015,8.5
Brunei Darussalam,BN,BRN,2014,8.5
Brunei Darussalam,BN,BRN,2013,8.4
Brunei Darussalam,BN,BRN,2012,8.3
Brunei Darussalam,BN,BRN,2011,8.2
Brunei Darussalam,BN,BRN,2010,8.1
Brunei Darussalam,BN,BRN,2009,8
Brunei Darussalam,BN,BRN,2008,8
Brunei Darussalam,BN,BRN,2007,7.9
Brunei Darussalam,BN,BRN,2006,7.8
Brunei Darussalam,BN,BRN,2005,7.8
Brunei Darussalam,BN,BRN,2004,7.8
Brunei Darussalam,BN,BRN,2003,7.9
Brunei Darussalam,BN,BRN,2002,8
Brunei Darussalam,BN,BRN,2001,8.1
Brunei Darussalam,BN,BRN,2000,8.3
Brunei Darussalam,BN,BRN,1999,8.6
Brunei Darussalam,BN,BRN,1998,8.8
Brunei Darussalam,BN,BRN,1997,9.1
Brunei Darussalam,BN,BRN,1996,9.5
Brunei Darussalam,BN,BRN,1995,9.7
Brunei Darussalam,BN,BRN,1994,10
Brunei Darussalam,BN,BRN,1993,10.1
Brunei Darussalam,BN,BRN,1992,10.2
Brunei Darussalam,BN,BRN,1991,10.2
Brunei Darussalam,BN,BRN,1990,10.3
Brunei Darussalam,BN,BRN,1989,10.3
Brunei Darussalam,BN,BRN,1988,10.5
Brunei Darussalam,BN,BRN,1987,10.8
Brunei Darussalam,BN,BRN,1986,11.2
Brunei Darussalam,BN,BRN,1985,11.8
Brunei Darussalam,BN,BRN,1984,12.5
Brunei Darussalam,BN,BRN,1983,13.3
Brunei Darussalam,BN,BRN,1982,14.3
Brunei Darussalam,BN,BRN,1981,15.4
Brunei Darussalam,BN,BRN,1980,16.7
Brunei Darussalam,BN,BRN,1979,18.1
Brunei Darussalam,BN,BRN,1978,19.6
Brunei Darussalam,BN,BRN,1977,21.3
Brunei Darussalam,BN,BRN,1976,23.1
Brunei Darussalam,BN,BRN,1975,25
Brunei Darussalam,BN,BRN,1974,26.9
Brunei Darussalam,BN,BRN,1973,28.8
Brunei Darussalam,BN,BRN,1972,30.7
Brunei Darussalam,BN,BRN,1971,32.5
Brunei Darussalam,BN,BRN,1970,34.2
Brunei Darussalam,BN,BRN,1969,35.8
Brunei Darussalam,BN,BRN,1968,37.4
Brunei Darussalam,BN,BRN,1967,39.1
Brunei Darussalam,BN,BRN,1966,40.8
Brunei Darussalam,BN,BRN,1965,42.9
Brunei Darussalam,BN,BRN,1964,45.4
Brunei Darussalam,BN,BRN,1963,48.2
Brunei Darussalam,BN,BRN,1962,51.5
Brunei Darussalam,BN,BRN,1961,55.2
Brunei Darussalam,BN,BRN,1960,59.4
Bulgaria,BG,BGR,2024,NA
Bulgaria,BG,BGR,2023,5
Bulgaria,BG,BGR,2022,5.1
Bulgaria,BG,BGR,2021,5.2
Bulgaria,BG,BGR,2020,5.4
Bulgaria,BG,BGR,2019,5.5
Bulgaria,BG,BGR,2018,5.8
Bulgaria,BG,BGR,2017,6.1
Bulgaria,BG,BGR,2016,6.4
Bulgaria,BG,BGR,2015,6.8
Bulgaria,BG,BGR,2014,7.3
Bulgaria,BG,BGR,2013,7.8
Bulgaria,BG,BGR,2012,8.3
Bulgaria,BG,BGR,2011,8.7
Bulgaria,BG,BGR,2010,9.1
Bulgaria,BG,BGR,2009,9.3
Bulgaria,BG,BGR,2008,9.6
Bulgaria,BG,BGR,2007,9.9
Bulgaria,BG,BGR,2006,10.4
Bulgaria,BG,BGR,2005,11
Bulgaria,BG,BGR,2004,11.8
Bulgaria,BG,BGR,2003,12.5
Bulgaria,BG,BGR,2002,13.2
Bulgaria,BG,BGR,2001,13.8
Bulgaria,BG,BGR,2000,14.3
Bulgaria,BG,BGR,1999,14.9
Bulgaria,BG,BGR,1998,15.4
Bulgaria,BG,BGR,1997,15.7
Bulgaria,BG,BGR,1996,15.7
Bulgaria,BG,BGR,1995,15.5
Bulgaria,BG,BGR,1994,15.4
Bulgaria,BG,BGR,1993,15.4
Bulgaria,BG,BGR,1992,15.3
Bulgaria,BG,BGR,1991,15
Bulgaria,BG,BGR,1990,14.6
Bulgaria,BG,BGR,1989,14.2
Bulgaria,BG,BGR,1988,14.2
Bulgaria,BG,BGR,1987,14.4
Bulgaria,BG,BGR,1986,14.9
Bulgaria,BG,BGR,1985,15.8
Bulgaria,BG,BGR,1984,16.6
Bulgaria,BG,BGR,1983,17.4
Bulgaria,BG,BGR,1982,18.1
Bulgaria,BG,BGR,1981,18.8
Bulgaria,BG,BGR,1980,19.6
Bulgaria,BG,BGR,1979,20.6
Bulgaria,BG,BGR,1978,21.7
Bulgaria,BG,BGR,1977,22.8
Bulgaria,BG,BGR,1976,23.6
Bulgaria,BG,BGR,1975,24.2
Bulgaria,BG,BGR,1974,24.6
Bulgaria,BG,BGR,1973,25
Bulgaria,BG,BGR,1972,25.6
Bulgaria,BG,BGR,1971,26.5
Bulgaria,BG,BGR,1970,27.6
Bulgaria,BG,BGR,1969,28.9
Bulgaria,BG,BGR,1968,30
Bulgaria,BG,BGR,1967,30.8
Bulgaria,BG,BGR,1966,31.2
Bulgaria,BG,BGR,1965,31.5
Bulgaria,BG,BGR,1964,32.3
Bulgaria,BG,BGR,1963,34.1
Bulgaria,BG,BGR,1962,36.8
Bulgaria,BG,BGR,1961,40.5
Bulgaria,BG,BGR,1960,45
Burkina Faso,BF,BFA,2024,NA
Burkina Faso,BF,BFA,2023,44.8
Burkina Faso,BF,BFA,2022,46.1
Burkina Faso,BF,BFA,2021,47.3
Burkina Faso,BF,BFA,2020,48.7
Burkina Faso,BF,BFA,2019,50.2
Burkina Faso,BF,BFA,2018,51.6
Burkina Faso,BF,BFA,2017,53.1
Burkina Faso,BF,BFA,2016,54.7
Burkina Faso,BF,BFA,2015,56.3
Burkina Faso,BF,BFA,2014,58
Burkina Faso,BF,BFA,2013,59.8
Burkina Faso,BF,BFA,2012,61.6
Burkina Faso,BF,BFA,2011,63.5
Burkina Faso,BF,BFA,2010,65.7
Burkina Faso,BF,BFA,2009,68.2
Burkina Faso,BF,BFA,2008,71
Burkina Faso,BF,BFA,2007,73.9
Burkina Faso,BF,BFA,2006,77.1
Burkina Faso,BF,BFA,2005,80.3
Burkina Faso,BF,BFA,2004,83.2
Burkina Faso,BF,BFA,2003,85.9
Burkina Faso,BF,BFA,2002,88.3
Burkina Faso,BF,BFA,2001,90.5
Burkina Faso,BF,BFA,2000,92.4
Burkina Faso,BF,BFA,1999,94.2
Burkina Faso,BF,BFA,1998,96
Burkina Faso,BF,BFA,1997,97.7
Burkina Faso,BF,BFA,1996,99.2
Burkina Faso,BF,BFA,1995,100.6
Burkina Faso,BF,BFA,1994,101.4
Burkina Faso,BF,BFA,1993,102
Burkina Faso,BF,BFA,1992,102.3
Burkina Faso,BF,BFA,1991,102.5
Burkina Faso,BF,BFA,1990,102.9
Burkina Faso,BF,BFA,1989,103.7
Burkina Faso,BF,BFA,1988,105
Burkina Faso,BF,BFA,1987,106.9
Burkina Faso,BF,BFA,1986,109.1
Burkina Faso,BF,BFA,1985,111.5
Burkina Faso,BF,BFA,1984,113.8
Burkina Faso,BF,BFA,1983,116.1
Burkina Faso,BF,BFA,1982,118.5
Burkina Faso,BF,BFA,1981,121
Burkina Faso,BF,BFA,1980,123.8
Burkina Faso,BF,BFA,1979,127.2
Burkina Faso,BF,BFA,1978,131.2
Burkina Faso,BF,BFA,1977,135.8
Burkina Faso,BF,BFA,1976,140.8
Burkina Faso,BF,BFA,1975,146
Burkina Faso,BF,BFA,1974,150.7
Burkina Faso,BF,BFA,1973,154.6
Burkina Faso,BF,BFA,1972,157.6
Burkina Faso,BF,BFA,1971,159.7
Burkina Faso,BF,BFA,1970,160.9
Burkina Faso,BF,BFA,1969,162
Burkina Faso,BF,BFA,1968,162.8
Burkina Faso,BF,BFA,1967,163.5
Burkina Faso,BF,BFA,1966,164.4
Burkina Faso,BF,BFA,1965,165.4
Burkina Faso,BF,BFA,1964,166.3
Burkina Faso,BF,BFA,1963,167.5
Burkina Faso,BF,BFA,1962,168.6
Burkina Faso,BF,BFA,1961,170
Burkina Faso,BF,BFA,1960,171.4
Burundi,BI,BDI,2024,NA
Burundi,BI,BDI,2023,31.5
Burundi,BI,BDI,2022,32.4
Burundi,BI,BDI,2021,33.4
Burundi,BI,BDI,2020,34.5
Burundi,BI,BDI,2019,35.6
Burundi,BI,BDI,2018,37
Burundi,BI,BDI,2017,38.4
Burundi,BI,BDI,2016,40
Burundi,BI,BDI,2015,41.8
Burundi,BI,BDI,2014,44
Burundi,BI,BDI,2013,46.3
Burundi,BI,BDI,2012,49
Burundi,BI,BDI,2011,51.9
Burundi,BI,BDI,2010,55
Burundi,BI,BDI,2009,58.3
Burundi,BI,BDI,2008,61.8
Burundi,BI,BDI,2007,65.6
Burundi,BI,BDI,2006,69.5
Burundi,BI,BDI,2005,73.4
Burundi,BI,BDI,2004,77.1
Burundi,BI,BDI,2003,80.4
Burundi,BI,BDI,2002,83.3
Burundi,BI,BDI,2001,86.1
Burundi,BI,BDI,2000,88.6
Burundi,BI,BDI,1999,91
Burundi,BI,BDI,1998,93
Burundi,BI,BDI,1997,94.7
Burundi,BI,BDI,1996,95.8
Burundi,BI,BDI,1995,96.3
Burundi,BI,BDI,1994,96.3
Burundi,BI,BDI,1993,100.9
Burundi,BI,BDI,1992,95.1
Burundi,BI,BDI,1991,93.9
Burundi,BI,BDI,1990,92.6
Burundi,BI,BDI,1989,91.5
Burundi,BI,BDI,1988,90.5
Burundi,BI,BDI,1987,90.2
Burundi,BI,BDI,1986,90.8
Burundi,BI,BDI,1985,92.5
Burundi,BI,BDI,1984,95.4
Burundi,BI,BDI,1983,99.3
Burundi,BI,BDI,1982,103.8
Burundi,BI,BDI,1981,108.5
Burundi,BI,BDI,1980,112.8
Burundi,BI,BDI,1979,116.5
Burundi,BI,BDI,1978,119.4
Burundi,BI,BDI,1977,121.3
Burundi,BI,BDI,1976,122.2
Burundi,BI,BDI,1975,122.3
Burundi,BI,BDI,1974,122
Burundi,BI,BDI,1973,121.5
Burundi,BI,BDI,1972,136.4
Burundi,BI,BDI,1971,120.3
Burundi,BI,BDI,1970,119.7
Burundi,BI,BDI,1969,118.9
Burundi,BI,BDI,1968,117.9
Burundi,BI,BDI,1967,116.7
Burundi,BI,BDI,1966,115.3
Burundi,BI,BDI,1965,114
Burundi,BI,BDI,1964,NA
Burundi,BI,BDI,1963,NA
Burundi,BI,BDI,1962,NA
Burundi,BI,BDI,1961,NA
Burundi,BI,BDI,1960,NA
Cabo Verde,CV,CPV,2024,NA
Cabo Verde,CV,CPV,2023,11
Cabo Verde,CV,CPV,2022,11.5
Cabo Verde,CV,CPV,2021,12
Cabo Verde,CV,CPV,2020,12.5
Cabo Verde,CV,CPV,2019,13.2
Cabo Verde,CV,CPV,2018,14
Cabo Verde,CV,CPV,2017,15
Cabo Verde,CV,CPV,2016,16.2
Cabo Verde,CV,CPV,2015,17.6
Cabo Verde,CV,CPV,2014,19
Cabo Verde,CV,CPV,2013,20.5
Cabo Verde,CV,CPV,2012,21.8
Cabo Verde,CV,CPV,2011,22.9
Cabo Verde,CV,CPV,2010,23.8
Cabo Verde,CV,CPV,2009,24.3
Cabo Verde,CV,CPV,2008,24.4
Cabo Verde,CV,CPV,2007,24.3
Cabo Verde,CV,CPV,2006,24.1
Cabo Verde,CV,CPV,2005,23.9
Cabo Verde,CV,CPV,2004,23.9
Cabo Verde,CV,CPV,2003,24.3
Cabo Verde,CV,CPV,2002,25.3
Cabo Verde,CV,CPV,2001,27
Cabo Verde,CV,CPV,2000,29.4
Cabo Verde,CV,CPV,1999,32.3
Cabo Verde,CV,CPV,1998,35.5
Cabo Verde,CV,CPV,1997,38.4
Cabo Verde,CV,CPV,1996,40.6
Cabo Verde,CV,CPV,1995,41.8
Cabo Verde,CV,CPV,1994,42
Cabo Verde,CV,CPV,1993,41.7
Cabo Verde,CV,CPV,1992,41.3
Cabo Verde,CV,CPV,1991,41.3
Cabo Verde,CV,CPV,1990,42.1
Cabo Verde,CV,CPV,1989,43.6
Cabo Verde,CV,CPV,1988,45.8
Cabo Verde,CV,CPV,1987,48.3
Cabo Verde,CV,CPV,1986,50.7
Cabo Verde,CV,CPV,1985,52.6
Cabo Verde,CV,CPV,1984,53.8
Cabo Verde,CV,CPV,1983,54.4
Cabo Verde,CV,CPV,1982,54.6
Cabo Verde,CV,CPV,1981,54.7
Cabo Verde,CV,CPV,1980,55.2
Cabo Verde,CV,CPV,1979,56.2
Cabo Verde,CV,CPV,1978,57.8
Cabo Verde,CV,CPV,1977,60.1
Cabo Verde,CV,CPV,1976,62.9
Cabo Verde,CV,CPV,1975,66.1
Cabo Verde,CV,CPV,1974,69.8
Cabo Verde,CV,CPV,1973,73.7
Cabo Verde,CV,CPV,1972,77.8
Cabo Verde,CV,CPV,1971,81.9
Cabo Verde,CV,CPV,1970,85.9
Cabo Verde,CV,CPV,1969,89.8
Cabo Verde,CV,CPV,1968,93.3
Cabo Verde,CV,CPV,1967,96.6
Cabo Verde,CV,CPV,1966,99.4
Cabo Verde,CV,CPV,1965,102.2
Cabo Verde,CV,CPV,1964,104.6
Cabo Verde,CV,CPV,1963,106.8
Cabo Verde,CV,CPV,1962,108.7
Cabo Verde,CV,CPV,1961,110.6
Cabo Verde,CV,CPV,1960,112.3
Cambodia,KH,KHM,2024,NA
Cambodia,KH,KHM,2023,20.3
Cambodia,KH,KHM,2022,21.1
Cambodia,KH,KHM,2021,21.9
Cambodia,KH,KHM,2020,22.6
Cambodia,KH,KHM,2019,23.5
Cambodia,KH,KHM,2018,24.4
Cambodia,KH,KHM,2017,25.4
Cambodia,KH,KHM,2016,26.5
Cambodia,KH,KHM,2015,27.7
Cambodia,KH,KHM,2014,29.1
Cambodia,KH,KHM,2013,30.8
Cambodia,KH,KHM,2012,32.8
Cambodia,KH,KHM,2011,35.1
Cambodia,KH,KHM,2010,37.7
Cambodia,KH,KHM,2009,40.6
Cambodia,KH,KHM,2008,43.8
Cambodia,KH,KHM,2007,47.1
Cambodia,KH,KHM,2006,50.5
Cambodia,KH,KHM,2005,54.5
Cambodia,KH,KHM,2004,59.3
Cambodia,KH,KHM,2003,65
Cambodia,KH,KHM,2002,71.8
Cambodia,KH,KHM,2001,79.4
Cambodia,KH,KHM,2000,86.7
Cambodia,KH,KHM,1999,92
Cambodia,KH,KHM,1998,94.8
Cambodia,KH,KHM,1997,95.8
Cambodia,KH,KHM,1996,95.7
Cambodia,KH,KHM,1995,94.8
Cambodia,KH,KHM,1994,93.2
Cambodia,KH,KHM,1993,91.6
Cambodia,KH,KHM,1992,90.1
Cambodia,KH,KHM,1991,89.1
Cambodia,KH,KHM,1990,88.4
Cambodia,KH,KHM,1989,87.6
Cambodia,KH,KHM,1988,86.8
Cambodia,KH,KHM,1987,86.3
Cambodia,KH,KHM,1986,86.2
Cambodia,KH,KHM,1985,86.8
Cambodia,KH,KHM,1984,88.3
Cambodia,KH,KHM,1983,91.7
Cambodia,KH,KHM,1982,98.2
Cambodia,KH,KHM,1981,108.6
Cambodia,KH,KHM,1980,122.1
Cambodia,KH,KHM,1979,137.5
Cambodia,KH,KHM,1978,216.1
Cambodia,KH,KHM,1977,235.2
Cambodia,KH,KHM,1976,245.5
Cambodia,KH,KHM,1975,NA
Cambodia,KH,KHM,1974,NA
Cambodia,KH,KHM,1973,NA
Cambodia,KH,KHM,1972,NA
Cambodia,KH,KHM,1971,NA
Cambodia,KH,KHM,1970,NA
Cambodia,KH,KHM,1969,NA
Cambodia,KH,KHM,1968,NA
Cambodia,KH,KHM,1967,NA
Cambodia,KH,KHM,1966,NA
Cambodia,KH,KHM,1965,NA
Cambodia,KH,KHM,1964,NA
Cambodia,KH,KHM,1963,NA
Cambodia,KH,KHM,1962,NA
Cambodia,KH,KHM,1961,NA
Cambodia,KH,KHM,1960,NA
Cameroon,CM,CMR,2024,NA
Cameroon,CM,CMR,2023,41.2
Cameroon,CM,CMR,2022,42.5
Cameroon,CM,CMR,2021,43.8
Cameroon,CM,CMR,2020,45.3
Cameroon,CM,CMR,2019,46.8
Cameroon,CM,CMR,2018,48.1
Cameroon,CM,CMR,2017,49.7
Cameroon,CM,CMR,2016,51.6
Cameroon,CM,CMR,2015,53.2
Cameroon,CM,CMR,2014,55.4
Cameroon,CM,CMR,2013,57.4
Cameroon,CM,CMR,2012,59.8
Cameroon,CM,CMR,2011,62
Cameroon,CM,CMR,2010,63.9
Cameroon,CM,CMR,2009,66.3
Cameroon,CM,CMR,2008,67.9
Cameroon,CM,CMR,2007,69.7
Cameroon,CM,CMR,2006,71.3
Cameroon,CM,CMR,2005,73.3
Cameroon,CM,CMR,2004,74.9
Cameroon,CM,CMR,2003,76.9
Cameroon,CM,CMR,2002,78.8
Cameroon,CM,CMR,2001,80.9
Cameroon,CM,CMR,2000,82.8
Cameroon,CM,CMR,1999,84.4
Cameroon,CM,CMR,1998,85.5
Cameroon,CM,CMR,1997,86.1
Cameroon,CM,CMR,1996,86.2
Cameroon,CM,CMR,1995,85.8
Cameroon,CM,CMR,1994,85
Cameroon,CM,CMR,1993,83.9
Cameroon,CM,CMR,1992,82.7
Cameroon,CM,CMR,1991,81.6
Cameroon,CM,CMR,1990,80.8
Cameroon,CM,CMR,1989,80.8
Cameroon,CM,CMR,1988,81.6
Cameroon,CM,CMR,1987,83.3
Cameroon,CM,CMR,1986,85.7
Cameroon,CM,CMR,1985,88.9
Cameroon,CM,CMR,1984,92.5
Cameroon,CM,CMR,1983,96.4
Cameroon,CM,CMR,1982,100.3
Cameroon,CM,CMR,1981,104
Cameroon,CM,CMR,1980,107.1
Cameroon,CM,CMR,1979,109.5
Cameroon,CM,CMR,1978,111.4
Cameroon,CM,CMR,1977,112.6
Cameroon,CM,CMR,1976,113.5
Cameroon,CM,CMR,1975,114.2
Cameroon,CM,CMR,1974,115.1
Cameroon,CM,CMR,1973,116.8
Cameroon,CM,CMR,1972,119.3
Cameroon,CM,CMR,1971,122.9
Cameroon,CM,CMR,1970,127.5
Cameroon,CM,CMR,1969,132.9
Cameroon,CM,CMR,1968,138.6
Cameroon,CM,CMR,1967,144.3
Cameroon,CM,CMR,1966,149.6
Cameroon,CM,CMR,1965,154.3
Cameroon,CM,CMR,1964,158.6
Cameroon,CM,CMR,1963,162.5
Cameroon,CM,CMR,1962,166.3
Cameroon,CM,CMR,1961,170.7
Cameroon,CM,CMR,1960,175.8
Canada,CA,CAN,2024,NA
Canada,CA,CAN,2023,4.4
Canada,CA,CAN,2022,4.5
Canada,CA,CAN,2021,4.5
Canada,CA,CAN,2020,4.5
Canada,CA,CAN,2019,4.5
Canada,CA,CAN,2018,4.5
Canada,CA,CAN,2017,4.6
Canada,CA,CAN,2016,4.6
Canada,CA,CAN,2015,4.7
Canada,CA,CAN,2014,4.7
Canada,CA,CAN,2013,4.8
Canada,CA,CAN,2012,4.8
Canada,CA,CAN,2011,4.9
Canada,CA,CAN,2010,5
Canada,CA,CAN,2009,5
Canada,CA,CAN,2008,5.1
Canada,CA,CAN,2007,5.1
Canada,CA,CAN,2006,5.2
Canada,CA,CAN,2005,5.2
Canada,CA,CAN,2004,5.3
Canada,CA,CAN,2003,5.3
Canada,CA,CAN,2002,5.3
Canada,CA,CAN,2001,5.3
Canada,CA,CAN,2000,5.3
Canada,CA,CAN,1999,5.3
Canada,CA,CAN,1998,5.4
Canada,CA,CAN,1997,5.5
Canada,CA,CAN,1996,5.6
Canada,CA,CAN,1995,5.8
Canada,CA,CAN,1994,6
Canada,CA,CAN,1993,6.2
Canada,CA,CAN,1992,6.4
Canada,CA,CAN,1991,6.6
Canada,CA,CAN,1990,6.8
Canada,CA,CAN,1989,7
Canada,CA,CAN,1988,7.3
Canada,CA,CAN,1987,7.5
Canada,CA,CAN,1986,7.7
Canada,CA,CAN,1985,8
Canada,CA,CAN,1984,8.3
Canada,CA,CAN,1983,8.7
Canada,CA,CAN,1982,9.2
Canada,CA,CAN,1981,9.7
Canada,CA,CAN,1980,10.3
Canada,CA,CAN,1979,11
Canada,CA,CAN,1978,11.7
Canada,CA,CAN,1977,12.5
Canada,CA,CAN,1976,13.3
Canada,CA,CAN,1975,14.1
Canada,CA,CAN,1974,15
Canada,CA,CAN,1973,15.9
Canada,CA,CAN,1972,16.7
Canada,CA,CAN,1971,17.6
Canada,CA,CAN,1970,18.5
Canada,CA,CAN,1969,19.4
Canada,CA,CAN,1968,20.3
Canada,CA,CAN,1967,21.2
Canada,CA,CAN,1966,22.1
Canada,CA,CAN,1965,23.1
Canada,CA,CAN,1964,24.1
Canada,CA,CAN,1963,25.1
Canada,CA,CAN,1962,26
Canada,CA,CAN,1961,26.9
Canada,CA,CAN,1960,27.8
Cayman Islands,KY,CYM,2024,NA
Cayman Islands,KY,CYM,2023,NA
Cayman Islands,KY,CYM,2022,NA
Cayman Islands,KY,CYM,2021,NA
Cayman Islands,KY,CYM,2020,NA
Cayman Islands,KY,CYM,2019,NA
Cayman Islands,KY,CYM,2018,NA
Cayman Islands,KY,CYM,2017,NA
Cayman Islands,KY,CYM,2016,NA
Cayman Islands,KY,CYM,2015,NA
Cayman Islands,KY,CYM,2014,NA
Cayman Islands,KY,CYM,2013,NA
Cayman Islands,KY,CYM,2012,NA
Cayman Islands,KY,CYM,2011,NA
Cayman Islands,KY,CYM,2010,NA
Cayman Islands,KY,CYM,2009,NA
Cayman Islands,KY,CYM,2008,NA
Cayman Islands,KY,CYM,2007,NA
Cayman Islands,KY,CYM,2006,NA
Cayman Islands,KY,CYM,2005,NA
Cayman Islands,KY,CYM,2004,NA
Cayman Islands,KY,CYM,2003,NA
Cayman Islands,KY,CYM,2002,NA
Cayman Islands,KY,CYM,2001,NA
Cayman Islands,KY,CYM,2000,NA
Cayman Islands,KY,CYM,1999,NA
Cayman Islands,KY,CYM,1998,NA
Cayman Islands,KY,CYM,1997,NA
Cayman Islands,KY,CYM,1996,NA
Cayman Islands,KY,CYM,1995,NA
Cayman Islands,KY,CYM,1994,NA
Cayman Islands,KY,CYM,1993,NA
Cayman Islands,KY,CYM,1992,NA
Cayman Islands,KY,CYM,1991,NA
Cayman Islands,KY,CYM,1990,NA
Cayman Islands,KY,CYM,1989,NA
Cayman Islands,KY,CYM,1988,NA
Cayman Islands,KY,CYM,1987,NA
Cayman Islands,KY,CYM,1986,NA
Cayman Islands,KY,CYM,1985,NA
Cayman Islands,KY,CYM,1984,NA
Cayman Islands,KY,CYM,1983,NA
Cayman Islands,KY,CYM,1982,NA
Cayman Islands,KY,CYM,1981,NA
Cayman Islands,KY,CYM,1980,NA
Cayman Islands,KY,CYM,1979,NA
Cayman Islands,KY,CYM,1978,NA
Cayman Islands,KY,CYM,1977,NA
Cayman Islands,KY,CYM,1976,NA
Cayman Islands,KY,CYM,1975,NA
Cayman Islands,KY,CYM,1974,NA
Cayman Islands,KY,CYM,1973,NA
Cayman Islands,KY,CYM,1972,NA
Cayman Islands,KY,CYM,1971,NA
Cayman Islands,KY,CYM,1970,NA
Cayman Islands,KY,CYM,1969,NA
Cayman Islands,KY,CYM,1968,NA
Cayman Islands,KY,CYM,1967,NA
Cayman Islands,KY,CYM,1966,NA
Cayman Islands,KY,CYM,1965,NA
Cayman Islands,KY,CYM,1964,NA
Cayman Islands,KY,CYM,1963,NA
Cayman Islands,KY,CYM,1962,NA
Cayman Islands,KY,CYM,1961,NA
Cayman Islands,KY,CYM,1960,NA
Central African Republic,CF,CAF,2024,NA
Central African Republic,CF,CAF,2023,60.4
Central African Republic,CF,CAF,2022,189.1
Central African Republic,CF,CAF,2021,93.6
Central African Republic,CF,CAF,2020,74.5
Central African Republic,CF,CAF,2019,124.3
Central African Republic,CF,CAF,2018,74
Central African Republic,CF,CAF,2017,87.4
Central African Republic,CF,CAF,2016,77
Central African Republic,CF,CAF,2015,72.4
Central African Republic,CF,CAF,2014,100.2
Central African Republic,CF,CAF,2013,81
Central African Republic,CF,CAF,2012,76.5
Central African Republic,CF,CAF,2011,78.1
Central African Republic,CF,CAF,2010,88.1
Central African Republic,CF,CAF,2009,234.9
Central African Republic,CF,CAF,2008,83.6
Central African Republic,CF,CAF,2007,85.6
Central African Republic,CF,CAF,2006,87.8
Central African Republic,CF,CAF,2005,90.5
Central African Republic,CF,CAF,2004,92.6
Central African Republic,CF,CAF,2003,94.7
Central African Republic,CF,CAF,2002,96.5
Central African Republic,CF,CAF,2001,98.3
Central African Republic,CF,CAF,2000,99.8
Central African Republic,CF,CAF,1999,101.2
Central African Republic,CF,CAF,1998,102.5
Central African Republic,CF,CAF,1997,103.6
Central African Republic,CF,CAF,1996,104.7
Central African Republic,CF,CAF,1995,105.6
Central African Republic,CF,CAF,1994,106.3
Central African Republic,CF,CAF,1993,107.1
Central African Republic,CF,CAF,1992,107.9
Central African Republic,CF,CAF,1991,108.5
Central African Republic,CF,CAF,1990,109
Central African Republic,CF,CAF,1989,109.4
Central African Republic,CF,CAF,1988,109.7
Central African Republic,CF,CAF,1987,110
Central African Republic,CF,CAF,1986,110.2
Central African Republic,CF,CAF,1985,110.4
Central African Republic,CF,CAF,1984,110.7
Central African Republic,CF,CAF,1983,111.2
Central African Republic,CF,CAF,1982,111.8
Central African Republic,CF,CAF,1981,112.5
Central African Republic,CF,CAF,1980,113.5
Central African Republic,CF,CAF,1979,114.7
Central African Republic,CF,CAF,1978,116.2
Central African Republic,CF,CAF,1977,117.6
Central African Republic,CF,CAF,1976,119.3
Central African Republic,CF,CAF,1975,121
Central African Republic,CF,CAF,1974,122.9
Central African Republic,CF,CAF,1973,125.1
Central African Republic,CF,CAF,1972,127.3
Central African Republic,CF,CAF,1971,129.5
Central African Republic,CF,CAF,1970,131.9
Central African Republic,CF,CAF,1969,134.4
Central African Republic,CF,CAF,1968,137.2
Central African Republic,CF,CAF,1967,140
Central African Republic,CF,CAF,1966,142.9
Central African Republic,CF,CAF,1965,145.6
Central African Republic,CF,CAF,1964,148.4
Central African Republic,CF,CAF,1963,151
Central African Republic,CF,CAF,1962,153.5
Central African Republic,CF,CAF,1961,155.9
Central African Republic,CF,CAF,1960,158.2
Chad,TD,TCD,2024,NA
Chad,TD,TCD,2023,58.7
Chad,TD,TCD,2022,60.3
Chad,TD,TCD,2021,61.9
Chad,TD,TCD,2020,63.6
Chad,TD,TCD,2019,65.5
Chad,TD,TCD,2018,67.4
Chad,TD,TCD,2017,69.2
Chad,TD,TCD,2016,71
Chad,TD,TCD,2015,72.8
Chad,TD,TCD,2014,74.8
Chad,TD,TCD,2013,76.6
Chad,TD,TCD,2012,78.6
Chad,TD,TCD,2011,80.7
Chad,TD,TCD,2010,82.8
Chad,TD,TCD,2009,84.9
Chad,TD,TCD,2008,87
Chad,TD,TCD,2007,89
Chad,TD,TCD,2006,91
Chad,TD,TCD,2005,93
Chad,TD,TCD,2004,94.8
Chad,TD,TCD,2003,96.6
Chad,TD,TCD,2002,98.5
Chad,TD,TCD,2001,100.3
Chad,TD,TCD,2000,102
Chad,TD,TCD,1999,103.7
Chad,TD,TCD,1998,105.3
Chad,TD,TCD,1997,106.8
Chad,TD,TCD,1996,108.1
Chad,TD,TCD,1995,109.4
Chad,TD,TCD,1994,110.6
Chad,TD,TCD,1993,111.9
Chad,TD,TCD,1992,113.3
Chad,TD,TCD,1991,114.7
Chad,TD,TCD,1990,116.2
Chad,TD,TCD,1989,117.8
Chad,TD,TCD,1988,119.4
Chad,TD,TCD,1987,120.9
Chad,TD,TCD,1986,122.4
Chad,TD,TCD,1985,123.8
Chad,TD,TCD,1984,125.2
Chad,TD,TCD,1983,126.6
Chad,TD,TCD,1982,127.8
Chad,TD,TCD,1981,129.1
Chad,TD,TCD,1980,130.1
Chad,TD,TCD,1979,131.1
Chad,TD,TCD,1978,131.9
Chad,TD,TCD,1977,132.7
Chad,TD,TCD,1976,133.3
Chad,TD,TCD,1975,133.9
Chad,TD,TCD,1974,134.7
Chad,TD,TCD,1973,135.3
Chad,TD,TCD,1972,136
Chad,TD,TCD,1971,136.5
Chad,TD,TCD,1970,137.2
Chad,TD,TCD,1969,137.6
Chad,TD,TCD,1968,138.3
Chad,TD,TCD,1967,138.9
Chad,TD,TCD,1966,139.4
Chad,TD,TCD,1965,140
Chad,TD,TCD,1964,140.4
Chad,TD,TCD,1963,141
Chad,TD,TCD,1962,141.4
Chad,TD,TCD,1961,141.7
Chad,TD,TCD,1960,142
Channel Islands,JG,CHI,2024,NA
Channel Islands,JG,CHI,2023,NA
Channel Islands,JG,CHI,2022,NA
Channel Islands,JG,CHI,2021,NA
Channel Islands,JG,CHI,2020,NA
Channel Islands,JG,CHI,2019,NA
Channel Islands,JG,CHI,2018,NA
Channel Islands,JG,CHI,2017,NA
Channel Islands,JG,CHI,2016,NA
Channel Islands,JG,CHI,2015,NA
Channel Islands,JG,CHI,2014,NA
Channel Islands,JG,CHI,2013,NA
Channel Islands,JG,CHI,2012,NA
Channel Islands,JG,CHI,2011,NA
Channel Islands,JG,CHI,2010,NA
Channel Islands,JG,CHI,2009,NA
Channel Islands,JG,CHI,2008,NA
Channel Islands,JG,CHI,2007,NA
Channel Islands,JG,CHI,2006,NA
Channel Islands,JG,CHI,2005,NA
Channel Islands,JG,CHI,2004,NA
Channel Islands,JG,CHI,2003,NA
Channel Islands,JG,CHI,2002,NA
Channel Islands,JG,CHI,2001,NA
Channel Islands,JG,CHI,2000,NA
Channel Islands,JG,CHI,1999,NA
Channel Islands,JG,CHI,1998,NA
Channel Islands,JG,CHI,1997,NA
Channel Islands,JG,CHI,1996,NA
Channel Islands,JG,CHI,1995,NA
Channel Islands,JG,CHI,1994,NA
Channel Islands,JG,CHI,1993,NA
Channel Islands,JG,CHI,1992,NA
Channel Islands,JG,CHI,1991,NA
Channel Islands,JG,CHI,1990,NA
Channel Islands,JG,CHI,1989,NA
Channel Islands,JG,CHI,1988,NA
Channel Islands,JG,CHI,1987,NA
Channel Islands,JG,CHI,1986,NA
Channel Islands,JG,CHI,1985,NA
Channel Islands,JG,CHI,1984,NA
Channel Islands,JG,CHI,1983,NA
Channel Islands,JG,CHI,1982,NA
Channel Islands,JG,CHI,1981,NA
Channel Islands,JG,CHI,1980,NA
Channel Islands,JG,CHI,1979,NA
Channel Islands,JG,CHI,1978,NA
Channel Islands,JG,CHI,1977,NA
Channel Islands,JG,CHI,1976,NA
Channel Islands,JG,CHI,1975,NA
Channel Islands,JG,CHI,1974,NA
Channel Islands,JG,CHI,1973,NA
Channel Islands,JG,CHI,1972,NA
Channel Islands,JG,CHI,1971,NA
Channel Islands,JG,CHI,1970,NA
Channel Islands,JG,CHI,1969,NA
Channel Islands,JG,CHI,1968,NA
Channel Islands,JG,CHI,1967,NA
Channel Islands,JG,CHI,1966,NA
Channel Islands,JG,CHI,1965,NA
Channel Islands,JG,CHI,1964,NA
Channel Islands,JG,CHI,1963,NA
Channel Islands,JG,CHI,1962,NA
Channel Islands,JG,CHI,1961,NA
Channel Islands,JG,CHI,1960,NA
Chile,CL,CHL,2024,NA
Chile,CL,CHL,2023,6.2
Chile,CL,CHL,2022,5.9
Chile,CL,CHL,2021,5.8
Chile,CL,CHL,2020,5.9
Chile,CL,CHL,2019,6
Chile,CL,CHL,2018,6.3
Chile,CL,CHL,2017,6.5
Chile,CL,CHL,2016,6.7
Chile,CL,CHL,2015,6.8
Chile,CL,CHL,2014,7
Chile,CL,CHL,2013,7.1
Chile,CL,CHL,2012,7.2
Chile,CL,CHL,2011,7.4
Chile,CL,CHL,2010,7.5
Chile,CL,CHL,2009,7.6
Chile,CL,CHL,2008,7.6
Chile,CL,CHL,2007,7.6
Chile,CL,CHL,2006,7.6
Chile,CL,CHL,2005,7.7
Chile,CL,CHL,2004,7.9
Chile,CL,CHL,2003,8
Chile,CL,CHL,2002,8.2
Chile,CL,CHL,2001,8.7
Chile,CL,CHL,2000,9.2
Chile,CL,CHL,1999,9.7
Chile,CL,CHL,1998,10
Chile,CL,CHL,1997,10.2
Chile,CL,CHL,1996,10.5
Chile,CL,CHL,1995,11
Chile,CL,CHL,1994,11.6
Chile,CL,CHL,1993,12.5
Chile,CL,CHL,1992,13.6
Chile,CL,CHL,1991,14.8
Chile,CL,CHL,1990,16
Chile,CL,CHL,1989,17.1
Chile,CL,CHL,1988,17.9
Chile,CL,CHL,1987,18.5
Chile,CL,CHL,1986,18.7
Chile,CL,CHL,1985,18.8
Chile,CL,CHL,1984,19.4
Chile,CL,CHL,1983,20.9
Chile,CL,CHL,1982,23
Chile,CL,CHL,1981,25.3
Chile,CL,CHL,1980,28
Chile,CL,CHL,1979,31.5
Chile,CL,CHL,1978,35.9
Chile,CL,CHL,1977,41.5
Chile,CL,CHL,1976,48.2
Chile,CL,CHL,1975,55.3
Chile,CL,CHL,1974,61.1
Chile,CL,CHL,1973,64.4
Chile,CL,CHL,1972,65.9
Chile,CL,CHL,1971,66.9
Chile,CL,CHL,1970,68
Chile,CL,CHL,1969,69.9
Chile,CL,CHL,1968,73.2
Chile,CL,CHL,1967,78.6
Chile,CL,CHL,1966,86.5
Chile,CL,CHL,1965,96.1
Chile,CL,CHL,1964,105.3
Chile,CL,CHL,1963,112.1
Chile,CL,CHL,1962,117
Chile,CL,CHL,1961,121
Chile,CL,CHL,1960,124
China,CN,CHN,2024,NA
China,CN,CHN,2023,4.5
China,CN,CHN,2022,4.8
China,CN,CHN,2021,5.1
China,CN,CHN,2020,5.5
China,CN,CHN,2019,6
China,CN,CHN,2018,6.4
China,CN,CHN,2017,7
China,CN,CHN,2016,7.6
China,CN,CHN,2015,8.2
China,CN,CHN,2014,8.9
China,CN,CHN,2013,9.7
China,CN,CHN,2012,10.5
China,CN,CHN,2011,11.5
China,CN,CHN,2010,12.5
China,CN,CHN,2009,13.6
China,CN,CHN,2008,14.8
China,CN,CHN,2007,16.1
China,CN,CHN,2006,17.7
China,CN,CHN,2005,19.4
China,CN,CHN,2004,21.3
China,CN,CHN,2003,23.5
China,CN,CHN,2002,25.6
China,CN,CHN,2001,27.8
China,CN,CHN,2000,30
China,CN,CHN,1999,31.9
China,CN,CHN,1998,33.8
China,CN,CHN,1997,35.6
China,CN,CHN,1996,37.2
China,CN,CHN,1995,38.7
China,CN,CHN,1994,40.1
China,CN,CHN,1993,41.3
China,CN,CHN,1992,42.3
China,CN,CHN,1991,42.9
China,CN,CHN,1990,43.3
China,CN,CHN,1989,43.3
China,CN,CHN,1988,43.3
China,CN,CHN,1987,43.1
China,CN,CHN,1986,43
China,CN,CHN,1985,43
China,CN,CHN,1984,43.4
China,CN,CHN,1983,44.1
China,CN,CHN,1982,45.3
China,CN,CHN,1981,46.8
China,CN,CHN,1980,48.8
China,CN,CHN,1979,51.2
China,CN,CHN,1978,54
China,CN,CHN,1977,57.3
China,CN,CHN,1976,60.9
China,CN,CHN,1975,64.7
China,CN,CHN,1974,68.6
China,CN,CHN,1973,72.5
China,CN,CHN,1972,76.4
China,CN,CHN,1971,80.3
China,CN,CHN,1970,84.3
China,CN,CHN,1969,88.5
China,CN,CHN,1968,NA
China,CN,CHN,1967,NA
China,CN,CHN,1966,NA
China,CN,CHN,1965,NA
China,CN,CHN,1964,NA
China,CN,CHN,1963,NA
China,CN,CHN,1962,NA
China,CN,CHN,1961,NA
China,CN,CHN,1960,NA
Colombia,CO,COL,2024,NA
Colombia,CO,COL,2023,10.9
Colombia,CO,COL,2022,11.3
Colombia,CO,COL,2021,11.6
Colombia,CO,COL,2020,12
Colombia,CO,COL,2019,12.4
Colombia,CO,COL,2018,12.7
Colombia,CO,COL,2017,13.2
Colombia,CO,COL,2016,13.6
Colombia,CO,COL,2015,14
Colombia,CO,COL,2014,14.4
Colombia,CO,COL,2013,14.8
Colombia,CO,COL,2012,15.3
Colombia,CO,COL,2011,15.8
Colombia,CO,COL,2010,16.3
Colombia,CO,COL,2009,16.8
Colombia,CO,COL,2008,17.3
Colombia,CO,COL,2007,17.8
Colombia,CO,COL,2006,18.3
Colombia,CO,COL,2005,18.8
Colombia,CO,COL,2004,19.3
Colombia,CO,COL,2003,19.9
Colombia,CO,COL,2002,20.4
Colombia,CO,COL,2001,21
Colombia,CO,COL,2000,21.6
Colombia,CO,COL,1999,22.3
Colombia,CO,COL,1998,23
Colombia,CO,COL,1997,23.7
Colombia,CO,COL,1996,24.5
Colombia,CO,COL,1995,25.3
Colombia,CO,COL,1994,26.2
Colombia,CO,COL,1993,27
Colombia,CO,COL,1992,27.8
Colombia,CO,COL,1991,28.7
Colombia,CO,COL,1990,29.6
Colombia,CO,COL,1989,30.5
Colombia,CO,COL,1988,31.5
Colombia,CO,COL,1987,32.6
Colombia,CO,COL,1986,33.9
Colombia,CO,COL,1985,37.4
Colombia,CO,COL,1984,37.1
Colombia,CO,COL,1983,39.1
Colombia,CO,COL,1982,41.2
Colombia,CO,COL,1981,43.6
Colombia,CO,COL,1980,46
Colombia,CO,COL,1979,48.7
Colombia,CO,COL,1978,51.4
Colombia,CO,COL,1977,54.2
Colombia,CO,COL,1976,57.1
Colombia,CO,COL,1975,60
Colombia,CO,COL,1974,62.7
Colombia,CO,COL,1973,65.5
Colombia,CO,COL,1972,68.1
Colombia,CO,COL,1971,70.5
Colombia,CO,COL,1970,72.8
Colombia,CO,COL,1969,75.1
Colombia,CO,COL,1968,77.4
Colombia,CO,COL,1967,79.4
Colombia,CO,COL,1966,81.6
Colombia,CO,COL,1965,83.7
Colombia,CO,COL,1964,85.8
Colombia,CO,COL,1963,88
Colombia,CO,COL,1962,90.3
Colombia,CO,COL,1961,92.8
Colombia,CO,COL,1960,95.4
Comoros,KM,COM,2024,NA
Comoros,KM,COM,2023,35.7
Comoros,KM,COM,2022,36.8
Comoros,KM,COM,2021,37.8
Comoros,KM,COM,2020,38.7
Comoros,KM,COM,2019,39.5
Comoros,KM,COM,2018,40.3
Comoros,KM,COM,2017,41
Comoros,KM,COM,2016,41.7
Comoros,KM,COM,2015,42.5
Comoros,KM,COM,2014,43.2
Comoros,KM,COM,2013,44
Comoros,KM,COM,2012,44.9
Comoros,KM,COM,2011,45.9
Comoros,KM,COM,2010,47
Comoros,KM,COM,2009,48.3
Comoros,KM,COM,2008,49.7
Comoros,KM,COM,2007,51.2
Comoros,KM,COM,2006,52.9
Comoros,KM,COM,2005,54.6
Comoros,KM,COM,2004,56.5
Comoros,KM,COM,2003,58.5
Comoros,KM,COM,2002,60.5
Comoros,KM,COM,2001,62.7
Comoros,KM,COM,2000,64.8
Comoros,KM,COM,1999,67.1
Comoros,KM,COM,1998,69.6
Comoros,KM,COM,1997,72.2
Comoros,KM,COM,1996,74.8
Comoros,KM,COM,1995,77.6
Comoros,KM,COM,1994,80.6
Comoros,KM,COM,1993,83.7
Comoros,KM,COM,1992,86.9
Comoros,KM,COM,1991,90.2
Comoros,KM,COM,1990,93.5
Comoros,KM,COM,1989,96.6
Comoros,KM,COM,1988,99.7
Comoros,KM,COM,1987,102.9
Comoros,KM,COM,1986,106.2
Comoros,KM,COM,1985,109.4
Comoros,KM,COM,1984,112.8
Comoros,KM,COM,1983,116.3
Comoros,KM,COM,1982,119.8
Comoros,KM,COM,1981,123.3
Comoros,KM,COM,1980,126.7
Comoros,KM,COM,1979,130.1
Comoros,KM,COM,1978,133.3
Comoros,KM,COM,1977,136.4
Comoros,KM,COM,1976,139.5
Comoros,KM,COM,1975,142.5
Comoros,KM,COM,1974,145.5
Comoros,KM,COM,1973,148.3
Comoros,KM,COM,1972,NA
Comoros,KM,COM,1971,NA
Comoros,KM,COM,1970,NA
Comoros,KM,COM,1969,NA
Comoros,KM,COM,1968,NA
Comoros,KM,COM,1967,NA
Comoros,KM,COM,1966,NA
Comoros,KM,COM,1965,NA
Comoros,KM,COM,1964,NA
Comoros,KM,COM,1963,NA
Comoros,KM,COM,1962,NA
Comoros,KM,COM,1961,NA
Comoros,KM,COM,1960,NA
"Congo, Dem. Rep.",CD,COD,2024,NA
"Congo, Dem. Rep.",CD,COD,2023,44.5
"Congo, Dem. Rep.",CD,COD,2022,45.8
"Congo, Dem. Rep.",CD,COD,2021,47.1
"Congo, Dem. Rep.",CD,COD,2020,48.4
"Congo, Dem. Rep.",CD,COD,2019,49.8
"Congo, Dem. Rep.",CD,COD,2018,51.3
"Congo, Dem. Rep.",CD,COD,2017,52.9
"Congo, Dem. Rep.",CD,COD,2016,54.5
"Congo, Dem. Rep.",CD,COD,2015,56.2
"Congo, Dem. Rep.",CD,COD,2014,58
"Congo, Dem. Rep.",CD,COD,2013,59.9
"Congo, Dem. Rep.",CD,COD,2012,61.8
"Congo, Dem. Rep.",CD,COD,2011,63.8
"Congo, Dem. Rep.",CD,COD,2010,65.9
"Congo, Dem. Rep.",CD,COD,2009,68.3
"Congo, Dem. Rep.",CD,COD,2008,70.7
"Congo, Dem. Rep.",CD,COD,2007,73.3
"Congo, Dem. Rep.",CD,COD,2006,75.9
"Congo, Dem. Rep.",CD,COD,2005,78.6
"Congo, Dem. Rep.",CD,COD,2004,81.3
"Congo, Dem. Rep.",CD,COD,2003,84
"Congo, Dem. Rep.",CD,COD,2002,86.5
"Congo, Dem. Rep.",CD,COD,2001,89
"Congo, Dem. Rep.",CD,COD,2000,91.2
"Congo, Dem. Rep.",CD,COD,1999,93.3
"Congo, Dem. Rep.",CD,COD,1998,95
"Congo, Dem. Rep.",CD,COD,1997,96.4
"Congo, Dem. Rep.",CD,COD,1996,97.5
"Congo, Dem. Rep.",CD,COD,1995,98.3
"Congo, Dem. Rep.",CD,COD,1994,99.1
"Congo, Dem. Rep.",CD,COD,1993,99.8
"Congo, Dem. Rep.",CD,COD,1992,100.6
"Congo, Dem. Rep.",CD,COD,1991,101.4
"Congo, Dem. Rep.",CD,COD,1990,102.4
"Congo, Dem. Rep.",CD,COD,1989,103.4
"Congo, Dem. Rep.",CD,COD,1988,104.4
"Congo, Dem. Rep.",CD,COD,1987,105.4
"Congo, Dem. Rep.",CD,COD,1986,106.4
"Congo, Dem. Rep.",CD,COD,1985,107.4
"Congo, Dem. Rep.",CD,COD,1984,108.5
"Congo, Dem. Rep.",CD,COD,1983,109.6
"Congo, Dem. Rep.",CD,COD,1982,110.9
"Congo, Dem. Rep.",CD,COD,1981,112.2
"Congo, Dem. Rep.",CD,COD,1980,113.7
"Congo, Dem. Rep.",CD,COD,1979,115.2
"Congo, Dem. Rep.",CD,COD,1978,116.7
"Congo, Dem. Rep.",CD,COD,1977,118.3
"Congo, Dem. Rep.",CD,COD,1976,119.7
"Congo, Dem. Rep.",CD,COD,1975,121.1
"Congo, Dem. Rep.",CD,COD,1974,122.6
"Congo, Dem. Rep.",CD,COD,1973,123.9
"Congo, Dem. Rep.",CD,COD,1972,125.1
"Congo, Dem. Rep.",CD,COD,1971,126.2
"Congo, Dem. Rep.",CD,COD,1970,127.5
"Congo, Dem. Rep.",CD,COD,1969,129.1
"Congo, Dem. Rep.",CD,COD,1968,NA
"Congo, Dem. Rep.",CD,COD,1967,NA
"Congo, Dem. Rep.",CD,COD,1966,NA
"Congo, Dem. Rep.",CD,COD,1965,NA
"Congo, Dem. Rep.",CD,COD,1964,NA
"Congo, Dem. Rep.",CD,COD,1963,NA
"Congo, Dem. Rep.",CD,COD,1962,NA
"Congo, Dem. Rep.",CD,COD,1961,NA
"Congo, Dem. Rep.",CD,COD,1960,NA
"Congo, Rep.",CG,COG,2024,NA
"Congo, Rep.",CG,COG,2023,27.6
"Congo, Rep.",CG,COG,2022,28.5
"Congo, Rep.",CG,COG,2021,29.3
"Congo, Rep.",CG,COG,2020,30.2
"Congo, Rep.",CG,COG,2019,33
"Congo, Rep.",CG,COG,2018,32
"Congo, Rep.",CG,COG,2017,32.9
"Congo, Rep.",CG,COG,2016,33.9
"Congo, Rep.",CG,COG,2015,35
"Congo, Rep.",CG,COG,2014,36.1
"Congo, Rep.",CG,COG,2013,37.2
"Congo, Rep.",CG,COG,2012,38.3
"Congo, Rep.",CG,COG,2011,39.5
"Congo, Rep.",CG,COG,2010,41
"Congo, Rep.",CG,COG,2009,42.9
"Congo, Rep.",CG,COG,2008,45.3
"Congo, Rep.",CG,COG,2007,48.4
"Congo, Rep.",CG,COG,2006,52.1
"Congo, Rep.",CG,COG,2005,56.3
"Congo, Rep.",CG,COG,2004,60.6
"Congo, Rep.",CG,COG,2003,64.8
"Congo, Rep.",CG,COG,2002,68.6
"Congo, Rep.",CG,COG,2001,71.5
"Congo, Rep.",CG,COG,2000,73.3
"Congo, Rep.",CG,COG,1999,73.9
"Congo, Rep.",CG,COG,1998,73.3
"Congo, Rep.",CG,COG,1997,71.7
"Congo, Rep.",CG,COG,1996,69.4
"Congo, Rep.",CG,COG,1995,66.9
"Congo, Rep.",CG,COG,1994,64.4
"Congo, Rep.",CG,COG,1993,62.2
"Congo, Rep.",CG,COG,1992,60.1
"Congo, Rep.",CG,COG,1991,58.4
"Congo, Rep.",CG,COG,1990,57.2
"Congo, Rep.",CG,COG,1989,56.3
"Congo, Rep.",CG,COG,1988,56
"Congo, Rep.",CG,COG,1987,56.1
"Congo, Rep.",CG,COG,1986,56.6
"Congo, Rep.",CG,COG,1985,57.5
"Congo, Rep.",CG,COG,1984,58.6
"Congo, Rep.",CG,COG,1983,59.9
"Congo, Rep.",CG,COG,1982,61
"Congo, Rep.",CG,COG,1981,62.1
"Congo, Rep.",CG,COG,1980,63.3
"Congo, Rep.",CG,COG,1979,64.3
"Congo, Rep.",CG,COG,1978,65.4
"Congo, Rep.",CG,COG,1977,66.4
"Congo, Rep.",CG,COG,1976,67.5
"Congo, Rep.",CG,COG,1975,68.5
"Congo, Rep.",CG,COG,1974,69.6
"Congo, Rep.",CG,COG,1973,70.6
"Congo, Rep.",CG,COG,1972,71.9
"Congo, Rep.",CG,COG,1971,73.3
"Congo, Rep.",CG,COG,1970,74.7
"Congo, Rep.",CG,COG,1969,76.3
"Congo, Rep.",CG,COG,1968,78
"Congo, Rep.",CG,COG,1967,79.7
"Congo, Rep.",CG,COG,1966,81.6
"Congo, Rep.",CG,COG,1965,83.6
"Congo, Rep.",CG,COG,1964,85.7
"Congo, Rep.",CG,COG,1963,88
"Congo, Rep.",CG,COG,1962,90.3
"Congo, Rep.",CG,COG,1961,92.7
"Congo, Rep.",CG,COG,1960,95.2
Costa Rica,CR,CRI,2024,NA
Costa Rica,CR,CRI,2023,9.2
Costa Rica,CR,CRI,2022,8.8
Costa Rica,CR,CRI,2021,8.5
Costa Rica,CR,CRI,2020,8.2
Costa Rica,CR,CRI,2019,7.9
Costa Rica,CR,CRI,2018,7.8
Costa Rica,CR,CRI,2017,7.7
Costa Rica,CR,CRI,2016,7.7
Costa Rica,CR,CRI,2015,7.8
Costa Rica,CR,CRI,2014,8
Costa Rica,CR,CRI,2013,8.2
Costa Rica,CR,CRI,2012,8.5
Costa Rica,CR,CRI,2011,8.8
Costa Rica,CR,CRI,2010,9
Costa Rica,CR,CRI,2009,9.3
Costa Rica,CR,CRI,2008,9.4
Costa Rica,CR,CRI,2007,9.5
Costa Rica,CR,CRI,2006,9.6
Costa Rica,CR,CRI,2005,9.7
Costa Rica,CR,CRI,2004,9.9
Costa Rica,CR,CRI,2003,10.1
Costa Rica,CR,CRI,2002,10.4
Costa Rica,CR,CRI,2001,10.8
Costa Rica,CR,CRI,2000,11.2
Costa Rica,CR,CRI,1999,11.7
Costa Rica,CR,CRI,1998,12.1
Costa Rica,CR,CRI,1997,12.3
Costa Rica,CR,CRI,1996,12.6
Costa Rica,CR,CRI,1995,12.7
Costa Rica,CR,CRI,1994,12.9
Costa Rica,CR,CRI,1993,13.1
Costa Rica,CR,CRI,1992,13.4
Costa Rica,CR,CRI,1991,13.8
Costa Rica,CR,CRI,1990,14.4
Costa Rica,CR,CRI,1989,15.1
Costa Rica,CR,CRI,1988,16
Costa Rica,CR,CRI,1987,17
Costa Rica,CR,CRI,1986,18
Costa Rica,CR,CRI,1985,18.6
Costa Rica,CR,CRI,1984,19
Costa Rica,CR,CRI,1983,19.1
Costa Rica,CR,CRI,1982,19.2
Costa Rica,CR,CRI,1981,19.6
Costa Rica,CR,CRI,1980,20.5
Costa Rica,CR,CRI,1979,22.1
Costa Rica,CR,CRI,1978,24.6
Costa Rica,CR,CRI,1977,28.1
Costa Rica,CR,CRI,1976,32.5
Costa Rica,CR,CRI,1975,37.3
Costa Rica,CR,CRI,1974,42.4
Costa Rica,CR,CRI,1973,47.4
Costa Rica,CR,CRI,1972,52.2
Costa Rica,CR,CRI,1971,56.4
Costa Rica,CR,CRI,1970,59.6
Costa Rica,CR,CRI,1969,62
Costa Rica,CR,CRI,1968,64
Costa Rica,CR,CRI,1967,65.9
Costa Rica,CR,CRI,1966,67.6
Costa Rica,CR,CRI,1965,68.8
Costa Rica,CR,CRI,1964,69.4
Costa Rica,CR,CRI,1963,69.5
Costa Rica,CR,CRI,1962,69.1
Costa Rica,CR,CRI,1961,69.3
Costa Rica,CR,CRI,1960,70.9
Cote d'Ivoire,CI,CIV,2024,NA
Cote d'Ivoire,CI,CIV,2023,46.6
Cote d'Ivoire,CI,CIV,2022,47.9
Cote d'Ivoire,CI,CIV,2021,49.2
Cote d'Ivoire,CI,CIV,2020,50.9
Cote d'Ivoire,CI,CIV,2019,52.3
Cote d'Ivoire,CI,CIV,2018,54.1
Cote d'Ivoire,CI,CIV,2017,55.8
Cote d'Ivoire,CI,CIV,2016,57.4
Cote d'Ivoire,CI,CIV,2015,59
Cote d'Ivoire,CI,CIV,2014,60.8
Cote d'Ivoire,CI,CIV,2013,62.8
Cote d'Ivoire,CI,CIV,2012,64.9
Cote d'Ivoire,CI,CIV,2011,67
Cote d'Ivoire,CI,CIV,2010,68.8
Cote d'Ivoire,CI,CIV,2009,70.9
Cote d'Ivoire,CI,CIV,2008,73
Cote d'Ivoire,CI,CIV,2007,75.6
Cote d'Ivoire,CI,CIV,2006,78.1
Cote d'Ivoire,CI,CIV,2005,80.2
Cote d'Ivoire,CI,CIV,2004,82.8
Cote d'Ivoire,CI,CIV,2003,85.1
Cote d'Ivoire,CI,CIV,2002,87.3
Cote d'Ivoire,CI,CIV,2001,89.4
Cote d'Ivoire,CI,CIV,2000,91.4
Cote d'Ivoire,CI,CIV,1999,93.2
Cote d'Ivoire,CI,CIV,1998,94.9
Cote d'Ivoire,CI,CIV,1997,96.3
Cote d'Ivoire,CI,CIV,1996,97.6
Cote d'Ivoire,CI,CIV,1995,98.4
Cote d'Ivoire,CI,CIV,1994,99.2
Cote d'Ivoire,CI,CIV,1993,99.7
Cote d'Ivoire,CI,CIV,1992,100.2
Cote d'Ivoire,CI,CIV,1991,100.5
Cote d'Ivoire,CI,CIV,1990,100.6
Cote d'Ivoire,CI,CIV,1989,100.8
Cote d'Ivoire,CI,CIV,1988,100.5
Cote d'Ivoire,CI,CIV,1987,100.9
Cote d'Ivoire,CI,CIV,1986,101.4
Cote d'Ivoire,CI,CIV,1985,102.1
Cote d'Ivoire,CI,CIV,1984,103.1
Cote d'Ivoire,CI,CIV,1983,104.6
Cote d'Ivoire,CI,CIV,1982,106.4
Cote d'Ivoire,CI,CIV,1981,108.7
Cote d'Ivoire,CI,CIV,1980,111.6
Cote d'Ivoire,CI,CIV,1979,114.8
Cote d'Ivoire,CI,CIV,1978,118.6
Cote d'Ivoire,CI,CIV,1977,123.2
Cote d'Ivoire,CI,CIV,1976,128.2
Cote d'Ivoire,CI,CIV,1975,133.6
Cote d'Ivoire,CI,CIV,1974,139.4
Cote d'Ivoire,CI,CIV,1973,145.1
Cote d'Ivoire,CI,CIV,1972,150.5
Cote d'Ivoire,CI,CIV,1971,155.8
Cote d'Ivoire,CI,CIV,1970,160.7
Cote d'Ivoire,CI,CIV,1969,165.2
Cote d'Ivoire,CI,CIV,1968,169.7
Cote d'Ivoire,CI,CIV,1967,174.3
Cote d'Ivoire,CI,CIV,1966,178.9
Cote d'Ivoire,CI,CIV,1965,183.6
Cote d'Ivoire,CI,CIV,1964,188.1
Cote d'Ivoire,CI,CIV,1963,193
Cote d'Ivoire,CI,CIV,1962,198.1
Cote d'Ivoire,CI,CIV,1961,203.2
Cote d'Ivoire,CI,CIV,1960,208.3
Croatia,HR,HRV,2024,NA
Croatia,HR,HRV,2023,3.9
Croatia,HR,HRV,2022,3.9
Croatia,HR,HRV,2021,3.9
Croatia,HR,HRV,2020,4
Croatia,HR,HRV,2019,4
Croatia,HR,HRV,2018,4
Croatia,HR,HRV,2017,4.1
Croatia,HR,HRV,2016,4.1
Croatia,HR,HRV,2015,4.2
Croatia,HR,HRV,2014,4.2
Croatia,HR,HRV,2013,4.3
Croatia,HR,HRV,2012,4.4
Croatia,HR,HRV,2011,4.5
Croatia,HR,HRV,2010,4.7
Croatia,HR,HRV,2009,4.8
Croatia,HR,HRV,2008,5
Croatia,HR,HRV,2007,5.3
Croatia,HR,HRV,2006,5.5
Croatia,HR,HRV,2005,5.8
Croatia,HR,HRV,2004,6.1
Croatia,HR,HRV,2003,6.6
Croatia,HR,HRV,2002,6.6
Croatia,HR,HRV,2001,6.9
Croatia,HR,HRV,2000,7.2
Croatia,HR,HRV,1999,7.5
Croatia,HR,HRV,1998,7.7
Croatia,HR,HRV,1997,8
Croatia,HR,HRV,1996,8.3
Croatia,HR,HRV,1995,8.6
Croatia,HR,HRV,1994,9
Croatia,HR,HRV,1993,9.5
Croatia,HR,HRV,1992,9.9
Croatia,HR,HRV,1991,11.2
Croatia,HR,HRV,1990,11.2
Croatia,HR,HRV,1989,12
Croatia,HR,HRV,1988,12.9
Croatia,HR,HRV,1987,13.8
Croatia,HR,HRV,1986,14.8
Croatia,HR,HRV,1985,15.8
Croatia,HR,HRV,1984,16.7
Croatia,HR,HRV,1983,17.5
Croatia,HR,HRV,1982,18.4
Croatia,HR,HRV,1981,19.2
Croatia,HR,HRV,1980,NA
Croatia,HR,HRV,1979,NA
Croatia,HR,HRV,1978,NA
Croatia,HR,HRV,1977,NA
Croatia,HR,HRV,1976,NA
Croatia,HR,HRV,1975,NA
Croatia,HR,HRV,1974,NA
Croatia,HR,HRV,1973,NA
Croatia,HR,HRV,1972,NA
Croatia,HR,HRV,1971,NA
Croatia,HR,HRV,1970,NA
Croatia,HR,HRV,1969,NA
Croatia,HR,HRV,1968,NA
Croatia,HR,HRV,1967,NA
Croatia,HR,HRV,1966,NA
Croatia,HR,HRV,1965,NA
Croatia,HR,HRV,1964,NA
Croatia,HR,HRV,1963,NA
Croatia,HR,HRV,1962,NA
Croatia,HR,HRV,1961,NA
Croatia,HR,HRV,1960,NA
Cuba,CU,CUB,2024,NA
Cuba,CU,CUB,2023,6.6
Cuba,CU,CUB,2022,6.3
Cuba,CU,CUB,2021,6
Cuba,CU,CUB,2020,5.7
Cuba,CU,CUB,2019,5.4
Cuba,CU,CUB,2018,5.2
Cuba,CU,CUB,2017,5
Cuba,CU,CUB,2016,4.9
Cuba,CU,CUB,2015,4.8
Cuba,CU,CUB,2014,4.8
Cuba,CU,CUB,2013,4.7
Cuba,CU,CUB,2012,4.8
Cuba,CU,CUB,2011,4.8
Cuba,CU,CUB,2010,4.9
Cuba,CU,CUB,2009,5
Cuba,CU,CUB,2008,5.1
Cuba,CU,CUB,2007,5.2
Cuba,CU,CUB,2006,5.4
Cuba,CU,CUB,2005,5.6
Cuba,CU,CUB,2004,5.8
Cuba,CU,CUB,2003,6
Cuba,CU,CUB,2002,6.3
Cuba,CU,CUB,2001,6.5
Cuba,CU,CUB,2000,6.8
Cuba,CU,CUB,1999,7.1
Cuba,CU,CUB,1998,7.4
Cuba,CU,CUB,1997,7.8
Cuba,CU,CUB,1996,8.1
Cuba,CU,CUB,1995,8.5
Cuba,CU,CUB,1994,8.9
Cuba,CU,CUB,1993,9.3
Cuba,CU,CUB,1992,9.8
Cuba,CU,CUB,1991,10.3
Cuba,CU,CUB,1990,10.8
Cuba,CU,CUB,1989,11.4
Cuba,CU,CUB,1988,12
Cuba,CU,CUB,1987,12.7
Cuba,CU,CUB,1986,13.4
Cuba,CU,CUB,1985,14.1
Cuba,CU,CUB,1984,14.8
Cuba,CU,CUB,1983,15.6
Cuba,CU,CUB,1982,16.4
Cuba,CU,CUB,1981,17.3
Cuba,CU,CUB,1980,18.2
Cuba,CU,CUB,1979,19.2
Cuba,CU,CUB,1978,20.4
Cuba,CU,CUB,1977,21.6
Cuba,CU,CUB,1976,22.9
Cuba,CU,CUB,1975,24.3
Cuba,CU,CUB,1974,25.8
Cuba,CU,CUB,1973,27.3
Cuba,CU,CUB,1972,28.8
Cuba,CU,CUB,1971,30.3
Cuba,CU,CUB,1970,31.7
Cuba,CU,CUB,1969,33
Cuba,CU,CUB,1968,34.1
Cuba,CU,CUB,1967,35.1
Cuba,CU,CUB,1966,35.8
Cuba,CU,CUB,1965,36.4
Cuba,CU,CUB,1964,36.7
Cuba,CU,CUB,1963,36.9
Cuba,CU,CUB,1962,36.9
Cuba,CU,CUB,1961,36.8
Cuba,CU,CUB,1960,36.5
Curacao,CW,CUW,2024,NA
Curacao,CW,CUW,2023,NA
Curacao,CW,CUW,2022,NA
Curacao,CW,CUW,2021,NA
Curacao,CW,CUW,2020,NA
Curacao,CW,CUW,2019,NA
Curacao,CW,CUW,2018,NA
Curacao,CW,CUW,2017,NA
Curacao,CW,CUW,2016,NA
Curacao,CW,CUW,2015,NA
Curacao,CW,CUW,2014,NA
Curacao,CW,CUW,2013,NA
Curacao,CW,CUW,2012,NA
Curacao,CW,CUW,2011,NA
Curacao,CW,CUW,2010,NA
Curacao,CW,CUW,2009,NA
Curacao,CW,CUW,2008,NA
Curacao,CW,CUW,2007,NA
Curacao,CW,CUW,2006,NA
Curacao,CW,CUW,2005,NA
Curacao,CW,CUW,2004,NA
Curacao,CW,CUW,2003,NA
Curacao,CW,CUW,2002,NA
Curacao,CW,CUW,2001,NA
Curacao,CW,CUW,2000,NA
Curacao,CW,CUW,1999,NA
Curacao,CW,CUW,1998,NA
Curacao,CW,CUW,1997,NA
Curacao,CW,CUW,1996,NA
Curacao,CW,CUW,1995,NA
Curacao,CW,CUW,1994,NA
Curacao,CW,CUW,1993,NA
Curacao,CW,CUW,1992,NA
Curacao,CW,CUW,1991,NA
Curacao,CW,CUW,1990,NA
Curacao,CW,CUW,1989,NA
Curacao,CW,CUW,1988,NA
Curacao,CW,CUW,1987,NA
Curacao,CW,CUW,1986,NA
Curacao,CW,CUW,1985,NA
Curacao,CW,CUW,1984,NA
Curacao,CW,CUW,1983,NA
Curacao,CW,CUW,1982,NA
Curacao,CW,CUW,1981,NA
Curacao,CW,CUW,1980,NA
Curacao,CW,CUW,1979,NA
Curacao,CW,CUW,1978,NA
Curacao,CW,CUW,1977,NA
Curacao,CW,CUW,1976,NA
Curacao,CW,CUW,1975,NA
Curacao,CW,CUW,1974,NA
Curacao,CW,CUW,1973,NA
Curacao,CW,CUW,1972,NA
Curacao,CW,CUW,1971,NA
Curacao,CW,CUW,1970,NA
Curacao,CW,CUW,1969,NA
Curacao,CW,CUW,1968,NA
Curacao,CW,CUW,1967,NA
Curacao,CW,CUW,1966,NA
Curacao,CW,CUW,1965,NA
Curacao,CW,CUW,1964,NA
Curacao,CW,CUW,1963,NA
Curacao,CW,CUW,1962,NA
Curacao,CW,CUW,1961,NA
Curacao,CW,CUW,1960,NA
Cyprus,CY,CYP,2024,NA
Cyprus,CY,CYP,2023,2.9
Cyprus,CY,CYP,2022,2.8
Cyprus,CY,CYP,2021,2.7
Cyprus,CY,CYP,2020,2.6
Cyprus,CY,CYP,2019,2.6
Cyprus,CY,CYP,2018,2.5
Cyprus,CY,CYP,2017,2.4
Cyprus,CY,CYP,2016,2.4
Cyprus,CY,CYP,2015,2.4
Cyprus,CY,CYP,2014,2.4
Cyprus,CY,CYP,2013,2.5
Cyprus,CY,CYP,2012,2.5
Cyprus,CY,CYP,2011,2.6
Cyprus,CY,CYP,2010,2.8
Cyprus,CY,CYP,2009,2.9
Cyprus,CY,CYP,2008,3.1
Cyprus,CY,CYP,2007,3.3
Cyprus,CY,CYP,2006,3.6
Cyprus,CY,CYP,2005,3.9
Cyprus,CY,CYP,2004,4.3
Cyprus,CY,CYP,2003,4.6
Cyprus,CY,CYP,2002,5
Cyprus,CY,CYP,2001,5.4
Cyprus,CY,CYP,2000,5.8
Cyprus,CY,CYP,1999,6.2
Cyprus,CY,CYP,1998,6.6
Cyprus,CY,CYP,1997,7
Cyprus,CY,CYP,1996,7.5
Cyprus,CY,CYP,1995,8
Cyprus,CY,CYP,1994,8.5
Cyprus,CY,CYP,1993,9
Cyprus,CY,CYP,1992,9.4
Cyprus,CY,CYP,1991,9.7
Cyprus,CY,CYP,1990,9.9
Cyprus,CY,CYP,1989,10
Cyprus,CY,CYP,1988,10.1
Cyprus,CY,CYP,1987,10.4
Cyprus,CY,CYP,1986,11
Cyprus,CY,CYP,1985,12
Cyprus,CY,CYP,1984,13.2
Cyprus,CY,CYP,1983,14.6
Cyprus,CY,CYP,1982,16.2
Cyprus,CY,CYP,1981,17.9
Cyprus,CY,CYP,1980,19.7
Cyprus,CY,CYP,1979,21.9
Cyprus,CY,CYP,1978,24.3
Cyprus,CY,CYP,1977,26.8
Cyprus,CY,CYP,1976,29.1
Cyprus,CY,CYP,1975,31.1
Cyprus,CY,CYP,1974,32.7
Cyprus,CY,CYP,1973,33.7
Cyprus,CY,CYP,1972,34.6
Cyprus,CY,CYP,1971,35.4
Cyprus,CY,CYP,1970,NA
Cyprus,CY,CYP,1969,NA
Cyprus,CY,CYP,1968,NA
Cyprus,CY,CYP,1967,NA
Cyprus,CY,CYP,1966,NA
Cyprus,CY,CYP,1965,NA
Cyprus,CY,CYP,1964,NA
Cyprus,CY,CYP,1963,NA
Cyprus,CY,CYP,1962,NA
Cyprus,CY,CYP,1961,NA
Cyprus,CY,CYP,1960,NA
Czechia,CZ,CZE,2024,NA
Czechia,CZ,CZE,2023,2.1
Czechia,CZ,CZE,2022,2.2
Czechia,CZ,CZE,2021,2.3
Czechia,CZ,CZE,2020,2.4
Czechia,CZ,CZE,2019,2.4
Czechia,CZ,CZE,2018,2.5
Czechia,CZ,CZE,2017,2.6
Czechia,CZ,CZE,2016,2.6
Czechia,CZ,CZE,2015,2.6
Czechia,CZ,CZE,2014,2.5
Czechia,CZ,CZE,2013,2.5
Czechia,CZ,CZE,2012,2.6
Czechia,CZ,CZE,2011,2.6
Czechia,CZ,CZE,2010,2.7
Czechia,CZ,CZE,2009,2.8
Czechia,CZ,CZE,2008,3
Czechia,CZ,CZE,2007,3.2
Czechia,CZ,CZE,2006,3.3
Czechia,CZ,CZE,2005,3.5
Czechia,CZ,CZE,2004,3.7
Czechia,CZ,CZE,2003,3.9
Czechia,CZ,CZE,2002,4.1
Czechia,CZ,CZE,2001,4.2
Czechia,CZ,CZE,2000,4.5
Czechia,CZ,CZE,1999,4.8
Czechia,CZ,CZE,1998,5.2
Czechia,CZ,CZE,1997,5.7
Czechia,CZ,CZE,1996,6.4
Czechia,CZ,CZE,1995,7.1
Czechia,CZ,CZE,1994,7.9
Czechia,CZ,CZE,1993,8.6
Czechia,CZ,CZE,1992,9.4
Czechia,CZ,CZE,1991,9.9
Czechia,CZ,CZE,1990,10.3
Czechia,CZ,CZE,1989,10.7
Czechia,CZ,CZE,1988,11.1
Czechia,CZ,CZE,1987,11.6
Czechia,CZ,CZE,1986,11.9
Czechia,CZ,CZE,1985,12.2
Czechia,CZ,CZE,1984,12.4
Czechia,CZ,CZE,1983,12.8
Czechia,CZ,CZE,1982,13.2
Czechia,CZ,CZE,1981,13.8
Czechia,CZ,CZE,1980,14.6
Czechia,CZ,CZE,1979,15.5
Czechia,CZ,CZE,1978,16.4
Czechia,CZ,CZE,1977,17.3
Czechia,CZ,CZE,1976,18.1
Czechia,CZ,CZE,1975,18.8
Czechia,CZ,CZE,1974,19.4
Czechia,CZ,CZE,1973,19.9
Czechia,CZ,CZE,1972,20.4
Czechia,CZ,CZE,1971,20.8
Czechia,CZ,CZE,1970,21.1
Czechia,CZ,CZE,1969,21.3
Czechia,CZ,CZE,1968,21.4
Czechia,CZ,CZE,1967,21.4
Czechia,CZ,CZE,1966,21.3
Czechia,CZ,CZE,1965,21.2
Czechia,CZ,CZE,1964,21
Czechia,CZ,CZE,1963,20.8
Czechia,CZ,CZE,1962,20.8
Czechia,CZ,CZE,1961,20.9
Czechia,CZ,CZE,1960,21.2
Denmark,DK,DNK,2024,NA
Denmark,DK,DNK,2023,3
Denmark,DK,DNK,2022,3.1
Denmark,DK,DNK,2021,3.2
Denmark,DK,DNK,2020,3.2
Denmark,DK,DNK,2019,3.3
Denmark,DK,DNK,2018,3.4
Denmark,DK,DNK,2017,3.4
Denmark,DK,DNK,2016,3.5
Denmark,DK,DNK,2015,3.5
Denmark,DK,DNK,2014,3.5
Denmark,DK,DNK,2013,3.5
Denmark,DK,DNK,2012,3.5
Denmark,DK,DNK,2011,3.5
Denmark,DK,DNK,2010,3.5
Denmark,DK,DNK,2009,3.6
Denmark,DK,DNK,2008,3.7
Denmark,DK,DNK,2007,3.8
Denmark,DK,DNK,2006,3.9
Denmark,DK,DNK,2005,4.1
Denmark,DK,DNK,2004,4.2
Denmark,DK,DNK,2003,4.4
Denmark,DK,DNK,2002,4.5
Denmark,DK,DNK,2001,4.6
Denmark,DK,DNK,2000,4.7
Denmark,DK,DNK,1999,4.8
Denmark,DK,DNK,1998,4.8
Denmark,DK,DNK,1997,5
Denmark,DK,DNK,1996,5.2
Denmark,DK,DNK,1995,5.4
Denmark,DK,DNK,1994,5.7
Denmark,DK,DNK,1993,6
Denmark,DK,DNK,1992,6.5
Denmark,DK,DNK,1991,6.9
Denmark,DK,DNK,1990,7.3
Denmark,DK,DNK,1989,7.7
Denmark,DK,DNK,1988,7.9
Denmark,DK,DNK,1987,8
Denmark,DK,DNK,1986,8
Denmark,DK,DNK,1985,7.9
Denmark,DK,DNK,1984,7.9
Denmark,DK,DNK,1983,7.9
Denmark,DK,DNK,1982,7.9
Denmark,DK,DNK,1981,8
Denmark,DK,DNK,1980,8.2
Denmark,DK,DNK,1979,8.5
Denmark,DK,DNK,1978,8.8
Denmark,DK,DNK,1977,9.2
Denmark,DK,DNK,1976,9.6
Denmark,DK,DNK,1975,10.2
Denmark,DK,DNK,1974,10.9
Denmark,DK,DNK,1973,11.6
Denmark,DK,DNK,1972,12.4
Denmark,DK,DNK,1971,13.2
Denmark,DK,DNK,1970,13.9
Denmark,DK,DNK,1969,14.6
Denmark,DK,DNK,1968,15.3
Denmark,DK,DNK,1967,16.1
Denmark,DK,DNK,1966,17
Denmark,DK,DNK,1965,17.9
Denmark,DK,DNK,1964,18.8
Denmark,DK,DNK,1963,19.6
Denmark,DK,DNK,1962,20.3
Denmark,DK,DNK,1961,20.9
Denmark,DK,DNK,1960,21.3
Djibouti,DJ,DJI,2024,NA
Djibouti,DJ,DJI,2023,44.4
Djibouti,DJ,DJI,2022,45.9
Djibouti,DJ,DJI,2021,47.3
Djibouti,DJ,DJI,2020,48.8
Djibouti,DJ,DJI,2019,50.4
Djibouti,DJ,DJI,2018,52
Djibouti,DJ,DJI,2017,53.5
Djibouti,DJ,DJI,2016,55.1
Djibouti,DJ,DJI,2015,56.6
Djibouti,DJ,DJI,2014,58.3
Djibouti,DJ,DJI,2013,59.9
Djibouti,DJ,DJI,2012,61.6
Djibouti,DJ,DJI,2011,63.3
Djibouti,DJ,DJI,2010,64.9
Djibouti,DJ,DJI,2009,66.6
Djibouti,DJ,DJI,2008,68.1
Djibouti,DJ,DJI,2007,69.9
Djibouti,DJ,DJI,2006,71.6
Djibouti,DJ,DJI,2005,73.3
Djibouti,DJ,DJI,2004,74.9
Djibouti,DJ,DJI,2003,76.4
Djibouti,DJ,DJI,2002,78
Djibouti,DJ,DJI,2001,79.5
Djibouti,DJ,DJI,2000,80.9
Djibouti,DJ,DJI,1999,82
Djibouti,DJ,DJI,1998,83.1
Djibouti,DJ,DJI,1997,83.9
Djibouti,DJ,DJI,1996,84.5
Djibouti,DJ,DJI,1995,85
Djibouti,DJ,DJI,1994,85.5
Djibouti,DJ,DJI,1993,85.9
Djibouti,DJ,DJI,1992,86.5
Djibouti,DJ,DJI,1991,87.2
Djibouti,DJ,DJI,1990,88.2
Djibouti,DJ,DJI,1989,89.3
Djibouti,DJ,DJI,1988,90.6
Djibouti,DJ,DJI,1987,92.1
Djibouti,DJ,DJI,1986,93.6
Djibouti,DJ,DJI,1985,95.3
Djibouti,DJ,DJI,1984,97.2
Djibouti,DJ,DJI,1983,99
Djibouti,DJ,DJI,1982,100.8
Djibouti,DJ,DJI,1981,102.8
Djibouti,DJ,DJI,1980,104.6
Djibouti,DJ,DJI,1979,106.2
Djibouti,DJ,DJI,1978,108.1
Djibouti,DJ,DJI,1977,NA
Djibouti,DJ,DJI,1976,NA
Djibouti,DJ,DJI,1975,NA
Djibouti,DJ,DJI,1974,NA
Djibouti,DJ,DJI,1973,NA
Djibouti,DJ,DJI,1972,NA
Djibouti,DJ,DJI,1971,NA
Djibouti,DJ,DJI,1970,NA
Djibouti,DJ,DJI,1969,NA
Djibouti,DJ,DJI,1968,NA
Djibouti,DJ,DJI,1967,NA
Djibouti,DJ,DJI,1966,NA
Djibouti,DJ,DJI,1965,NA
Djibouti,DJ,DJI,1964,NA
Djibouti,DJ,DJI,1963,NA
Djibouti,DJ,DJI,1962,NA
Djibouti,DJ,DJI,1961,NA
Djibouti,DJ,DJI,1960,NA
Dominica,DM,DMA,2024,NA
Dominica,DM,DMA,2023,33.1
Dominica,DM,DMA,2022,32.7
Dominica,DM,DMA,2021,32.1
Dominica,DM,DMA,2020,31.4
Dominica,DM,DMA,2019,30.6
Dominica,DM,DMA,2018,29.7
Dominica,DM,DMA,2017,28.8
Dominica,DM,DMA,2016,27.8
Dominica,DM,DMA,2015,26.8
Dominica,DM,DMA,2014,25.9
Dominica,DM,DMA,2013,25
Dominica,DM,DMA,2012,24.1
Dominica,DM,DMA,2011,23.3
Dominica,DM,DMA,2010,22.5
Dominica,DM,DMA,2009,21.7
Dominica,DM,DMA,2008,21
Dominica,DM,DMA,2007,20.3
Dominica,DM,DMA,2006,19.6
Dominica,DM,DMA,2005,19
Dominica,DM,DMA,2004,18.5
Dominica,DM,DMA,2003,18
Dominica,DM,DMA,2002,17.5
Dominica,DM,DMA,2001,17
Dominica,DM,DMA,2000,16.6
Dominica,DM,DMA,1999,16.3
Dominica,DM,DMA,1998,16
Dominica,DM,DMA,1997,15.7
Dominica,DM,DMA,1996,15.4
Dominica,DM,DMA,1995,15.3
Dominica,DM,DMA,1994,15.1
Dominica,DM,DMA,1993,15
Dominica,DM,DMA,1992,14.9
Dominica,DM,DMA,1991,14.9
Dominica,DM,DMA,1990,14.9
Dominica,DM,DMA,1989,15
Dominica,DM,DMA,1988,15.2
Dominica,DM,DMA,1987,15.4
Dominica,DM,DMA,1986,15.7
Dominica,DM,DMA,1985,16
Dominica,DM,DMA,1984,16.5
Dominica,DM,DMA,1983,17
Dominica,DM,DMA,1982,17.6
Dominica,DM,DMA,1981,18.4
Dominica,DM,DMA,1980,19.2
Dominica,DM,DMA,1979,20.2
Dominica,DM,DMA,1978,21.3
Dominica,DM,DMA,1977,22.6
Dominica,DM,DMA,1976,24.1
Dominica,DM,DMA,1975,25.7
Dominica,DM,DMA,1974,27.5
Dominica,DM,DMA,1973,29.6
Dominica,DM,DMA,1972,31.8
Dominica,DM,DMA,1971,34.3
Dominica,DM,DMA,1970,37
Dominica,DM,DMA,1969,40
Dominica,DM,DMA,1968,43.3
Dominica,DM,DMA,1967,46.8
Dominica,DM,DMA,1966,50.6
Dominica,DM,DMA,1965,54.8
Dominica,DM,DMA,1964,59.4
Dominica,DM,DMA,1963,64.4
Dominica,DM,DMA,1962,69.7
Dominica,DM,DMA,1961,75.6
Dominica,DM,DMA,1960,81.9
Dominican Republic,DO,DOM,2024,NA
Dominican Republic,DO,DOM,2023,28.4
Dominican Republic,DO,DOM,2022,29.1
Dominican Republic,DO,DOM,2021,29.8
Dominican Republic,DO,DOM,2020,30.4
Dominican Republic,DO,DOM,2019,30.9
Dominican Republic,DO,DOM,2018,31.2
Dominican Republic,DO,DOM,2017,31.3
Dominican Republic,DO,DOM,2016,31.3
Dominican Republic,DO,DOM,2015,31.2
Dominican Republic,DO,DOM,2014,31
Dominican Republic,DO,DOM,2013,30.9
Dominican Republic,DO,DOM,2012,30.8
Dominican Republic,DO,DOM,2011,30.8
Dominican Republic,DO,DOM,2010,30.7
Dominican Republic,DO,DOM,2009,30.7
Dominican Republic,DO,DOM,2008,30.8
Dominican Republic,DO,DOM,2007,30.9
Dominican Republic,DO,DOM,2006,31
Dominican Republic,DO,DOM,2005,31.2
Dominican Republic,DO,DOM,2004,31.5
Dominican Republic,DO,DOM,2003,31.8
Dominican Republic,DO,DOM,2002,32.3
Dominican Republic,DO,DOM,2001,32.9
Dominican Republic,DO,DOM,2000,33.6
Dominican Republic,DO,DOM,1999,34.5
Dominican Republic,DO,DOM,1998,35.5
Dominican Republic,DO,DOM,1997,36.7
Dominican Republic,DO,DOM,1996,38
Dominican Republic,DO,DOM,1995,39.5
Dominican Republic,DO,DOM,1994,41.1
Dominican Republic,DO,DOM,1993,42.8
Dominican Republic,DO,DOM,1992,44.5
Dominican Republic,DO,DOM,1991,46.3
Dominican Republic,DO,DOM,1990,48
Dominican Republic,DO,DOM,1989,49.7
Dominican Republic,DO,DOM,1988,51.4
Dominican Republic,DO,DOM,1987,53.1
Dominican Republic,DO,DOM,1986,54.9
Dominican Republic,DO,DOM,1985,56.6
Dominican Republic,DO,DOM,1984,58.4
Dominican Republic,DO,DOM,1983,60.2
Dominican Republic,DO,DOM,1982,62.1
Dominican Republic,DO,DOM,1981,64.2
Dominican Republic,DO,DOM,1980,66.2
Dominican Republic,DO,DOM,1979,68.3
Dominican Republic,DO,DOM,1978,70.6
Dominican Republic,DO,DOM,1977,72.9
Dominican Republic,DO,DOM,1976,75.3
Dominican Republic,DO,DOM,1975,77.7
Dominican Republic,DO,DOM,1974,80.3
Dominican Republic,DO,DOM,1973,82.8
Dominican Republic,DO,DOM,1972,85.2
Dominican Republic,DO,DOM,1971,87.5
Dominican Republic,DO,DOM,1970,89.5
Dominican Republic,DO,DOM,1969,91.3
Dominican Republic,DO,DOM,1968,93
Dominican Republic,DO,DOM,1967,94.6
Dominican Republic,DO,DOM,1966,96.3
Dominican Republic,DO,DOM,1965,97.9
Dominican Republic,DO,DOM,1964,99.4
Dominican Republic,DO,DOM,1963,100.7
Dominican Republic,DO,DOM,1962,101.8
Dominican Republic,DO,DOM,1961,102.5
Dominican Republic,DO,DOM,1960,102.9
Ecuador,EC,ECU,2024,NA
Ecuador,EC,ECU,2023,11.1
Ecuador,EC,ECU,2022,11.2
Ecuador,EC,ECU,2021,11.3
Ecuador,EC,ECU,2020,11.5
Ecuador,EC,ECU,2019,11.7
Ecuador,EC,ECU,2018,11.9
Ecuador,EC,ECU,2017,12.2
Ecuador,EC,ECU,2016,12.5
Ecuador,EC,ECU,2015,12.9
Ecuador,EC,ECU,2014,13.4
Ecuador,EC,ECU,2013,14
Ecuador,EC,ECU,2012,14.6
Ecuador,EC,ECU,2011,15.3
Ecuador,EC,ECU,2010,16
Ecuador,EC,ECU,2009,16.7
Ecuador,EC,ECU,2008,17.4
Ecuador,EC,ECU,2007,18.1
Ecuador,EC,ECU,2006,18.8
Ecuador,EC,ECU,2005,19.5
Ecuador,EC,ECU,2004,20.3
Ecuador,EC,ECU,2003,21.1
Ecuador,EC,ECU,2002,21.9
Ecuador,EC,ECU,2001,23
Ecuador,EC,ECU,2000,24.1
Ecuador,EC,ECU,1999,25.5
Ecuador,EC,ECU,1998,27.1
Ecuador,EC,ECU,1997,28.8
Ecuador,EC,ECU,1996,30.7
Ecuador,EC,ECU,1995,32.7
Ecuador,EC,ECU,1994,34.8
Ecuador,EC,ECU,1993,36.8
Ecuador,EC,ECU,1992,38.7
Ecuador,EC,ECU,1991,40.6
Ecuador,EC,ECU,1990,42.6
Ecuador,EC,ECU,1989,44.6
Ecuador,EC,ECU,1988,46.7
Ecuador,EC,ECU,1987,49
Ecuador,EC,ECU,1986,51.4
Ecuador,EC,ECU,1985,54.1
Ecuador,EC,ECU,1984,57.1
Ecuador,EC,ECU,1983,60.3
Ecuador,EC,ECU,1982,63.6
Ecuador,EC,ECU,1981,66.9
Ecuador,EC,ECU,1980,70.1
Ecuador,EC,ECU,1979,73.3
Ecuador,EC,ECU,1978,76.5
Ecuador,EC,ECU,1977,79.8
Ecuador,EC,ECU,1976,83.4
Ecuador,EC,ECU,1975,87.1
Ecuador,EC,ECU,1974,90.8
Ecuador,EC,ECU,1973,94.3
Ecuador,EC,ECU,1972,97.6
Ecuador,EC,ECU,1971,100.3
Ecuador,EC,ECU,1970,102.6
Ecuador,EC,ECU,1969,104.6
Ecuador,EC,ECU,1968,106.4
Ecuador,EC,ECU,1967,108.3
Ecuador,EC,ECU,1966,110.3
Ecuador,EC,ECU,1965,112.7
Ecuador,EC,ECU,1964,115.3
Ecuador,EC,ECU,1963,118.3
Ecuador,EC,ECU,1962,121.6
Ecuador,EC,ECU,1961,125.2
Ecuador,EC,ECU,1960,128.8
"Egypt, Arab Rep.",EG,EGY,2024,NA
"Egypt, Arab Rep.",EG,EGY,2023,16.1
"Egypt, Arab Rep.",EG,EGY,2022,16.7
"Egypt, Arab Rep.",EG,EGY,2021,17.2
"Egypt, Arab Rep.",EG,EGY,2020,17.8
"Egypt, Arab Rep.",EG,EGY,2019,18.4
"Egypt, Arab Rep.",EG,EGY,2018,19.1
"Egypt, Arab Rep.",EG,EGY,2017,19.8
"Egypt, Arab Rep.",EG,EGY,2016,20.5
"Egypt, Arab Rep.",EG,EGY,2015,21.2
"Egypt, Arab Rep.",EG,EGY,2014,22
"Egypt, Arab Rep.",EG,EGY,2013,22.8
"Egypt, Arab Rep.",EG,EGY,2012,23.7
"Egypt, Arab Rep.",EG,EGY,2011,24.6
"Egypt, Arab Rep.",EG,EGY,2010,25.6
"Egypt, Arab Rep.",EG,EGY,2009,26.7
"Egypt, Arab Rep.",EG,EGY,2008,27.7
"Egypt, Arab Rep.",EG,EGY,2007,28.8
"Egypt, Arab Rep.",EG,EGY,2006,30
"Egypt, Arab Rep.",EG,EGY,2005,31.2
"Egypt, Arab Rep.",EG,EGY,2004,32.6
"Egypt, Arab Rep.",EG,EGY,2003,34
"Egypt, Arab Rep.",EG,EGY,2002,35.7
"Egypt, Arab Rep.",EG,EGY,2001,37.5
"Egypt, Arab Rep.",EG,EGY,2000,39.6
"Egypt, Arab Rep.",EG,EGY,1999,41.8
"Egypt, Arab Rep.",EG,EGY,1998,44.3
"Egypt, Arab Rep.",EG,EGY,1997,47
"Egypt, Arab Rep.",EG,EGY,1996,49.9
"Egypt, Arab Rep.",EG,EGY,1995,52.9
"Egypt, Arab Rep.",EG,EGY,1994,56
"Egypt, Arab Rep.",EG,EGY,1993,59
"Egypt, Arab Rep.",EG,EGY,1992,61.8
"Egypt, Arab Rep.",EG,EGY,1991,64.5
"Egypt, Arab Rep.",EG,EGY,1990,67.3
"Egypt, Arab Rep.",EG,EGY,1989,70.3
"Egypt, Arab Rep.",EG,EGY,1988,73.8
"Egypt, Arab Rep.",EG,EGY,1987,78.1
"Egypt, Arab Rep.",EG,EGY,1986,83.1
"Egypt, Arab Rep.",EG,EGY,1985,89
"Egypt, Arab Rep.",EG,EGY,1984,95.3
"Egypt, Arab Rep.",EG,EGY,1983,101.7
"Egypt, Arab Rep.",EG,EGY,1982,107.7
"Egypt, Arab Rep.",EG,EGY,1981,113.2
"Egypt, Arab Rep.",EG,EGY,1980,118.4
"Egypt, Arab Rep.",EG,EGY,1979,123.4
"Egypt, Arab Rep.",EG,EGY,1978,128.1
"Egypt, Arab Rep.",EG,EGY,1977,132.7
"Egypt, Arab Rep.",EG,EGY,1976,137
"Egypt, Arab Rep.",EG,EGY,1975,140.8
"Egypt, Arab Rep.",EG,EGY,1974,143.8
"Egypt, Arab Rep.",EG,EGY,1973,145.9
"Egypt, Arab Rep.",EG,EGY,1972,147
"Egypt, Arab Rep.",EG,EGY,1971,147.3
"Egypt, Arab Rep.",EG,EGY,1970,147.3
"Egypt, Arab Rep.",EG,EGY,1969,147.1
"Egypt, Arab Rep.",EG,EGY,1968,147.2
"Egypt, Arab Rep.",EG,EGY,1967,147.8
"Egypt, Arab Rep.",EG,EGY,1966,149.2
"Egypt, Arab Rep.",EG,EGY,1965,151.1
"Egypt, Arab Rep.",EG,EGY,1964,153.9
"Egypt, Arab Rep.",EG,EGY,1963,157.3
"Egypt, Arab Rep.",EG,EGY,1962,161
"Egypt, Arab Rep.",EG,EGY,1961,164.8
"Egypt, Arab Rep.",EG,EGY,1960,168.7
El Salvador,SV,SLV,2024,NA
El Salvador,SV,SLV,2023,9.2
El Salvador,SV,SLV,2022,9.5
El Salvador,SV,SLV,2021,9.8
El Salvador,SV,SLV,2020,10.2
El Salvador,SV,SLV,2019,10.6
El Salvador,SV,SLV,2018,11.1
El Salvador,SV,SLV,2017,11.5
El Salvador,SV,SLV,2016,12
El Salvador,SV,SLV,2015,12.5
El Salvador,SV,SLV,2014,13.1
El Salvador,SV,SLV,2013,13.6
El Salvador,SV,SLV,2012,14.3
El Salvador,SV,SLV,2011,14.9
El Salvador,SV,SLV,2010,15.6
El Salvador,SV,SLV,2009,16.4
El Salvador,SV,SLV,2008,17.2
El Salvador,SV,SLV,2007,18.1
El Salvador,SV,SLV,2006,19
El Salvador,SV,SLV,2005,20.1
El Salvador,SV,SLV,2004,21.2
El Salvador,SV,SLV,2003,22.4
El Salvador,SV,SLV,2002,23.7
El Salvador,SV,SLV,2001,25
El Salvador,SV,SLV,2000,26.5
El Salvador,SV,SLV,1999,28.1
El Salvador,SV,SLV,1998,29.8
El Salvador,SV,SLV,1997,31.6
El Salvador,SV,SLV,1996,33.6
El Salvador,SV,SLV,1995,35.7
El Salvador,SV,SLV,1994,37.9
El Salvador,SV,SLV,1993,40.1
El Salvador,SV,SLV,1992,42.4
El Salvador,SV,SLV,1991,44.7
El Salvador,SV,SLV,1990,47.1
El Salvador,SV,SLV,1989,49.6
El Salvador,SV,SLV,1988,52.3
El Salvador,SV,SLV,1987,55.2
El Salvador,SV,SLV,1986,58.3
El Salvador,SV,SLV,1985,61.7
El Salvador,SV,SLV,1984,65.3
El Salvador,SV,SLV,1983,69
El Salvador,SV,SLV,1982,72.8
El Salvador,SV,SLV,1981,76.6
El Salvador,SV,SLV,1980,88.3
El Salvador,SV,SLV,1979,84.2
El Salvador,SV,SLV,1978,87.8
El Salvador,SV,SLV,1977,91.2
El Salvador,SV,SLV,1976,94.5
El Salvador,SV,SLV,1975,97.5
El Salvador,SV,SLV,1974,100.2
El Salvador,SV,SLV,1973,102.7
El Salvador,SV,SLV,1972,104.9
El Salvador,SV,SLV,1971,106.8
El Salvador,SV,SLV,1970,108.6
El Salvador,SV,SLV,1969,110.3
El Salvador,SV,SLV,1968,112
El Salvador,SV,SLV,1967,113.7
El Salvador,SV,SLV,1966,115.3
El Salvador,SV,SLV,1965,117
El Salvador,SV,SLV,1964,118.6
El Salvador,SV,SLV,1963,120.2
El Salvador,SV,SLV,1962,121.9
El Salvador,SV,SLV,1961,123.6
El Salvador,SV,SLV,1960,125.5
Equatorial Guinea,GQ,GNQ,2024,NA
Equatorial Guinea,GQ,GNQ,2023,49.1
Equatorial Guinea,GQ,GNQ,2022,50.9
Equatorial Guinea,GQ,GNQ,2021,52.6
Equatorial Guinea,GQ,GNQ,2020,54.3
Equatorial Guinea,GQ,GNQ,2019,56.1
Equatorial Guinea,GQ,GNQ,2018,57.7
Equatorial Guinea,GQ,GNQ,2017,59.4
Equatorial Guinea,GQ,GNQ,2016,61.3
Equatorial Guinea,GQ,GNQ,2015,63.4
Equatorial Guinea,GQ,GNQ,2014,65.5
Equatorial Guinea,GQ,GNQ,2013,67.6
Equatorial Guinea,GQ,GNQ,2012,69.9
Equatorial Guinea,GQ,GNQ,2011,72.4
Equatorial Guinea,GQ,GNQ,2010,75.1
Equatorial Guinea,GQ,GNQ,2009,77.9
Equatorial Guinea,GQ,GNQ,2008,80.8
Equatorial Guinea,GQ,GNQ,2007,84.1
Equatorial Guinea,GQ,GNQ,2006,87.3
Equatorial Guinea,GQ,GNQ,2005,90.6
Equatorial Guinea,GQ,GNQ,2004,93.9
Equatorial Guinea,GQ,GNQ,2003,97.2
Equatorial Guinea,GQ,GNQ,2002,100.4
Equatorial Guinea,GQ,GNQ,2001,103.4
Equatorial Guinea,GQ,GNQ,2000,106.5
Equatorial Guinea,GQ,GNQ,1999,109.2
Equatorial Guinea,GQ,GNQ,1998,111.6
Equatorial Guinea,GQ,GNQ,1997,113.5
Equatorial Guinea,GQ,GNQ,1996,114.8
Equatorial Guinea,GQ,GNQ,1995,115.9
Equatorial Guinea,GQ,GNQ,1994,116.7
Equatorial Guinea,GQ,GNQ,1993,117.2
Equatorial Guinea,GQ,GNQ,1992,117.7
Equatorial Guinea,GQ,GNQ,1991,118.1
Equatorial Guinea,GQ,GNQ,1990,118.5
Equatorial Guinea,GQ,GNQ,1989,119
Equatorial Guinea,GQ,GNQ,1988,119.5
Equatorial Guinea,GQ,GNQ,1987,120.3
Equatorial Guinea,GQ,GNQ,1986,121.3
Equatorial Guinea,GQ,GNQ,1985,122.9
Equatorial Guinea,GQ,GNQ,1984,124.8
Equatorial Guinea,GQ,GNQ,1983,127
Equatorial Guinea,GQ,GNQ,1982,129.1
Equatorial Guinea,GQ,GNQ,1981,NA
Equatorial Guinea,GQ,GNQ,1980,NA
Equatorial Guinea,GQ,GNQ,1979,NA
Equatorial Guinea,GQ,GNQ,1978,NA
Equatorial Guinea,GQ,GNQ,1977,NA
Equatorial Guinea,GQ,GNQ,1976,NA
Equatorial Guinea,GQ,GNQ,1975,NA
Equatorial Guinea,GQ,GNQ,1974,NA
Equatorial Guinea,GQ,GNQ,1973,NA
Equatorial Guinea,GQ,GNQ,1972,NA
Equatorial Guinea,GQ,GNQ,1971,NA
Equatorial Guinea,GQ,GNQ,1970,NA
Equatorial Guinea,GQ,GNQ,1969,NA
Equatorial Guinea,GQ,GNQ,1968,NA
Equatorial Guinea,GQ,GNQ,1967,NA
Equatorial Guinea,GQ,GNQ,1966,NA
Equatorial Guinea,GQ,GNQ,1965,NA
Equatorial Guinea,GQ,GNQ,1964,NA
Equatorial Guinea,GQ,GNQ,1963,NA
Equatorial Guinea,GQ,GNQ,1962,NA
Equatorial Guinea,GQ,GNQ,1961,NA
Equatorial Guinea,GQ,GNQ,1960,NA
Eritrea,ER,ERI,2024,NA
Eritrea,ER,ERI,2023,25.5
Eritrea,ER,ERI,2022,26.4
Eritrea,ER,ERI,2021,27.2
Eritrea,ER,ERI,2020,27.9
Eritrea,ER,ERI,2019,28.7
Eritrea,ER,ERI,2018,29.6
Eritrea,ER,ERI,2017,30.6
Eritrea,ER,ERI,2016,31.4
Eritrea,ER,ERI,2015,32.4
Eritrea,ER,ERI,2014,33.4
Eritrea,ER,ERI,2013,34.4
Eritrea,ER,ERI,2012,35.5
Eritrea,ER,ERI,2011,36.5
Eritrea,ER,ERI,2010,37.5
Eritrea,ER,ERI,2009,38.6
Eritrea,ER,ERI,2008,39.8
Eritrea,ER,ERI,2007,40.9
Eritrea,ER,ERI,2006,42.1
Eritrea,ER,ERI,2005,43.3
Eritrea,ER,ERI,2004,44.6
Eritrea,ER,ERI,2003,46
Eritrea,ER,ERI,2002,47.5
Eritrea,ER,ERI,2001,49
Eritrea,ER,ERI,2000,50.8
Eritrea,ER,ERI,1999,60.2
Eritrea,ER,ERI,1998,55
Eritrea,ER,ERI,1997,57.6
Eritrea,ER,ERI,1996,60.5
Eritrea,ER,ERI,1995,63.7
Eritrea,ER,ERI,1994,67.2
Eritrea,ER,ERI,1993,70.8
Eritrea,ER,ERI,1992,74.2
Eritrea,ER,ERI,1991,77.4
Eritrea,ER,ERI,1990,80.3
Eritrea,ER,ERI,1989,82.7
Eritrea,ER,ERI,1988,84.7
Eritrea,ER,ERI,1987,86.5
Eritrea,ER,ERI,1986,134.3
Eritrea,ER,ERI,1985,136.5
Eritrea,ER,ERI,1984,141.4
Eritrea,ER,ERI,1983,143.5
Eritrea,ER,ERI,1982,91
Eritrea,ER,ERI,1981,91.7
Eritrea,ER,ERI,1980,92.3
Eritrea,ER,ERI,1979,92.9
Eritrea,ER,ERI,1978,93.6
Eritrea,ER,ERI,1977,94.6
Eritrea,ER,ERI,1976,95.8
Eritrea,ER,ERI,1975,118.4
Eritrea,ER,ERI,1974,NA
Eritrea,ER,ERI,1973,NA
Eritrea,ER,ERI,1972,NA
Eritrea,ER,ERI,1971,NA
Eritrea,ER,ERI,1970,NA
Eritrea,ER,ERI,1969,NA
Eritrea,ER,ERI,1968,NA
Eritrea,ER,ERI,1967,NA
Eritrea,ER,ERI,1966,NA
Eritrea,ER,ERI,1965,NA
Eritrea,ER,ERI,1964,NA
Eritrea,ER,ERI,1963,NA
Eritrea,ER,ERI,1962,NA
Eritrea,ER,ERI,1961,NA
Eritrea,ER,ERI,1960,NA
Estonia,EE,EST,2024,NA
Estonia,EE,EST,2023,1.6
Estonia,EE,EST,2022,1.7
Estonia,EE,EST,2021,1.8
Estonia,EE,EST,2020,1.8
Estonia,EE,EST,2019,1.9
Estonia,EE,EST,2018,2
Estonia,EE,EST,2017,2.2
Estonia,EE,EST,2016,2.3
Estonia,EE,EST,2015,2.5
Estonia,EE,EST,2014,2.6
Estonia,EE,EST,2013,2.8
Estonia,EE,EST,2012,3
Estonia,EE,EST,2011,3.3
Estonia,EE,EST,2010,3.6
Estonia,EE,EST,2009,3.9
Estonia,EE,EST,2008,4.3
Estonia,EE,EST,2007,4.7
Estonia,EE,EST,2006,5.1
Estonia,EE,EST,2005,5.6
Estonia,EE,EST,2004,6.2
Estonia,EE,EST,2003,6.8
Estonia,EE,EST,2002,7.4
Estonia,EE,EST,2001,8.1
Estonia,EE,EST,2000,8.8
Estonia,EE,EST,1999,9.5
Estonia,EE,EST,1998,10.3
Estonia,EE,EST,1997,11.1
Estonia,EE,EST,1996,11.8
Estonia,EE,EST,1995,12.5
Estonia,EE,EST,1994,13
Estonia,EE,EST,1993,13.5
Estonia,EE,EST,1992,13.7
Estonia,EE,EST,1991,13.9
Estonia,EE,EST,1990,14
Estonia,EE,EST,1989,14.2
Estonia,EE,EST,1988,14.3
Estonia,EE,EST,1987,14.5
Estonia,EE,EST,1986,14.7
Estonia,EE,EST,1985,15
Estonia,EE,EST,1984,15.4
Estonia,EE,EST,1983,15.9
Estonia,EE,EST,1982,16.4
Estonia,EE,EST,1981,17
Estonia,EE,EST,1980,17.6
Estonia,EE,EST,1979,NA
Estonia,EE,EST,1978,NA
Estonia,EE,EST,1977,NA
Estonia,EE,EST,1976,NA
Estonia,EE,EST,1975,NA
Estonia,EE,EST,1974,NA
Estonia,EE,EST,1973,NA
Estonia,EE,EST,1972,NA
Estonia,EE,EST,1971,NA
Estonia,EE,EST,1970,NA
Estonia,EE,EST,1969,NA
Estonia,EE,EST,1968,NA
Estonia,EE,EST,1967,NA
Estonia,EE,EST,1966,NA
Estonia,EE,EST,1965,NA
Estonia,EE,EST,1964,NA
Estonia,EE,EST,1963,NA
Estonia,EE,EST,1962,NA
Estonia,EE,EST,1961,NA
Estonia,EE,EST,1960,NA
Eswatini,SZ,SWZ,2024,NA
Eswatini,SZ,SWZ,2023,43.5
Eswatini,SZ,SWZ,2022,44.6
Eswatini,SZ,SWZ,2021,45.8
Eswatini,SZ,SWZ,2020,47.1
Eswatini,SZ,SWZ,2019,48.2
Eswatini,SZ,SWZ,2018,48.5
Eswatini,SZ,SWZ,2017,51.5
Eswatini,SZ,SWZ,2016,52
Eswatini,SZ,SWZ,2015,54.9
Eswatini,SZ,SWZ,2014,57.9
Eswatini,SZ,SWZ,2013,57.4
Eswatini,SZ,SWZ,2012,58
Eswatini,SZ,SWZ,2011,57.8
Eswatini,SZ,SWZ,2010,62
Eswatini,SZ,SWZ,2009,65.5
Eswatini,SZ,SWZ,2008,68.5
Eswatini,SZ,SWZ,2007,66.3
Eswatini,SZ,SWZ,2006,65.6
Eswatini,SZ,SWZ,2005,74.7
Eswatini,SZ,SWZ,2004,75.7
Eswatini,SZ,SWZ,2003,75.9
Eswatini,SZ,SWZ,2002,75.2
Eswatini,SZ,SWZ,2001,74.3
Eswatini,SZ,SWZ,2000,73
Eswatini,SZ,SWZ,1999,71.5
Eswatini,SZ,SWZ,1998,69.7
Eswatini,SZ,SWZ,1997,67.7
Eswatini,SZ,SWZ,1996,65.4
Eswatini,SZ,SWZ,1995,62.6
Eswatini,SZ,SWZ,1994,60.5
Eswatini,SZ,SWZ,1993,58.6
Eswatini,SZ,SWZ,1992,57
Eswatini,SZ,SWZ,1991,56.3
Eswatini,SZ,SWZ,1990,56.6
Eswatini,SZ,SWZ,1989,57.8
Eswatini,SZ,SWZ,1988,59.5
Eswatini,SZ,SWZ,1987,61.8
Eswatini,SZ,SWZ,1986,64.5
Eswatini,SZ,SWZ,1985,67.4
Eswatini,SZ,SWZ,1984,70.6
Eswatini,SZ,SWZ,1983,80.1
Eswatini,SZ,SWZ,1982,77.5
Eswatini,SZ,SWZ,1981,80.9
Eswatini,SZ,SWZ,1980,84.3
Eswatini,SZ,SWZ,1979,87.6
Eswatini,SZ,SWZ,1978,91
Eswatini,SZ,SWZ,1977,94.4
Eswatini,SZ,SWZ,1976,97.9
Eswatini,SZ,SWZ,1975,101.3
Eswatini,SZ,SWZ,1974,104.8
Eswatini,SZ,SWZ,1973,108.1
Eswatini,SZ,SWZ,1972,111.2
Eswatini,SZ,SWZ,1971,114.1
Eswatini,SZ,SWZ,1970,116.8
Eswatini,SZ,SWZ,1969,119.3
Eswatini,SZ,SWZ,1968,121.4
Eswatini,SZ,SWZ,1967,123.6
Eswatini,SZ,SWZ,1966,125.7
Eswatini,SZ,SWZ,1965,127.6
Eswatini,SZ,SWZ,1964,129.4
Eswatini,SZ,SWZ,1963,131
Eswatini,SZ,SWZ,1962,132.6
Eswatini,SZ,SWZ,1961,134
Eswatini,SZ,SWZ,1960,135.4
Ethiopia,ET,ETH,2024,NA
Ethiopia,ET,ETH,2023,35.7
Ethiopia,ET,ETH,2022,37
Ethiopia,ET,ETH,2021,38.3
Ethiopia,ET,ETH,2020,39.6
Ethiopia,ET,ETH,2019,41
Ethiopia,ET,ETH,2018,42.5
Ethiopia,ET,ETH,2017,44.2
Ethiopia,ET,ETH,2016,46
Ethiopia,ET,ETH,2015,48
Ethiopia,ET,ETH,2014,50.1
Ethiopia,ET,ETH,2013,52.2
Ethiopia,ET,ETH,2012,54.5
Ethiopia,ET,ETH,2011,56.8
Ethiopia,ET,ETH,2010,59.3
Ethiopia,ET,ETH,2009,61.9
Ethiopia,ET,ETH,2008,64.7
Ethiopia,ET,ETH,2007,67.7
Ethiopia,ET,ETH,2006,70.9
Ethiopia,ET,ETH,2005,74.4
Ethiopia,ET,ETH,2004,77.9
Ethiopia,ET,ETH,2003,81.6
Ethiopia,ET,ETH,2002,85.1
Ethiopia,ET,ETH,2001,88.7
Ethiopia,ET,ETH,2000,92.2
Ethiopia,ET,ETH,1999,95.6
Ethiopia,ET,ETH,1998,99
Ethiopia,ET,ETH,1997,102.5
Ethiopia,ET,ETH,1996,106.2
Ethiopia,ET,ETH,1995,110
Ethiopia,ET,ETH,1994,113.8
Ethiopia,ET,ETH,1993,117.4
Ethiopia,ET,ETH,1992,120.8
Ethiopia,ET,ETH,1991,123.9
Ethiopia,ET,ETH,1990,126.7
Ethiopia,ET,ETH,1989,129.2
Ethiopia,ET,ETH,1988,131.5
Ethiopia,ET,ETH,1987,133.7
Ethiopia,ET,ETH,1986,180.7
Ethiopia,ET,ETH,1985,184.2
Ethiopia,ET,ETH,1984,190.5
Ethiopia,ET,ETH,1983,193.4
Ethiopia,ET,ETH,1982,144
Ethiopia,ET,ETH,1981,145.4
Ethiopia,ET,ETH,1980,146.4
Ethiopia,ET,ETH,1979,147
Ethiopia,ET,ETH,1978,147.1
Ethiopia,ET,ETH,1977,146.9
Ethiopia,ET,ETH,1976,146.6
Ethiopia,ET,ETH,1975,166.8
Ethiopia,ET,ETH,1974,166.7
Ethiopia,ET,ETH,1973,145
Ethiopia,ET,ETH,1972,144.5
Ethiopia,ET,ETH,1971,144.1
Ethiopia,ET,ETH,1970,143.6
Ethiopia,ET,ETH,1969,143.1
Ethiopia,ET,ETH,1968,142.8
Ethiopia,ET,ETH,1967,142.2
Ethiopia,ET,ETH,1966,158
Ethiopia,ET,ETH,1965,NA
Ethiopia,ET,ETH,1964,NA
Ethiopia,ET,ETH,1963,NA
Ethiopia,ET,ETH,1962,NA
Ethiopia,ET,ETH,1961,NA
Ethiopia,ET,ETH,1960,NA
Faroe Islands,FO,FRO,2024,NA
Faroe Islands,FO,FRO,2023,NA
Faroe Islands,FO,FRO,2022,NA
Faroe Islands,FO,FRO,2021,NA
Faroe Islands,FO,FRO,2020,NA
Faroe Islands,FO,FRO,2019,NA
Faroe Islands,FO,FRO,2018,NA
Faroe Islands,FO,FRO,2017,NA
Faroe Islands,FO,FRO,2016,NA
Faroe Islands,FO,FRO,2015,NA
Faroe Islands,FO,FRO,2014,NA
Faroe Islands,FO,FRO,2013,NA
Faroe Islands,FO,FRO,2012,NA
Faroe Islands,FO,FRO,2011,NA
Faroe Islands,FO,FRO,2010,NA
Faroe Islands,FO,FRO,2009,NA
Faroe Islands,FO,FRO,2008,NA
Faroe Islands,FO,FRO,2007,NA
Faroe Islands,FO,FRO,2006,NA
Faroe Islands,FO,FRO,2005,NA
Faroe Islands,FO,FRO,2004,NA
Faroe Islands,FO,FRO,2003,NA
Faroe Islands,FO,FRO,2002,NA
Faroe Islands,FO,FRO,2001,NA
Faroe Islands,FO,FRO,2000,NA
Faroe Islands,FO,FRO,1999,NA
Faroe Islands,FO,FRO,1998,NA
Faroe Islands,FO,FRO,1997,NA
Faroe Islands,FO,FRO,1996,NA
Faroe Islands,FO,FRO,1995,NA
Faroe Islands,FO,FRO,1994,NA
Faroe Islands,FO,FRO,1993,NA
Faroe Islands,FO,FRO,1992,NA
Faroe Islands,FO,FRO,1991,NA
Faroe Islands,FO,FRO,1990,NA
Faroe Islands,FO,FRO,1989,NA
Faroe Islands,FO,FRO,1988,NA
Faroe Islands,FO,FRO,1987,NA
Faroe Islands,FO,FRO,1986,NA
Faroe Islands,FO,FRO,1985,NA
Faroe Islands,FO,FRO,1984,NA
Faroe Islands,FO,FRO,1983,NA
Faroe Islands,FO,FRO,1982,NA
Faroe Islands,FO,FRO,1981,NA
Faroe Islands,FO,FRO,1980,NA
Faroe Islands,FO,FRO,1979,NA
Faroe Islands,FO,FRO,1978,NA
Faroe Islands,FO,FRO,1977,NA
Faroe Islands,FO,FRO,1976,NA
Faroe Islands,FO,FRO,1975,NA
Faroe Islands,FO,FRO,1974,NA
Faroe Islands,FO,FRO,1973,NA
Faroe Islands,FO,FRO,1972,NA
Faroe Islands,FO,FRO,1971,NA
Faroe Islands,FO,FRO,1970,NA
Faroe Islands,FO,FRO,1969,NA
Faroe Islands,FO,FRO,1968,NA
Faroe Islands,FO,FRO,1967,NA
Faroe Islands,FO,FRO,1966,NA
Faroe Islands,FO,FRO,1965,NA
Faroe Islands,FO,FRO,1964,NA
Faroe Islands,FO,FRO,1963,NA
Faroe Islands,FO,FRO,1962,NA
Faroe Islands,FO,FRO,1961,NA
Faroe Islands,FO,FRO,1960,NA
Fiji,FJ,FJI,2024,NA
Fiji,FJ,FJI,2023,23.8
Fiji,FJ,FJI,2022,23.5
Fiji,FJ,FJI,2021,22.9
Fiji,FJ,FJI,2020,21.9
Fiji,FJ,FJI,2019,20.6
Fiji,FJ,FJI,2018,19.2
Fiji,FJ,FJI,2017,18
Fiji,FJ,FJI,2016,17
Fiji,FJ,FJI,2015,16.3
Fiji,FJ,FJI,2014,16
Fiji,FJ,FJI,2013,15.9
Fiji,FJ,FJI,2012,16.1
Fiji,FJ,FJI,2011,16.4
Fiji,FJ,FJI,2010,16.8
Fiji,FJ,FJI,2009,17.1
Fiji,FJ,FJI,2008,17.4
Fiji,FJ,FJI,2007,17.5
Fiji,FJ,FJI,2006,17.4
Fiji,FJ,FJI,2005,17.3
Fiji,FJ,FJI,2004,17.1
Fiji,FJ,FJI,2003,16.8
Fiji,FJ,FJI,2002,16.7
Fiji,FJ,FJI,2001,16.6
Fiji,FJ,FJI,2000,16.6
Fiji,FJ,FJI,1999,16.7
Fiji,FJ,FJI,1998,16.9
Fiji,FJ,FJI,1997,17.2
Fiji,FJ,FJI,1996,17.5
Fiji,FJ,FJI,1995,18
Fiji,FJ,FJI,1994,18.5
Fiji,FJ,FJI,1993,19.1
Fiji,FJ,FJI,1992,19.8
Fiji,FJ,FJI,1991,20.5
Fiji,FJ,FJI,1990,21.4
Fiji,FJ,FJI,1989,22.2
Fiji,FJ,FJI,1988,23.2
Fiji,FJ,FJI,1987,24.1
Fiji,FJ,FJI,1986,25.1
Fiji,FJ,FJI,1985,26.3
Fiji,FJ,FJI,1984,27.5
Fiji,FJ,FJI,1983,28.9
Fiji,FJ,FJI,1982,30.4
Fiji,FJ,FJI,1981,32.1
Fiji,FJ,FJI,1980,33.8
Fiji,FJ,FJI,1979,35.6
Fiji,FJ,FJI,1978,37.3
Fiji,FJ,FJI,1977,38.9
Fiji,FJ,FJI,1976,40.4
Fiji,FJ,FJI,1975,41.5
Fiji,FJ,FJI,1974,42.4
Fiji,FJ,FJI,1973,43
Fiji,FJ,FJI,1972,43.4
Fiji,FJ,FJI,1971,43.6
Fiji,FJ,FJI,1970,43.9
Fiji,FJ,FJI,1969,44.4
Fiji,FJ,FJI,1968,45.1
Fiji,FJ,FJI,1967,46.1
Fiji,FJ,FJI,1966,47.5
Fiji,FJ,FJI,1965,49.1
Fiji,FJ,FJI,1964,51.1
Fiji,FJ,FJI,1963,53.4
Fiji,FJ,FJI,1962,55.7
Fiji,FJ,FJI,1961,58.2
Fiji,FJ,FJI,1960,61
Finland,FI,FIN,2024,NA
Finland,FI,FIN,2023,1.8
Finland,FI,FIN,2022,1.8
Finland,FI,FIN,2021,1.8
Finland,FI,FIN,2020,1.8
Finland,FI,FIN,2019,1.9
Finland,FI,FIN,2018,1.9
Finland,FI,FIN,2017,1.9
Finland,FI,FIN,2016,1.9
Finland,FI,FIN,2015,2
Finland,FI,FIN,2014,2
Finland,FI,FIN,2013,2.1
Finland,FI,FIN,2012,2.2
Finland,FI,FIN,2011,2.3
Finland,FI,FIN,2010,2.4
Finland,FI,FIN,2009,2.6
Finland,FI,FIN,2008,2.7
Finland,FI,FIN,2007,2.8
Finland,FI,FIN,2006,2.9
Finland,FI,FIN,2005,3
Finland,FI,FIN,2004,3.1
Finland,FI,FIN,2003,3.2
Finland,FI,FIN,2002,3.3
Finland,FI,FIN,2001,3.4
Finland,FI,FIN,2000,3.5
Finland,FI,FIN,1999,3.6
Finland,FI,FIN,1998,3.8
Finland,FI,FIN,1997,3.9
Finland,FI,FIN,1996,4.1
Finland,FI,FIN,1995,4.3
Finland,FI,FIN,1994,4.5
Finland,FI,FIN,1993,4.8
Finland,FI,FIN,1992,5.1
Finland,FI,FIN,1991,5.3
Finland,FI,FIN,1990,5.6
Finland,FI,FIN,1989,5.8
Finland,FI,FIN,1988,5.9
Finland,FI,FIN,1987,6
Finland,FI,FIN,1986,6
Finland,FI,FIN,1985,6.1
Finland,FI,FIN,1984,6.2
Finland,FI,FIN,1983,6.3
Finland,FI,FIN,1982,6.5
Finland,FI,FIN,1981,6.8
Finland,FI,FIN,1980,7.2
Finland,FI,FIN,1979,7.6
Finland,FI,FIN,1978,8.2
Finland,FI,FIN,1977,8.8
Finland,FI,FIN,1976,9.4
Finland,FI,FIN,1975,10.1
Finland,FI,FIN,1974,10.8
Finland,FI,FIN,1973,11.4
Finland,FI,FIN,1972,12
Finland,FI,FIN,1971,12.6
Finland,FI,FIN,1970,13.2
Finland,FI,FIN,1969,13.8
Finland,FI,FIN,1968,14.4
Finland,FI,FIN,1967,15.1
Finland,FI,FIN,1966,15.8
Finland,FI,FIN,1965,16.6
Finland,FI,FIN,1964,17.5
Finland,FI,FIN,1963,18.4
Finland,FI,FIN,1962,19.5
Finland,FI,FIN,1961,20.6
Finland,FI,FIN,1960,21.9
France,FR,FRA,2024,NA
France,FR,FRA,2023,3.4
France,FR,FRA,2022,3.4
France,FR,FRA,2021,3.4
France,FR,FRA,2020,3.3
France,FR,FRA,2019,3.3
France,FR,FRA,2018,3.3
France,FR,FRA,2017,3.3
France,FR,FRA,2016,3.2
France,FR,FRA,2015,3.2
France,FR,FRA,2014,3.1
France,FR,FRA,2013,3.1
France,FR,FRA,2012,3.1
France,FR,FRA,2011,3.1
France,FR,FRA,2010,3.1
France,FR,FRA,2009,3.1
France,FR,FRA,2008,3.2
France,FR,FRA,2007,3.2
France,FR,FRA,2006,3.3
France,FR,FRA,2005,3.4
France,FR,FRA,2004,3.5
France,FR,FRA,2003,3.6
France,FR,FRA,2002,3.8
France,FR,FRA,2001,3.9
France,FR,FRA,2000,4.1
France,FR,FRA,1999,4.2
France,FR,FRA,1998,4.4
France,FR,FRA,1997,4.6
France,FR,FRA,1996,4.9
France,FR,FRA,1995,5.3
France,FR,FRA,1994,5.7
France,FR,FRA,1993,6.2
France,FR,FRA,1992,6.7
France,FR,FRA,1991,7.1
France,FR,FRA,1990,7.4
France,FR,FRA,1989,7.7
France,FR,FRA,1988,7.9
France,FR,FRA,1987,8.1
France,FR,FRA,1986,8.3
France,FR,FRA,1985,8.5
France,FR,FRA,1984,8.8
France,FR,FRA,1983,9.1
France,FR,FRA,1982,9.4
France,FR,FRA,1981,9.8
France,FR,FRA,1980,10.1
France,FR,FRA,1979,10.5
France,FR,FRA,1978,11
France,FR,FRA,1977,11.4
France,FR,FRA,1976,11.8
France,FR,FRA,1975,12.3
France,FR,FRA,1974,12.7
France,FR,FRA,1973,13.1
France,FR,FRA,1972,13.7
France,FR,FRA,1971,14.3
France,FR,FRA,1970,15.1
France,FR,FRA,1969,15.8
France,FR,FRA,1968,16.5
France,FR,FRA,1967,17.1
France,FR,FRA,1966,17.8
France,FR,FRA,1965,18.6
France,FR,FRA,1964,19.4
France,FR,FRA,1963,20.3
France,FR,FRA,1962,21.3
France,FR,FRA,1961,22.4
France,FR,FRA,1960,23.7
French Polynesia,PF,PYF,2024,NA
French Polynesia,PF,PYF,2023,NA
French Polynesia,PF,PYF,2022,NA
French Polynesia,PF,PYF,2021,NA
French Polynesia,PF,PYF,2020,NA
French Polynesia,PF,PYF,2019,NA
French Polynesia,PF,PYF,2018,NA
French Polynesia,PF,PYF,2017,NA
French Polynesia,PF,PYF,2016,NA
French Polynesia,PF,PYF,2015,NA
French Polynesia,PF,PYF,2014,NA
French Polynesia,PF,PYF,2013,NA
French Polynesia,PF,PYF,2012,NA
French Polynesia,PF,PYF,2011,NA
French Polynesia,PF,PYF,2010,NA
French Polynesia,PF,PYF,2009,NA
French Polynesia,PF,PYF,2008,NA
French Polynesia,PF,PYF,2007,NA
French Polynesia,PF,PYF,2006,NA
French Polynesia,PF,PYF,2005,NA
French Polynesia,PF,PYF,2004,NA
French Polynesia,PF,PYF,2003,NA
French Polynesia,PF,PYF,2002,NA
French Polynesia,PF,PYF,2001,NA
French Polynesia,PF,PYF,2000,NA
French Polynesia,PF,PYF,1999,NA
French Polynesia,PF,PYF,1998,NA
French Polynesia,PF,PYF,1997,NA
French Polynesia,PF,PYF,1996,NA
French Polynesia,PF,PYF,1995,NA
French Polynesia,PF,PYF,1994,NA
French Polynesia,PF,PYF,1993,NA
French Polynesia,PF,PYF,1992,NA
French Polynesia,PF,PYF,1991,NA
French Polynesia,PF,PYF,1990,NA
French Polynesia,PF,PYF,1989,NA
French Polynesia,PF,PYF,1988,NA
French Polynesia,PF,PYF,1987,NA
French Polynesia,PF,PYF,1986,NA
French Polynesia,PF,PYF,1985,NA
French Polynesia,PF,PYF,1984,NA
French Polynesia,PF,PYF,1983,NA
French Polynesia,PF,PYF,1982,NA
French Polynesia,PF,PYF,1981,NA
French Polynesia,PF,PYF,1980,NA
French Polynesia,PF,PYF,1979,NA
French Polynesia,PF,PYF,1978,NA
French Polynesia,PF,PYF,1977,NA
French Polynesia,PF,PYF,1976,NA
French Polynesia,PF,PYF,1975,NA
French Polynesia,PF,PYF,1974,NA
French Polynesia,PF,PYF,1973,NA
French Polynesia,PF,PYF,1972,NA
French Polynesia,PF,PYF,1971,NA
French Polynesia,PF,PYF,1970,NA
French Polynesia,PF,PYF,1969,NA
French Polynesia,PF,PYF,1968,NA
French Polynesia,PF,PYF,1967,NA
French Polynesia,PF,PYF,1966,NA
French Polynesia,PF,PYF,1965,NA
French Polynesia,PF,PYF,1964,NA
French Polynesia,PF,PYF,1963,NA
French Polynesia,PF,PYF,1962,NA
French Polynesia,PF,PYF,1961,NA
French Polynesia,PF,PYF,1960,NA
Gabon,GA,GAB,2024,NA
Gabon,GA,GAB,2023,26.5
Gabon,GA,GAB,2022,27.2
Gabon,GA,GAB,2021,28.1
Gabon,GA,GAB,2020,28.5
Gabon,GA,GAB,2019,29.7
Gabon,GA,GAB,2018,30.7
Gabon,GA,GAB,2017,31.7
Gabon,GA,GAB,2016,32.3
Gabon,GA,GAB,2015,33.5
Gabon,GA,GAB,2014,34.6
Gabon,GA,GAB,2013,35.2
Gabon,GA,GAB,2012,36.4
Gabon,GA,GAB,2011,37.5
Gabon,GA,GAB,2010,38.7
Gabon,GA,GAB,2009,40
Gabon,GA,GAB,2008,40.7
Gabon,GA,GAB,2007,41.8
Gabon,GA,GAB,2006,43.3
Gabon,GA,GAB,2005,44.4
Gabon,GA,GAB,2004,45.6
Gabon,GA,GAB,2003,46.9
Gabon,GA,GAB,2002,48.3
Gabon,GA,GAB,2001,49.5
Gabon,GA,GAB,2000,50.8
Gabon,GA,GAB,1999,51.9
Gabon,GA,GAB,1998,53
Gabon,GA,GAB,1997,54.1
Gabon,GA,GAB,1996,54.9
Gabon,GA,GAB,1995,55.6
Gabon,GA,GAB,1994,56.2
Gabon,GA,GAB,1993,56.9
Gabon,GA,GAB,1992,57.5
Gabon,GA,GAB,1991,58.1
Gabon,GA,GAB,1990,58.9
Gabon,GA,GAB,1989,59.6
Gabon,GA,GAB,1988,60.5
Gabon,GA,GAB,1987,61.5
Gabon,GA,GAB,1986,62.7
Gabon,GA,GAB,1985,63.9
Gabon,GA,GAB,1984,65.3
Gabon,GA,GAB,1983,66.9
Gabon,GA,GAB,1982,68.5
Gabon,GA,GAB,1981,70.1
Gabon,GA,GAB,1980,71.9
Gabon,GA,GAB,1979,73.7
Gabon,GA,GAB,1978,75.5
Gabon,GA,GAB,1977,77.5
Gabon,GA,GAB,1976,79.4
Gabon,GA,GAB,1975,81.2
Gabon,GA,GAB,1974,83.2
Gabon,GA,GAB,1973,85.1
Gabon,GA,GAB,1972,87
Gabon,GA,GAB,1971,89
Gabon,GA,GAB,1970,91.1
Gabon,GA,GAB,1969,93
Gabon,GA,GAB,1968,95
Gabon,GA,GAB,1967,97.1
Gabon,GA,GAB,1966,99.2
Gabon,GA,GAB,1965,101.3
Gabon,GA,GAB,1964,103.4
Gabon,GA,GAB,1963,105.5
Gabon,GA,GAB,1962,107.6
Gabon,GA,GAB,1961,109.5
Gabon,GA,GAB,1960,111.6
"Gambia, The",GM,GMB,2024,NA
"Gambia, The",GM,GMB,2023,33.8
"Gambia, The",GM,GMB,2022,34.9
"Gambia, The",GM,GMB,2021,36
"Gambia, The",GM,GMB,2020,37.2
"Gambia, The",GM,GMB,2019,38.4
"Gambia, The",GM,GMB,2018,39.7
"Gambia, The",GM,GMB,2017,41
"Gambia, The",GM,GMB,2016,42.3
"Gambia, The",GM,GMB,2015,43.8
"Gambia, The",GM,GMB,2014,45.2
"Gambia, The",GM,GMB,2013,46.8
"Gambia, The",GM,GMB,2012,48.4
"Gambia, The",GM,GMB,2011,50
"Gambia, The",GM,GMB,2010,51.7
"Gambia, The",GM,GMB,2009,53.5
"Gambia, The",GM,GMB,2008,55.4
"Gambia, The",GM,GMB,2007,57.3
"Gambia, The",GM,GMB,2006,59.4
"Gambia, The",GM,GMB,2005,61.6
"Gambia, The",GM,GMB,2004,63.8
"Gambia, The",GM,GMB,2003,66.1
"Gambia, The",GM,GMB,2002,68.4
"Gambia, The",GM,GMB,2001,70.8
"Gambia, The",GM,GMB,2000,73.2
"Gambia, The",GM,GMB,1999,75.6
"Gambia, The",GM,GMB,1998,78.1
"Gambia, The",GM,GMB,1997,80.7
"Gambia, The",GM,GMB,1996,83.3
"Gambia, The",GM,GMB,1995,86
"Gambia, The",GM,GMB,1994,88.6
"Gambia, The",GM,GMB,1993,91.2
"Gambia, The",GM,GMB,1992,93.9
"Gambia, The",GM,GMB,1991,96.5
"Gambia, The",GM,GMB,1990,99.1
"Gambia, The",GM,GMB,1989,101.7
"Gambia, The",GM,GMB,1988,104.3
"Gambia, The",GM,GMB,1987,107
"Gambia, The",GM,GMB,1986,109.8
"Gambia, The",GM,GMB,1985,112.6
"Gambia, The",GM,GMB,1984,115.3
"Gambia, The",GM,GMB,1983,118
"Gambia, The",GM,GMB,1982,120.5
"Gambia, The",GM,GMB,1981,122.9
"Gambia, The",GM,GMB,1980,125.2
"Gambia, The",GM,GMB,1979,127.4
"Gambia, The",GM,GMB,1978,129.5
"Gambia, The",GM,GMB,1977,131.5
"Gambia, The",GM,GMB,1976,133.5
"Gambia, The",GM,GMB,1975,135.6
"Gambia, The",GM,GMB,1974,137.5
"Gambia, The",GM,GMB,1973,139.4
"Gambia, The",GM,GMB,1972,141.1
"Gambia, The",GM,GMB,1971,142.9
"Gambia, The",GM,GMB,1970,144.6
"Gambia, The",GM,GMB,1969,146.1
"Gambia, The",GM,GMB,1968,147.4
"Gambia, The",GM,GMB,1967,148.7
"Gambia, The",GM,GMB,1966,149.8
"Gambia, The",GM,GMB,1965,151
"Gambia, The",GM,GMB,1964,152.2
"Gambia, The",GM,GMB,1963,153.2
"Gambia, The",GM,GMB,1962,154.1
"Gambia, The",GM,GMB,1961,155.3
"Gambia, The",GM,GMB,1960,156.4
Georgia,GE,GEO,2024,NA
Georgia,GE,GEO,2023,8
Georgia,GE,GEO,2022,8.1
Georgia,GE,GEO,2021,8.2
Georgia,GE,GEO,2020,8.2
Georgia,GE,GEO,2019,8.3
Georgia,GE,GEO,2018,8.4
Georgia,GE,GEO,2017,8.5
Georgia,GE,GEO,2016,8.7
Georgia,GE,GEO,2015,8.9
Georgia,GE,GEO,2014,9.2
Georgia,GE,GEO,2013,9.6
Georgia,GE,GEO,2012,10.1
Georgia,GE,GEO,2011,10.8
Georgia,GE,GEO,2010,11.7
Georgia,GE,GEO,2009,12.8
Georgia,GE,GEO,2008,14.1
Georgia,GE,GEO,2007,15.6
Georgia,GE,GEO,2006,17.3
Georgia,GE,GEO,2005,19.2
Georgia,GE,GEO,2004,21.2
Georgia,GE,GEO,2003,23.3
Georgia,GE,GEO,2002,25.4
Georgia,GE,GEO,2001,27.4
Georgia,GE,GEO,2000,29.4
Georgia,GE,GEO,1999,31.1
Georgia,GE,GEO,1998,32.7
Georgia,GE,GEO,1997,34.1
Georgia,GE,GEO,1996,35.2
Georgia,GE,GEO,1995,36.1
Georgia,GE,GEO,1994,36.7
Georgia,GE,GEO,1993,37.3
Georgia,GE,GEO,1992,37.7
Georgia,GE,GEO,1991,38
Georgia,GE,GEO,1990,38.2
Georgia,GE,GEO,1989,38.5
Georgia,GE,GEO,1988,38.8
Georgia,GE,GEO,1987,39.2
Georgia,GE,GEO,1986,39.7
Georgia,GE,GEO,1985,40.5
Georgia,GE,GEO,1984,41.5
Georgia,GE,GEO,1983,42.7
Georgia,GE,GEO,1982,44.1
Georgia,GE,GEO,1981,45.8
Georgia,GE,GEO,1980,47.5
Georgia,GE,GEO,1979,49.3
Georgia,GE,GEO,1978,51.2
Georgia,GE,GEO,1977,53.2
Georgia,GE,GEO,1976,55.2
Georgia,GE,GEO,1975,57.3
Georgia,GE,GEO,1974,NA
Georgia,GE,GEO,1973,NA
Georgia,GE,GEO,1972,NA
Georgia,GE,GEO,1971,NA
Georgia,GE,GEO,1970,NA
Georgia,GE,GEO,1969,NA
Georgia,GE,GEO,1968,NA
Georgia,GE,GEO,1967,NA
Georgia,GE,GEO,1966,NA
Georgia,GE,GEO,1965,NA
Georgia,GE,GEO,1964,NA
Georgia,GE,GEO,1963,NA
Georgia,GE,GEO,1962,NA
Georgia,GE,GEO,1961,NA
Georgia,GE,GEO,1960,NA
Germany,DE,DEU,2024,NA
Germany,DE,DEU,2023,3.1
Germany,DE,DEU,2022,3.1
Germany,DE,DEU,2021,3.1
Germany,DE,DEU,2020,3.1
Germany,DE,DEU,2019,3.1
Germany,DE,DEU,2018,3.2
Germany,DE,DEU,2017,3.2
Germany,DE,DEU,2016,3.3
Germany,DE,DEU,2015,3.3
Germany,DE,DEU,2014,3.3
Germany,DE,DEU,2013,3.3
Germany,DE,DEU,2012,3.4
Germany,DE,DEU,2011,3.4
Germany,DE,DEU,2010,3.5
Germany,DE,DEU,2009,3.5
Germany,DE,DEU,2008,3.6
Germany,DE,DEU,2007,3.7
Germany,DE,DEU,2006,3.8
Germany,DE,DEU,2005,3.9
Germany,DE,DEU,2004,4
Germany,DE,DEU,2003,4.1
Germany,DE,DEU,2002,4.2
Germany,DE,DEU,2001,4.3
Germany,DE,DEU,2000,4.4
Germany,DE,DEU,1999,4.5
Germany,DE,DEU,1998,4.7
Germany,DE,DEU,1997,4.8
Germany,DE,DEU,1996,5
Germany,DE,DEU,1995,5.3
Germany,DE,DEU,1994,5.5
Germany,DE,DEU,1993,5.8
Germany,DE,DEU,1992,6.2
Germany,DE,DEU,1991,6.6
Germany,DE,DEU,1990,7
Germany,DE,DEU,1989,7.4
Germany,DE,DEU,1988,7.8
Germany,DE,DEU,1987,8.3
Germany,DE,DEU,1986,8.7
Germany,DE,DEU,1985,9.2
Germany,DE,DEU,1984,9.7
Germany,DE,DEU,1983,10.3
Germany,DE,DEU,1982,11
Germany,DE,DEU,1981,11.8
Germany,DE,DEU,1980,12.6
Germany,DE,DEU,1979,13.5
Germany,DE,DEU,1978,14.4
Germany,DE,DEU,1977,15.5
Germany,DE,DEU,1976,16.6
Germany,DE,DEU,1975,17.7
Germany,DE,DEU,1974,18.8
Germany,DE,DEU,1973,19.7
Germany,DE,DEU,1972,20.6
Germany,DE,DEU,1971,21.4
Germany,DE,DEU,1970,22.1
Germany,DE,DEU,1969,22.8
Germany,DE,DEU,1968,23.5
Germany,DE,DEU,1967,NA
Germany,DE,DEU,1966,NA
Germany,DE,DEU,1965,NA
Germany,DE,DEU,1964,NA
Germany,DE,DEU,1963,NA
Germany,DE,DEU,1962,NA
Germany,DE,DEU,1961,NA
Germany,DE,DEU,1960,NA
Ghana,GH,GHA,2024,NA
Ghana,GH,GHA,2023,28.2
Ghana,GH,GHA,2022,29.2
Ghana,GH,GHA,2021,30.2
Ghana,GH,GHA,2020,31.4
Ghana,GH,GHA,2019,32.6
Ghana,GH,GHA,2018,33.9
Ghana,GH,GHA,2017,35.1
Ghana,GH,GHA,2016,36.4
Ghana,GH,GHA,2015,37.7
Ghana,GH,GHA,2014,39.1
Ghana,GH,GHA,2013,40.5
Ghana,GH,GHA,2012,42.1
Ghana,GH,GHA,2011,43.9
Ghana,GH,GHA,2010,45.7
Ghana,GH,GHA,2009,47.5
Ghana,GH,GHA,2008,49.2
Ghana,GH,GHA,2007,50.7
Ghana,GH,GHA,2006,52.1
Ghana,GH,GHA,2005,53.4
Ghana,GH,GHA,2004,54.8
Ghana,GH,GHA,2003,56.3
Ghana,GH,GHA,2002,58
Ghana,GH,GHA,2001,59.8
Ghana,GH,GHA,2000,61.8
Ghana,GH,GHA,1999,63.7
Ghana,GH,GHA,1998,65.3
Ghana,GH,GHA,1997,66.5
Ghana,GH,GHA,1996,67.4
Ghana,GH,GHA,1995,67.8
Ghana,GH,GHA,1994,68.2
Ghana,GH,GHA,1993,68.7
Ghana,GH,GHA,1992,69.5
Ghana,GH,GHA,1991,70.8
Ghana,GH,GHA,1990,72.6
Ghana,GH,GHA,1989,75
Ghana,GH,GHA,1988,77.6
Ghana,GH,GHA,1987,80.4
Ghana,GH,GHA,1986,82.9
Ghana,GH,GHA,1985,85.1
Ghana,GH,GHA,1984,86.8
Ghana,GH,GHA,1983,87.9
Ghana,GH,GHA,1982,88.5
Ghana,GH,GHA,1981,89
Ghana,GH,GHA,1980,89.6
Ghana,GH,GHA,1979,90.7
Ghana,GH,GHA,1978,92.4
Ghana,GH,GHA,1977,94.9
Ghana,GH,GHA,1976,98
Ghana,GH,GHA,1975,101.4
Ghana,GH,GHA,1974,104.9
Ghana,GH,GHA,1973,108.1
Ghana,GH,GHA,1972,110.8
Ghana,GH,GHA,1971,112.9
Ghana,GH,GHA,1970,114.6
Ghana,GH,GHA,1969,115.7
Ghana,GH,GHA,1968,116.6
Ghana,GH,GHA,1967,117.1
Ghana,GH,GHA,1966,117.5
Ghana,GH,GHA,1965,117.9
Ghana,GH,GHA,1964,118.4
Ghana,GH,GHA,1963,119
Ghana,GH,GHA,1962,119.8
Ghana,GH,GHA,1961,120.7
Ghana,GH,GHA,1960,121.8
Gibraltar,GI,GIB,2024,NA
Gibraltar,GI,GIB,2023,NA
Gibraltar,GI,GIB,2022,NA
Gibraltar,GI,GIB,2021,NA
Gibraltar,GI,GIB,2020,NA
Gibraltar,GI,GIB,2019,NA
Gibraltar,GI,GIB,2018,NA
Gibraltar,GI,GIB,2017,NA
Gibraltar,GI,GIB,2016,NA
Gibraltar,GI,GIB,2015,NA
Gibraltar,GI,GIB,2014,NA
Gibraltar,GI,GIB,2013,NA
Gibraltar,GI,GIB,2012,NA
Gibraltar,GI,GIB,2011,NA
Gibraltar,GI,GIB,2010,NA
Gibraltar,GI,GIB,2009,NA
Gibraltar,GI,GIB,2008,NA
Gibraltar,GI,GIB,2007,NA
Gibraltar,GI,GIB,2006,NA
Gibraltar,GI,GIB,2005,NA
Gibraltar,GI,GIB,2004,NA
Gibraltar,GI,GIB,2003,NA
Gibraltar,GI,GIB,2002,NA
Gibraltar,GI,GIB,2001,NA
Gibraltar,GI,GIB,2000,NA
Gibraltar,GI,GIB,1999,NA
Gibraltar,GI,GIB,1998,NA
Gibraltar,GI,GIB,1997,NA
Gibraltar,GI,GIB,1996,NA
Gibraltar,GI,GIB,1995,NA
Gibraltar,GI,GIB,1994,NA
Gibraltar,GI,GIB,1993,NA
Gibraltar,GI,GIB,1992,NA
Gibraltar,GI,GIB,1991,NA
Gibraltar,GI,GIB,1990,NA
Gibraltar,GI,GIB,1989,NA
Gibraltar,GI,GIB,1988,NA
Gibraltar,GI,GIB,1987,NA
Gibraltar,GI,GIB,1986,NA
Gibraltar,GI,GIB,1985,NA
Gibraltar,GI,GIB,1984,NA
Gibraltar,GI,GIB,1983,NA
Gibraltar,GI,GIB,1982,NA
Gibraltar,GI,GIB,1981,NA
Gibraltar,GI,GIB,1980,NA
Gibraltar,GI,GIB,1979,NA
Gibraltar,GI,GIB,1978,NA
Gibraltar,GI,GIB,1977,NA
Gibraltar,GI,GIB,1976,NA
Gibraltar,GI,GIB,1975,NA
Gibraltar,GI,GIB,1974,NA
Gibraltar,GI,GIB,1973,NA
Gibraltar,GI,GIB,1972,NA
Gibraltar,GI,GIB,1971,NA
Gibraltar,GI,GIB,1970,NA
Gibraltar,GI,GIB,1969,NA
Gibraltar,GI,GIB,1968,NA
Gibraltar,GI,GIB,1967,NA
Gibraltar,GI,GIB,1966,NA
Gibraltar,GI,GIB,1965,NA
Gibraltar,GI,GIB,1964,NA
Gibraltar,GI,GIB,1963,NA
Gibraltar,GI,GIB,1962,NA
Gibraltar,GI,GIB,1961,NA
Gibraltar,GI,GIB,1960,NA
Greece,GR,GRC,2024,NA
Greece,GR,GRC,2023,3.2
Greece,GR,GRC,2022,3.3
Greece,GR,GRC,2021,3.3
Greece,GR,GRC,2020,3.4
Greece,GR,GRC,2019,3.5
Greece,GR,GRC,2018,3.6
Greece,GR,GRC,2017,3.6
Greece,GR,GRC,2016,3.6
Greece,GR,GRC,2015,3.6
Greece,GR,GRC,2014,3.6
Greece,GR,GRC,2013,3.5
Greece,GR,GRC,2012,3.4
Greece,GR,GRC,2011,3.4
Greece,GR,GRC,2010,3.3
Greece,GR,GRC,2009,3.3
Greece,GR,GRC,2008,3.4
Greece,GR,GRC,2007,3.5
Greece,GR,GRC,2006,3.7
Greece,GR,GRC,2005,3.9
Greece,GR,GRC,2004,4.1
Greece,GR,GRC,2003,4.4
Greece,GR,GRC,2002,4.8
Greece,GR,GRC,2001,5.1
Greece,GR,GRC,2000,5.5
Greece,GR,GRC,1999,5.9
Greece,GR,GRC,1998,6.3
Greece,GR,GRC,1997,6.7
Greece,GR,GRC,1996,7.1
Greece,GR,GRC,1995,7.4
Greece,GR,GRC,1994,7.7
Greece,GR,GRC,1993,8
Greece,GR,GRC,1992,8.3
Greece,GR,GRC,1991,8.7
Greece,GR,GRC,1990,9.2
Greece,GR,GRC,1989,9.8
Greece,GR,GRC,1988,10.5
Greece,GR,GRC,1987,11.3
Greece,GR,GRC,1986,12.1
Greece,GR,GRC,1985,12.9
Greece,GR,GRC,1984,13.7
Greece,GR,GRC,1983,14.4
Greece,GR,GRC,1982,15.2
Greece,GR,GRC,1981,16.3
Greece,GR,GRC,1980,17.4
Greece,GR,GRC,1979,18.6
Greece,GR,GRC,1978,19.9
Greece,GR,GRC,1977,21.1
Greece,GR,GRC,1976,22.3
Greece,GR,GRC,1975,23.3
Greece,GR,GRC,1974,23.9
Greece,GR,GRC,1973,24.4
Greece,GR,GRC,1972,25.1
Greece,GR,GRC,1971,26.1
Greece,GR,GRC,1970,27.5
Greece,GR,GRC,1969,29.2
Greece,GR,GRC,1968,31
Greece,GR,GRC,1967,32.5
Greece,GR,GRC,1966,33.5
Greece,GR,GRC,1965,34.3
Greece,GR,GRC,1964,35.3
Greece,GR,GRC,1963,36.3
Greece,GR,GRC,1962,37.3
Greece,GR,GRC,1961,38
Greece,GR,GRC,1960,38.6
Greenland,GL,GRL,2024,NA
Greenland,GL,GRL,2023,NA
Greenland,GL,GRL,2022,NA
Greenland,GL,GRL,2021,NA
Greenland,GL,GRL,2020,NA
Greenland,GL,GRL,2019,NA
Greenland,GL,GRL,2018,NA
Greenland,GL,GRL,2017,NA
Greenland,GL,GRL,2016,NA
Greenland,GL,GRL,2015,NA
Greenland,GL,GRL,2014,NA
Greenland,GL,GRL,2013,NA
Greenland,GL,GRL,2012,NA
Greenland,GL,GRL,2011,NA
Greenland,GL,GRL,2010,NA
Greenland,GL,GRL,2009,NA
Greenland,GL,GRL,2008,NA
Greenland,GL,GRL,2007,NA
Greenland,GL,GRL,2006,NA
Greenland,GL,GRL,2005,NA
Greenland,GL,GRL,2004,NA
Greenland,GL,GRL,2003,NA
Greenland,GL,GRL,2002,NA
Greenland,GL,GRL,2001,NA
Greenland,GL,GRL,2000,NA
Greenland,GL,GRL,1999,NA
Greenland,GL,GRL,1998,NA
Greenland,GL,GRL,1997,NA
Greenland,GL,GRL,1996,NA
Greenland,GL,GRL,1995,NA
Greenland,GL,GRL,1994,NA
Greenland,GL,GRL,1993,NA
Greenland,GL,GRL,1992,NA
Greenland,GL,GRL,1991,NA
Greenland,GL,GRL,1990,NA
Greenland,GL,GRL,1989,NA
Greenland,GL,GRL,1988,NA
Greenland,GL,GRL,1987,NA
Greenland,GL,GRL,1986,NA
Greenland,GL,GRL,1985,NA
Greenland,GL,GRL,1984,NA
Greenland,GL,GRL,1983,NA
Greenland,GL,GRL,1982,NA
Greenland,GL,GRL,1981,NA
Greenland,GL,GRL,1980,NA
Greenland,GL,GRL,1979,NA
Greenland,GL,GRL,1978,NA
Greenland,GL,GRL,1977,NA
Greenland,GL,GRL,1976,NA
Greenland,GL,GRL,1975,NA
Greenland,GL,GRL,1974,NA
Greenland,GL,GRL,1973,NA
Greenland,GL,GRL,1972,NA
Greenland,GL,GRL,1971,NA
Greenland,GL,GRL,1970,NA
Greenland,GL,GRL,1969,NA
Greenland,GL,GRL,1968,NA
Greenland,GL,GRL,1967,NA
Greenland,GL,GRL,1966,NA
Greenland,GL,GRL,1965,NA
Greenland,GL,GRL,1964,NA
Greenland,GL,GRL,1963,NA
Greenland,GL,GRL,1962,NA
Greenland,GL,GRL,1961,NA
Greenland,GL,GRL,1960,NA
Grenada,GD,GRD,2024,NA
Grenada,GD,GRD,2023,16.7
Grenada,GD,GRD,2022,16.9
Grenada,GD,GRD,2021,17
Grenada,GD,GRD,2020,17
Grenada,GD,GRD,2019,16.8
Grenada,GD,GRD,2018,16.6
Grenada,GD,GRD,2017,16.4
Grenada,GD,GRD,2016,16.1
Grenada,GD,GRD,2015,15.8
Grenada,GD,GRD,2014,15.4
Grenada,GD,GRD,2013,15
Grenada,GD,GRD,2012,14.6
Grenada,GD,GRD,2011,14.2
Grenada,GD,GRD,2010,13.9
Grenada,GD,GRD,2009,13.6
Grenada,GD,GRD,2008,13.3
Grenada,GD,GRD,2007,13.2
Grenada,GD,GRD,2006,13
Grenada,GD,GRD,2005,13
Grenada,GD,GRD,2004,12.9
Grenada,GD,GRD,2003,12.9
Grenada,GD,GRD,2002,13
Grenada,GD,GRD,2001,13.1
Grenada,GD,GRD,2000,13.3
Grenada,GD,GRD,1999,13.6
Grenada,GD,GRD,1998,13.9
Grenada,GD,GRD,1997,14.2
Grenada,GD,GRD,1996,14.6
Grenada,GD,GRD,1995,15.1
Grenada,GD,GRD,1994,15.7
Grenada,GD,GRD,1993,16.3
Grenada,GD,GRD,1992,17
Grenada,GD,GRD,1991,17.7
Grenada,GD,GRD,1990,18.4
Grenada,GD,GRD,1989,19.2
Grenada,GD,GRD,1988,20.1
Grenada,GD,GRD,1987,20.9
Grenada,GD,GRD,1986,21.9
Grenada,GD,GRD,1985,22.8
Grenada,GD,GRD,1984,23.8
Grenada,GD,GRD,1983,24.9
Grenada,GD,GRD,1982,25.9
Grenada,GD,GRD,1981,27
Grenada,GD,GRD,1980,28
Grenada,GD,GRD,1979,28.9
Grenada,GD,GRD,1978,29.7
Grenada,GD,GRD,1977,30.4
Grenada,GD,GRD,1976,31
Grenada,GD,GRD,1975,31.6
Grenada,GD,GRD,1974,32
Grenada,GD,GRD,1973,32.5
Grenada,GD,GRD,1972,33.1
Grenada,GD,GRD,1971,33.7
Grenada,GD,GRD,1970,34.4
Grenada,GD,GRD,1969,35.4
Grenada,GD,GRD,1968,36.7
Grenada,GD,GRD,1967,38.4
Grenada,GD,GRD,1966,40.5
Grenada,GD,GRD,1965,43
Grenada,GD,GRD,1964,46
Grenada,GD,GRD,1963,49.5
Grenada,GD,GRD,1962,53.3
Grenada,GD,GRD,1961,57.2
Grenada,GD,GRD,1960,60.9
Guam,GU,GUM,2024,NA
Guam,GU,GUM,2023,NA
Guam,GU,GUM,2022,NA
Guam,GU,GUM,2021,NA
Guam,GU,GUM,2020,NA
Guam,GU,GUM,2019,NA
Guam,GU,GUM,2018,NA
Guam,GU,GUM,2017,NA
Guam,GU,GUM,2016,NA
Guam,GU,GUM,2015,NA
Guam,GU,GUM,2014,NA
Guam,GU,GUM,2013,NA
Guam,GU,GUM,2012,NA
Guam,GU,GUM,2011,NA
Guam,GU,GUM,2010,NA
Guam,GU,GUM,2009,NA
Guam,GU,GUM,2008,NA
Guam,GU,GUM,2007,NA
Guam,GU,GUM,2006,NA
Guam,GU,GUM,2005,NA
Guam,GU,GUM,2004,NA
Guam,GU,GUM,2003,NA
Guam,GU,GUM,2002,NA
Guam,GU,GUM,2001,NA
Guam,GU,GUM,2000,NA
Guam,GU,GUM,1999,NA
Guam,GU,GUM,1998,NA
Guam,GU,GUM,1997,NA
Guam,GU,GUM,1996,NA
Guam,GU,GUM,1995,NA
Guam,GU,GUM,1994,NA
Guam,GU,GUM,1993,NA
Guam,GU,GUM,1992,NA
Guam,GU,GUM,1991,NA
Guam,GU,GUM,1990,NA
Guam,GU,GUM,1989,NA
Guam,GU,GUM,1988,NA
Guam,GU,GUM,1987,NA
Guam,GU,GUM,1986,NA
Guam,GU,GUM,1985,NA
Guam,GU,GUM,1984,NA
Guam,GU,GUM,1983,NA
Guam,GU,GUM,1982,NA
Guam,GU,GUM,1981,NA
Guam,GU,GUM,1980,NA
Guam,GU,GUM,1979,NA
Guam,GU,GUM,1978,NA
Guam,GU,GUM,1977,NA
Guam,GU,GUM,1976,NA
Guam,GU,GUM,1975,NA
Guam,GU,GUM,1974,NA
Guam,GU,GUM,1973,NA
Guam,GU,GUM,1972,NA
Guam,GU,GUM,1971,NA
Guam,GU,GUM,1970,NA
Guam,GU,GUM,1969,NA
Guam,GU,GUM,1968,NA
Guam,GU,GUM,1967,NA
Guam,GU,GUM,1966,NA
Guam,GU,GUM,1965,NA
Guam,GU,GUM,1964,NA
Guam,GU,GUM,1963,NA
Guam,GU,GUM,1962,NA
Guam,GU,GUM,1961,NA
Guam,GU,GUM,1960,NA
Guatemala,GT,GTM,2024,NA
Guatemala,GT,GTM,2023,17.9
Guatemala,GT,GTM,2022,18.4
Guatemala,GT,GTM,2021,19
Guatemala,GT,GTM,2020,19.7
Guatemala,GT,GTM,2019,20.4
Guatemala,GT,GTM,2018,21
Guatemala,GT,GTM,2017,21.7
Guatemala,GT,GTM,2016,22.5
Guatemala,GT,GTM,2015,23.3
Guatemala,GT,GTM,2014,24.1
Guatemala,GT,GTM,2013,25.1
Guatemala,GT,GTM,2012,26.1
Guatemala,GT,GTM,2011,27.1
Guatemala,GT,GTM,2010,28.2
Guatemala,GT,GTM,2009,29.3
Guatemala,GT,GTM,2008,30.4
Guatemala,GT,GTM,2007,31.6
Guatemala,GT,GTM,2006,32.8
Guatemala,GT,GTM,2005,34
Guatemala,GT,GTM,2004,35.3
Guatemala,GT,GTM,2003,36.6
Guatemala,GT,GTM,2002,37.9
Guatemala,GT,GTM,2001,39.3
Guatemala,GT,GTM,2000,40.8
Guatemala,GT,GTM,1999,42.3
Guatemala,GT,GTM,1998,43.9
Guatemala,GT,GTM,1997,45.6
Guatemala,GT,GTM,1996,47.4
Guatemala,GT,GTM,1995,49.3
Guatemala,GT,GTM,1994,51.3
Guatemala,GT,GTM,1993,53.4
Guatemala,GT,GTM,1992,55.7
Guatemala,GT,GTM,1991,58
Guatemala,GT,GTM,1990,60.5
Guatemala,GT,GTM,1989,63.1
Guatemala,GT,GTM,1988,65.7
Guatemala,GT,GTM,1987,68.5
Guatemala,GT,GTM,1986,71.3
Guatemala,GT,GTM,1985,74.2
Guatemala,GT,GTM,1984,77.1
Guatemala,GT,GTM,1983,80.1
Guatemala,GT,GTM,1982,91.9
Guatemala,GT,GTM,1981,86.1
Guatemala,GT,GTM,1980,89.2
Guatemala,GT,GTM,1979,92.3
Guatemala,GT,GTM,1978,95.5
Guatemala,GT,GTM,1977,98.7
Guatemala,GT,GTM,1976,111.4
Guatemala,GT,GTM,1975,105.2
Guatemala,GT,GTM,1974,108.6
Guatemala,GT,GTM,1973,112.1
Guatemala,GT,GTM,1972,115.5
Guatemala,GT,GTM,1971,119
Guatemala,GT,GTM,1970,122.5
Guatemala,GT,GTM,1969,126
Guatemala,GT,GTM,1968,129.3
Guatemala,GT,GTM,1967,132.7
Guatemala,GT,GTM,1966,136
Guatemala,GT,GTM,1965,139.3
Guatemala,GT,GTM,1964,142.4
Guatemala,GT,GTM,1963,145.7
Guatemala,GT,GTM,1962,148.9
Guatemala,GT,GTM,1961,152.1
Guatemala,GT,GTM,1960,155.5
Guinea,GN,GIN,2024,NA
Guinea,GN,GIN,2023,61.5
Guinea,GN,GIN,2022,63.1
Guinea,GN,GIN,2021,64.6
Guinea,GN,GIN,2020,66
Guinea,GN,GIN,2019,67.4
Guinea,GN,GIN,2018,68.5
Guinea,GN,GIN,2017,69.4
Guinea,GN,GIN,2016,70.2
Guinea,GN,GIN,2015,71.6
Guinea,GN,GIN,2014,72.2
Guinea,GN,GIN,2013,72.3
Guinea,GN,GIN,2012,72.9
Guinea,GN,GIN,2011,73.6
Guinea,GN,GIN,2010,74.4
Guinea,GN,GIN,2009,75.3
Guinea,GN,GIN,2008,76.4
Guinea,GN,GIN,2007,77.7
Guinea,GN,GIN,2006,79.3
Guinea,GN,GIN,2005,81.4
Guinea,GN,GIN,2004,83.8
Guinea,GN,GIN,2003,86.6
Guinea,GN,GIN,2002,89.7
Guinea,GN,GIN,2001,93.2
Guinea,GN,GIN,2000,97
Guinea,GN,GIN,1999,100.8
Guinea,GN,GIN,1998,104.6
Guinea,GN,GIN,1997,108.3
Guinea,GN,GIN,1996,112.1
Guinea,GN,GIN,1995,115.8
Guinea,GN,GIN,1994,119.6
Guinea,GN,GIN,1993,123.3
Guinea,GN,GIN,1992,126.9
Guinea,GN,GIN,1991,130.4
Guinea,GN,GIN,1990,133.7
Guinea,GN,GIN,1989,136.7
Guinea,GN,GIN,1988,139.5
Guinea,GN,GIN,1987,142
Guinea,GN,GIN,1986,144.5
Guinea,GN,GIN,1985,147.1
Guinea,GN,GIN,1984,149.7
Guinea,GN,GIN,1983,152.4
Guinea,GN,GIN,1982,154.9
Guinea,GN,GIN,1981,157.5
Guinea,GN,GIN,1980,160.2
Guinea,GN,GIN,1979,163
Guinea,GN,GIN,1978,165.7
Guinea,GN,GIN,1977,168.1
Guinea,GN,GIN,1976,170.6
Guinea,GN,GIN,1975,172.6
Guinea,GN,GIN,1974,174.4
Guinea,GN,GIN,1973,176.1
Guinea,GN,GIN,1972,177.6
Guinea,GN,GIN,1971,179
Guinea,GN,GIN,1970,180.2
Guinea,GN,GIN,1969,181.5
Guinea,GN,GIN,1968,182.9
Guinea,GN,GIN,1967,184.2
Guinea,GN,GIN,1966,185.3
Guinea,GN,GIN,1965,186.5
Guinea,GN,GIN,1964,187.7
Guinea,GN,GIN,1963,188.6
Guinea,GN,GIN,1962,189.5
Guinea,GN,GIN,1961,190.5
Guinea,GN,GIN,1960,191.2
Guinea-Bissau,GW,GNB,2024,NA
Guinea-Bissau,GW,GNB,2023,43.1
Guinea-Bissau,GW,GNB,2022,44.3
Guinea-Bissau,GW,GNB,2021,45.7
Guinea-Bissau,GW,GNB,2020,47
Guinea-Bissau,GW,GNB,2019,48.3
Guinea-Bissau,GW,GNB,2018,50
Guinea-Bissau,GW,GNB,2017,51.7
Guinea-Bissau,GW,GNB,2016,53.4
Guinea-Bissau,GW,GNB,2015,55.3
Guinea-Bissau,GW,GNB,2014,57.2
Guinea-Bissau,GW,GNB,2013,59.4
Guinea-Bissau,GW,GNB,2012,61.8
Guinea-Bissau,GW,GNB,2011,64.6
Guinea-Bissau,GW,GNB,2010,67.8
Guinea-Bissau,GW,GNB,2009,71.1
Guinea-Bissau,GW,GNB,2008,74.5
Guinea-Bissau,GW,GNB,2007,78
Guinea-Bissau,GW,GNB,2006,81.5
Guinea-Bissau,GW,GNB,2005,85
Guinea-Bissau,GW,GNB,2004,88.3
Guinea-Bissau,GW,GNB,2003,91.5
Guinea-Bissau,GW,GNB,2002,94.5
Guinea-Bissau,GW,GNB,2001,97.5
Guinea-Bissau,GW,GNB,2000,100.3
Guinea-Bissau,GW,GNB,1999,102.9
Guinea-Bissau,GW,GNB,1998,105.5
Guinea-Bissau,GW,GNB,1997,107.9
Guinea-Bissau,GW,GNB,1996,110.5
Guinea-Bissau,GW,GNB,1995,112.9
Guinea-Bissau,GW,GNB,1994,115.2
Guinea-Bissau,GW,GNB,1993,117.3
Guinea-Bissau,GW,GNB,1992,119.4
Guinea-Bissau,GW,GNB,1991,121.4
Guinea-Bissau,GW,GNB,1990,123.3
Guinea-Bissau,GW,GNB,1989,125
Guinea-Bissau,GW,GNB,1988,126.6
Guinea-Bissau,GW,GNB,1987,128.3
Guinea-Bissau,GW,GNB,1986,130.1
Guinea-Bissau,GW,GNB,1985,132
Guinea-Bissau,GW,GNB,1984,NA
Guinea-Bissau,GW,GNB,1983,NA
Guinea-Bissau,GW,GNB,1982,NA
Guinea-Bissau,GW,GNB,1981,NA
Guinea-Bissau,GW,GNB,1980,NA
Guinea-Bissau,GW,GNB,1979,NA
Guinea-Bissau,GW,GNB,1978,NA
Guinea-Bissau,GW,GNB,1977,NA
Guinea-Bissau,GW,GNB,1976,NA
Guinea-Bissau,GW,GNB,1975,NA
Guinea-Bissau,GW,GNB,1974,NA
Guinea-Bissau,GW,GNB,1973,NA
Guinea-Bissau,GW,GNB,1972,NA
Guinea-Bissau,GW,GNB,1971,NA
Guinea-Bissau,GW,GNB,1970,NA
Guinea-Bissau,GW,GNB,1969,NA
Guinea-Bissau,GW,GNB,1968,NA
Guinea-Bissau,GW,GNB,1967,NA
Guinea-Bissau,GW,GNB,1966,NA
Guinea-Bissau,GW,GNB,1965,NA
Guinea-Bissau,GW,GNB,1964,NA
Guinea-Bissau,GW,GNB,1963,NA
Guinea-Bissau,GW,GNB,1962,NA
Guinea-Bissau,GW,GNB,1961,NA
Guinea-Bissau,GW,GNB,1960,NA
Guyana,GY,GUY,2024,NA
Guyana,GY,GUY,2023,23.8
Guyana,GY,GUY,2022,24.6
Guyana,GY,GUY,2021,25.3
Guyana,GY,GUY,2020,26.2
Guyana,GY,GUY,2019,27
Guyana,GY,GUY,2018,27.8
Guyana,GY,GUY,2017,28.6
Guyana,GY,GUY,2016,29.5
Guyana,GY,GUY,2015,30.3
Guyana,GY,GUY,2014,31.2
Guyana,GY,GUY,2013,32
Guyana,GY,GUY,2012,32.7
Guyana,GY,GUY,2011,33.3
Guyana,GY,GUY,2010,33.9
Guyana,GY,GUY,2009,34.6
Guyana,GY,GUY,2008,35.2
Guyana,GY,GUY,2007,35.9
Guyana,GY,GUY,2006,36.5
Guyana,GY,GUY,2005,37.2
Guyana,GY,GUY,2004,37.9
Guyana,GY,GUY,2003,38.7
Guyana,GY,GUY,2002,39.5
Guyana,GY,GUY,2001,40.4
Guyana,GY,GUY,2000,41.3
Guyana,GY,GUY,1999,42.3
Guyana,GY,GUY,1998,43.3
Guyana,GY,GUY,1997,44.3
Guyana,GY,GUY,1996,45.4
Guyana,GY,GUY,1995,46.5
Guyana,GY,GUY,1994,47.7
Guyana,GY,GUY,1993,48.9
Guyana,GY,GUY,1992,50.2
Guyana,GY,GUY,1991,51.4
Guyana,GY,GUY,1990,52.6
Guyana,GY,GUY,1989,53.7
Guyana,GY,GUY,1988,54.7
Guyana,GY,GUY,1987,55.6
Guyana,GY,GUY,1986,56.3
Guyana,GY,GUY,1985,56.9
Guyana,GY,GUY,1984,57.4
Guyana,GY,GUY,1983,57.9
Guyana,GY,GUY,1982,58.3
Guyana,GY,GUY,1981,58.7
Guyana,GY,GUY,1980,59
Guyana,GY,GUY,1979,59.3
Guyana,GY,GUY,1978,59.6
Guyana,GY,GUY,1977,59.8
Guyana,GY,GUY,1976,60
Guyana,GY,GUY,1975,60.1
Guyana,GY,GUY,1974,60.1
Guyana,GY,GUY,1973,60.1
Guyana,GY,GUY,1972,60
Guyana,GY,GUY,1971,59.9
Guyana,GY,GUY,1970,59.8
Guyana,GY,GUY,1969,59.9
Guyana,GY,GUY,1968,60
Guyana,GY,GUY,1967,60.3
Guyana,GY,GUY,1966,60.9
Guyana,GY,GUY,1965,61.6
Guyana,GY,GUY,1964,62.8
Guyana,GY,GUY,1963,64.1
Guyana,GY,GUY,1962,65.9
Guyana,GY,GUY,1961,68.1
Guyana,GY,GUY,1960,70.5
Haiti,HT,HTI,2024,NA
Haiti,HT,HTI,2023,40.3
Haiti,HT,HTI,2022,41.5
Haiti,HT,HTI,2021,42.5
Haiti,HT,HTI,2020,43.8
Haiti,HT,HTI,2019,45
Haiti,HT,HTI,2018,46.3
Haiti,HT,HTI,2017,47.5
Haiti,HT,HTI,2016,48.7
Haiti,HT,HTI,2015,50
Haiti,HT,HTI,2014,51.2
Haiti,HT,HTI,2013,52.4
Haiti,HT,HTI,2012,53.4
Haiti,HT,HTI,2011,54.6
Haiti,HT,HTI,2010,78.6
Haiti,HT,HTI,2009,56.8
Haiti,HT,HTI,2008,57.9
Haiti,HT,HTI,2007,59.1
Haiti,HT,HTI,2006,60.4
Haiti,HT,HTI,2005,61.7
Haiti,HT,HTI,2004,63.1
Haiti,HT,HTI,2003,64.7
Haiti,HT,HTI,2002,66.5
Haiti,HT,HTI,2001,68.5
Haiti,HT,HTI,2000,70.7
Haiti,HT,HTI,1999,73.1
Haiti,HT,HTI,1998,75.7
Haiti,HT,HTI,1997,78.3
Haiti,HT,HTI,1996,81.1
Haiti,HT,HTI,1995,83.8
Haiti,HT,HTI,1994,86.7
Haiti,HT,HTI,1993,89.5
Haiti,HT,HTI,1992,92.3
Haiti,HT,HTI,1991,95.2
Haiti,HT,HTI,1990,98
Haiti,HT,HTI,1989,100.8
Haiti,HT,HTI,1988,103.7
Haiti,HT,HTI,1987,106.7
Haiti,HT,HTI,1986,109.8
Haiti,HT,HTI,1985,113
Haiti,HT,HTI,1984,116.3
Haiti,HT,HTI,1983,119.6
Haiti,HT,HTI,1982,123.1
Haiti,HT,HTI,1981,126.6
Haiti,HT,HTI,1980,130.1
Haiti,HT,HTI,1979,133.7
Haiti,HT,HTI,1978,137.3
Haiti,HT,HTI,1977,141
Haiti,HT,HTI,1976,144.8
Haiti,HT,HTI,1975,148.6
Haiti,HT,HTI,1974,152.4
Haiti,HT,HTI,1973,156.1
Haiti,HT,HTI,1972,159.6
Haiti,HT,HTI,1971,163.1
Haiti,HT,HTI,1970,166.4
Haiti,HT,HTI,1969,169.6
Haiti,HT,HTI,1968,172.8
Haiti,HT,HTI,1967,175.6
Haiti,HT,HTI,1966,178.4
Haiti,HT,HTI,1965,181.1
Haiti,HT,HTI,1964,183.5
Haiti,HT,HTI,1963,186
Haiti,HT,HTI,1962,188.5
Haiti,HT,HTI,1961,190.8
Haiti,HT,HTI,1960,193.2
Honduras,HN,HND,2024,NA
Honduras,HN,HND,2023,13.3
Honduras,HN,HND,2022,13.7
Honduras,HN,HND,2021,14.1
Honduras,HN,HND,2020,14.6
Honduras,HN,HND,2019,15.1
Honduras,HN,HND,2018,15.6
Honduras,HN,HND,2017,16.1
Honduras,HN,HND,2016,16.6
Honduras,HN,HND,2015,17.2
Honduras,HN,HND,2014,17.8
Honduras,HN,HND,2013,18.3
Honduras,HN,HND,2012,19
Honduras,HN,HND,2011,19.6
Honduras,HN,HND,2010,20.2
Honduras,HN,HND,2009,20.9
Honduras,HN,HND,2008,21.6
Honduras,HN,HND,2007,22.4
Honduras,HN,HND,2006,23.3
Honduras,HN,HND,2005,24.1
Honduras,HN,HND,2004,25.1
Honduras,HN,HND,2003,26.2
Honduras,HN,HND,2002,27.3
Honduras,HN,HND,2001,28.4
Honduras,HN,HND,2000,29.6
Honduras,HN,HND,1999,30.8
Honduras,HN,HND,1998,41.2
Honduras,HN,HND,1997,33.4
Honduras,HN,HND,1996,34.7
Honduras,HN,HND,1995,36.1
Honduras,HN,HND,1994,37.5
Honduras,HN,HND,1993,39.1
Honduras,HN,HND,1992,40.7
Honduras,HN,HND,1991,42.5
Honduras,HN,HND,1990,44.5
Honduras,HN,HND,1989,46.5
Honduras,HN,HND,1988,48.7
Honduras,HN,HND,1987,51
Honduras,HN,HND,1986,53.5
Honduras,HN,HND,1985,56.1
Honduras,HN,HND,1984,58.8
Honduras,HN,HND,1983,61.5
Honduras,HN,HND,1982,64.5
Honduras,HN,HND,1981,67.5
Honduras,HN,HND,1980,70.6
Honduras,HN,HND,1979,73.8
Honduras,HN,HND,1978,77
Honduras,HN,HND,1977,80.3
Honduras,HN,HND,1976,83.7
Honduras,HN,HND,1975,87.1
Honduras,HN,HND,1974,100
Honduras,HN,HND,1973,94.1
Honduras,HN,HND,1972,97.8
Honduras,HN,HND,1971,101.3
Honduras,HN,HND,1970,104.9
Honduras,HN,HND,1969,108.6
Honduras,HN,HND,1968,112.2
Honduras,HN,HND,1967,115.7
Honduras,HN,HND,1966,119.5
Honduras,HN,HND,1965,123
Honduras,HN,HND,1964,126.6
Honduras,HN,HND,1963,130.2
Honduras,HN,HND,1962,133.7
Honduras,HN,HND,1961,137.4
Honduras,HN,HND,1960,141.2
"Hong Kong SAR, China",HK,HKG,2024,NA
"Hong Kong SAR, China",HK,HKG,2023,NA
"Hong Kong SAR, China",HK,HKG,2022,NA
"Hong Kong SAR, China",HK,HKG,2021,NA
"Hong Kong SAR, China",HK,HKG,2020,NA
"Hong Kong SAR, China",HK,HKG,2019,NA
"Hong Kong SAR, China",HK,HKG,2018,NA
"Hong Kong SAR, China",HK,HKG,2017,NA
"Hong Kong SAR, China",HK,HKG,2016,NA
"Hong Kong SAR, China",HK,HKG,2015,NA
"Hong Kong SAR, China",HK,HKG,2014,NA
"Hong Kong SAR, China",HK,HKG,2013,NA
"Hong Kong SAR, China",HK,HKG,2012,NA
"Hong Kong SAR, China",HK,HKG,2011,NA
"Hong Kong SAR, China",HK,HKG,2010,NA
"Hong Kong SAR, China",HK,HKG,2009,NA
"Hong Kong SAR, China",HK,HKG,2008,NA
"Hong Kong SAR, China",HK,HKG,2007,NA
"Hong Kong SAR, China",HK,HKG,2006,NA
"Hong Kong SAR, China",HK,HKG,2005,NA
"Hong Kong SAR, China",HK,HKG,2004,NA
"Hong Kong SAR, China",HK,HKG,2003,NA
"Hong Kong SAR, China",HK,HKG,2002,NA
"Hong Kong SAR, China",HK,HKG,2001,NA
"Hong Kong SAR, China",HK,HKG,2000,NA
"Hong Kong SAR, China",HK,HKG,1999,NA
"Hong Kong SAR, China",HK,HKG,1998,NA
"Hong Kong SAR, China",HK,HKG,1997,NA
"Hong Kong SAR, China",HK,HKG,1996,NA
"Hong Kong SAR, China",HK,HKG,1995,NA
"Hong Kong SAR, China",HK,HKG,1994,NA
"Hong Kong SAR, China",HK,HKG,1993,NA
"Hong Kong SAR, China",HK,HKG,1992,NA
"Hong Kong SAR, China",HK,HKG,1991,NA
"Hong Kong SAR, China",HK,HKG,1990,NA
"Hong Kong SAR, China",HK,HKG,1989,NA
"Hong Kong SAR, China",HK,HKG,1988,NA
"Hong Kong SAR, China",HK,HKG,1987,NA
"Hong Kong SAR, China",HK,HKG,1986,NA
"Hong Kong SAR, China",HK,HKG,1985,NA
"Hong Kong SAR, China",HK,HKG,1984,NA
"Hong Kong SAR, China",HK,HKG,1983,NA
"Hong Kong SAR, China",HK,HKG,1982,NA
"Hong Kong SAR, China",HK,HKG,1981,NA
"Hong Kong SAR, China",HK,HKG,1980,NA
"Hong Kong SAR, China",HK,HKG,1979,NA
"Hong Kong SAR, China",HK,HKG,1978,NA
"Hong Kong SAR, China",HK,HKG,1977,NA
"Hong Kong SAR, China",HK,HKG,1976,NA
"Hong Kong SAR, China",HK,HKG,1975,NA
"Hong Kong SAR, China",HK,HKG,1974,NA
"Hong Kong SAR, China",HK,HKG,1973,NA
"Hong Kong SAR, China",HK,HKG,1972,NA
"Hong Kong SAR, China",HK,HKG,1971,NA
"Hong Kong SAR, China",HK,HKG,1970,NA
"Hong Kong SAR, China",HK,HKG,1969,NA
"Hong Kong SAR, China",HK,HKG,1968,NA
"Hong Kong SAR, China",HK,HKG,1967,NA
"Hong Kong SAR, China",HK,HKG,1966,NA
"Hong Kong SAR, China",HK,HKG,1965,NA
"Hong Kong SAR, China",HK,HKG,1964,NA
"Hong Kong SAR, China",HK,HKG,1963,NA
"Hong Kong SAR, China",HK,HKG,1962,NA
"Hong Kong SAR, China",HK,HKG,1961,NA
"Hong Kong SAR, China",HK,HKG,1960,NA
Hungary,HU,HUN,2024,NA
Hungary,HU,HUN,2023,3.2
Hungary,HU,HUN,2022,3.2
Hungary,HU,HUN,2021,3.3
Hungary,HU,HUN,2020,3.4
Hungary,HU,HUN,2019,3.5
Hungary,HU,HUN,2018,3.6
Hungary,HU,HUN,2017,3.7
Hungary,HU,HUN,2016,4
Hungary,HU,HUN,2015,4.2
Hungary,HU,HUN,2014,4.5
Hungary,HU,HUN,2013,4.7
Hungary,HU,HUN,2012,4.8
Hungary,HU,HUN,2011,5
Hungary,HU,HUN,2010,5.1
Hungary,HU,HUN,2009,5.3
Hungary,HU,HUN,2008,5.5
Hungary,HU,HUN,2007,5.8
Hungary,HU,HUN,2006,6.1
Hungary,HU,HUN,2005,6.4
Hungary,HU,HUN,2004,6.8
Hungary,HU,HUN,2003,7.2
Hungary,HU,HUN,2002,7.6
Hungary,HU,HUN,2001,8.1
Hungary,HU,HUN,2000,8.7
Hungary,HU,HUN,1999,9.1
Hungary,HU,HUN,1998,9.5
Hungary,HU,HUN,1997,9.9
Hungary,HU,HUN,1996,10.3
Hungary,HU,HUN,1995,10.9
Hungary,HU,HUN,1994,11.6
Hungary,HU,HUN,1993,12.7
Hungary,HU,HUN,1992,13.7
Hungary,HU,HUN,1991,14.6
Hungary,HU,HUN,1990,15.2
Hungary,HU,HUN,1989,15.8
Hungary,HU,HUN,1988,16.6
Hungary,HU,HUN,1987,17.5
Hungary,HU,HUN,1986,18.5
Hungary,HU,HUN,1985,19.3
Hungary,HU,HUN,1984,19.7
Hungary,HU,HUN,1983,19.8
Hungary,HU,HUN,1982,19.8
Hungary,HU,HUN,1981,20.4
Hungary,HU,HUN,1980,21.4
Hungary,HU,HUN,1979,22.8
Hungary,HU,HUN,1978,24.5
Hungary,HU,HUN,1977,26.5
Hungary,HU,HUN,1976,29.3
Hungary,HU,HUN,1975,32.2
Hungary,HU,HUN,1974,34.2
Hungary,HU,HUN,1973,34.8
Hungary,HU,HUN,1972,34.6
Hungary,HU,HUN,1971,34.7
Hungary,HU,HUN,1970,35.2
Hungary,HU,HUN,1969,35.9
Hungary,HU,HUN,1968,36.8
Hungary,HU,HUN,1967,37.8
Hungary,HU,HUN,1966,38.9
Hungary,HU,HUN,1965,39.9
Hungary,HU,HUN,1964,41.1
Hungary,HU,HUN,1963,42.4
Hungary,HU,HUN,1962,44
Hungary,HU,HUN,1961,45.9
Hungary,HU,HUN,1960,48
Iceland,IS,ISL,2024,NA
Iceland,IS,ISL,2023,1.9
Iceland,IS,ISL,2022,2
Iceland,IS,ISL,2021,2
Iceland,IS,ISL,2020,2
Iceland,IS,ISL,2019,2
Iceland,IS,ISL,2018,2
Iceland,IS,ISL,2017,2
Iceland,IS,ISL,2016,2
Iceland,IS,ISL,2015,2
Iceland,IS,ISL,2014,2
Iceland,IS,ISL,2013,2
Iceland,IS,ISL,2012,2
Iceland,IS,ISL,2011,2
Iceland,IS,ISL,2010,2.1
Iceland,IS,ISL,2009,2.1
Iceland,IS,ISL,2008,2.2
Iceland,IS,ISL,2007,2.3
Iceland,IS,ISL,2006,2.3
Iceland,IS,ISL,2005,2.4
Iceland,IS,ISL,2004,2.6
Iceland,IS,ISL,2003,2.7
Iceland,IS,ISL,2002,2.8
Iceland,IS,ISL,2001,3
Iceland,IS,ISL,2000,3.2
Iceland,IS,ISL,1999,3.4
Iceland,IS,ISL,1998,3.6
Iceland,IS,ISL,1997,3.8
Iceland,IS,ISL,1996,4
Iceland,IS,ISL,1995,4.2
Iceland,IS,ISL,1994,4.4
Iceland,IS,ISL,1993,4.5
Iceland,IS,ISL,1992,4.7
Iceland,IS,ISL,1991,4.9
Iceland,IS,ISL,1990,5.1
Iceland,IS,ISL,1989,5.3
Iceland,IS,ISL,1988,5.5
Iceland,IS,ISL,1987,5.7
Iceland,IS,ISL,1986,5.9
Iceland,IS,ISL,1985,6.1
Iceland,IS,ISL,1984,6.4
Iceland,IS,ISL,1983,6.7
Iceland,IS,ISL,1982,7.1
Iceland,IS,ISL,1981,7.5
Iceland,IS,ISL,1980,7.9
Iceland,IS,ISL,1979,8.4
Iceland,IS,ISL,1978,8.9
Iceland,IS,ISL,1977,9.4
Iceland,IS,ISL,1976,9.9
Iceland,IS,ISL,1975,10.5
Iceland,IS,ISL,1974,11
Iceland,IS,ISL,1973,11.5
Iceland,IS,ISL,1972,12
Iceland,IS,ISL,1971,12.5
Iceland,IS,ISL,1970,13
Iceland,IS,ISL,1969,13.5
Iceland,IS,ISL,1968,14
Iceland,IS,ISL,1967,14.5
Iceland,IS,ISL,1966,15
Iceland,IS,ISL,1965,15.5
Iceland,IS,ISL,1964,16
Iceland,IS,ISL,1963,16.4
Iceland,IS,ISL,1962,16.7
Iceland,IS,ISL,1961,17
Iceland,IS,ISL,1960,17.3
India,IN,IND,2024,NA
India,IN,IND,2023,24.5
India,IN,IND,2022,25.6
India,IN,IND,2021,26.8
India,IN,IND,2020,28.2
India,IN,IND,2019,29.7
India,IN,IND,2018,31.3
India,IN,IND,2017,33
India,IN,IND,2016,34.7
India,IN,IND,2015,36.6
India,IN,IND,2014,38.5
India,IN,IND,2013,40.5
India,IN,IND,2012,42.5
India,IN,IND,2011,44.6
India,IN,IND,2010,46.7
India,IN,IND,2009,48.7
India,IN,IND,2008,50.8
India,IN,IND,2007,52.8
India,IN,IND,2006,54.8
India,IN,IND,2005,56.7
India,IN,IND,2004,58.6
India,IN,IND,2003,60.5
India,IN,IND,2002,62.4
India,IN,IND,2001,64.3
India,IN,IND,2000,66.3
India,IN,IND,1999,68.2
India,IN,IND,1998,70.2
India,IN,IND,1997,72
India,IN,IND,1996,73.8
India,IN,IND,1995,75.6
India,IN,IND,1994,77.3
India,IN,IND,1993,78.9
India,IN,IND,1992,80.6
India,IN,IND,1991,82.4
India,IN,IND,1990,84.3
India,IN,IND,1989,86.4
India,IN,IND,1988,88.5
India,IN,IND,1987,90.8
India,IN,IND,1986,93.1
India,IN,IND,1985,95.3
India,IN,IND,1984,97.6
India,IN,IND,1983,99.9
India,IN,IND,1982,102.5
India,IN,IND,1981,105.3
India,IN,IND,1980,108.4
India,IN,IND,1979,111.7
India,IN,IND,1978,115.2
India,IN,IND,1977,118.6
India,IN,IND,1976,121.9
India,IN,IND,1975,124.8
India,IN,IND,1974,127.6
India,IN,IND,1973,130
India,IN,IND,1972,132.2
India,IN,IND,1971,134
India,IN,IND,1970,135.8
India,IN,IND,1969,137.3
India,IN,IND,1968,138.8
India,IN,IND,1967,140
India,IN,IND,1966,141.3
India,IN,IND,1965,142.6
India,IN,IND,1964,144
India,IN,IND,1963,145.5
India,IN,IND,1962,147
India,IN,IND,1961,148.8
India,IN,IND,1960,150.6
Indonesia,ID,IDN,2024,NA
Indonesia,ID,IDN,2023,17
Indonesia,ID,IDN,2022,17.5
Indonesia,ID,IDN,2021,18
Indonesia,ID,IDN,2020,18.6
Indonesia,ID,IDN,2019,19.3
Indonesia,ID,IDN,2018,19.9
Indonesia,ID,IDN,2017,20.7
Indonesia,ID,IDN,2016,21.5
Indonesia,ID,IDN,2015,22.3
Indonesia,ID,IDN,2014,23.2
Indonesia,ID,IDN,2013,24.1
Indonesia,ID,IDN,2012,25.1
Indonesia,ID,IDN,2011,26.1
Indonesia,ID,IDN,2010,27.1
Indonesia,ID,IDN,2009,28.2
Indonesia,ID,IDN,2008,29.3
Indonesia,ID,IDN,2007,30.5
Indonesia,ID,IDN,2006,31.8
Indonesia,ID,IDN,2005,33.2
Indonesia,ID,IDN,2004,36.7
Indonesia,ID,IDN,2003,36.1
Indonesia,ID,IDN,2002,37.7
Indonesia,ID,IDN,2001,39.5
Indonesia,ID,IDN,2000,41.3
Indonesia,ID,IDN,1999,43.2
Indonesia,ID,IDN,1998,45.2
Indonesia,ID,IDN,1997,47.3
Indonesia,ID,IDN,1996,49.5
Indonesia,ID,IDN,1995,51.8
Indonesia,ID,IDN,1994,54.2
Indonesia,ID,IDN,1993,56.7
Indonesia,ID,IDN,1992,59.2
Indonesia,ID,IDN,1991,61.7
Indonesia,ID,IDN,1990,64.3
Indonesia,ID,IDN,1989,66.8
Indonesia,ID,IDN,1988,69.3
Indonesia,ID,IDN,1987,71.7
Indonesia,ID,IDN,1986,73.9
Indonesia,ID,IDN,1985,76.1
Indonesia,ID,IDN,1984,78.2
Indonesia,ID,IDN,1983,80.3
Indonesia,ID,IDN,1982,82.4
Indonesia,ID,IDN,1981,84.4
Indonesia,ID,IDN,1980,86.5
Indonesia,ID,IDN,1979,88.5
Indonesia,ID,IDN,1978,90.5
Indonesia,ID,IDN,1977,92.6
Indonesia,ID,IDN,1976,94.8
Indonesia,ID,IDN,1975,97.2
Indonesia,ID,IDN,1974,99.7
Indonesia,ID,IDN,1973,102.3
Indonesia,ID,IDN,1972,105.1
Indonesia,ID,IDN,1971,108
Indonesia,ID,IDN,1970,111
Indonesia,ID,IDN,1969,114.1
Indonesia,ID,IDN,1968,117.4
Indonesia,ID,IDN,1967,120.8
Indonesia,ID,IDN,1966,124.1
Indonesia,ID,IDN,1965,141.2
Indonesia,ID,IDN,1964,130.9
Indonesia,ID,IDN,1963,134.3
Indonesia,ID,IDN,1962,137.8
Indonesia,ID,IDN,1961,141.2
Indonesia,ID,IDN,1960,144.9
"Iran, Islamic Rep.",IR,IRN,2024,NA
"Iran, Islamic Rep.",IR,IRN,2023,10.7
"Iran, Islamic Rep.",IR,IRN,2022,11
"Iran, Islamic Rep.",IR,IRN,2021,11.4
"Iran, Islamic Rep.",IR,IRN,2020,11.7
"Iran, Islamic Rep.",IR,IRN,2019,12.1
"Iran, Islamic Rep.",IR,IRN,2018,12.5
"Iran, Islamic Rep.",IR,IRN,2017,13
"Iran, Islamic Rep.",IR,IRN,2016,13.5
"Iran, Islamic Rep.",IR,IRN,2015,13.9
"Iran, Islamic Rep.",IR,IRN,2014,14.4
"Iran, Islamic Rep.",IR,IRN,2013,15
"Iran, Islamic Rep.",IR,IRN,2012,15.7
"Iran, Islamic Rep.",IR,IRN,2011,16.4
"Iran, Islamic Rep.",IR,IRN,2010,17.2
"Iran, Islamic Rep.",IR,IRN,2009,18.1
"Iran, Islamic Rep.",IR,IRN,2008,19.2
"Iran, Islamic Rep.",IR,IRN,2007,20.5
"Iran, Islamic Rep.",IR,IRN,2006,21.8
"Iran, Islamic Rep.",IR,IRN,2005,23.3
"Iran, Islamic Rep.",IR,IRN,2004,24.8
"Iran, Islamic Rep.",IR,IRN,2003,26.4
"Iran, Islamic Rep.",IR,IRN,2002,28.1
"Iran, Islamic Rep.",IR,IRN,2001,29.8
"Iran, Islamic Rep.",IR,IRN,2000,31.5
"Iran, Islamic Rep.",IR,IRN,1999,33.1
"Iran, Islamic Rep.",IR,IRN,1998,34.7
"Iran, Islamic Rep.",IR,IRN,1997,36.3
"Iran, Islamic Rep.",IR,IRN,1996,37.8
"Iran, Islamic Rep.",IR,IRN,1995,39.3
"Iran, Islamic Rep.",IR,IRN,1994,40.9
"Iran, Islamic Rep.",IR,IRN,1993,42.5
"Iran, Islamic Rep.",IR,IRN,1992,44.3
"Iran, Islamic Rep.",IR,IRN,1991,46.4
"Iran, Islamic Rep.",IR,IRN,1990,48.6
"Iran, Islamic Rep.",IR,IRN,1989,51.1
"Iran, Islamic Rep.",IR,IRN,1988,53.9
"Iran, Islamic Rep.",IR,IRN,1987,56.9
"Iran, Islamic Rep.",IR,IRN,1986,60
"Iran, Islamic Rep.",IR,IRN,1985,63.4
"Iran, Islamic Rep.",IR,IRN,1984,67.2
"Iran, Islamic Rep.",IR,IRN,1983,71.4
"Iran, Islamic Rep.",IR,IRN,1982,76.3
"Iran, Islamic Rep.",IR,IRN,1981,81.8
"Iran, Islamic Rep.",IR,IRN,1980,88
"Iran, Islamic Rep.",IR,IRN,1979,94.6
"Iran, Islamic Rep.",IR,IRN,1978,101.4
"Iran, Islamic Rep.",IR,IRN,1977,108.2
"Iran, Islamic Rep.",IR,IRN,1976,114.7
"Iran, Islamic Rep.",IR,IRN,1975,121.1
"Iran, Islamic Rep.",IR,IRN,1974,127.3
"Iran, Islamic Rep.",IR,IRN,1973,133.2
"Iran, Islamic Rep.",IR,IRN,1972,139.1
"Iran, Islamic Rep.",IR,IRN,1971,145.1
"Iran, Islamic Rep.",IR,IRN,1970,NA
"Iran, Islamic Rep.",IR,IRN,1969,NA
"Iran, Islamic Rep.",IR,IRN,1968,NA
"Iran, Islamic Rep.",IR,IRN,1967,NA
"Iran, Islamic Rep.",IR,IRN,1966,NA
"Iran, Islamic Rep.",IR,IRN,1965,NA
"Iran, Islamic Rep.",IR,IRN,1964,NA
"Iran, Islamic Rep.",IR,IRN,1963,NA
"Iran, Islamic Rep.",IR,IRN,1962,NA
"Iran, Islamic Rep.",IR,IRN,1961,NA
"Iran, Islamic Rep.",IR,IRN,1960,NA
Iraq,IQ,IRQ,2024,NA
Iraq,IQ,IRQ,2023,20.8
Iraq,IQ,IRQ,2022,21.5
Iraq,IQ,IRQ,2021,22.2
Iraq,IQ,IRQ,2020,22.9
Iraq,IQ,IRQ,2019,23.6
Iraq,IQ,IRQ,2018,24.4
Iraq,IQ,IRQ,2017,25.1
Iraq,IQ,IRQ,2016,25.9
Iraq,IQ,IRQ,2015,26.7
Iraq,IQ,IRQ,2014,27.5
Iraq,IQ,IRQ,2013,28.4
Iraq,IQ,IRQ,2012,29.2
Iraq,IQ,IRQ,2011,30.1
Iraq,IQ,IRQ,2010,30.9
Iraq,IQ,IRQ,2009,31.8
Iraq,IQ,IRQ,2008,32.7
Iraq,IQ,IRQ,2007,33.5
Iraq,IQ,IRQ,2006,34.3
Iraq,IQ,IRQ,2005,35
Iraq,IQ,IRQ,2004,35.7
Iraq,IQ,IRQ,2003,36.4
Iraq,IQ,IRQ,2002,37
Iraq,IQ,IRQ,2001,37.7
Iraq,IQ,IRQ,2000,38.4
Iraq,IQ,IRQ,1999,39
Iraq,IQ,IRQ,1998,39.7
Iraq,IQ,IRQ,1997,40.3
Iraq,IQ,IRQ,1996,40.9
Iraq,IQ,IRQ,1995,41.5
Iraq,IQ,IRQ,1994,42.1
Iraq,IQ,IRQ,1993,42.7
Iraq,IQ,IRQ,1992,43.3
Iraq,IQ,IRQ,1991,48.7
Iraq,IQ,IRQ,1990,54.8
Iraq,IQ,IRQ,1989,55.7
Iraq,IQ,IRQ,1988,51.3
Iraq,IQ,IRQ,1987,47
Iraq,IQ,IRQ,1986,48.1
Iraq,IQ,IRQ,1985,49.3
Iraq,IQ,IRQ,1984,50.6
Iraq,IQ,IRQ,1983,52.1
Iraq,IQ,IRQ,1982,53.7
Iraq,IQ,IRQ,1981,55.4
Iraq,IQ,IRQ,1980,57.3
Iraq,IQ,IRQ,1979,59.3
Iraq,IQ,IRQ,1978,61.6
Iraq,IQ,IRQ,1977,64
Iraq,IQ,IRQ,1976,66.6
Iraq,IQ,IRQ,1975,69.4
Iraq,IQ,IRQ,1974,72.3
Iraq,IQ,IRQ,1973,75.4
Iraq,IQ,IRQ,1972,78.6
Iraq,IQ,IRQ,1971,81.9
Iraq,IQ,IRQ,1970,85.4
Iraq,IQ,IRQ,1969,89.1
Iraq,IQ,IRQ,1968,93.1
Iraq,IQ,IRQ,1967,97.3
Iraq,IQ,IRQ,1966,101.7
Iraq,IQ,IRQ,1965,106.5
Iraq,IQ,IRQ,1964,111.8
Iraq,IQ,IRQ,1963,117.5
Iraq,IQ,IRQ,1962,123.8
Iraq,IQ,IRQ,1961,130.4
Iraq,IQ,IRQ,1960,137.7
Ireland,IE,IRL,2024,NA
Ireland,IE,IRL,2023,3.4
Ireland,IE,IRL,2022,3.3
Ireland,IE,IRL,2021,3.2
Ireland,IE,IRL,2020,3.1
Ireland,IE,IRL,2019,3
Ireland,IE,IRL,2018,3
Ireland,IE,IRL,2017,3
Ireland,IE,IRL,2016,3.1
Ireland,IE,IRL,2015,3.2
Ireland,IE,IRL,2014,3.3
Ireland,IE,IRL,2013,3.3
Ireland,IE,IRL,2012,3.4
Ireland,IE,IRL,2011,3.5
Ireland,IE,IRL,2010,3.6
Ireland,IE,IRL,2009,3.7
Ireland,IE,IRL,2008,3.8
Ireland,IE,IRL,2007,3.9
Ireland,IE,IRL,2006,4.1
Ireland,IE,IRL,2005,4.4
Ireland,IE,IRL,2004,4.7
Ireland,IE,IRL,2003,5.1
Ireland,IE,IRL,2002,5.5
Ireland,IE,IRL,2001,5.8
Ireland,IE,IRL,2000,6
Ireland,IE,IRL,1999,6.1
Ireland,IE,IRL,1998,6.1
Ireland,IE,IRL,1997,6.1
Ireland,IE,IRL,1996,6.1
Ireland,IE,IRL,1995,6.1
Ireland,IE,IRL,1994,6.1
Ireland,IE,IRL,1993,6.4
Ireland,IE,IRL,1992,6.7
Ireland,IE,IRL,1991,7.2
Ireland,IE,IRL,1990,7.6
Ireland,IE,IRL,1989,8
Ireland,IE,IRL,1988,8.2
Ireland,IE,IRL,1987,8.4
Ireland,IE,IRL,1986,8.6
Ireland,IE,IRL,1985,8.9
Ireland,IE,IRL,1984,9.3
Ireland,IE,IRL,1983,9.7
Ireland,IE,IRL,1982,10.3
Ireland,IE,IRL,1981,11
Ireland,IE,IRL,1980,11.9
Ireland,IE,IRL,1979,13
Ireland,IE,IRL,1978,14.2
Ireland,IE,IRL,1977,15.2
Ireland,IE,IRL,1976,16.1
Ireland,IE,IRL,1975,16.9
Ireland,IE,IRL,1974,17.5
Ireland,IE,IRL,1973,18
Ireland,IE,IRL,1972,18.3
Ireland,IE,IRL,1971,18.6
Ireland,IE,IRL,1970,19.1
Ireland,IE,IRL,1969,19.8
Ireland,IE,IRL,1968,20.7
Ireland,IE,IRL,1967,22
Ireland,IE,IRL,1966,23.4
Ireland,IE,IRL,1965,24.8
Ireland,IE,IRL,1964,26
Ireland,IE,IRL,1963,27.1
Ireland,IE,IRL,1962,28.1
Ireland,IE,IRL,1961,29.2
Ireland,IE,IRL,1960,30.4
Isle of Man,IM,IMN,2024,NA
Isle of Man,IM,IMN,2023,NA
Isle of Man,IM,IMN,2022,NA
Isle of Man,IM,IMN,2021,NA
Isle of Man,IM,IMN,2020,NA
Isle of Man,IM,IMN,2019,NA
Isle of Man,IM,IMN,2018,NA
Isle of Man,IM,IMN,2017,NA
Isle of Man,IM,IMN,2016,NA
Isle of Man,IM,IMN,2015,NA
Isle of Man,IM,IMN,2014,NA
Isle of Man,IM,IMN,2013,NA
Isle of Man,IM,IMN,2012,NA
Isle of Man,IM,IMN,2011,NA
Isle of Man,IM,IMN,2010,NA
Isle of Man,IM,IMN,2009,NA
Isle of Man,IM,IMN,2008,NA
Isle of Man,IM,IMN,2007,NA
Isle of Man,IM,IMN,2006,NA
Isle of Man,IM,IMN,2005,NA
Isle of Man,IM,IMN,2004,NA
Isle of Man,IM,IMN,2003,NA
Isle of Man,IM,IMN,2002,NA
Isle of Man,IM,IMN,2001,NA
Isle of Man,IM,IMN,2000,NA
Isle of Man,IM,IMN,1999,NA
Isle of Man,IM,IMN,1998,NA
Isle of Man,IM,IMN,1997,NA
Isle of Man,IM,IMN,1996,NA
Isle of Man,IM,IMN,1995,NA
Isle of Man,IM,IMN,1994,NA
Isle of Man,IM,IMN,1993,NA
Isle of Man,IM,IMN,1992,NA
Isle of Man,IM,IMN,1991,NA
Isle of Man,IM,IMN,1990,NA
Isle of Man,IM,IMN,1989,NA
Isle of Man,IM,IMN,1988,NA
Isle of Man,IM,IMN,1987,NA
Isle of Man,IM,IMN,1986,NA
Isle of Man,IM,IMN,1985,NA
Isle of Man,IM,IMN,1984,NA
Isle of Man,IM,IMN,1983,NA
Isle of Man,IM,IMN,1982,NA
Isle of Man,IM,IMN,1981,NA
Isle of Man,IM,IMN,1980,NA
Isle of Man,IM,IMN,1979,NA
Isle of Man,IM,IMN,1978,NA
Isle of Man,IM,IMN,1977,NA
Isle of Man,IM,IMN,1976,NA
Isle of Man,IM,IMN,1975,NA
Isle of Man,IM,IMN,1974,NA
Isle of Man,IM,IMN,1973,NA
Isle of Man,IM,IMN,1972,NA
Isle of Man,IM,IMN,1971,NA
Isle of Man,IM,IMN,1970,NA
Isle of Man,IM,IMN,1969,NA
Isle of Man,IM,IMN,1968,NA
Isle of Man,IM,IMN,1967,NA
Isle of Man,IM,IMN,1966,NA
Isle of Man,IM,IMN,1965,NA
Isle of Man,IM,IMN,1964,NA
Isle of Man,IM,IMN,1963,NA
Isle of Man,IM,IMN,1962,NA
Isle of Man,IM,IMN,1961,NA
Isle of Man,IM,IMN,1960,NA
Israel,IL,ISR,2024,NA
Israel,IL,ISR,2023,2.7
Israel,IL,ISR,2022,2.7
Israel,IL,ISR,2021,2.8
Israel,IL,ISR,2020,2.8
Israel,IL,ISR,2019,2.9
Israel,IL,ISR,2018,2.9
Israel,IL,ISR,2017,3
Israel,IL,ISR,2016,3.1
Israel,IL,ISR,2015,3.1
Israel,IL,ISR,2014,3.2
Israel,IL,ISR,2013,3.3
Israel,IL,ISR,2012,3.4
Israel,IL,ISR,2011,3.5
Israel,IL,ISR,2010,3.7
Israel,IL,ISR,2009,3.8
Israel,IL,ISR,2008,3.9
Israel,IL,ISR,2007,4.1
Israel,IL,ISR,2006,4.3
Israel,IL,ISR,2005,4.5
Israel,IL,ISR,2004,4.7
Israel,IL,ISR,2003,4.9
Israel,IL,ISR,2002,5.1
Israel,IL,ISR,2001,5.4
Israel,IL,ISR,2000,5.6
Israel,IL,ISR,1999,5.8
Israel,IL,ISR,1998,6.1
Israel,IL,ISR,1997,6.4
Israel,IL,ISR,1996,6.8
Israel,IL,ISR,1995,7.2
Israel,IL,ISR,1994,7.6
Israel,IL,ISR,1993,8.1
Israel,IL,ISR,1992,8.7
Israel,IL,ISR,1991,9.2
Israel,IL,ISR,1990,9.6
Israel,IL,ISR,1989,10.1
Israel,IL,ISR,1988,10.5
Israel,IL,ISR,1987,11
Israel,IL,ISR,1986,11.6
Israel,IL,ISR,1985,12.2
Israel,IL,ISR,1984,12.8
Israel,IL,ISR,1983,13.4
Israel,IL,ISR,1982,14.1
Israel,IL,ISR,1981,14.7
Israel,IL,ISR,1980,15.5
Israel,IL,ISR,1979,16.4
Israel,IL,ISR,1978,17.4
Israel,IL,ISR,1977,18.6
Israel,IL,ISR,1976,19.9
Israel,IL,ISR,1975,21.1
Israel,IL,ISR,1974,22.2
Israel,IL,ISR,1973,23.1
Israel,IL,ISR,1972,23.9
Israel,IL,ISR,1971,24.7
Israel,IL,ISR,1970,25.4
Israel,IL,ISR,1969,26.2
Israel,IL,ISR,1968,27.2
Israel,IL,ISR,1967,28.2
Israel,IL,ISR,1966,29.4
Israel,IL,ISR,1965,30.7
Israel,IL,ISR,1964,32.1
Israel,IL,ISR,1963,33.5
Israel,IL,ISR,1962,35.1
Israel,IL,ISR,1961,36.7
Israel,IL,ISR,1960,38.4
Italy,IT,ITA,2024,NA
Italy,IT,ITA,2023,2.3
Italy,IT,ITA,2022,2.4
Italy,IT,ITA,2021,2.5
Italy,IT,ITA,2020,2.5
Italy,IT,ITA,2019,2.6
Italy,IT,ITA,2018,2.7
Italy,IT,ITA,2017,2.8
Italy,IT,ITA,2016,2.9
Italy,IT,ITA,2015,3
Italy,IT,ITA,2014,3.1
Italy,IT,ITA,2013,3.1
Italy,IT,ITA,2012,3.2
Italy,IT,ITA,2011,3.3
Italy,IT,ITA,2010,3.4
Italy,IT,ITA,2009,3.4
Italy,IT,ITA,2008,3.5
Italy,IT,ITA,2007,3.6
Italy,IT,ITA,2006,3.7
Italy,IT,ITA,2005,3.8
Italy,IT,ITA,2004,3.9
Italy,IT,ITA,2003,4.1
Italy,IT,ITA,2002,4.3
Italy,IT,ITA,2001,4.5
Italy,IT,ITA,2000,4.7
Italy,IT,ITA,1999,5
Italy,IT,ITA,1998,5.3
Italy,IT,ITA,1997,5.6
Italy,IT,ITA,1996,6
Italy,IT,ITA,1995,6.4
Italy,IT,ITA,1994,6.8
Italy,IT,ITA,1993,7.3
Italy,IT,ITA,1992,7.7
Italy,IT,ITA,1991,8.1
Italy,IT,ITA,1990,8.4
Italy,IT,ITA,1989,8.7
Italy,IT,ITA,1988,9
Italy,IT,ITA,1987,9.5
Italy,IT,ITA,1986,9.9
Italy,IT,ITA,1985,10.5
Italy,IT,ITA,1984,11.2
Italy,IT,ITA,1983,11.9
Italy,IT,ITA,1982,12.6
Italy,IT,ITA,1981,13.4
Italy,IT,ITA,1980,14.2
Italy,IT,ITA,1979,15.1
Italy,IT,ITA,1978,16.1
Italy,IT,ITA,1977,17.3
Italy,IT,ITA,1976,18.8
Italy,IT,ITA,1975,20.5
Italy,IT,ITA,1974,22.4
Italy,IT,ITA,1973,24.4
Italy,IT,ITA,1972,26.4
Italy,IT,ITA,1971,28.2
Italy,IT,ITA,1970,29.6
Italy,IT,ITA,1969,30.9
Italy,IT,ITA,1968,32
Italy,IT,ITA,1967,33.1
Italy,IT,ITA,1966,34.4
Italy,IT,ITA,1965,35.8
Italy,IT,ITA,1964,37.4
Italy,IT,ITA,1963,39.1
Italy,IT,ITA,1962,40.9
Italy,IT,ITA,1961,42.6
Italy,IT,ITA,1960,44.2
Jamaica,JM,JAM,2024,NA
Jamaica,JM,JAM,2023,18.3
Jamaica,JM,JAM,2022,18.3
Jamaica,JM,JAM,2021,18.1
Jamaica,JM,JAM,2020,18
Jamaica,JM,JAM,2019,17.8
Jamaica,JM,JAM,2018,17.7
Jamaica,JM,JAM,2017,17.6
Jamaica,JM,JAM,2016,17.6
Jamaica,JM,JAM,2015,17.6
Jamaica,JM,JAM,2014,17.7
Jamaica,JM,JAM,2013,17.8
Jamaica,JM,JAM,2012,17.8
Jamaica,JM,JAM,2011,17.9
Jamaica,JM,JAM,2010,17.9
Jamaica,JM,JAM,2009,17.9
Jamaica,JM,JAM,2008,17.9
Jamaica,JM,JAM,2007,17.9
Jamaica,JM,JAM,2006,17.9
Jamaica,JM,JAM,2005,17.8
Jamaica,JM,JAM,2004,17.9
Jamaica,JM,JAM,2003,18
Jamaica,JM,JAM,2002,18.2
Jamaica,JM,JAM,2001,18.5
Jamaica,JM,JAM,2000,18.9
Jamaica,JM,JAM,1999,19.5
Jamaica,JM,JAM,1998,20.1
Jamaica,JM,JAM,1997,20.7
Jamaica,JM,JAM,1996,21.4
Jamaica,JM,JAM,1995,22.1
Jamaica,JM,JAM,1994,22.7
Jamaica,JM,JAM,1993,23.3
Jamaica,JM,JAM,1992,23.9
Jamaica,JM,JAM,1991,24.5
Jamaica,JM,JAM,1990,25.1
Jamaica,JM,JAM,1989,25.7
Jamaica,JM,JAM,1988,26.3
Jamaica,JM,JAM,1987,26.9
Jamaica,JM,JAM,1986,27.6
Jamaica,JM,JAM,1985,28.4
Jamaica,JM,JAM,1984,29.1
Jamaica,JM,JAM,1983,29.9
Jamaica,JM,JAM,1982,30.8
Jamaica,JM,JAM,1981,31.7
Jamaica,JM,JAM,1980,32.7
Jamaica,JM,JAM,1979,33.7
Jamaica,JM,JAM,1978,34.8
Jamaica,JM,JAM,1977,36
Jamaica,JM,JAM,1976,37.2
Jamaica,JM,JAM,1975,38.5
Jamaica,JM,JAM,1974,39.9
Jamaica,JM,JAM,1973,41.5
Jamaica,JM,JAM,1972,43.2
Jamaica,JM,JAM,1971,45
Jamaica,JM,JAM,1970,46.7
Jamaica,JM,JAM,1969,48.2
Jamaica,JM,JAM,1968,49.7
Jamaica,JM,JAM,1967,51.2
Jamaica,JM,JAM,1966,52.5
Jamaica,JM,JAM,1965,53.8
Jamaica,JM,JAM,1964,55.3
Jamaica,JM,JAM,1963,57
Jamaica,JM,JAM,1962,58.9
Jamaica,JM,JAM,1961,61.1
Jamaica,JM,JAM,1960,63.7
Japan,JP,JPN,2024,NA
Japan,JP,JPN,2023,1.8
Japan,JP,JPN,2022,1.8
Japan,JP,JPN,2021,1.8
Japan,JP,JPN,2020,1.8
Japan,JP,JPN,2019,1.8
Japan,JP,JPN,2018,1.9
Japan,JP,JPN,2017,1.9
Japan,JP,JPN,2016,2
Japan,JP,JPN,2015,2
Japan,JP,JPN,2014,2.1
Japan,JP,JPN,2013,2.2
Japan,JP,JPN,2012,2.2
Japan,JP,JPN,2011,2.3
Japan,JP,JPN,2010,2.4
Japan,JP,JPN,2009,2.4
Japan,JP,JPN,2008,2.5
Japan,JP,JPN,2007,2.6
Japan,JP,JPN,2006,2.7
Japan,JP,JPN,2005,2.7
Japan,JP,JPN,2004,2.8
Japan,JP,JPN,2003,2.9
Japan,JP,JPN,2002,3
Japan,JP,JPN,2001,3.1
Japan,JP,JPN,2000,3.3
Japan,JP,JPN,1999,3.4
Japan,JP,JPN,1998,3.6
Japan,JP,JPN,1997,3.8
Japan,JP,JPN,1996,4
Japan,JP,JPN,1995,4.1
Japan,JP,JPN,1994,4.3
Japan,JP,JPN,1993,4.4
Japan,JP,JPN,1992,4.4
Japan,JP,JPN,1991,4.5
Japan,JP,JPN,1990,4.6
Japan,JP,JPN,1989,4.7
Japan,JP,JPN,1988,4.8
Japan,JP,JPN,1987,5
Japan,JP,JPN,1986,5.2
Japan,JP,JPN,1985,5.5
Japan,JP,JPN,1984,5.8
Japan,JP,JPN,1983,6.2
Japan,JP,JPN,1982,6.5
Japan,JP,JPN,1981,7
Japan,JP,JPN,1980,7.4
Japan,JP,JPN,1979,7.8
Japan,JP,JPN,1978,8.3
Japan,JP,JPN,1977,8.8
Japan,JP,JPN,1976,9.4
Japan,JP,JPN,1975,10
Japan,JP,JPN,1974,10.6
Japan,JP,JPN,1973,11.3
Japan,JP,JPN,1972,11.9
Japan,JP,JPN,1971,12.6
Japan,JP,JPN,1970,13.4
Japan,JP,JPN,1969,14.2
Japan,JP,JPN,1968,15.1
Japan,JP,JPN,1967,16.2
Japan,JP,JPN,1966,17.6
Japan,JP,JPN,1965,19.1
Japan,JP,JPN,1964,21
Japan,JP,JPN,1963,23.1
Japan,JP,JPN,1962,25.4
Japan,JP,JPN,1961,27.9
Japan,JP,JPN,1960,30.4
Jordan,JO,JOR,2024,NA
Jordan,JO,JOR,2023,12.2
Jordan,JO,JOR,2022,12.6
Jordan,JO,JOR,2021,12.9
Jordan,JO,JOR,2020,13.3
Jordan,JO,JOR,2019,13.6
Jordan,JO,JOR,2018,14
Jordan,JO,JOR,2017,14.3
Jordan,JO,JOR,2016,14.7
Jordan,JO,JOR,2015,15
Jordan,JO,JOR,2014,15.4
Jordan,JO,JOR,2013,15.8
Jordan,JO,JOR,2012,16.2
Jordan,JO,JOR,2011,16.6
Jordan,JO,JOR,2010,17
Jordan,JO,JOR,2009,17.5
Jordan,JO,JOR,2008,18
Jordan,JO,JOR,2007,18.5
Jordan,JO,JOR,2006,19.1
Jordan,JO,JOR,2005,19.7
Jordan,JO,JOR,2004,20.3
Jordan,JO,JOR,2003,20.9
Jordan,JO,JOR,2002,21.6
Jordan,JO,JOR,2001,22.2
Jordan,JO,JOR,2000,22.9
Jordan,JO,JOR,1999,23.5
Jordan,JO,JOR,1998,24.2
Jordan,JO,JOR,1997,25
Jordan,JO,JOR,1996,25.7
Jordan,JO,JOR,1995,26.4
Jordan,JO,JOR,1994,27.2
Jordan,JO,JOR,1993,28.1
Jordan,JO,JOR,1992,28.9
Jordan,JO,JOR,1991,29.9
Jordan,JO,JOR,1990,30.9
Jordan,JO,JOR,1989,32
Jordan,JO,JOR,1988,33.2
Jordan,JO,JOR,1987,34.5
Jordan,JO,JOR,1986,35.9
Jordan,JO,JOR,1985,37.4
Jordan,JO,JOR,1984,39
Jordan,JO,JOR,1983,40.7
Jordan,JO,JOR,1982,42.5
Jordan,JO,JOR,1981,44.4
Jordan,JO,JOR,1980,46.3
Jordan,JO,JOR,1979,48.3
Jordan,JO,JOR,1978,50.4
Jordan,JO,JOR,1977,52.6
Jordan,JO,JOR,1976,54.9
Jordan,JO,JOR,1975,57.2
Jordan,JO,JOR,1974,59.7
Jordan,JO,JOR,1973,62.2
Jordan,JO,JOR,1972,64.9
Jordan,JO,JOR,1971,67.6
Jordan,JO,JOR,1970,70.5
Jordan,JO,JOR,1969,73.4
Jordan,JO,JOR,1968,76.5
Jordan,JO,JOR,1967,79.8
Jordan,JO,JOR,1966,83.3
Jordan,JO,JOR,1965,87
Jordan,JO,JOR,1964,91
Jordan,JO,JOR,1963,95.3
Jordan,JO,JOR,1962,99.8
Jordan,JO,JOR,1961,104.6
Jordan,JO,JOR,1960,109.6
Kazakhstan,KZ,KAZ,2024,NA
Kazakhstan,KZ,KAZ,2023,7.6
Kazakhstan,KZ,KAZ,2022,7.7
Kazakhstan,KZ,KAZ,2021,7.9
Kazakhstan,KZ,KAZ,2020,8
Kazakhstan,KZ,KAZ,2019,8.1
Kazakhstan,KZ,KAZ,2018,8.2
Kazakhstan,KZ,KAZ,2017,8.4
Kazakhstan,KZ,KAZ,2016,8.8
Kazakhstan,KZ,KAZ,2015,9.5
Kazakhstan,KZ,KAZ,2014,10.5
Kazakhstan,KZ,KAZ,2013,11.7
Kazakhstan,KZ,KAZ,2012,13.3
Kazakhstan,KZ,KAZ,2011,14.9
Kazakhstan,KZ,KAZ,2010,16.7
Kazakhstan,KZ,KAZ,2009,18.5
Kazakhstan,KZ,KAZ,2008,20.4
Kazakhstan,KZ,KAZ,2007,22.3
Kazakhstan,KZ,KAZ,2006,24.2
Kazakhstan,KZ,KAZ,2005,26
Kazakhstan,KZ,KAZ,2004,27.9
Kazakhstan,KZ,KAZ,2003,29.7
Kazakhstan,KZ,KAZ,2002,31.7
Kazakhstan,KZ,KAZ,2001,33.7
Kazakhstan,KZ,KAZ,2000,36
Kazakhstan,KZ,KAZ,1999,38.3
Kazakhstan,KZ,KAZ,1998,40.5
Kazakhstan,KZ,KAZ,1997,42.5
Kazakhstan,KZ,KAZ,1996,44
Kazakhstan,KZ,KAZ,1995,45
Kazakhstan,KZ,KAZ,1994,45.3
Kazakhstan,KZ,KAZ,1993,44.9
Kazakhstan,KZ,KAZ,1992,44.4
Kazakhstan,KZ,KAZ,1991,44.2
Kazakhstan,KZ,KAZ,1990,44.5
Kazakhstan,KZ,KAZ,1989,45.2
Kazakhstan,KZ,KAZ,1988,46.5
Kazakhstan,KZ,KAZ,1987,48
Kazakhstan,KZ,KAZ,1986,49.8
Kazakhstan,KZ,KAZ,1985,51.7
Kazakhstan,KZ,KAZ,1984,53.6
Kazakhstan,KZ,KAZ,1983,55.6
Kazakhstan,KZ,KAZ,1982,57.6
Kazakhstan,KZ,KAZ,1981,59.6
Kazakhstan,KZ,KAZ,1980,61.6
Kazakhstan,KZ,KAZ,1979,63.4
Kazakhstan,KZ,KAZ,1978,64.8
Kazakhstan,KZ,KAZ,1977,66
Kazakhstan,KZ,KAZ,1976,67.3
Kazakhstan,KZ,KAZ,1975,68.6
Kazakhstan,KZ,KAZ,1974,70
Kazakhstan,KZ,KAZ,1973,71.8
Kazakhstan,KZ,KAZ,1972,73.6
Kazakhstan,KZ,KAZ,1971,75.5
Kazakhstan,KZ,KAZ,1970,NA
Kazakhstan,KZ,KAZ,1969,NA
Kazakhstan,KZ,KAZ,1968,NA
Kazakhstan,KZ,KAZ,1967,NA
Kazakhstan,KZ,KAZ,1966,NA
Kazakhstan,KZ,KAZ,1965,NA
Kazakhstan,KZ,KAZ,1964,NA
Kazakhstan,KZ,KAZ,1963,NA
Kazakhstan,KZ,KAZ,1962,NA
Kazakhstan,KZ,KAZ,1961,NA
Kazakhstan,KZ,KAZ,1960,NA
Kenya,KE,KEN,2024,NA
Kenya,KE,KEN,2023,34.7
Kenya,KE,KEN,2022,35.8
Kenya,KE,KEN,2021,36.4
Kenya,KE,KEN,2020,36.9
Kenya,KE,KEN,2019,37.2
Kenya,KE,KEN,2018,37.8
Kenya,KE,KEN,2017,38.5
Kenya,KE,KEN,2016,38.7
Kenya,KE,KEN,2015,39.1
Kenya,KE,KEN,2014,40.1
Kenya,KE,KEN,2013,40.9
Kenya,KE,KEN,2012,41.3
Kenya,KE,KEN,2011,41.1
Kenya,KE,KEN,2010,41.4
Kenya,KE,KEN,2009,41.9
Kenya,KE,KEN,2008,42.4
Kenya,KE,KEN,2007,44.9
Kenya,KE,KEN,2006,46.9
Kenya,KE,KEN,2005,49.4
Kenya,KE,KEN,2004,52.5
Kenya,KE,KEN,2003,55.5
Kenya,KE,KEN,2002,58.3
Kenya,KE,KEN,2001,61.2
Kenya,KE,KEN,2000,63.8
Kenya,KE,KEN,1999,66
Kenya,KE,KEN,1998,67.9
Kenya,KE,KEN,1997,69.4
Kenya,KE,KEN,1996,70.3
Kenya,KE,KEN,1995,71
Kenya,KE,KEN,1994,71.4
Kenya,KE,KEN,1993,71.2
Kenya,KE,KEN,1992,70.4
Kenya,KE,KEN,1991,69.1
Kenya,KE,KEN,1990,67.4
Kenya,KE,KEN,1989,65.6
Kenya,KE,KEN,1988,64.1
Kenya,KE,KEN,1987,63
Kenya,KE,KEN,1986,62.6
Kenya,KE,KEN,1985,62.6
Kenya,KE,KEN,1984,63.1
Kenya,KE,KEN,1983,64.1
Kenya,KE,KEN,1982,65.3
Kenya,KE,KEN,1981,66.8
Kenya,KE,KEN,1980,68.5
Kenya,KE,KEN,1979,70.3
Kenya,KE,KEN,1978,72.3
Kenya,KE,KEN,1977,74.4
Kenya,KE,KEN,1976,76.5
Kenya,KE,KEN,1975,78.6
Kenya,KE,KEN,1974,80.5
Kenya,KE,KEN,1973,82.5
Kenya,KE,KEN,1972,84.3
Kenya,KE,KEN,1971,86
Kenya,KE,KEN,1970,87.5
Kenya,KE,KEN,1969,89.2
Kenya,KE,KEN,1968,90.7
Kenya,KE,KEN,1967,92.2
Kenya,KE,KEN,1966,93.7
Kenya,KE,KEN,1965,95.6
Kenya,KE,KEN,1964,97.8
Kenya,KE,KEN,1963,100.6
Kenya,KE,KEN,1962,104.1
Kenya,KE,KEN,1961,108.1
Kenya,KE,KEN,1960,112.7
Kiribati,KI,KIR,2024,NA
Kiribati,KI,KIR,2023,39.7
Kiribati,KI,KIR,2022,40.6
Kiribati,KI,KIR,2021,41.3
Kiribati,KI,KIR,2020,41.9
Kiribati,KI,KIR,2019,42.4
Kiribati,KI,KIR,2018,42.8
Kiribati,KI,KIR,2017,42.8
Kiribati,KI,KIR,2016,42.6
Kiribati,KI,KIR,2015,42.2
Kiribati,KI,KIR,2014,41.9
Kiribati,KI,KIR,2013,41.7
Kiribati,KI,KIR,2012,41.7
Kiribati,KI,KIR,2011,41.8
Kiribati,KI,KIR,2010,42.1
Kiribati,KI,KIR,2009,42.5
Kiribati,KI,KIR,2008,43
Kiribati,KI,KIR,2007,43.5
Kiribati,KI,KIR,2006,44
Kiribati,KI,KIR,2005,44.4
Kiribati,KI,KIR,2004,44.9
Kiribati,KI,KIR,2003,45.6
Kiribati,KI,KIR,2002,46.5
Kiribati,KI,KIR,2001,47.7
Kiribati,KI,KIR,2000,49.1
Kiribati,KI,KIR,1999,50.6
Kiribati,KI,KIR,1998,52.2
Kiribati,KI,KIR,1997,53.8
Kiribati,KI,KIR,1996,55.4
Kiribati,KI,KIR,1995,57.1
Kiribati,KI,KIR,1994,58.9
Kiribati,KI,KIR,1993,60.9
Kiribati,KI,KIR,1992,63.3
Kiribati,KI,KIR,1991,65.9
Kiribati,KI,KIR,1990,68.7
Kiribati,KI,KIR,1989,71.5
Kiribati,KI,KIR,1988,74.3
Kiribati,KI,KIR,1987,77
Kiribati,KI,KIR,1986,79.5
Kiribati,KI,KIR,1985,81.8
Kiribati,KI,KIR,1984,83.7
Kiribati,KI,KIR,1983,85.5
Kiribati,KI,KIR,1982,86.9
Kiribati,KI,KIR,1981,88.3
Kiribati,KI,KIR,1980,89.4
Kiribati,KI,KIR,1979,90.3
Kiribati,KI,KIR,1978,91.2
Kiribati,KI,KIR,1977,91.9
Kiribati,KI,KIR,1976,92.7
Kiribati,KI,KIR,1975,93.6
Kiribati,KI,KIR,1974,94.8
Kiribati,KI,KIR,1973,96.4
Kiribati,KI,KIR,1972,98.5
Kiribati,KI,KIR,1971,101.3
Kiribati,KI,KIR,1970,104.5
Kiribati,KI,KIR,1969,108.1
Kiribati,KI,KIR,1968,112
Kiribati,KI,KIR,1967,116.1
Kiribati,KI,KIR,1966,120.6
Kiribati,KI,KIR,1965,125.1
Kiribati,KI,KIR,1964,129.5
Kiribati,KI,KIR,1963,133.8
Kiribati,KI,KIR,1962,137.8
Kiribati,KI,KIR,1961,141.4
Kiribati,KI,KIR,1960,144.6
"Korea, Dem. People's Rep.",KP,PRK,2024,NA
"Korea, Dem. People's Rep.",KP,PRK,2023,14.5
"Korea, Dem. People's Rep.",KP,PRK,2022,14.3
"Korea, Dem. People's Rep.",KP,PRK,2021,14.1
"Korea, Dem. People's Rep.",KP,PRK,2020,14.1
"Korea, Dem. People's Rep.",KP,PRK,2019,14.3
"Korea, Dem. People's Rep.",KP,PRK,2018,14.8
"Korea, Dem. People's Rep.",KP,PRK,2017,15.4
"Korea, Dem. People's Rep.",KP,PRK,2016,16.5
"Korea, Dem. People's Rep.",KP,PRK,2015,17.2
"Korea, Dem. People's Rep.",KP,PRK,2014,18.2
"Korea, Dem. People's Rep.",KP,PRK,2013,19.3
"Korea, Dem. People's Rep.",KP,PRK,2012,20.6
"Korea, Dem. People's Rep.",KP,PRK,2011,21.7
"Korea, Dem. People's Rep.",KP,PRK,2010,22.9
"Korea, Dem. People's Rep.",KP,PRK,2009,23.9
"Korea, Dem. People's Rep.",KP,PRK,2008,24.7
"Korea, Dem. People's Rep.",KP,PRK,2007,25.6
"Korea, Dem. People's Rep.",KP,PRK,2006,25.9
"Korea, Dem. People's Rep.",KP,PRK,2005,26.3
"Korea, Dem. People's Rep.",KP,PRK,2004,26.8
"Korea, Dem. People's Rep.",KP,PRK,2003,27.3
"Korea, Dem. People's Rep.",KP,PRK,2002,57.7
"Korea, Dem. People's Rep.",KP,PRK,2001,58.6
"Korea, Dem. People's Rep.",KP,PRK,2000,59.4
"Korea, Dem. People's Rep.",KP,PRK,1999,60.4
"Korea, Dem. People's Rep.",KP,PRK,1998,61.4
"Korea, Dem. People's Rep.",KP,PRK,1997,62.3
"Korea, Dem. People's Rep.",KP,PRK,1996,63.4
"Korea, Dem. People's Rep.",KP,PRK,1995,64.3
"Korea, Dem. People's Rep.",KP,PRK,1994,33.3
"Korea, Dem. People's Rep.",KP,PRK,1993,33.4
"Korea, Dem. People's Rep.",KP,PRK,1992,33.2
"Korea, Dem. People's Rep.",KP,PRK,1991,32.7
"Korea, Dem. People's Rep.",KP,PRK,1990,32
"Korea, Dem. People's Rep.",KP,PRK,1989,31
"Korea, Dem. People's Rep.",KP,PRK,1988,30.2
"Korea, Dem. People's Rep.",KP,PRK,1987,29.6
"Korea, Dem. People's Rep.",KP,PRK,1986,29
"Korea, Dem. People's Rep.",KP,PRK,1985,29
"Korea, Dem. People's Rep.",KP,PRK,1984,29.3
"Korea, Dem. People's Rep.",KP,PRK,1983,29.9
"Korea, Dem. People's Rep.",KP,PRK,1982,30.7
"Korea, Dem. People's Rep.",KP,PRK,1981,31.8
"Korea, Dem. People's Rep.",KP,PRK,1980,33
"Korea, Dem. People's Rep.",KP,PRK,1979,34.3
"Korea, Dem. People's Rep.",KP,PRK,1978,35.7
"Korea, Dem. People's Rep.",KP,PRK,1977,37.3
"Korea, Dem. People's Rep.",KP,PRK,1976,38.9
"Korea, Dem. People's Rep.",KP,PRK,1975,40.7
"Korea, Dem. People's Rep.",KP,PRK,1974,42.7
"Korea, Dem. People's Rep.",KP,PRK,1973,44.8
"Korea, Dem. People's Rep.",KP,PRK,1972,47.2
"Korea, Dem. People's Rep.",KP,PRK,1971,49.8
"Korea, Dem. People's Rep.",KP,PRK,1970,52.6
"Korea, Dem. People's Rep.",KP,PRK,1969,55.7
"Korea, Dem. People's Rep.",KP,PRK,1968,58.9
"Korea, Dem. People's Rep.",KP,PRK,1967,62.3
"Korea, Dem. People's Rep.",KP,PRK,1966,65.6
"Korea, Dem. People's Rep.",KP,PRK,1965,68.7
"Korea, Dem. People's Rep.",KP,PRK,1964,71.7
"Korea, Dem. People's Rep.",KP,PRK,1963,74.4
"Korea, Dem. People's Rep.",KP,PRK,1962,76.9
"Korea, Dem. People's Rep.",KP,PRK,1961,79.3
"Korea, Dem. People's Rep.",KP,PRK,1960,81.8
"Korea, Rep.",KR,KOR,2024,NA
"Korea, Rep.",KR,KOR,2023,2.3
"Korea, Rep.",KR,KOR,2022,2.4
"Korea, Rep.",KR,KOR,2021,2.4
"Korea, Rep.",KR,KOR,2020,2.5
"Korea, Rep.",KR,KOR,2019,2.6
"Korea, Rep.",KR,KOR,2018,2.7
"Korea, Rep.",KR,KOR,2017,2.7
"Korea, Rep.",KR,KOR,2016,2.8
"Korea, Rep.",KR,KOR,2015,2.9
"Korea, Rep.",KR,KOR,2014,2.9
"Korea, Rep.",KR,KOR,2013,3
"Korea, Rep.",KR,KOR,2012,3.1
"Korea, Rep.",KR,KOR,2011,3.2
"Korea, Rep.",KR,KOR,2010,3.3
"Korea, Rep.",KR,KOR,2009,3.4
"Korea, Rep.",KR,KOR,2008,3.6
"Korea, Rep.",KR,KOR,2007,3.8
"Korea, Rep.",KR,KOR,2006,4.1
"Korea, Rep.",KR,KOR,2005,4.4
"Korea, Rep.",KR,KOR,2004,4.7
"Korea, Rep.",KR,KOR,2003,5
"Korea, Rep.",KR,KOR,2002,5.3
"Korea, Rep.",KR,KOR,2001,5.5
"Korea, Rep.",KR,KOR,2000,5.8
"Korea, Rep.",KR,KOR,1999,6.2
"Korea, Rep.",KR,KOR,1998,6.6
"Korea, Rep.",KR,KOR,1997,7
"Korea, Rep.",KR,KOR,1996,7.5
"Korea, Rep.",KR,KOR,1995,8.1
"Korea, Rep.",KR,KOR,1994,8.8
"Korea, Rep.",KR,KOR,1993,9.5
"Korea, Rep.",KR,KOR,1992,10.3
"Korea, Rep.",KR,KOR,1991,11.2
"Korea, Rep.",KR,KOR,1990,12.1
"Korea, Rep.",KR,KOR,1989,13.2
"Korea, Rep.",KR,KOR,1988,14.5
"Korea, Rep.",KR,KOR,1987,15.9
"Korea, Rep.",KR,KOR,1986,17.5
"Korea, Rep.",KR,KOR,1985,19.2
"Korea, Rep.",KR,KOR,1984,21
"Korea, Rep.",KR,KOR,1983,22.8
"Korea, Rep.",KR,KOR,1982,24.7
"Korea, Rep.",KR,KOR,1981,26.5
"Korea, Rep.",KR,KOR,1980,28.2
"Korea, Rep.",KR,KOR,1979,29.8
"Korea, Rep.",KR,KOR,1978,31.3
"Korea, Rep.",KR,KOR,1977,32.7
"Korea, Rep.",KR,KOR,1976,34
"Korea, Rep.",KR,KOR,1975,35.3
"Korea, Rep.",KR,KOR,1974,36.8
"Korea, Rep.",KR,KOR,1973,38.5
"Korea, Rep.",KR,KOR,1972,40.5
"Korea, Rep.",KR,KOR,1971,42.9
"Korea, Rep.",KR,KOR,1970,45.6
"Korea, Rep.",KR,KOR,1969,48.7
"Korea, Rep.",KR,KOR,1968,52
"Korea, Rep.",KR,KOR,1967,55.3
"Korea, Rep.",KR,KOR,1966,58.5
"Korea, Rep.",KR,KOR,1965,61.5
"Korea, Rep.",KR,KOR,1964,64.2
"Korea, Rep.",KR,KOR,1963,66.7
"Korea, Rep.",KR,KOR,1962,68.9
"Korea, Rep.",KR,KOR,1961,71.1
"Korea, Rep.",KR,KOR,1960,73.5
Kosovo,XK,XKX,2024,NA
Kosovo,XK,XKX,2023,8.3
Kosovo,XK,XKX,2022,8.7
Kosovo,XK,XKX,2021,9.1
Kosovo,XK,XKX,2020,9.6
Kosovo,XK,XKX,2019,10.2
Kosovo,XK,XKX,2018,10.8
Kosovo,XK,XKX,2017,11.5
Kosovo,XK,XKX,2016,12.3
Kosovo,XK,XKX,2015,13
Kosovo,XK,XKX,2014,13.9
Kosovo,XK,XKX,2013,14.8
Kosovo,XK,XKX,2012,15.9
Kosovo,XK,XKX,2011,17
Kosovo,XK,XKX,2010,18.3
Kosovo,XK,XKX,2009,19.8
Kosovo,XK,XKX,2008,21.5
Kosovo,XK,XKX,2007,23.3
Kosovo,XK,XKX,2006,25.4
Kosovo,XK,XKX,2005,27.7
Kosovo,XK,XKX,2004,30.3
Kosovo,XK,XKX,2003,33.1
Kosovo,XK,XKX,2002,36.3
Kosovo,XK,XKX,2001,39.7
Kosovo,XK,XKX,2000,43.4
Kosovo,XK,XKX,1999,47.3
Kosovo,XK,XKX,1998,51.4
Kosovo,XK,XKX,1997,55.7
Kosovo,XK,XKX,1996,60.2
Kosovo,XK,XKX,1995,64.9
Kosovo,XK,XKX,1994,69.6
Kosovo,XK,XKX,1993,74.6
Kosovo,XK,XKX,1992,79.6
Kosovo,XK,XKX,1991,84.9
Kosovo,XK,XKX,1990,90.5
Kosovo,XK,XKX,1989,96.5
Kosovo,XK,XKX,1988,103
Kosovo,XK,XKX,1987,109.9
Kosovo,XK,XKX,1986,117.2
Kosovo,XK,XKX,1985,125.2
Kosovo,XK,XKX,1984,NA
Kosovo,XK,XKX,1983,NA
Kosovo,XK,XKX,1982,NA
Kosovo,XK,XKX,1981,NA
Kosovo,XK,XKX,1980,NA
Kosovo,XK,XKX,1979,NA
Kosovo,XK,XKX,1978,NA
Kosovo,XK,XKX,1977,NA
Kosovo,XK,XKX,1976,NA
Kosovo,XK,XKX,1975,NA
Kosovo,XK,XKX,1974,NA
Kosovo,XK,XKX,1973,NA
Kosovo,XK,XKX,1972,NA
Kosovo,XK,XKX,1971,NA
Kosovo,XK,XKX,1970,NA
Kosovo,XK,XKX,1969,NA
Kosovo,XK,XKX,1968,NA
Kosovo,XK,XKX,1967,NA
Kosovo,XK,XKX,1966,NA
Kosovo,XK,XKX,1965,NA
Kosovo,XK,XKX,1964,NA
Kosovo,XK,XKX,1963,NA
Kosovo,XK,XKX,1962,NA
Kosovo,XK,XKX,1961,NA
Kosovo,XK,XKX,1960,NA
Kuwait,KW,KWT,2024,NA
Kuwait,KW,KWT,2023,7.6
Kuwait,KW,KWT,2022,7.6
Kuwait,KW,KWT,2021,7.6
Kuwait,KW,KWT,2020,7.7
Kuwait,KW,KWT,2019,7.6
Kuwait,KW,KWT,2018,7.6
Kuwait,KW,KWT,2017,7.6
Kuwait,KW,KWT,2016,7.7
Kuwait,KW,KWT,2015,7.8
Kuwait,KW,KWT,2014,8
Kuwait,KW,KWT,2013,8.2
Kuwait,KW,KWT,2012,8.5
Kuwait,KW,KWT,2011,8.8
Kuwait,KW,KWT,2010,9.1
Kuwait,KW,KWT,2009,9.3
Kuwait,KW,KWT,2008,9.5
Kuwait,KW,KWT,2007,9.6
Kuwait,KW,KWT,2006,9.8
Kuwait,KW,KWT,2005,9.9
Kuwait,KW,KWT,2004,10
Kuwait,KW,KWT,2003,10.2
Kuwait,KW,KWT,2002,10.3
Kuwait,KW,KWT,2001,10.5
Kuwait,KW,KWT,2000,10.6
Kuwait,KW,KWT,1999,10.9
Kuwait,KW,KWT,1998,11.2
Kuwait,KW,KWT,1997,11.5
Kuwait,KW,KWT,1996,11.9
Kuwait,KW,KWT,1995,12.2
Kuwait,KW,KWT,1994,12.4
Kuwait,KW,KWT,1993,12.8
Kuwait,KW,KWT,1992,13.2
Kuwait,KW,KWT,1991,13.8
Kuwait,KW,KWT,1990,14.5
Kuwait,KW,KWT,1989,15.4
Kuwait,KW,KWT,1988,16.3
Kuwait,KW,KWT,1987,17.2
Kuwait,KW,KWT,1986,18.3
Kuwait,KW,KWT,1985,19.5
Kuwait,KW,KWT,1984,21
Kuwait,KW,KWT,1983,23
Kuwait,KW,KWT,1982,25.4
Kuwait,KW,KWT,1981,27.9
Kuwait,KW,KWT,1980,30.4
Kuwait,KW,KWT,1979,33
Kuwait,KW,KWT,1978,35.5
Kuwait,KW,KWT,1977,38
Kuwait,KW,KWT,1976,40.6
Kuwait,KW,KWT,1975,43.2
Kuwait,KW,KWT,1974,46
Kuwait,KW,KWT,1973,48.9
Kuwait,KW,KWT,1972,51.9
Kuwait,KW,KWT,1971,55.2
Kuwait,KW,KWT,1970,58.8
Kuwait,KW,KWT,1969,62.6
Kuwait,KW,KWT,1968,66.8
Kuwait,KW,KWT,1967,71.5
Kuwait,KW,KWT,1966,76.5
Kuwait,KW,KWT,1965,82.2
Kuwait,KW,KWT,1964,88.3
Kuwait,KW,KWT,1963,95
Kuwait,KW,KWT,1962,101.9
Kuwait,KW,KWT,1961,109.3
Kuwait,KW,KWT,1960,117.2
Kyrgyz Republic,KG,KGZ,2024,NA
Kyrgyz Republic,KG,KGZ,2023,14.9
Kyrgyz Republic,KG,KGZ,2022,15.1
Kyrgyz Republic,KG,KGZ,2021,15.3
Kyrgyz Republic,KG,KGZ,2020,15.6
Kyrgyz Republic,KG,KGZ,2019,16.1
Kyrgyz Republic,KG,KGZ,2018,16.7
Kyrgyz Republic,KG,KGZ,2017,17.5
Kyrgyz Republic,KG,KGZ,2016,18.4
Kyrgyz Republic,KG,KGZ,2015,19.4
Kyrgyz Republic,KG,KGZ,2014,20.4
Kyrgyz Republic,KG,KGZ,2013,21.5
Kyrgyz Republic,KG,KGZ,2012,22.7
Kyrgyz Republic,KG,KGZ,2011,24
Kyrgyz Republic,KG,KGZ,2010,25.7
Kyrgyz Republic,KG,KGZ,2009,27.4
Kyrgyz Republic,KG,KGZ,2008,29.3
Kyrgyz Republic,KG,KGZ,2007,31
Kyrgyz Republic,KG,KGZ,2006,32.6
Kyrgyz Republic,KG,KGZ,2005,34.1
Kyrgyz Republic,KG,KGZ,2004,35.7
Kyrgyz Republic,KG,KGZ,2003,37.5
Kyrgyz Republic,KG,KGZ,2002,39.5
Kyrgyz Republic,KG,KGZ,2001,41.7
Kyrgyz Republic,KG,KGZ,2000,44
Kyrgyz Republic,KG,KGZ,1999,46.4
Kyrgyz Republic,KG,KGZ,1998,48.8
Kyrgyz Republic,KG,KGZ,1997,51.3
Kyrgyz Republic,KG,KGZ,1996,53.5
Kyrgyz Republic,KG,KGZ,1995,55.2
Kyrgyz Republic,KG,KGZ,1994,56.2
Kyrgyz Republic,KG,KGZ,1993,56.4
Kyrgyz Republic,KG,KGZ,1992,56.2
Kyrgyz Republic,KG,KGZ,1991,56.2
Kyrgyz Republic,KG,KGZ,1990,56.6
Kyrgyz Republic,KG,KGZ,1989,57.7
Kyrgyz Republic,KG,KGZ,1988,59.7
Kyrgyz Republic,KG,KGZ,1987,62.5
Kyrgyz Republic,KG,KGZ,1986,65.6
Kyrgyz Republic,KG,KGZ,1985,69
Kyrgyz Republic,KG,KGZ,1984,72.7
Kyrgyz Republic,KG,KGZ,1983,76.3
Kyrgyz Republic,KG,KGZ,1982,80
Kyrgyz Republic,KG,KGZ,1981,83.5
Kyrgyz Republic,KG,KGZ,1980,86.6
Kyrgyz Republic,KG,KGZ,1979,89.6
Kyrgyz Republic,KG,KGZ,1978,92.5
Kyrgyz Republic,KG,KGZ,1977,NA
Kyrgyz Republic,KG,KGZ,1976,NA
Kyrgyz Republic,KG,KGZ,1975,NA
Kyrgyz Republic,KG,KGZ,1974,NA
Kyrgyz Republic,KG,KGZ,1973,NA
Kyrgyz Republic,KG,KGZ,1972,NA
Kyrgyz Republic,KG,KGZ,1971,NA
Kyrgyz Republic,KG,KGZ,1970,NA
Kyrgyz Republic,KG,KGZ,1969,NA
Kyrgyz Republic,KG,KGZ,1968,NA
Kyrgyz Republic,KG,KGZ,1967,NA
Kyrgyz Republic,KG,KGZ,1966,NA
Kyrgyz Republic,KG,KGZ,1965,NA
Kyrgyz Republic,KG,KGZ,1964,NA
Kyrgyz Republic,KG,KGZ,1963,NA
Kyrgyz Republic,KG,KGZ,1962,NA
Kyrgyz Republic,KG,KGZ,1961,NA
Kyrgyz Republic,KG,KGZ,1960,NA
Lao PDR,LA,LAO,2024,NA
Lao PDR,LA,LAO,2023,35.2
Lao PDR,LA,LAO,2022,36.4
Lao PDR,LA,LAO,2021,37.7
Lao PDR,LA,LAO,2020,39
Lao PDR,LA,LAO,2019,40.4
Lao PDR,LA,LAO,2018,41.9
Lao PDR,LA,LAO,2017,43.5
Lao PDR,LA,LAO,2016,45.2
Lao PDR,LA,LAO,2015,47.1
Lao PDR,LA,LAO,2014,49.2
Lao PDR,LA,LAO,2013,51.4
Lao PDR,LA,LAO,2012,53.7
Lao PDR,LA,LAO,2011,56.1
Lao PDR,LA,LAO,2010,58.7
Lao PDR,LA,LAO,2009,61.3
Lao PDR,LA,LAO,2008,64.1
Lao PDR,LA,LAO,2007,66.9
Lao PDR,LA,LAO,2006,69.8
Lao PDR,LA,LAO,2005,72.7
Lao PDR,LA,LAO,2004,75.6
Lao PDR,LA,LAO,2003,78.4
Lao PDR,LA,LAO,2002,81.3
Lao PDR,LA,LAO,2001,84.1
Lao PDR,LA,LAO,2000,86.8
Lao PDR,LA,LAO,1999,89.5
Lao PDR,LA,LAO,1998,92.1
Lao PDR,LA,LAO,1997,94.6
Lao PDR,LA,LAO,1996,97.2
Lao PDR,LA,LAO,1995,99.9
Lao PDR,LA,LAO,1994,102.6
Lao PDR,LA,LAO,1993,105.3
Lao PDR,LA,LAO,1992,108.1
Lao PDR,LA,LAO,1991,110.7
Lao PDR,LA,LAO,1990,113.4
Lao PDR,LA,LAO,1989,115.9
Lao PDR,LA,LAO,1988,118.2
Lao PDR,LA,LAO,1987,120.4
Lao PDR,LA,LAO,1986,122.5
Lao PDR,LA,LAO,1985,124.5
Lao PDR,LA,LAO,1984,126.2
Lao PDR,LA,LAO,1983,127.9
Lao PDR,LA,LAO,1982,129.7
Lao PDR,LA,LAO,1981,131.5
Lao PDR,LA,LAO,1980,133.2
Lao PDR,LA,LAO,1979,135.1
Lao PDR,LA,LAO,1978,136.9
Lao PDR,LA,LAO,1977,NA
Lao PDR,LA,LAO,1976,NA
Lao PDR,LA,LAO,1975,NA
Lao PDR,LA,LAO,1974,NA
Lao PDR,LA,LAO,1973,NA
Lao PDR,LA,LAO,1972,NA
Lao PDR,LA,LAO,1971,NA
Lao PDR,LA,LAO,1970,NA
Lao PDR,LA,LAO,1969,NA
Lao PDR,LA,LAO,1968,NA
Lao PDR,LA,LAO,1967,NA
Lao PDR,LA,LAO,1966,NA
Lao PDR,LA,LAO,1965,NA
Lao PDR,LA,LAO,1964,NA
Lao PDR,LA,LAO,1963,NA
Lao PDR,LA,LAO,1962,NA
Lao PDR,LA,LAO,1961,NA
Lao PDR,LA,LAO,1960,NA
Latvia,LV,LVA,2024,NA
Latvia,LV,LVA,2023,2.5
Latvia,LV,LVA,2022,2.7
Latvia,LV,LVA,2021,2.9
Latvia,LV,LVA,2020,3.2
Latvia,LV,LVA,2019,3.4
Latvia,LV,LVA,2018,3.6
Latvia,LV,LVA,2017,3.7
Latvia,LV,LVA,2016,4
Latvia,LV,LVA,2015,4.3
Latvia,LV,LVA,2014,4.6
Latvia,LV,LVA,2013,5
Latvia,LV,LVA,2012,5.5
Latvia,LV,LVA,2011,6
Latvia,LV,LVA,2010,6.5
Latvia,LV,LVA,2009,6.9
Latvia,LV,LVA,2008,7.3
Latvia,LV,LVA,2007,7.7
Latvia,LV,LVA,2006,8.1
Latvia,LV,LVA,2005,8.6
Latvia,LV,LVA,2004,9.2
Latvia,LV,LVA,2003,9.7
Latvia,LV,LVA,2002,10.3
Latvia,LV,LVA,2001,10.8
Latvia,LV,LVA,2000,11.6
Latvia,LV,LVA,1999,12.5
Latvia,LV,LVA,1998,13.4
Latvia,LV,LVA,1997,14.4
Latvia,LV,LVA,1996,15.3
Latvia,LV,LVA,1995,15.8
Latvia,LV,LVA,1994,15.9
Latvia,LV,LVA,1993,15.7
Latvia,LV,LVA,1992,15.2
Latvia,LV,LVA,1991,14.3
Latvia,LV,LVA,1990,13.2
Latvia,LV,LVA,1989,12.2
Latvia,LV,LVA,1988,11.7
Latvia,LV,LVA,1987,11.9
Latvia,LV,LVA,1986,12.4
Latvia,LV,LVA,1985,13.2
Latvia,LV,LVA,1984,14
Latvia,LV,LVA,1983,14.7
Latvia,LV,LVA,1982,15.1
Latvia,LV,LVA,1981,15.2
Latvia,LV,LVA,1980,15.3
Latvia,LV,LVA,1979,15.2
Latvia,LV,LVA,1978,NA
Latvia,LV,LVA,1977,NA
Latvia,LV,LVA,1976,NA
Latvia,LV,LVA,1975,NA
Latvia,LV,LVA,1974,NA
Latvia,LV,LVA,1973,NA
Latvia,LV,LVA,1972,NA
Latvia,LV,LVA,1971,NA
Latvia,LV,LVA,1970,NA
Latvia,LV,LVA,1969,NA
Latvia,LV,LVA,1968,NA
Latvia,LV,LVA,1967,NA
Latvia,LV,LVA,1966,NA
Latvia,LV,LVA,1965,NA
Latvia,LV,LVA,1964,NA
Latvia,LV,LVA,1963,NA
Latvia,LV,LVA,1962,NA
Latvia,LV,LVA,1961,NA
Latvia,LV,LVA,1960,NA
Lebanon,LB,LBN,2024,NA
Lebanon,LB,LBN,2023,16
Lebanon,LB,LBN,2022,15.1
Lebanon,LB,LBN,2021,14.3
Lebanon,LB,LBN,2020,13.5
Lebanon,LB,LBN,2019,12.8
Lebanon,LB,LBN,2018,12.3
Lebanon,LB,LBN,2017,11.8
Lebanon,LB,LBN,2016,11.4
Lebanon,LB,LBN,2015,11.2
Lebanon,LB,LBN,2014,11
Lebanon,LB,LBN,2013,10.9
Lebanon,LB,LBN,2012,10.9
Lebanon,LB,LBN,2011,11
Lebanon,LB,LBN,2010,11.1
Lebanon,LB,LBN,2009,11.4
Lebanon,LB,LBN,2008,11.7
Lebanon,LB,LBN,2007,12.2
Lebanon,LB,LBN,2006,12.7
Lebanon,LB,LBN,2005,13.4
Lebanon,LB,LBN,2004,14.1
Lebanon,LB,LBN,2003,14.9
Lebanon,LB,LBN,2002,15.7
Lebanon,LB,LBN,2001,16.6
Lebanon,LB,LBN,2000,17.6
Lebanon,LB,LBN,1999,18.5
Lebanon,LB,LBN,1998,19.4
Lebanon,LB,LBN,1997,20.3
Lebanon,LB,LBN,1996,21.3
Lebanon,LB,LBN,1995,22.3
Lebanon,LB,LBN,1994,23.3
Lebanon,LB,LBN,1993,24.4
Lebanon,LB,LBN,1992,25.5
Lebanon,LB,LBN,1991,26.8
Lebanon,LB,LBN,1990,28.1
Lebanon,LB,LBN,1989,29.5
Lebanon,LB,LBN,1988,39.1
Lebanon,LB,LBN,1987,40.8
Lebanon,LB,LBN,1986,37.8
Lebanon,LB,LBN,1985,39.6
Lebanon,LB,LBN,1984,41.4
Lebanon,LB,LBN,1983,43.3
Lebanon,LB,LBN,1982,71.4
Lebanon,LB,LBN,1981,52.1
Lebanon,LB,LBN,1980,53.9
Lebanon,LB,LBN,1979,55.5
Lebanon,LB,LBN,1978,56
Lebanon,LB,LBN,1977,56.5
Lebanon,LB,LBN,1976,102.4
Lebanon,LB,LBN,1975,50.5
Lebanon,LB,LBN,1974,51.2
Lebanon,LB,LBN,1973,51.7
Lebanon,LB,LBN,1972,52.1
Lebanon,LB,LBN,1971,52.5
Lebanon,LB,LBN,1970,52.8
Lebanon,LB,LBN,1969,53.2
Lebanon,LB,LBN,1968,53.7
Lebanon,LB,LBN,1967,54.4
Lebanon,LB,LBN,1966,55.3
Lebanon,LB,LBN,1965,56.4
Lebanon,LB,LBN,1964,57.7
Lebanon,LB,LBN,1963,59.2
Lebanon,LB,LBN,1962,61
Lebanon,LB,LBN,1961,62.9
Lebanon,LB,LBN,1960,65
Lesotho,LS,LSO,2024,NA
Lesotho,LS,LSO,2023,55.4
Lesotho,LS,LSO,2022,57.6
Lesotho,LS,LSO,2021,59.8
Lesotho,LS,LSO,2020,61.2
Lesotho,LS,LSO,2019,63.3
Lesotho,LS,LSO,2018,64.9
Lesotho,LS,LSO,2017,68.2
Lesotho,LS,LSO,2016,68.3
Lesotho,LS,LSO,2015,69.3
Lesotho,LS,LSO,2014,71.2
Lesotho,LS,LSO,2013,72.8
Lesotho,LS,LSO,2012,73.1
Lesotho,LS,LSO,2011,73.3
Lesotho,LS,LSO,2010,76.1
Lesotho,LS,LSO,2009,78.3
Lesotho,LS,LSO,2008,83.1
Lesotho,LS,LSO,2007,80.2
Lesotho,LS,LSO,2006,81.7
Lesotho,LS,LSO,2005,81.4
Lesotho,LS,LSO,2004,80.2
Lesotho,LS,LSO,2003,79.2
Lesotho,LS,LSO,2002,78.5
Lesotho,LS,LSO,2001,78.3
Lesotho,LS,LSO,2000,78
Lesotho,LS,LSO,1999,77.4
Lesotho,LS,LSO,1998,76.7
Lesotho,LS,LSO,1997,76.4
Lesotho,LS,LSO,1996,76.3
Lesotho,LS,LSO,1995,75.9
Lesotho,LS,LSO,1994,75.3
Lesotho,LS,LSO,1993,74.4
Lesotho,LS,LSO,1992,73.8
Lesotho,LS,LSO,1991,73.9
Lesotho,LS,LSO,1990,74.5
Lesotho,LS,LSO,1989,75.6
Lesotho,LS,LSO,1988,77.2
Lesotho,LS,LSO,1987,79.1
Lesotho,LS,LSO,1986,81.3
Lesotho,LS,LSO,1985,83.9
Lesotho,LS,LSO,1984,87
Lesotho,LS,LSO,1983,90.5
Lesotho,LS,LSO,1982,94.4
Lesotho,LS,LSO,1981,98.6
Lesotho,LS,LSO,1980,103.2
Lesotho,LS,LSO,1979,107.8
Lesotho,LS,LSO,1978,112.5
Lesotho,LS,LSO,1977,117.2
Lesotho,LS,LSO,1976,121.7
Lesotho,LS,LSO,1975,126
Lesotho,LS,LSO,1974,129.7
Lesotho,LS,LSO,1973,132.8
Lesotho,LS,LSO,1972,135.4
Lesotho,LS,LSO,1971,137.7
Lesotho,LS,LSO,1970,139.9
Lesotho,LS,LSO,1969,141.9
Lesotho,LS,LSO,1968,143.2
Lesotho,LS,LSO,1967,144
Lesotho,LS,LSO,1966,144
Lesotho,LS,LSO,1965,143.2
Lesotho,LS,LSO,1964,142.1
Lesotho,LS,LSO,1963,140.6
Lesotho,LS,LSO,1962,139.1
Lesotho,LS,LSO,1961,138.1
Lesotho,LS,LSO,1960,137.7
Liberia,LR,LBR,2024,NA
Liberia,LR,LBR,2023,52.6
Liberia,LR,LBR,2022,53.9
Liberia,LR,LBR,2021,55.4
Liberia,LR,LBR,2020,56.8
Liberia,LR,LBR,2019,58.2
Liberia,LR,LBR,2018,59.4
Liberia,LR,LBR,2017,60.6
Liberia,LR,LBR,2016,61.8
Liberia,LR,LBR,2015,63.3
Liberia,LR,LBR,2014,66.5
Liberia,LR,LBR,2013,65.7
Liberia,LR,LBR,2012,67.3
Liberia,LR,LBR,2011,69
Liberia,LR,LBR,2010,70.8
Liberia,LR,LBR,2009,72.9
Liberia,LR,LBR,2008,75.5
Liberia,LR,LBR,2007,78.7
Liberia,LR,LBR,2006,82.8
Liberia,LR,LBR,2005,87.9
Liberia,LR,LBR,2004,93.9
Liberia,LR,LBR,2003,100.8
Liberia,LR,LBR,2002,108.2
Liberia,LR,LBR,2001,116
Liberia,LR,LBR,2000,123.9
Liberia,LR,LBR,1999,131.9
Liberia,LR,LBR,1998,139.5
Liberia,LR,LBR,1997,146.7
Liberia,LR,LBR,1996,153.5
Liberia,LR,LBR,1995,159.4
Liberia,LR,LBR,1994,164.5
Liberia,LR,LBR,1993,168.2
Liberia,LR,LBR,1992,170.5
Liberia,LR,LBR,1991,170.9
Liberia,LR,LBR,1990,169.6
Liberia,LR,LBR,1989,166.9
Liberia,LR,LBR,1988,163.4
Liberia,LR,LBR,1987,159.8
Liberia,LR,LBR,1986,156.7
Liberia,LR,LBR,1985,154.4
Liberia,LR,LBR,1984,153.1
Liberia,LR,LBR,1983,153.1
Liberia,LR,LBR,1982,153.8
Liberia,LR,LBR,1981,155.4
Liberia,LR,LBR,1980,157.4
Liberia,LR,LBR,1979,159.8
Liberia,LR,LBR,1978,162.2
Liberia,LR,LBR,1977,164.9
Liberia,LR,LBR,1976,167.7
Liberia,LR,LBR,1975,170.8
Liberia,LR,LBR,1974,174
Liberia,LR,LBR,1973,177.1
Liberia,LR,LBR,1972,180.2
Liberia,LR,LBR,1971,183.5
Liberia,LR,LBR,1970,186.8
Liberia,LR,LBR,1969,190
Liberia,LR,LBR,1968,193.4
Liberia,LR,LBR,1967,196.2
Liberia,LR,LBR,1966,198.4
Liberia,LR,LBR,1965,199.8
Liberia,LR,LBR,1964,200.9
Liberia,LR,LBR,1963,201.5
Liberia,LR,LBR,1962,201.6
Liberia,LR,LBR,1961,201.3
Liberia,LR,LBR,1960,200.6
Libya,LY,LBY,2024,NA
Libya,LY,LBY,2023,15.9
Libya,LY,LBY,2022,8.4
Libya,LY,LBY,2021,8.7
Libya,LY,LBY,2020,9
Libya,LY,LBY,2019,9.2
Libya,LY,LBY,2018,9.5
Libya,LY,LBY,2017,9.8
Libya,LY,LBY,2016,10.2
Libya,LY,LBY,2015,10.6
Libya,LY,LBY,2014,11
Libya,LY,LBY,2013,11.4
Libya,LY,LBY,2012,11.9
Libya,LY,LBY,2011,13.9
Libya,LY,LBY,2010,13
Libya,LY,LBY,2009,13.8
Libya,LY,LBY,2008,14.7
Libya,LY,LBY,2007,15.7
Libya,LY,LBY,2006,16.8
Libya,LY,LBY,2005,17.9
Libya,LY,LBY,2004,18.8
Libya,LY,LBY,2003,19.6
Libya,LY,LBY,2002,20.3
Libya,LY,LBY,2001,20.9
Libya,LY,LBY,2000,21.5
Libya,LY,LBY,1999,22.1
Libya,LY,LBY,1998,22.8
Libya,LY,LBY,1997,23.5
Libya,LY,LBY,1996,24.3
Libya,LY,LBY,1995,25.2
Libya,LY,LBY,1994,26.2
Libya,LY,LBY,1993,27.3
Libya,LY,LBY,1992,28.6
Libya,LY,LBY,1991,30
Libya,LY,LBY,1990,31.6
Libya,LY,LBY,1989,33.3
Libya,LY,LBY,1988,35.2
Libya,LY,LBY,1987,37.2
Libya,LY,LBY,1986,39.2
Libya,LY,LBY,1985,41.3
Libya,LY,LBY,1984,43.5
Libya,LY,LBY,1983,45.7
Libya,LY,LBY,1982,48
Libya,LY,LBY,1981,50.4
Libya,LY,LBY,1980,53
Libya,LY,LBY,1979,55.7
Libya,LY,LBY,1978,58.7
Libya,LY,LBY,1977,62
Libya,LY,LBY,1976,65.7
Libya,LY,LBY,1975,69.9
Libya,LY,LBY,1974,74.6
Libya,LY,LBY,1973,79.7
Libya,LY,LBY,1972,85.3
Libya,LY,LBY,1971,91.7
Libya,LY,LBY,1970,98.5
Libya,LY,LBY,1969,105.8
Libya,LY,LBY,1968,113.7
Libya,LY,LBY,1967,122.1
Libya,LY,LBY,1966,131
Libya,LY,LBY,1965,140.4
Libya,LY,LBY,1964,150.2
Libya,LY,LBY,1963,160.3
Libya,LY,LBY,1962,171.1
Libya,LY,LBY,1961,182.2
Libya,LY,LBY,1960,193.8
Liechtenstein,LI,LIE,2024,NA
Liechtenstein,LI,LIE,2023,NA
Liechtenstein,LI,LIE,2022,NA
Liechtenstein,LI,LIE,2021,NA
Liechtenstein,LI,LIE,2020,NA
Liechtenstein,LI,LIE,2019,NA
Liechtenstein,LI,LIE,2018,NA
Liechtenstein,LI,LIE,2017,NA
Liechtenstein,LI,LIE,2016,NA
Liechtenstein,LI,LIE,2015,NA
Liechtenstein,LI,LIE,2014,NA
Liechtenstein,LI,LIE,2013,NA
Liechtenstein,LI,LIE,2012,NA
Liechtenstein,LI,LIE,2011,NA
Liechtenstein,LI,LIE,2010,NA
Liechtenstein,LI,LIE,2009,NA
Liechtenstein,LI,LIE,2008,NA
Liechtenstein,LI,LIE,2007,NA
Liechtenstein,LI,LIE,2006,NA
Liechtenstein,LI,LIE,2005,NA
Liechtenstein,LI,LIE,2004,NA
Liechtenstein,LI,LIE,2003,NA
Liechtenstein,LI,LIE,2002,NA
Liechtenstein,LI,LIE,2001,NA
Liechtenstein,LI,LIE,2000,NA
Liechtenstein,LI,LIE,1999,NA
Liechtenstein,LI,LIE,1998,NA
Liechtenstein,LI,LIE,1997,NA
Liechtenstein,LI,LIE,1996,NA
Liechtenstein,LI,LIE,1995,NA
Liechtenstein,LI,LIE,1994,NA
Liechtenstein,LI,LIE,1993,NA
Liechtenstein,LI,LIE,1992,NA
Liechtenstein,LI,LIE,1991,NA
Liechtenstein,LI,LIE,1990,NA
Liechtenstein,LI,LIE,1989,NA
Liechtenstein,LI,LIE,1988,NA
Liechtenstein,LI,LIE,1987,NA
Liechtenstein,LI,LIE,1986,NA
Liechtenstein,LI,LIE,1985,NA
Liechtenstein,LI,LIE,1984,NA
Liechtenstein,LI,LIE,1983,NA
Liechtenstein,LI,LIE,1982,NA
Liechtenstein,LI,LIE,1981,NA
Liechtenstein,LI,LIE,1980,NA
Liechtenstein,LI,LIE,1979,NA
Liechtenstein,LI,LIE,1978,NA
Liechtenstein,LI,LIE,1977,NA
Liechtenstein,LI,LIE,1976,NA
Liechtenstein,LI,LIE,1975,NA
Liechtenstein,LI,LIE,1974,NA
Liechtenstein,LI,LIE,1973,NA
Liechtenstein,LI,LIE,1972,NA
Liechtenstein,LI,LIE,1971,NA
Liechtenstein,LI,LIE,1970,NA
Liechtenstein,LI,LIE,1969,NA
Liechtenstein,LI,LIE,1968,NA
Liechtenstein,LI,LIE,1967,NA
Liechtenstein,LI,LIE,1966,NA
Liechtenstein,LI,LIE,1965,NA
Liechtenstein,LI,LIE,1964,NA
Liechtenstein,LI,LIE,1963,NA
Liechtenstein,LI,LIE,1962,NA
Liechtenstein,LI,LIE,1961,NA
Liechtenstein,LI,LIE,1960,NA
Lithuania,LT,LTU,2024,NA
Lithuania,LT,LTU,2023,2.8
Lithuania,LT,LTU,2022,2.9
Lithuania,LT,LTU,2021,3
Lithuania,LT,LTU,2020,3.1
Lithuania,LT,LTU,2019,3.3
Lithuania,LT,LTU,2018,3.5
Lithuania,LT,LTU,2017,3.8
Lithuania,LT,LTU,2016,4
Lithuania,LT,LTU,2015,4.1
Lithuania,LT,LTU,2014,4.2
Lithuania,LT,LTU,2013,4.2
Lithuania,LT,LTU,2012,4.3
Lithuania,LT,LTU,2011,4.5
Lithuania,LT,LTU,2010,4.9
Lithuania,LT,LTU,2009,5.4
Lithuania,LT,LTU,2008,6
Lithuania,LT,LTU,2007,6.5
Lithuania,LT,LTU,2006,7
Lithuania,LT,LTU,2005,7.3
Lithuania,LT,LTU,2004,7.5
Lithuania,LT,LTU,2003,7.7
Lithuania,LT,LTU,2002,7.9
Lithuania,LT,LTU,2001,8.2
Lithuania,LT,LTU,2000,8.6
Lithuania,LT,LTU,1999,8.9
Lithuania,LT,LTU,1998,9.3
Lithuania,LT,LTU,1997,9.8
Lithuania,LT,LTU,1996,10.7
Lithuania,LT,LTU,1995,12
Lithuania,LT,LTU,1994,13.4
Lithuania,LT,LTU,1993,14.2
Lithuania,LT,LTU,1992,14.1
Lithuania,LT,LTU,1991,13.2
Lithuania,LT,LTU,1990,12
Lithuania,LT,LTU,1989,11.1
Lithuania,LT,LTU,1988,11.1
Lithuania,LT,LTU,1987,11.9
Lithuania,LT,LTU,1986,12.8
Lithuania,LT,LTU,1985,13.6
Lithuania,LT,LTU,1984,14.2
Lithuania,LT,LTU,1983,14.6
Lithuania,LT,LTU,1982,15
Lithuania,LT,LTU,1981,15.4
Lithuania,LT,LTU,1980,16
Lithuania,LT,LTU,1979,16.6
Lithuania,LT,LTU,1978,17.1
Lithuania,LT,LTU,1977,17.4
Lithuania,LT,LTU,1976,17.7
Lithuania,LT,LTU,1975,17.8
Lithuania,LT,LTU,1974,17.6
Lithuania,LT,LTU,1973,17
Lithuania,LT,LTU,1972,16.4
Lithuania,LT,LTU,1971,16.7
Lithuania,LT,LTU,1970,18.1
Lithuania,LT,LTU,1969,19.9
Lithuania,LT,LTU,1968,20.9
Lithuania,LT,LTU,1967,20.9
Lithuania,LT,LTU,1966,NA
Lithuania,LT,LTU,1965,NA
Lithuania,LT,LTU,1964,NA
Lithuania,LT,LTU,1963,NA
Lithuania,LT,LTU,1962,NA
Lithuania,LT,LTU,1961,NA
Lithuania,LT,LTU,1960,NA
Luxembourg,LU,LUX,2024,NA
Luxembourg,LU,LUX,2023,2
Luxembourg,LU,LUX,2022,2
Luxembourg,LU,LUX,2021,2.1
Luxembourg,LU,LUX,2020,2.1
Luxembourg,LU,LUX,2019,2.1
Luxembourg,LU,LUX,2018,2.1
Luxembourg,LU,LUX,2017,2.1
Luxembourg,LU,LUX,2016,2.1
Luxembourg,LU,LUX,2015,2.2
Luxembourg,LU,LUX,2014,2.2
Luxembourg,LU,LUX,2013,2.2
Luxembourg,LU,LUX,2012,2.3
Luxembourg,LU,LUX,2011,2.3
Luxembourg,LU,LUX,2010,2.4
Luxembourg,LU,LUX,2009,2.4
Luxembourg,LU,LUX,2008,2.5
Luxembourg,LU,LUX,2007,2.6
Luxembourg,LU,LUX,2006,2.7
Luxembourg,LU,LUX,2005,2.9
Luxembourg,LU,LUX,2004,3.1
Luxembourg,LU,LUX,2003,3.3
Luxembourg,LU,LUX,2002,3.5
Luxembourg,LU,LUX,2001,3.7
Luxembourg,LU,LUX,2000,3.9
Luxembourg,LU,LUX,1999,4.1
Luxembourg,LU,LUX,1998,4.4
Luxembourg,LU,LUX,1997,4.7
Luxembourg,LU,LUX,1996,5
Luxembourg,LU,LUX,1995,5.3
Luxembourg,LU,LUX,1994,5.7
Luxembourg,LU,LUX,1993,6.1
Luxembourg,LU,LUX,1992,6.5
Luxembourg,LU,LUX,1991,6.9
Luxembourg,LU,LUX,1990,7.3
Luxembourg,LU,LUX,1989,7.7
Luxembourg,LU,LUX,1988,8.2
Luxembourg,LU,LUX,1987,8.6
Luxembourg,LU,LUX,1986,9
Luxembourg,LU,LUX,1985,9.4
Luxembourg,LU,LUX,1984,9.8
Luxembourg,LU,LUX,1983,10.1
Luxembourg,LU,LUX,1982,10.5
Luxembourg,LU,LUX,1981,10.9
Luxembourg,LU,LUX,1980,11.3
Luxembourg,LU,LUX,1979,11.7
Luxembourg,LU,LUX,1978,12.2
Luxembourg,LU,LUX,1977,12.7
Luxembourg,LU,LUX,1976,13.4
Luxembourg,LU,LUX,1975,14.1
Luxembourg,LU,LUX,1974,15
Luxembourg,LU,LUX,1973,15.9
Luxembourg,LU,LUX,1972,16.9
Luxembourg,LU,LUX,1971,18
Luxembourg,LU,LUX,1970,19
Luxembourg,LU,LUX,1969,20.1
Luxembourg,LU,LUX,1968,21.1
Luxembourg,LU,LUX,1967,22.3
Luxembourg,LU,LUX,1966,23.4
Luxembourg,LU,LUX,1965,24.6
Luxembourg,LU,LUX,1964,25.9
Luxembourg,LU,LUX,1963,27.2
Luxembourg,LU,LUX,1962,28.7
Luxembourg,LU,LUX,1961,30.2
Luxembourg,LU,LUX,1960,31.7
"Macao SAR, China",MO,MAC,2024,NA
"Macao SAR, China",MO,MAC,2023,NA
"Macao SAR, China",MO,MAC,2022,NA
"Macao SAR, China",MO,MAC,2021,NA
"Macao SAR, China",MO,MAC,2020,NA
"Macao SAR, China",MO,MAC,2019,NA
"Macao SAR, China",MO,MAC,2018,NA
"Macao SAR, China",MO,MAC,2017,NA
"Macao SAR, China",MO,MAC,2016,NA
"Macao SAR, China",MO,MAC,2015,NA
"Macao SAR, China",MO,MAC,2014,NA
"Macao SAR, China",MO,MAC,2013,NA
"Macao SAR, China",MO,MAC,2012,NA
"Macao SAR, China",MO,MAC,2011,NA
"Macao SAR, China",MO,MAC,2010,NA
"Macao SAR, China",MO,MAC,2009,NA
"Macao SAR, China",MO,MAC,2008,NA
"Macao SAR, China",MO,MAC,2007,NA
"Macao SAR, China",MO,MAC,2006,NA
"Macao SAR, China",MO,MAC,2005,NA
"Macao SAR, China",MO,MAC,2004,NA
"Macao SAR, China",MO,MAC,2003,NA
"Macao SAR, China",MO,MAC,2002,NA
"Macao SAR, China",MO,MAC,2001,NA
"Macao SAR, China",MO,MAC,2000,NA
"Macao SAR, China",MO,MAC,1999,NA
"Macao SAR, China",MO,MAC,1998,NA
"Macao SAR, China",MO,MAC,1997,NA
"Macao SAR, China",MO,MAC,1996,NA
"Macao SAR, China",MO,MAC,1995,NA
"Macao SAR, China",MO,MAC,1994,NA
"Macao SAR, China",MO,MAC,1993,NA
"Macao SAR, China",MO,MAC,1992,NA
"Macao SAR, China",MO,MAC,1991,NA
"Macao SAR, China",MO,MAC,1990,NA
"Macao SAR, China",MO,MAC,1989,NA
"Macao SAR, China",MO,MAC,1988,NA
"Macao SAR, China",MO,MAC,1987,NA
"Macao SAR, China",MO,MAC,1986,NA
"Macao SAR, China",MO,MAC,1985,NA
"Macao SAR, China",MO,MAC,1984,NA
"Macao SAR, China",MO,MAC,1983,NA
"Macao SAR, China",MO,MAC,1982,NA
"Macao SAR, China",MO,MAC,1981,NA
"Macao SAR, China",MO,MAC,1980,NA
"Macao SAR, China",MO,MAC,1979,NA
"Macao SAR, China",MO,MAC,1978,NA
"Macao SAR, China",MO,MAC,1977,NA
"Macao SAR, China",MO,MAC,1976,NA
"Macao SAR, China",MO,MAC,1975,NA
"Macao SAR, China",MO,MAC,1974,NA
"Macao SAR, China",MO,MAC,1973,NA
"Macao SAR, China",MO,MAC,1972,NA
"Macao SAR, China",MO,MAC,1971,NA
"Macao SAR, China",MO,MAC,1970,NA
"Macao SAR, China",MO,MAC,1969,NA
"Macao SAR, China",MO,MAC,1968,NA
"Macao SAR, China",MO,MAC,1967,NA
"Macao SAR, China",MO,MAC,1966,NA
"Macao SAR, China",MO,MAC,1965,NA
"Macao SAR, China",MO,MAC,1964,NA
"Macao SAR, China",MO,MAC,1963,NA
"Macao SAR, China",MO,MAC,1962,NA
"Macao SAR, China",MO,MAC,1961,NA
"Macao SAR, China",MO,MAC,1960,NA
Madagascar,MG,MDG,2024,NA
Madagascar,MG,MDG,2023,44.2
Madagascar,MG,MDG,2022,44.7
Madagascar,MG,MDG,2021,44.9
Madagascar,MG,MDG,2020,44.7
Madagascar,MG,MDG,2019,44.5
Madagascar,MG,MDG,2018,44.2
Madagascar,MG,MDG,2017,43.9
Madagascar,MG,MDG,2016,43.8
Madagascar,MG,MDG,2015,43.8
Madagascar,MG,MDG,2014,43.9
Madagascar,MG,MDG,2013,44.1
Madagascar,MG,MDG,2012,44.6
Madagascar,MG,MDG,2011,45.2
Madagascar,MG,MDG,2010,46.2
Madagascar,MG,MDG,2009,47.4
Madagascar,MG,MDG,2008,48.8
Madagascar,MG,MDG,2007,50.4
Madagascar,MG,MDG,2006,52.3
Madagascar,MG,MDG,2005,54.2
Madagascar,MG,MDG,2004,56.2
Madagascar,MG,MDG,2003,58.3
Madagascar,MG,MDG,2002,60.6
Madagascar,MG,MDG,2001,63
Madagascar,MG,MDG,2000,65.5
Madagascar,MG,MDG,1999,68.3
Madagascar,MG,MDG,1998,71
Madagascar,MG,MDG,1997,73.8
Madagascar,MG,MDG,1996,76.6
Madagascar,MG,MDG,1995,79.1
Madagascar,MG,MDG,1994,81.5
Madagascar,MG,MDG,1993,83.8
Madagascar,MG,MDG,1992,86.1
Madagascar,MG,MDG,1991,88.5
Madagascar,MG,MDG,1990,91.1
Madagascar,MG,MDG,1989,93.7
Madagascar,MG,MDG,1988,96.3
Madagascar,MG,MDG,1987,98.4
Madagascar,MG,MDG,1986,100
Madagascar,MG,MDG,1985,100.8
Madagascar,MG,MDG,1984,100.8
Madagascar,MG,MDG,1983,100.1
Madagascar,MG,MDG,1982,98.7
Madagascar,MG,MDG,1981,97.1
Madagascar,MG,MDG,1980,95.2
Madagascar,MG,MDG,1979,93.5
Madagascar,MG,MDG,1978,92
Madagascar,MG,MDG,1977,90.4
Madagascar,MG,MDG,1976,88.8
Madagascar,MG,MDG,1975,87.1
Madagascar,MG,MDG,1974,85.2
Madagascar,MG,MDG,1973,83.4
Madagascar,MG,MDG,1972,81.6
Madagascar,MG,MDG,1971,NA
Madagascar,MG,MDG,1970,NA
Madagascar,MG,MDG,1969,NA
Madagascar,MG,MDG,1968,NA
Madagascar,MG,MDG,1967,NA
Madagascar,MG,MDG,1966,NA
Madagascar,MG,MDG,1965,NA
Madagascar,MG,MDG,1964,NA
Madagascar,MG,MDG,1963,NA
Madagascar,MG,MDG,1962,NA
Madagascar,MG,MDG,1961,NA
Madagascar,MG,MDG,1960,NA
Malawi,MW,MWI,2024,NA
Malawi,MW,MWI,2023,29.4
Malawi,MW,MWI,2022,30.5
Malawi,MW,MWI,2021,31.4
Malawi,MW,MWI,2020,32.3
Malawi,MW,MWI,2019,33.6
Malawi,MW,MWI,2018,34.5
Malawi,MW,MWI,2017,36.1
Malawi,MW,MWI,2016,37.6
Malawi,MW,MWI,2015,39.3
Malawi,MW,MWI,2014,41.4
Malawi,MW,MWI,2013,43.6
Malawi,MW,MWI,2012,46.6
Malawi,MW,MWI,2011,49.9
Malawi,MW,MWI,2010,53.6
Malawi,MW,MWI,2009,55.5
Malawi,MW,MWI,2008,57.3
Malawi,MW,MWI,2007,59.9
Malawi,MW,MWI,2006,61.9
Malawi,MW,MWI,2005,65.1
Malawi,MW,MWI,2004,70.2
Malawi,MW,MWI,2003,77.2
Malawi,MW,MWI,2002,85.1
Malawi,MW,MWI,2001,93.1
Malawi,MW,MWI,2000,100.2
Malawi,MW,MWI,1999,105.5
Malawi,MW,MWI,1998,109.1
Malawi,MW,MWI,1997,111.4
Malawi,MW,MWI,1996,113.2
Malawi,MW,MWI,1995,115.1
Malawi,MW,MWI,1994,118.2
Malawi,MW,MWI,1993,121.6
Malawi,MW,MWI,1992,125.5
Malawi,MW,MWI,1991,129.5
Malawi,MW,MWI,1990,133.1
Malawi,MW,MWI,1989,136
Malawi,MW,MWI,1988,137.8
Malawi,MW,MWI,1987,138
Malawi,MW,MWI,1986,136.7
Malawi,MW,MWI,1985,134.2
Malawi,MW,MWI,1984,131.3
Malawi,MW,MWI,1983,128.8
Malawi,MW,MWI,1982,127.8
Malawi,MW,MWI,1981,128.9
Malawi,MW,MWI,1980,131.7
Malawi,MW,MWI,1979,135.4
Malawi,MW,MWI,1978,139.8
Malawi,MW,MWI,1977,144.2
Malawi,MW,MWI,1976,148
Malawi,MW,MWI,1975,151.6
Malawi,MW,MWI,1974,155.2
Malawi,MW,MWI,1973,158.4
Malawi,MW,MWI,1972,161.3
Malawi,MW,MWI,1971,163.5
Malawi,MW,MWI,1970,164.8
Malawi,MW,MWI,1969,165.6
Malawi,MW,MWI,1968,165.8
Malawi,MW,MWI,1967,165.5
Malawi,MW,MWI,1966,165.1
Malawi,MW,MWI,1965,164.6
Malawi,MW,MWI,1964,164.1
Malawi,MW,MWI,1963,163.7
Malawi,MW,MWI,1962,163.3
Malawi,MW,MWI,1961,162.7
Malawi,MW,MWI,1960,NA
Malaysia,MY,MYS,2024,NA
Malaysia,MY,MYS,2023,6.8
Malaysia,MY,MYS,2022,6.7
Malaysia,MY,MYS,2021,6.7
Malaysia,MY,MYS,2020,6.7
Malaysia,MY,MYS,2019,6.7
Malaysia,MY,MYS,2018,6.7
Malaysia,MY,MYS,2017,6.7
Malaysia,MY,MYS,2016,6.7
Malaysia,MY,MYS,2015,6.6
Malaysia,MY,MYS,2014,6.6
Malaysia,MY,MYS,2013,6.5
Malaysia,MY,MYS,2012,6.5
Malaysia,MY,MYS,2011,6.5
Malaysia,MY,MYS,2010,6.5
Malaysia,MY,MYS,2009,6.5
Malaysia,MY,MYS,2008,6.5
Malaysia,MY,MYS,2007,6.5
Malaysia,MY,MYS,2006,6.5
Malaysia,MY,MYS,2005,6.5
Malaysia,MY,MYS,2004,6.6
Malaysia,MY,MYS,2003,6.7
Malaysia,MY,MYS,2002,6.9
Malaysia,MY,MYS,2001,7.2
Malaysia,MY,MYS,2000,7.7
Malaysia,MY,MYS,1999,8.3
Malaysia,MY,MYS,1998,8.9
Malaysia,MY,MYS,1997,9.4
Malaysia,MY,MYS,1996,9.9
Malaysia,MY,MYS,1995,10.2
Malaysia,MY,MYS,1994,10.6
Malaysia,MY,MYS,1993,11.1
Malaysia,MY,MYS,1992,11.6
Malaysia,MY,MYS,1991,12.1
Malaysia,MY,MYS,1990,12.7
Malaysia,MY,MYS,1989,13.3
Malaysia,MY,MYS,1988,14
Malaysia,MY,MYS,1987,14.7
Malaysia,MY,MYS,1986,15.6
Malaysia,MY,MYS,1985,16.5
Malaysia,MY,MYS,1984,17.6
Malaysia,MY,MYS,1983,18.8
Malaysia,MY,MYS,1982,20.1
Malaysia,MY,MYS,1981,21.5
Malaysia,MY,MYS,1980,23
Malaysia,MY,MYS,1979,24.6
Malaysia,MY,MYS,1978,26.2
Malaysia,MY,MYS,1977,28
Malaysia,MY,MYS,1976,29.8
Malaysia,MY,MYS,1975,31.8
Malaysia,MY,MYS,1974,33.8
Malaysia,MY,MYS,1973,35.8
Malaysia,MY,MYS,1972,37.8
Malaysia,MY,MYS,1971,39.7
Malaysia,MY,MYS,1970,41.4
Malaysia,MY,MYS,1969,42.9
Malaysia,MY,MYS,1968,44.5
Malaysia,MY,MYS,1967,46.2
Malaysia,MY,MYS,1966,48.2
Malaysia,MY,MYS,1965,50.5
Malaysia,MY,MYS,1964,53.2
Malaysia,MY,MYS,1963,56.3
Malaysia,MY,MYS,1962,59.9
Malaysia,MY,MYS,1961,63.9
Malaysia,MY,MYS,1960,68.3
Maldives,MV,MDV,2024,NA
Maldives,MV,MDV,2023,5
Maldives,MV,MDV,2022,5.3
Maldives,MV,MDV,2021,5.6
Maldives,MV,MDV,2020,6
Maldives,MV,MDV,2019,6.4
Maldives,MV,MDV,2018,6.9
Maldives,MV,MDV,2017,7.4
Maldives,MV,MDV,2016,8
Maldives,MV,MDV,2015,8.5
Maldives,MV,MDV,2014,9.1
Maldives,MV,MDV,2013,9.8
Maldives,MV,MDV,2012,10.4
Maldives,MV,MDV,2011,11.1
Maldives,MV,MDV,2010,11.9
Maldives,MV,MDV,2009,12.8
Maldives,MV,MDV,2008,13.9
Maldives,MV,MDV,2007,15.2
Maldives,MV,MDV,2006,16.7
Maldives,MV,MDV,2005,18.6
Maldives,MV,MDV,2004,21.8
Maldives,MV,MDV,2003,23.4
Maldives,MV,MDV,2002,26.5
Maldives,MV,MDV,2001,29.8
Maldives,MV,MDV,2000,33.5
Maldives,MV,MDV,1999,37.3
Maldives,MV,MDV,1998,41.2
Maldives,MV,MDV,1997,45.1
Maldives,MV,MDV,1996,48.9
Maldives,MV,MDV,1995,52.8
Maldives,MV,MDV,1994,56.7
Maldives,MV,MDV,1993,60.5
Maldives,MV,MDV,1992,64.2
Maldives,MV,MDV,1991,68
Maldives,MV,MDV,1990,71.8
Maldives,MV,MDV,1989,75.7
Maldives,MV,MDV,1988,79.8
Maldives,MV,MDV,1987,84.1
Maldives,MV,MDV,1986,88.6
Maldives,MV,MDV,1985,93.3
Maldives,MV,MDV,1984,98.2
Maldives,MV,MDV,1983,103.3
Maldives,MV,MDV,1982,108.8
Maldives,MV,MDV,1981,114.6
Maldives,MV,MDV,1980,120.8
Maldives,MV,MDV,1979,127.5
Maldives,MV,MDV,1978,134.4
Maldives,MV,MDV,1977,141.6
Maldives,MV,MDV,1976,149.2
Maldives,MV,MDV,1975,157.2
Maldives,MV,MDV,1974,165.5
Maldives,MV,MDV,1973,173.7
Maldives,MV,MDV,1972,181.8
Maldives,MV,MDV,1971,189.4
Maldives,MV,MDV,1970,196.2
Maldives,MV,MDV,1969,202.5
Maldives,MV,MDV,1968,208.3
Maldives,MV,MDV,1967,214.1
Maldives,MV,MDV,1966,219.7
Maldives,MV,MDV,1965,224.9
Maldives,MV,MDV,1964,229.8
Maldives,MV,MDV,1963,235
Maldives,MV,MDV,1962,239.5
Maldives,MV,MDV,1961,NA
Maldives,MV,MDV,1960,NA
Mali,ML,MLI,2024,NA
Mali,ML,MLI,2023,57.6
Mali,ML,MLI,2022,59
Mali,ML,MLI,2021,60.5
Mali,ML,MLI,2020,62.1
Mali,ML,MLI,2019,63.7
Mali,ML,MLI,2018,65.1
Mali,ML,MLI,2017,66.6
Mali,ML,MLI,2016,68
Mali,ML,MLI,2015,69.4
Mali,ML,MLI,2014,70.8
Mali,ML,MLI,2013,72.3
Mali,ML,MLI,2012,73.9
Mali,ML,MLI,2011,75.5
Mali,ML,MLI,2010,77.3
Mali,ML,MLI,2009,79.1
Mali,ML,MLI,2008,81.1
Mali,ML,MLI,2007,83.2
Mali,ML,MLI,2006,85.4
Mali,ML,MLI,2005,87.8
Mali,ML,MLI,2004,90.5
Mali,ML,MLI,2003,93.4
Mali,ML,MLI,2002,96.5
Mali,ML,MLI,2001,99.7
Mali,ML,MLI,2000,102.8
Mali,ML,MLI,1999,105.9
Mali,ML,MLI,1998,108.7
Mali,ML,MLI,1997,111.2
Mali,ML,MLI,1996,113.4
Mali,ML,MLI,1995,115.4
Mali,ML,MLI,1994,117.1
Mali,ML,MLI,1993,118.7
Mali,ML,MLI,1992,120.4
Mali,ML,MLI,1991,122.2
Mali,ML,MLI,1990,124.2
Mali,ML,MLI,1989,126.5
Mali,ML,MLI,1988,129
Mali,ML,MLI,1987,131.6
Mali,ML,MLI,1986,134.5
Mali,ML,MLI,1985,137.7
Mali,ML,MLI,1984,141.1
Mali,ML,MLI,1983,144.6
Mali,ML,MLI,1982,148.2
Mali,ML,MLI,1981,151.9
Mali,ML,MLI,1980,155.6
Mali,ML,MLI,1979,159.4
Mali,ML,MLI,1978,163.3
Mali,ML,MLI,1977,167.3
Mali,ML,MLI,1976,171.2
Mali,ML,MLI,1975,175.1
Mali,ML,MLI,1974,178.9
Mali,ML,MLI,1973,182.5
Mali,ML,MLI,1972,185.8
Mali,ML,MLI,1971,188.6
Mali,ML,MLI,1970,191.3
Mali,ML,MLI,1969,193.9
Mali,ML,MLI,1968,196.6
Mali,ML,MLI,1967,199.1
Mali,ML,MLI,1966,202.1
Mali,ML,MLI,1965,NA
Mali,ML,MLI,1964,NA
Mali,ML,MLI,1963,NA
Mali,ML,MLI,1962,NA
Mali,ML,MLI,1961,NA
Mali,ML,MLI,1960,NA
Malta,MT,MLT,2024,NA
Malta,MT,MLT,2023,4.8
Malta,MT,MLT,2022,5
Malta,MT,MLT,2021,5.1
Malta,MT,MLT,2020,5.2
Malta,MT,MLT,2019,5.4
Malta,MT,MLT,2018,5.5
Malta,MT,MLT,2017,5.6
Malta,MT,MLT,2016,5.7
Malta,MT,MLT,2015,5.8
Malta,MT,MLT,2014,5.9
Malta,MT,MLT,2013,5.9
Malta,MT,MLT,2012,6
Malta,MT,MLT,2011,6
Malta,MT,MLT,2010,6
Malta,MT,MLT,2009,6
Malta,MT,MLT,2008,6
Malta,MT,MLT,2007,6
Malta,MT,MLT,2006,6
Malta,MT,MLT,2005,6.1
Malta,MT,MLT,2004,6.1
Malta,MT,MLT,2003,6.2
Malta,MT,MLT,2002,6.3
Malta,MT,MLT,2001,6.5
Malta,MT,MLT,2000,6.7
Malta,MT,MLT,1999,6.9
Malta,MT,MLT,1998,7.2
Malta,MT,MLT,1997,7.6
Malta,MT,MLT,1996,7.9
Malta,MT,MLT,1995,8.2
Malta,MT,MLT,1994,8.6
Malta,MT,MLT,1993,8.9
Malta,MT,MLT,1992,9.3
Malta,MT,MLT,1991,9.6
Malta,MT,MLT,1990,10
Malta,MT,MLT,1989,10.4
Malta,MT,MLT,1988,10.8
Malta,MT,MLT,1987,11.3
Malta,MT,MLT,1986,11.7
Malta,MT,MLT,1985,12.3
Malta,MT,MLT,1984,12.8
Malta,MT,MLT,1983,13.3
Malta,MT,MLT,1982,13.8
Malta,MT,MLT,1981,14.4
Malta,MT,MLT,1980,15
Malta,MT,MLT,1979,15.6
Malta,MT,MLT,1978,16.3
Malta,MT,MLT,1977,17.1
Malta,MT,MLT,1976,18
Malta,MT,MLT,1975,19
Malta,MT,MLT,1974,20.1
Malta,MT,MLT,1973,21.3
Malta,MT,MLT,1972,22.5
Malta,MT,MLT,1971,23.7
Malta,MT,MLT,1970,24.9
Malta,MT,MLT,1969,26.1
Malta,MT,MLT,1968,27.3
Malta,MT,MLT,1967,28.5
Malta,MT,MLT,1966,29.6
Malta,MT,MLT,1965,30.7
Malta,MT,MLT,1964,31.6
Malta,MT,MLT,1963,32.5
Malta,MT,MLT,1962,33.4
Malta,MT,MLT,1961,34.5
Malta,MT,MLT,1960,35.8
Marshall Islands,MH,MHL,2024,NA
Marshall Islands,MH,MHL,2023,23.5
Marshall Islands,MH,MHL,2022,24.3
Marshall Islands,MH,MHL,2021,25
Marshall Islands,MH,MHL,2020,25.8
Marshall Islands,MH,MHL,2019,26.5
Marshall Islands,MH,MHL,2018,27.2
Marshall Islands,MH,MHL,2017,27.9
Marshall Islands,MH,MHL,2016,28.7
Marshall Islands,MH,MHL,2015,29.3
Marshall Islands,MH,MHL,2014,30
Marshall Islands,MH,MHL,2013,30.7
Marshall Islands,MH,MHL,2012,31.2
Marshall Islands,MH,MHL,2011,31.7
Marshall Islands,MH,MHL,2010,32
Marshall Islands,MH,MHL,2009,32.2
Marshall Islands,MH,MHL,2008,32.5
Marshall Islands,MH,MHL,2007,32.8
Marshall Islands,MH,MHL,2006,33
Marshall Islands,MH,MHL,2005,33.3
Marshall Islands,MH,MHL,2004,33.5
Marshall Islands,MH,MHL,2003,33.7
Marshall Islands,MH,MHL,2002,33.8
Marshall Islands,MH,MHL,2001,33.8
Marshall Islands,MH,MHL,2000,33.7
Marshall Islands,MH,MHL,1999,33.4
Marshall Islands,MH,MHL,1998,33.1
Marshall Islands,MH,MHL,1997,32.7
Marshall Islands,MH,MHL,1996,32.5
Marshall Islands,MH,MHL,1995,32.6
Marshall Islands,MH,MHL,1994,32.9
Marshall Islands,MH,MHL,1993,33.6
Marshall Islands,MH,MHL,1992,34.6
Marshall Islands,MH,MHL,1991,35.7
Marshall Islands,MH,MHL,1990,37
Marshall Islands,MH,MHL,1989,38.4
Marshall Islands,MH,MHL,1988,39.8
Marshall Islands,MH,MHL,1987,41.1
Marshall Islands,MH,MHL,1986,42.4
Marshall Islands,MH,MHL,1985,43.7
Marshall Islands,MH,MHL,1984,44.9
Marshall Islands,MH,MHL,1983,46.1
Marshall Islands,MH,MHL,1982,47.2
Marshall Islands,MH,MHL,1981,48.2
Marshall Islands,MH,MHL,1980,49
Marshall Islands,MH,MHL,1979,49.7
Marshall Islands,MH,MHL,1978,50.3
Marshall Islands,MH,MHL,1977,50.8
Marshall Islands,MH,MHL,1976,51.3
Marshall Islands,MH,MHL,1975,51.8
Marshall Islands,MH,MHL,1974,52.5
Marshall Islands,MH,MHL,1973,53.5
Marshall Islands,MH,MHL,1972,54.9
Marshall Islands,MH,MHL,1971,56.6
Marshall Islands,MH,MHL,1970,58.7
Marshall Islands,MH,MHL,1969,60.9
Marshall Islands,MH,MHL,1968,63.2
Marshall Islands,MH,MHL,1967,65.7
Marshall Islands,MH,MHL,1966,68.3
Marshall Islands,MH,MHL,1965,71.1
Marshall Islands,MH,MHL,1964,74
Marshall Islands,MH,MHL,1963,77.3
Marshall Islands,MH,MHL,1962,80.9
Marshall Islands,MH,MHL,1961,84.7
Marshall Islands,MH,MHL,1960,88.7
Mauritania,MR,MRT,2024,NA
Mauritania,MR,MRT,2023,31
Mauritania,MR,MRT,2022,32
Mauritania,MR,MRT,2021,32.9
Mauritania,MR,MRT,2020,33.8
Mauritania,MR,MRT,2019,34.8
Mauritania,MR,MRT,2018,35.8
Mauritania,MR,MRT,2017,36.7
Mauritania,MR,MRT,2016,37.6
Mauritania,MR,MRT,2015,38.5
Mauritania,MR,MRT,2014,39.3
Mauritania,MR,MRT,2013,40.1
Mauritania,MR,MRT,2012,40.8
Mauritania,MR,MRT,2011,41.5
Mauritania,MR,MRT,2010,42.4
Mauritania,MR,MRT,2009,43.4
Mauritania,MR,MRT,2008,44.8
Mauritania,MR,MRT,2007,46.7
Mauritania,MR,MRT,2006,49
Mauritania,MR,MRT,2005,51.8
Mauritania,MR,MRT,2004,55
Mauritania,MR,MRT,2003,58.4
Mauritania,MR,MRT,2002,61.8
Mauritania,MR,MRT,2001,64.9
Mauritania,MR,MRT,2000,67.6
Mauritania,MR,MRT,1999,69.7
Mauritania,MR,MRT,1998,71.3
Mauritania,MR,MRT,1997,72.2
Mauritania,MR,MRT,1996,72.7
Mauritania,MR,MRT,1995,72.8
Mauritania,MR,MRT,1994,72.7
Mauritania,MR,MRT,1993,72.5
Mauritania,MR,MRT,1992,72.4
Mauritania,MR,MRT,1991,72.4
Mauritania,MR,MRT,1990,72.7
Mauritania,MR,MRT,1989,73.5
Mauritania,MR,MRT,1988,75.1
Mauritania,MR,MRT,1987,77.6
Mauritania,MR,MRT,1986,80.5
Mauritania,MR,MRT,1985,84
Mauritania,MR,MRT,1984,87.4
Mauritania,MR,MRT,1983,90.5
Mauritania,MR,MRT,1982,92.9
Mauritania,MR,MRT,1981,95.2
Mauritania,MR,MRT,1980,97.5
Mauritania,MR,MRT,1979,99.8
Mauritania,MR,MRT,1978,102.2
Mauritania,MR,MRT,1977,104.7
Mauritania,MR,MRT,1976,106.5
Mauritania,MR,MRT,1975,107.5
Mauritania,MR,MRT,1974,107.5
Mauritania,MR,MRT,1973,106.9
Mauritania,MR,MRT,1972,105.8
Mauritania,MR,MRT,1971,105.1
Mauritania,MR,MRT,1970,105.2
Mauritania,MR,MRT,1969,106.4
Mauritania,MR,MRT,1968,108.5
Mauritania,MR,MRT,1967,111.5
Mauritania,MR,MRT,1966,114.5
Mauritania,MR,MRT,1965,117.4
Mauritania,MR,MRT,1964,120
Mauritania,MR,MRT,1963,122.7
Mauritania,MR,MRT,1962,125.1
Mauritania,MR,MRT,1961,127.6
Mauritania,MR,MRT,1960,130.1
Mauritius,MU,MUS,2024,NA
Mauritius,MU,MUS,2023,13.5
Mauritius,MU,MUS,2022,13.8
Mauritius,MU,MUS,2021,14
Mauritius,MU,MUS,2020,14.1
Mauritius,MU,MUS,2019,13.9
Mauritius,MU,MUS,2018,13.6
Mauritius,MU,MUS,2017,13.2
Mauritius,MU,MUS,2016,13
Mauritius,MU,MUS,2015,13
Mauritius,MU,MUS,2014,13
Mauritius,MU,MUS,2013,13.1
Mauritius,MU,MUS,2012,13.2
Mauritius,MU,MUS,2011,13.1
Mauritius,MU,MUS,2010,13
Mauritius,MU,MUS,2009,13
Mauritius,MU,MUS,2008,13.2
Mauritius,MU,MUS,2007,13.4
Mauritius,MU,MUS,2006,13.5
Mauritius,MU,MUS,2005,13.6
Mauritius,MU,MUS,2004,13.8
Mauritius,MU,MUS,2003,14.1
Mauritius,MU,MUS,2002,14.6
Mauritius,MU,MUS,2001,15.4
Mauritius,MU,MUS,2000,16.6
Mauritius,MU,MUS,1999,17.8
Mauritius,MU,MUS,1998,19
Mauritius,MU,MUS,1997,19.7
Mauritius,MU,MUS,1996,19.8
Mauritius,MU,MUS,1995,19.4
Mauritius,MU,MUS,1994,18.8
Mauritius,MU,MUS,1993,18.4
Mauritius,MU,MUS,1992,18.4
Mauritius,MU,MUS,1991,18.9
Mauritius,MU,MUS,1990,19.9
Mauritius,MU,MUS,1989,21.4
Mauritius,MU,MUS,1988,23
Mauritius,MU,MUS,1987,24.1
Mauritius,MU,MUS,1986,24.2
Mauritius,MU,MUS,1985,23.8
Mauritius,MU,MUS,1984,24.2
Mauritius,MU,MUS,1983,25.9
Mauritius,MU,MUS,1982,28.3
Mauritius,MU,MUS,1981,30.5
Mauritius,MU,MUS,1980,32.2
Mauritius,MU,MUS,1979,33.9
Mauritius,MU,MUS,1978,36.2
Mauritius,MU,MUS,1977,39.4
Mauritius,MU,MUS,1976,44
Mauritius,MU,MUS,1975,49.5
Mauritius,MU,MUS,1974,54.4
Mauritius,MU,MUS,1973,57.4
Mauritius,MU,MUS,1972,58.8
Mauritius,MU,MUS,1971,59.6
Mauritius,MU,MUS,1970,60.6
Mauritius,MU,MUS,1969,62.9
Mauritius,MU,MUS,1968,66.2
Mauritius,MU,MUS,1967,67.9
Mauritius,MU,MUS,1966,65.2
Mauritius,MU,MUS,1965,60.6
Mauritius,MU,MUS,1964,58.3
Mauritius,MU,MUS,1963,60
Mauritius,MU,MUS,1962,63.4
Mauritius,MU,MUS,1961,66.1
Mauritius,MU,MUS,1960,67.8
Mexico,MX,MEX,2024,NA
Mexico,MX,MEX,2023,10.8
Mexico,MX,MEX,2022,11.1
Mexico,MX,MEX,2021,11.5
Mexico,MX,MEX,2020,11.8
Mexico,MX,MEX,2019,12.2
Mexico,MX,MEX,2018,12.6
Mexico,MX,MEX,2017,13
Mexico,MX,MEX,2016,13.5
Mexico,MX,MEX,2015,13.9
Mexico,MX,MEX,2014,14.3
Mexico,MX,MEX,2013,14.8
Mexico,MX,MEX,2012,15.2
Mexico,MX,MEX,2011,15.7
Mexico,MX,MEX,2010,16.2
Mexico,MX,MEX,2009,16.8
Mexico,MX,MEX,2008,17.3
Mexico,MX,MEX,2007,17.9
Mexico,MX,MEX,2006,18.5
Mexico,MX,MEX,2005,19.2
Mexico,MX,MEX,2004,20
Mexico,MX,MEX,2003,20.8
Mexico,MX,MEX,2002,21.7
Mexico,MX,MEX,2001,22.7
Mexico,MX,MEX,2000,23.7
Mexico,MX,MEX,1999,24.9
Mexico,MX,MEX,1998,26.1
Mexico,MX,MEX,1997,27.3
Mexico,MX,MEX,1996,28.6
Mexico,MX,MEX,1995,30
Mexico,MX,MEX,1994,31.4
Mexico,MX,MEX,1993,32.9
Mexico,MX,MEX,1992,34.5
Mexico,MX,MEX,1991,36.1
Mexico,MX,MEX,1990,37.8
Mexico,MX,MEX,1989,39.6
Mexico,MX,MEX,1988,41.4
Mexico,MX,MEX,1987,43.2
Mexico,MX,MEX,1986,45.1
Mexico,MX,MEX,1985,47.1
Mexico,MX,MEX,1984,49.1
Mexico,MX,MEX,1983,51.3
Mexico,MX,MEX,1982,53.5
Mexico,MX,MEX,1981,55.8
Mexico,MX,MEX,1980,58.2
Mexico,MX,MEX,1979,60.6
Mexico,MX,MEX,1978,63
Mexico,MX,MEX,1977,65.3
Mexico,MX,MEX,1976,67.7
Mexico,MX,MEX,1975,70
Mexico,MX,MEX,1974,72.2
Mexico,MX,MEX,1973,74.5
Mexico,MX,MEX,1972,76.8
Mexico,MX,MEX,1971,79.1
Mexico,MX,MEX,1970,81.4
Mexico,MX,MEX,1969,83.6
Mexico,MX,MEX,1968,85.8
Mexico,MX,MEX,1967,88.1
Mexico,MX,MEX,1966,90.2
Mexico,MX,MEX,1965,92.4
Mexico,MX,MEX,1964,94.7
Mexico,MX,MEX,1963,97.1
Mexico,MX,MEX,1962,99.7
Mexico,MX,MEX,1961,102.4
Mexico,MX,MEX,1960,105.3
"Micronesia, Fed. Sts.",FM,FSM,2024,NA
"Micronesia, Fed. Sts.",FM,FSM,2023,20.8
"Micronesia, Fed. Sts.",FM,FSM,2022,21.5
"Micronesia, Fed. Sts.",FM,FSM,2021,22.2
"Micronesia, Fed. Sts.",FM,FSM,2020,22.9
"Micronesia, Fed. Sts.",FM,FSM,2019,23.6
"Micronesia, Fed. Sts.",FM,FSM,2018,24.3
"Micronesia, Fed. Sts.",FM,FSM,2017,25
"Micronesia, Fed. Sts.",FM,FSM,2016,25.7
"Micronesia, Fed. Sts.",FM,FSM,2015,26.5
"Micronesia, Fed. Sts.",FM,FSM,2014,27.3
"Micronesia, Fed. Sts.",FM,FSM,2013,28.1
"Micronesia, Fed. Sts.",FM,FSM,2012,28.9
"Micronesia, Fed. Sts.",FM,FSM,2011,29.7
"Micronesia, Fed. Sts.",FM,FSM,2010,30.3
"Micronesia, Fed. Sts.",FM,FSM,2009,30.8
"Micronesia, Fed. Sts.",FM,FSM,2008,31.2
"Micronesia, Fed. Sts.",FM,FSM,2007,31.5
"Micronesia, Fed. Sts.",FM,FSM,2006,31.6
"Micronesia, Fed. Sts.",FM,FSM,2005,31.5
"Micronesia, Fed. Sts.",FM,FSM,2004,31.6
"Micronesia, Fed. Sts.",FM,FSM,2003,31.8
"Micronesia, Fed. Sts.",FM,FSM,2002,33.9
"Micronesia, Fed. Sts.",FM,FSM,2001,32.7
"Micronesia, Fed. Sts.",FM,FSM,2000,33.4
"Micronesia, Fed. Sts.",FM,FSM,1999,34.3
"Micronesia, Fed. Sts.",FM,FSM,1998,35.3
"Micronesia, Fed. Sts.",FM,FSM,1997,36.2
"Micronesia, Fed. Sts.",FM,FSM,1996,37.2
"Micronesia, Fed. Sts.",FM,FSM,1995,38
"Micronesia, Fed. Sts.",FM,FSM,1994,38.6
"Micronesia, Fed. Sts.",FM,FSM,1993,39.3
"Micronesia, Fed. Sts.",FM,FSM,1992,40
"Micronesia, Fed. Sts.",FM,FSM,1991,40.8
"Micronesia, Fed. Sts.",FM,FSM,1990,41.8
"Micronesia, Fed. Sts.",FM,FSM,1989,42.8
"Micronesia, Fed. Sts.",FM,FSM,1988,44
"Micronesia, Fed. Sts.",FM,FSM,1987,45.3
"Micronesia, Fed. Sts.",FM,FSM,1986,46.4
"Micronesia, Fed. Sts.",FM,FSM,1985,47.4
"Micronesia, Fed. Sts.",FM,FSM,1984,48.2
"Micronesia, Fed. Sts.",FM,FSM,1983,48.7
"Micronesia, Fed. Sts.",FM,FSM,1982,49.2
"Micronesia, Fed. Sts.",FM,FSM,1981,49.8
"Micronesia, Fed. Sts.",FM,FSM,1980,50.4
"Micronesia, Fed. Sts.",FM,FSM,1979,51.3
"Micronesia, Fed. Sts.",FM,FSM,1978,52.3
"Micronesia, Fed. Sts.",FM,FSM,1977,53.6
"Micronesia, Fed. Sts.",FM,FSM,1976,54.9
"Micronesia, Fed. Sts.",FM,FSM,1975,56.4
"Micronesia, Fed. Sts.",FM,FSM,1974,58.1
"Micronesia, Fed. Sts.",FM,FSM,1973,60
"Micronesia, Fed. Sts.",FM,FSM,1972,62
"Micronesia, Fed. Sts.",FM,FSM,1971,64.1
"Micronesia, Fed. Sts.",FM,FSM,1970,66.4
"Micronesia, Fed. Sts.",FM,FSM,1969,68.9
"Micronesia, Fed. Sts.",FM,FSM,1968,71.6
"Micronesia, Fed. Sts.",FM,FSM,1967,74.3
"Micronesia, Fed. Sts.",FM,FSM,1966,77.2
"Micronesia, Fed. Sts.",FM,FSM,1965,80.1
"Micronesia, Fed. Sts.",FM,FSM,1964,83.1
"Micronesia, Fed. Sts.",FM,FSM,1963,86.3
"Micronesia, Fed. Sts.",FM,FSM,1962,89.5
"Micronesia, Fed. Sts.",FM,FSM,1961,92.8
"Micronesia, Fed. Sts.",FM,FSM,1960,96.5
Moldova,MD,MDA,2024,NA
Moldova,MD,MDA,2023,13.5
Moldova,MD,MDA,2022,13.6
Moldova,MD,MDA,2021,13.6
Moldova,MD,MDA,2020,13.7
Moldova,MD,MDA,2019,13.7
Moldova,MD,MDA,2018,13.8
Moldova,MD,MDA,2017,13.9
Moldova,MD,MDA,2016,14
Moldova,MD,MDA,2015,14.2
Moldova,MD,MDA,2014,14.4
Moldova,MD,MDA,2013,14.6
Moldova,MD,MDA,2012,14.8
Moldova,MD,MDA,2011,15.1
Moldova,MD,MDA,2010,15.3
Moldova,MD,MDA,2009,15.6
Moldova,MD,MDA,2008,16
Moldova,MD,MDA,2007,16.5
Moldova,MD,MDA,2006,17.2
Moldova,MD,MDA,2005,18
Moldova,MD,MDA,2004,19.3
Moldova,MD,MDA,2003,21
Moldova,MD,MDA,2002,23
Moldova,MD,MDA,2001,25.4
Moldova,MD,MDA,2000,27.9
Moldova,MD,MDA,1999,30.2
Moldova,MD,MDA,1998,32.1
Moldova,MD,MDA,1997,33.5
Moldova,MD,MDA,1996,34
Moldova,MD,MDA,1995,33.8
Moldova,MD,MDA,1994,33
Moldova,MD,MDA,1993,31.7
Moldova,MD,MDA,1992,30.4
Moldova,MD,MDA,1991,29.5
Moldova,MD,MDA,1990,29.1
Moldova,MD,MDA,1989,29.3
Moldova,MD,MDA,1988,30
Moldova,MD,MDA,1987,31.2
Moldova,MD,MDA,1986,32.6
Moldova,MD,MDA,1985,34.1
Moldova,MD,MDA,1984,35.8
Moldova,MD,MDA,1983,37.4
Moldova,MD,MDA,1982,38.9
Moldova,MD,MDA,1981,40.2
Moldova,MD,MDA,1980,41.3
Moldova,MD,MDA,1979,42.4
Moldova,MD,MDA,1978,43.3
Moldova,MD,MDA,1977,44.4
Moldova,MD,MDA,1976,45.4
Moldova,MD,MDA,1975,46.5
Moldova,MD,MDA,1974,47.7
Moldova,MD,MDA,1973,48.9
Moldova,MD,MDA,1972,49.9
Moldova,MD,MDA,1971,51.2
Moldova,MD,MDA,1970,NA
Moldova,MD,MDA,1969,NA
Moldova,MD,MDA,1968,NA
Moldova,MD,MDA,1967,NA
Moldova,MD,MDA,1966,NA
Moldova,MD,MDA,1965,NA
Moldova,MD,MDA,1964,NA
Moldova,MD,MDA,1963,NA
Moldova,MD,MDA,1962,NA
Moldova,MD,MDA,1961,NA
Moldova,MD,MDA,1960,NA
Monaco,MC,MCO,2024,NA
Monaco,MC,MCO,2023,2.3
Monaco,MC,MCO,2022,2.3
Monaco,MC,MCO,2021,2.4
Monaco,MC,MCO,2020,2.5
Monaco,MC,MCO,2019,2.6
Monaco,MC,MCO,2018,2.6
Monaco,MC,MCO,2017,2.7
Monaco,MC,MCO,2016,2.8
Monaco,MC,MCO,2015,2.9
Monaco,MC,MCO,2014,3
Monaco,MC,MCO,2013,3
Monaco,MC,MCO,2012,3.1
Monaco,MC,MCO,2011,3.2
Monaco,MC,MCO,2010,3.3
Monaco,MC,MCO,2009,3.3
Monaco,MC,MCO,2008,3.4
Monaco,MC,MCO,2007,3.5
Monaco,MC,MCO,2006,3.6
Monaco,MC,MCO,2005,3.7
Monaco,MC,MCO,2004,3.7
Monaco,MC,MCO,2003,3.8
Monaco,MC,MCO,2002,4
Monaco,MC,MCO,2001,4.1
Monaco,MC,MCO,2000,4.2
Monaco,MC,MCO,1999,4.4
Monaco,MC,MCO,1998,4.5
Monaco,MC,MCO,1997,4.7
Monaco,MC,MCO,1996,4.9
Monaco,MC,MCO,1995,5.1
Monaco,MC,MCO,1994,5.3
Monaco,MC,MCO,1993,5.5
Monaco,MC,MCO,1992,5.8
Monaco,MC,MCO,1991,6.1
Monaco,MC,MCO,1990,6.3
Monaco,MC,MCO,1989,6.6
Monaco,MC,MCO,1988,6.9
Monaco,MC,MCO,1987,7.3
Monaco,MC,MCO,1986,7.6
Monaco,MC,MCO,1985,8
Monaco,MC,MCO,1984,NA
Monaco,MC,MCO,1983,NA
Monaco,MC,MCO,1982,NA
Monaco,MC,MCO,1981,NA
Monaco,MC,MCO,1980,NA
Monaco,MC,MCO,1979,NA
Monaco,MC,MCO,1978,NA
Monaco,MC,MCO,1977,NA
Monaco,MC,MCO,1976,NA
Monaco,MC,MCO,1975,NA
Monaco,MC,MCO,1974,NA
Monaco,MC,MCO,1973,NA
Monaco,MC,MCO,1972,NA
Monaco,MC,MCO,1971,NA
Monaco,MC,MCO,1970,NA
Monaco,MC,MCO,1969,NA
Monaco,MC,MCO,1968,NA
Monaco,MC,MCO,1967,NA
Monaco,MC,MCO,1966,NA
Monaco,MC,MCO,1965,NA
Monaco,MC,MCO,1964,NA
Monaco,MC,MCO,1963,NA
Monaco,MC,MCO,1962,NA
Monaco,MC,MCO,1961,NA
Monaco,MC,MCO,1960,NA
Mongolia,MN,MNG,2024,NA
Mongolia,MN,MNG,2023,11.4
Mongolia,MN,MNG,2022,11.6
Mongolia,MN,MNG,2021,11.8
Mongolia,MN,MNG,2020,12.2
Mongolia,MN,MNG,2019,12.8
Mongolia,MN,MNG,2018,13.5
Mongolia,MN,MNG,2017,14.2
Mongolia,MN,MNG,2016,15
Mongolia,MN,MNG,2015,15.7
Mongolia,MN,MNG,2014,16.5
Mongolia,MN,MNG,2013,17.3
Mongolia,MN,MNG,2012,18.2
Mongolia,MN,MNG,2011,19.4
Mongolia,MN,MNG,2010,20.8
Mongolia,MN,MNG,2009,22.5
Mongolia,MN,MNG,2008,24.4
Mongolia,MN,MNG,2007,26.6
Mongolia,MN,MNG,2006,28.9
Mongolia,MN,MNG,2005,31.5
Mongolia,MN,MNG,2004,34.4
Mongolia,MN,MNG,2003,37.4
Mongolia,MN,MNG,2002,40.6
Mongolia,MN,MNG,2001,44
Mongolia,MN,MNG,2000,47.4
Mongolia,MN,MNG,1999,50.8
Mongolia,MN,MNG,1998,54.1
Mongolia,MN,MNG,1997,57.2
Mongolia,MN,MNG,1996,60
Mongolia,MN,MNG,1995,62.5
Mongolia,MN,MNG,1994,64.8
Mongolia,MN,MNG,1993,67
Mongolia,MN,MNG,1992,69
Mongolia,MN,MNG,1991,71.2
Mongolia,MN,MNG,1990,73.5
Mongolia,MN,MNG,1989,75.9
Mongolia,MN,MNG,1988,78.5
Mongolia,MN,MNG,1987,81.2
Mongolia,MN,MNG,1986,83.7
Mongolia,MN,MNG,1985,86.1
Mongolia,MN,MNG,1984,88.2
Mongolia,MN,MNG,1983,90.1
Mongolia,MN,MNG,1982,92
Mongolia,MN,MNG,1981,93.8
Mongolia,MN,MNG,1980,95.4
Mongolia,MN,MNG,1979,NA
Mongolia,MN,MNG,1978,NA
Mongolia,MN,MNG,1977,NA
Mongolia,MN,MNG,1976,NA
Mongolia,MN,MNG,1975,NA
Mongolia,MN,MNG,1974,NA
Mongolia,MN,MNG,1973,NA
Mongolia,MN,MNG,1972,NA
Mongolia,MN,MNG,1971,NA
Mongolia,MN,MNG,1970,NA
Mongolia,MN,MNG,1969,NA
Mongolia,MN,MNG,1968,NA
Mongolia,MN,MNG,1967,NA
Mongolia,MN,MNG,1966,NA
Mongolia,MN,MNG,1965,NA
Mongolia,MN,MNG,1964,NA
Mongolia,MN,MNG,1963,NA
Mongolia,MN,MNG,1962,NA
Mongolia,MN,MNG,1961,NA
Mongolia,MN,MNG,1960,NA
Montenegro,ME,MNE,2024,NA
Montenegro,ME,MNE,2023,2.1
Montenegro,ME,MNE,2022,2.2
Montenegro,ME,MNE,2021,2.3
Montenegro,ME,MNE,2020,2.5
Montenegro,ME,MNE,2019,2.6
Montenegro,ME,MNE,2018,2.8
Montenegro,ME,MNE,2017,3
Montenegro,ME,MNE,2016,3.2
Montenegro,ME,MNE,2015,3.5
Montenegro,ME,MNE,2014,3.8
Montenegro,ME,MNE,2013,4.2
Montenegro,ME,MNE,2012,4.6
Montenegro,ME,MNE,2011,5.1
Montenegro,ME,MNE,2010,5.7
Montenegro,ME,MNE,2009,6.3
Montenegro,ME,MNE,2008,7
Montenegro,ME,MNE,2007,7.8
Montenegro,ME,MNE,2006,8.5
Montenegro,ME,MNE,2005,9.3
Montenegro,ME,MNE,2004,10.1
Montenegro,ME,MNE,2003,10.8
Montenegro,ME,MNE,2002,11.5
Montenegro,ME,MNE,2001,12.2
Montenegro,ME,MNE,2000,12.7
Montenegro,ME,MNE,1999,13.1
Montenegro,ME,MNE,1998,13.3
Montenegro,ME,MNE,1997,13.5
Montenegro,ME,MNE,1996,13.5
Montenegro,ME,MNE,1995,13.5
Montenegro,ME,MNE,1994,13.5
Montenegro,ME,MNE,1993,13.6
Montenegro,ME,MNE,1992,13.8
Montenegro,ME,MNE,1991,14.2
Montenegro,ME,MNE,1990,14.8
Montenegro,ME,MNE,1989,15.7
Montenegro,ME,MNE,1988,17
Montenegro,ME,MNE,1987,18.5
Montenegro,ME,MNE,1986,20.3
Montenegro,ME,MNE,1985,22.3
Montenegro,ME,MNE,1984,24.5
Montenegro,ME,MNE,1983,NA
Montenegro,ME,MNE,1982,NA
Montenegro,ME,MNE,1981,NA
Montenegro,ME,MNE,1980,NA
Montenegro,ME,MNE,1979,NA
Montenegro,ME,MNE,1978,NA
Montenegro,ME,MNE,1977,NA
Montenegro,ME,MNE,1976,NA
Montenegro,ME,MNE,1975,NA
Montenegro,ME,MNE,1974,NA
Montenegro,ME,MNE,1973,NA
Montenegro,ME,MNE,1972,NA
Montenegro,ME,MNE,1971,NA
Montenegro,ME,MNE,1970,NA
Montenegro,ME,MNE,1969,NA
Montenegro,ME,MNE,1968,NA
Montenegro,ME,MNE,1967,NA
Montenegro,ME,MNE,1966,NA
Montenegro,ME,MNE,1965,NA
Montenegro,ME,MNE,1964,NA
Montenegro,ME,MNE,1963,NA
Montenegro,ME,MNE,1962,NA
Montenegro,ME,MNE,1961,NA
Montenegro,ME,MNE,1960,NA
Morocco,MA,MAR,2024,NA
Morocco,MA,MAR,2023,15.5
Morocco,MA,MAR,2022,16
Morocco,MA,MAR,2021,16.6
Morocco,MA,MAR,2020,17.3
Morocco,MA,MAR,2019,18
Morocco,MA,MAR,2018,18.7
Morocco,MA,MAR,2017,19.6
Morocco,MA,MAR,2016,20.5
Morocco,MA,MAR,2015,21.6
Morocco,MA,MAR,2014,22.7
Morocco,MA,MAR,2013,24
Morocco,MA,MAR,2012,25.3
Morocco,MA,MAR,2011,26.7
Morocco,MA,MAR,2010,28.2
Morocco,MA,MAR,2009,29.7
Morocco,MA,MAR,2008,31.4
Morocco,MA,MAR,2007,33.1
Morocco,MA,MAR,2006,34.9
Morocco,MA,MAR,2005,36.7
Morocco,MA,MAR,2004,38.5
Morocco,MA,MAR,2003,40.2
Morocco,MA,MAR,2002,41.9
Morocco,MA,MAR,2001,43.5
Morocco,MA,MAR,2000,45.2
Morocco,MA,MAR,1999,46.9
Morocco,MA,MAR,1998,48.7
Morocco,MA,MAR,1997,50.5
Morocco,MA,MAR,1996,52.4
Morocco,MA,MAR,1995,54.4
Morocco,MA,MAR,1994,56.4
Morocco,MA,MAR,1993,58.5
Morocco,MA,MAR,1992,60.6
Morocco,MA,MAR,1991,62.8
Morocco,MA,MAR,1990,65.1
Morocco,MA,MAR,1989,67.6
Morocco,MA,MAR,1988,70.2
Morocco,MA,MAR,1987,73.1
Morocco,MA,MAR,1986,76.2
Morocco,MA,MAR,1985,79.6
Morocco,MA,MAR,1984,83.2
Morocco,MA,MAR,1983,86.9
Morocco,MA,MAR,1982,90.8
Morocco,MA,MAR,1981,94.8
Morocco,MA,MAR,1980,98.9
Morocco,MA,MAR,1979,103.1
Morocco,MA,MAR,1978,107.2
Morocco,MA,MAR,1977,111.1
Morocco,MA,MAR,1976,114.7
Morocco,MA,MAR,1975,117.8
Morocco,MA,MAR,1974,120.4
Morocco,MA,MAR,1973,122.3
Morocco,MA,MAR,1972,123.9
Morocco,MA,MAR,1971,125.5
Morocco,MA,MAR,1970,127.1
Morocco,MA,MAR,1969,129
Morocco,MA,MAR,1968,131.1
Morocco,MA,MAR,1967,133.5
Morocco,MA,MAR,1966,136.1
Morocco,MA,MAR,1965,138.6
Morocco,MA,MAR,1964,141.1
Morocco,MA,MAR,1963,143.4
Morocco,MA,MAR,1962,145.4
Morocco,MA,MAR,1961,147.3
Morocco,MA,MAR,1960,149.2
Mozambique,MZ,MOZ,2024,NA
Mozambique,MZ,MOZ,2023,45.4
Mozambique,MZ,MOZ,2022,46.5
Mozambique,MZ,MOZ,2021,47.7
Mozambique,MZ,MOZ,2020,49.1
Mozambique,MZ,MOZ,2019,49.7
Mozambique,MZ,MOZ,2018,50.6
Mozambique,MZ,MOZ,2017,51.5
Mozambique,MZ,MOZ,2016,52.9
Mozambique,MZ,MOZ,2015,53.8
Mozambique,MZ,MOZ,2014,54.8
Mozambique,MZ,MOZ,2013,56.1
Mozambique,MZ,MOZ,2012,57.5
Mozambique,MZ,MOZ,2011,59.7
Mozambique,MZ,MOZ,2010,63.5
Mozambique,MZ,MOZ,2009,63.7
Mozambique,MZ,MOZ,2008,67
Mozambique,MZ,MOZ,2007,69.7
Mozambique,MZ,MOZ,2006,75.7
Mozambique,MZ,MOZ,2005,80.2
Mozambique,MZ,MOZ,2004,84.6
Mozambique,MZ,MOZ,2003,89.5
Mozambique,MZ,MOZ,2002,94.5
Mozambique,MZ,MOZ,2001,100.1
Mozambique,MZ,MOZ,2000,106.1
Mozambique,MZ,MOZ,1999,112.4
Mozambique,MZ,MOZ,1998,118.8
Mozambique,MZ,MOZ,1997,125
Mozambique,MZ,MOZ,1996,130.5
Mozambique,MZ,MOZ,1995,135.3
Mozambique,MZ,MOZ,1994,139.1
Mozambique,MZ,MOZ,1993,142
Mozambique,MZ,MOZ,1992,144
Mozambique,MZ,MOZ,1991,145.6
Mozambique,MZ,MOZ,1990,146.7
Mozambique,MZ,MOZ,1989,147.8
Mozambique,MZ,MOZ,1988,148.6
Mozambique,MZ,MOZ,1987,149.4
Mozambique,MZ,MOZ,1986,150.3
Mozambique,MZ,MOZ,1985,151.2
Mozambique,MZ,MOZ,1984,151.8
Mozambique,MZ,MOZ,1983,152.1
Mozambique,MZ,MOZ,1982,152
Mozambique,MZ,MOZ,1981,151.5
Mozambique,MZ,MOZ,1980,150.8
Mozambique,MZ,MOZ,1979,150.2
Mozambique,MZ,MOZ,1978,149.7
Mozambique,MZ,MOZ,1977,149.5
Mozambique,MZ,MOZ,1976,149.3
Mozambique,MZ,MOZ,1975,149.2
Mozambique,MZ,MOZ,1974,149.3
Mozambique,MZ,MOZ,1973,149.3
Mozambique,MZ,MOZ,1972,149.3
Mozambique,MZ,MOZ,1971,149.2
Mozambique,MZ,MOZ,1970,148.9
Mozambique,MZ,MOZ,1969,148.4
Mozambique,MZ,MOZ,1968,147.5
Mozambique,MZ,MOZ,1967,146.6
Mozambique,MZ,MOZ,1966,145.5
Mozambique,MZ,MOZ,1965,144.4
Mozambique,MZ,MOZ,1964,143.1
Mozambique,MZ,MOZ,1963,141.8
Mozambique,MZ,MOZ,1962,NA
Mozambique,MZ,MOZ,1961,NA
Mozambique,MZ,MOZ,1960,NA
Myanmar,MM,MMR,2024,NA
Myanmar,MM,MMR,2023,34.1
Myanmar,MM,MMR,2022,35.2
Myanmar,MM,MMR,2021,36.4
Myanmar,MM,MMR,2020,37.6
Myanmar,MM,MMR,2019,38.9
Myanmar,MM,MMR,2018,40.2
Myanmar,MM,MMR,2017,41.6
Myanmar,MM,MMR,2016,43.1
Myanmar,MM,MMR,2015,44.6
Myanmar,MM,MMR,2014,46.3
Myanmar,MM,MMR,2013,48.1
Myanmar,MM,MMR,2012,50
Myanmar,MM,MMR,2011,52.1
Myanmar,MM,MMR,2010,54.2
Myanmar,MM,MMR,2009,56.4
Myanmar,MM,MMR,2008,70.8
Myanmar,MM,MMR,2007,60.8
Myanmar,MM,MMR,2006,62.9
Myanmar,MM,MMR,2005,65
Myanmar,MM,MMR,2004,66.9
Myanmar,MM,MMR,2003,68.8
Myanmar,MM,MMR,2002,70.5
Myanmar,MM,MMR,2001,72.3
Myanmar,MM,MMR,2000,73.9
Myanmar,MM,MMR,1999,75.5
Myanmar,MM,MMR,1998,77.2
Myanmar,MM,MMR,1997,78.8
Myanmar,MM,MMR,1996,80.6
Myanmar,MM,MMR,1995,82.3
Myanmar,MM,MMR,1994,84
Myanmar,MM,MMR,1993,85.7
Myanmar,MM,MMR,1992,87.4
Myanmar,MM,MMR,1991,89
Myanmar,MM,MMR,1990,90.6
Myanmar,MM,MMR,1989,92
Myanmar,MM,MMR,1988,93.4
Myanmar,MM,MMR,1987,94.6
Myanmar,MM,MMR,1986,95.8
Myanmar,MM,MMR,1985,97.1
Myanmar,MM,MMR,1984,98.3
Myanmar,MM,MMR,1983,99.6
Myanmar,MM,MMR,1982,101.1
Myanmar,MM,MMR,1981,102.5
Myanmar,MM,MMR,1980,104.2
Myanmar,MM,MMR,1979,105.9
Myanmar,MM,MMR,1978,107.7
Myanmar,MM,MMR,1977,109.7
Myanmar,MM,MMR,1976,111.7
Myanmar,MM,MMR,1975,113.8
Myanmar,MM,MMR,1974,115.9
Myanmar,MM,MMR,1973,117.8
Myanmar,MM,MMR,1972,119.6
Myanmar,MM,MMR,1971,121.4
Myanmar,MM,MMR,1970,123
Myanmar,MM,MMR,1969,124.7
Myanmar,MM,MMR,1968,126.4
Myanmar,MM,MMR,1967,NA
Myanmar,MM,MMR,1966,NA
Myanmar,MM,MMR,1965,NA
Myanmar,MM,MMR,1964,NA
Myanmar,MM,MMR,1963,NA
Myanmar,MM,MMR,1962,NA
Myanmar,MM,MMR,1961,NA
Myanmar,MM,MMR,1960,NA
Namibia,NA,NAM,2024,NA
Namibia,NA,NAM,2023,38.4
Namibia,NA,NAM,2022,39.7
Namibia,NA,NAM,2021,41.6
Namibia,NA,NAM,2020,43.1
Namibia,NA,NAM,2019,44.6
Namibia,NA,NAM,2018,45.7
Namibia,NA,NAM,2017,46.3
Namibia,NA,NAM,2016,47.6
Namibia,NA,NAM,2015,47.5
Namibia,NA,NAM,2014,46.9
Namibia,NA,NAM,2013,47.6
Namibia,NA,NAM,2012,48
Namibia,NA,NAM,2011,44.4
Namibia,NA,NAM,2010,42.7
Namibia,NA,NAM,2009,43.1
Namibia,NA,NAM,2008,40.7
Namibia,NA,NAM,2007,38.4
Namibia,NA,NAM,2006,36.8
Namibia,NA,NAM,2005,38.4
Namibia,NA,NAM,2004,41.5
Namibia,NA,NAM,2003,42.6
Namibia,NA,NAM,2002,43.5
Namibia,NA,NAM,2001,44.5
Namibia,NA,NAM,2000,45.9
Namibia,NA,NAM,1999,47.5
Namibia,NA,NAM,1998,48.7
Namibia,NA,NAM,1997,49.6
Namibia,NA,NAM,1996,50.1
Namibia,NA,NAM,1995,50.8
Namibia,NA,NAM,1994,51.5
Namibia,NA,NAM,1993,52.4
Namibia,NA,NAM,1992,53.5
Namibia,NA,NAM,1991,54.7
Namibia,NA,NAM,1990,56.1
Namibia,NA,NAM,1989,57.3
Namibia,NA,NAM,1988,58.7
Namibia,NA,NAM,1987,60.3
Namibia,NA,NAM,1986,62.1
Namibia,NA,NAM,1985,64.1
Namibia,NA,NAM,1984,66.2
Namibia,NA,NAM,1983,68.2
Namibia,NA,NAM,1982,69.6
Namibia,NA,NAM,1981,70.5
Namibia,NA,NAM,1980,70.5
Namibia,NA,NAM,1979,69.9
Namibia,NA,NAM,1978,68.7
Namibia,NA,NAM,1977,67.2
Namibia,NA,NAM,1976,65.6
Namibia,NA,NAM,1975,64
Namibia,NA,NAM,1974,62.8
Namibia,NA,NAM,1973,61.7
Namibia,NA,NAM,1972,60.7
Namibia,NA,NAM,1971,60
Namibia,NA,NAM,1970,59.3
Namibia,NA,NAM,1969,58.6
Namibia,NA,NAM,1968,58
Namibia,NA,NAM,1967,57.4
Namibia,NA,NAM,1966,NA
Namibia,NA,NAM,1965,NA
Namibia,NA,NAM,1964,NA
Namibia,NA,NAM,1963,NA
Namibia,NA,NAM,1962,NA
Namibia,NA,NAM,1961,NA
Namibia,NA,NAM,1960,NA
Nauru,NR,NRU,2024,NA
Nauru,NR,NRU,2023,8.3
Nauru,NR,NRU,2022,8.8
Nauru,NR,NRU,2021,9.5
Nauru,NR,NRU,2020,10.3
Nauru,NR,NRU,2019,11.2
Nauru,NR,NRU,2018,12.3
Nauru,NR,NRU,2017,13.5
Nauru,NR,NRU,2016,14.8
Nauru,NR,NRU,2015,16.2
Nauru,NR,NRU,2014,17.7
Nauru,NR,NRU,2013,19.3
Nauru,NR,NRU,2012,21
Nauru,NR,NRU,2011,22.7
Nauru,NR,NRU,2010,24.4
Nauru,NR,NRU,2009,26
Nauru,NR,NRU,2008,27.5
Nauru,NR,NRU,2007,28.9
Nauru,NR,NRU,2006,30.1
Nauru,NR,NRU,2005,31.2
Nauru,NR,NRU,2004,32.3
Nauru,NR,NRU,2003,33.4
Nauru,NR,NRU,2002,34.7
Nauru,NR,NRU,2001,36.1
Nauru,NR,NRU,2000,37.5
Nauru,NR,NRU,1999,39.1
Nauru,NR,NRU,1998,40.9
Nauru,NR,NRU,1997,42.7
Nauru,NR,NRU,1996,44.7
Nauru,NR,NRU,1995,46.8
Nauru,NR,NRU,1994,49
Nauru,NR,NRU,1993,51.4
Nauru,NR,NRU,1992,54
Nauru,NR,NRU,1991,56.5
Nauru,NR,NRU,1990,59.2
Nauru,NR,NRU,1989,61.8
Nauru,NR,NRU,1988,64.5
Nauru,NR,NRU,1987,67.6
Nauru,NR,NRU,1986,70.6
Nauru,NR,NRU,1985,73.9
Nauru,NR,NRU,1984,NA
Nauru,NR,NRU,1983,NA
Nauru,NR,NRU,1982,NA
Nauru,NR,NRU,1981,NA
Nauru,NR,NRU,1980,NA
Nauru,NR,NRU,1979,NA
Nauru,NR,NRU,1978,NA
Nauru,NR,NRU,1977,NA
Nauru,NR,NRU,1976,NA
Nauru,NR,NRU,1975,NA
Nauru,NR,NRU,1974,NA
Nauru,NR,NRU,1973,NA
Nauru,NR,NRU,1972,NA
Nauru,NR,NRU,1971,NA
Nauru,NR,NRU,1970,NA
Nauru,NR,NRU,1969,NA
Nauru,NR,NRU,1968,NA
Nauru,NR,NRU,1967,NA
Nauru,NR,NRU,1966,NA
Nauru,NR,NRU,1965,NA
Nauru,NR,NRU,1964,NA
Nauru,NR,NRU,1963,NA
Nauru,NR,NRU,1962,NA
Nauru,NR,NRU,1961,NA
Nauru,NR,NRU,1960,NA
Nepal,NP,NPL,2024,NA
Nepal,NP,NPL,2023,23.3
Nepal,NP,NPL,2022,24.2
Nepal,NP,NPL,2021,25.1
Nepal,NP,NPL,2020,26.1
Nepal,NP,NPL,2019,27.3
Nepal,NP,NPL,2018,28.5
Nepal,NP,NPL,2017,29.9
Nepal,NP,NPL,2016,31.2
Nepal,NP,NPL,2015,32.6
Nepal,NP,NPL,2014,34.1
Nepal,NP,NPL,2013,35.6
Nepal,NP,NPL,2012,37.1
Nepal,NP,NPL,2011,38.7
Nepal,NP,NPL,2010,40.2
Nepal,NP,NPL,2009,41.8
Nepal,NP,NPL,2008,43.4
Nepal,NP,NPL,2007,45.1
Nepal,NP,NPL,2006,46.9
Nepal,NP,NPL,2005,48.8
Nepal,NP,NPL,2004,50.9
Nepal,NP,NPL,2003,53.3
Nepal,NP,NPL,2002,55.9
Nepal,NP,NPL,2001,58.8
Nepal,NP,NPL,2000,61.8
Nepal,NP,NPL,1999,65.1
Nepal,NP,NPL,1998,68.6
Nepal,NP,NPL,1997,72.2
Nepal,NP,NPL,1996,75.9
Nepal,NP,NPL,1995,79.7
Nepal,NP,NPL,1994,83.6
Nepal,NP,NPL,1993,87.8
Nepal,NP,NPL,1992,92.1
Nepal,NP,NPL,1991,96.6
Nepal,NP,NPL,1990,101.2
Nepal,NP,NPL,1989,105.8
Nepal,NP,NPL,1988,110.4
Nepal,NP,NPL,1987,114.9
Nepal,NP,NPL,1986,119.5
Nepal,NP,NPL,1985,123.8
Nepal,NP,NPL,1984,127.9
Nepal,NP,NPL,1983,132
Nepal,NP,NPL,1982,136.1
Nepal,NP,NPL,1981,140
Nepal,NP,NPL,1980,144
Nepal,NP,NPL,1979,148
Nepal,NP,NPL,1978,151.8
Nepal,NP,NPL,1977,155.5
Nepal,NP,NPL,1976,159.1
Nepal,NP,NPL,1975,162.7
Nepal,NP,NPL,1974,166.1
Nepal,NP,NPL,1973,169.4
Nepal,NP,NPL,1972,172.9
Nepal,NP,NPL,1971,176.4
Nepal,NP,NPL,1970,179.9
Nepal,NP,NPL,1969,183.9
Nepal,NP,NPL,1968,188
Nepal,NP,NPL,1967,192.1
Nepal,NP,NPL,1966,196.4
Nepal,NP,NPL,1965,200.7
Nepal,NP,NPL,1964,204.8
Nepal,NP,NPL,1963,208.6
Nepal,NP,NPL,1962,211.9
Nepal,NP,NPL,1961,214.9
Nepal,NP,NPL,1960,217.3
Netherlands,NL,NLD,2024,NA
Netherlands,NL,NLD,2023,3.5
Netherlands,NL,NLD,2022,3.5
Netherlands,NL,NLD,2021,3.5
Netherlands,NL,NLD,2020,3.5
Netherlands,NL,NLD,2019,3.5
Netherlands,NL,NLD,2018,3.5
Netherlands,NL,NLD,2017,3.5
Netherlands,NL,NLD,2016,3.5
Netherlands,NL,NLD,2015,3.5
Netherlands,NL,NLD,2014,3.5
Netherlands,NL,NLD,2013,3.6
Netherlands,NL,NLD,2012,3.6
Netherlands,NL,NLD,2011,3.7
Netherlands,NL,NLD,2010,3.8
Netherlands,NL,NLD,2009,3.9
Netherlands,NL,NLD,2008,4
Netherlands,NL,NLD,2007,4.1
Netherlands,NL,NLD,2006,4.3
Netherlands,NL,NLD,2005,4.4
Netherlands,NL,NLD,2004,4.6
Netherlands,NL,NLD,2003,4.8
Netherlands,NL,NLD,2002,4.9
Netherlands,NL,NLD,2001,5
Netherlands,NL,NLD,2000,5.1
Netherlands,NL,NLD,1999,5.2
Netherlands,NL,NLD,1998,5.3
Netherlands,NL,NLD,1997,5.4
Netherlands,NL,NLD,1996,5.5
Netherlands,NL,NLD,1995,5.7
Netherlands,NL,NLD,1994,5.9
Netherlands,NL,NLD,1993,6.1
Netherlands,NL,NLD,1992,6.3
Netherlands,NL,NLD,1991,6.5
Netherlands,NL,NLD,1990,6.8
Netherlands,NL,NLD,1989,7
Netherlands,NL,NLD,1988,7.2
Netherlands,NL,NLD,1987,7.5
Netherlands,NL,NLD,1986,7.7
Netherlands,NL,NLD,1985,7.9
Netherlands,NL,NLD,1984,8
Netherlands,NL,NLD,1983,8.2
Netherlands,NL,NLD,1982,8.4
Netherlands,NL,NLD,1981,8.5
Netherlands,NL,NLD,1980,8.8
Netherlands,NL,NLD,1979,9
Netherlands,NL,NLD,1978,9.3
Netherlands,NL,NLD,1977,9.7
Netherlands,NL,NLD,1976,10
Netherlands,NL,NLD,1975,10.4
Netherlands,NL,NLD,1974,10.8
Netherlands,NL,NLD,1973,11.3
Netherlands,NL,NLD,1972,11.7
Netherlands,NL,NLD,1971,12.1
Netherlands,NL,NLD,1970,12.6
Netherlands,NL,NLD,1969,13
Netherlands,NL,NLD,1968,13.4
Netherlands,NL,NLD,1967,13.8
Netherlands,NL,NLD,1966,14.1
Netherlands,NL,NLD,1965,14.5
Netherlands,NL,NLD,1964,14.8
Netherlands,NL,NLD,1963,15.2
Netherlands,NL,NLD,1962,15.6
Netherlands,NL,NLD,1961,16
Netherlands,NL,NLD,1960,16.4
New Caledonia,NC,NCL,2024,NA
New Caledonia,NC,NCL,2023,NA
New Caledonia,NC,NCL,2022,NA
New Caledonia,NC,NCL,2021,NA
New Caledonia,NC,NCL,2020,NA
New Caledonia,NC,NCL,2019,NA
New Caledonia,NC,NCL,2018,NA
New Caledonia,NC,NCL,2017,NA
New Caledonia,NC,NCL,2016,NA
New Caledonia,NC,NCL,2015,NA
New Caledonia,NC,NCL,2014,NA
New Caledonia,NC,NCL,2013,NA
New Caledonia,NC,NCL,2012,NA
New Caledonia,NC,NCL,2011,NA
New Caledonia,NC,NCL,2010,NA
New Caledonia,NC,NCL,2009,NA
New Caledonia,NC,NCL,2008,NA
New Caledonia,NC,NCL,2007,NA
New Caledonia,NC,NCL,2006,NA
New Caledonia,NC,NCL,2005,NA
New Caledonia,NC,NCL,2004,NA
New Caledonia,NC,NCL,2003,NA
New Caledonia,NC,NCL,2002,NA
New Caledonia,NC,NCL,2001,NA
New Caledonia,NC,NCL,2000,NA
New Caledonia,NC,NCL,1999,NA
New Caledonia,NC,NCL,1998,NA
New Caledonia,NC,NCL,1997,NA
New Caledonia,NC,NCL,1996,NA
New Caledonia,NC,NCL,1995,NA
New Caledonia,NC,NCL,1994,NA
New Caledonia,NC,NCL,1993,NA
New Caledonia,NC,NCL,1992,NA
New Caledonia,NC,NCL,1991,NA
New Caledonia,NC,NCL,1990,NA
New Caledonia,NC,NCL,1989,NA
New Caledonia,NC,NCL,1988,NA
New Caledonia,NC,NCL,1987,NA
New Caledonia,NC,NCL,1986,NA
New Caledonia,NC,NCL,1985,NA
New Caledonia,NC,NCL,1984,NA
New Caledonia,NC,NCL,1983,NA
New Caledonia,NC,NCL,1982,NA
New Caledonia,NC,NCL,1981,NA
New Caledonia,NC,NCL,1980,NA
New Caledonia,NC,NCL,1979,NA
New Caledonia,NC,NCL,1978,NA
New Caledonia,NC,NCL,1977,NA
New Caledonia,NC,NCL,1976,NA
New Caledonia,NC,NCL,1975,NA
New Caledonia,NC,NCL,1974,NA
New Caledonia,NC,NCL,1973,NA
New Caledonia,NC,NCL,1972,NA
New Caledonia,NC,NCL,1971,NA
New Caledonia,NC,NCL,1970,NA
New Caledonia,NC,NCL,1969,NA
New Caledonia,NC,NCL,1968,NA
New Caledonia,NC,NCL,1967,NA
New Caledonia,NC,NCL,1966,NA
New Caledonia,NC,NCL,1965,NA
New Caledonia,NC,NCL,1964,NA
New Caledonia,NC,NCL,1963,NA
New Caledonia,NC,NCL,1962,NA
New Caledonia,NC,NCL,1961,NA
New Caledonia,NC,NCL,1960,NA
New Zealand,NZ,NZL,2024,NA
New Zealand,NZ,NZL,2023,4
New Zealand,NZ,NZL,2022,4.1
New Zealand,NZ,NZL,2021,4.2
New Zealand,NZ,NZL,2020,4.2
New Zealand,NZ,NZL,2019,4.3
New Zealand,NZ,NZL,2018,4.4
New Zealand,NZ,NZL,2017,4.5
New Zealand,NZ,NZL,2016,4.6
New Zealand,NZ,NZL,2015,4.7
New Zealand,NZ,NZL,2014,4.8
New Zealand,NZ,NZL,2013,4.9
New Zealand,NZ,NZL,2012,5
New Zealand,NZ,NZL,2011,5.1
New Zealand,NZ,NZL,2010,5.2
New Zealand,NZ,NZL,2009,5.2
New Zealand,NZ,NZL,2008,5.3
New Zealand,NZ,NZL,2007,5.3
New Zealand,NZ,NZL,2006,5.4
New Zealand,NZ,NZL,2005,5.5
New Zealand,NZ,NZL,2004,5.5
New Zealand,NZ,NZL,2003,5.7
New Zealand,NZ,NZL,2002,5.8
New Zealand,NZ,NZL,2001,5.9
New Zealand,NZ,NZL,2000,6
New Zealand,NZ,NZL,1999,6.2
New Zealand,NZ,NZL,1998,6.4
New Zealand,NZ,NZL,1997,6.6
New Zealand,NZ,NZL,1996,6.9
New Zealand,NZ,NZL,1995,7.1
New Zealand,NZ,NZL,1994,7.4
New Zealand,NZ,NZL,1993,7.8
New Zealand,NZ,NZL,1992,8.2
New Zealand,NZ,NZL,1991,8.6
New Zealand,NZ,NZL,1990,9.1
New Zealand,NZ,NZL,1989,9.6
New Zealand,NZ,NZL,1988,10.1
New Zealand,NZ,NZL,1987,10.6
New Zealand,NZ,NZL,1986,11
New Zealand,NZ,NZL,1985,11.3
New Zealand,NZ,NZL,1984,11.6
New Zealand,NZ,NZL,1983,11.9
New Zealand,NZ,NZL,1982,12.2
New Zealand,NZ,NZL,1981,12.5
New Zealand,NZ,NZL,1980,12.8
New Zealand,NZ,NZL,1979,13.2
New Zealand,NZ,NZL,1978,13.6
New Zealand,NZ,NZL,1977,14
New Zealand,NZ,NZL,1976,14.5
New Zealand,NZ,NZL,1975,15
New Zealand,NZ,NZL,1974,15.4
New Zealand,NZ,NZL,1973,15.8
New Zealand,NZ,NZL,1972,16.2
New Zealand,NZ,NZL,1971,16.6
New Zealand,NZ,NZL,1970,16.9
New Zealand,NZ,NZL,1969,17.3
New Zealand,NZ,NZL,1968,17.6
New Zealand,NZ,NZL,1967,17.9
New Zealand,NZ,NZL,1966,18.3
New Zealand,NZ,NZL,1965,18.8
New Zealand,NZ,NZL,1964,19.4
New Zealand,NZ,NZL,1963,20.1
New Zealand,NZ,NZL,1962,20.9
New Zealand,NZ,NZL,1961,21.8
New Zealand,NZ,NZL,1960,22.6
Nicaragua,NI,NIC,2024,NA
Nicaragua,NI,NIC,2023,10.3
Nicaragua,NI,NIC,2022,10.7
Nicaragua,NI,NIC,2021,11.1
Nicaragua,NI,NIC,2020,11.6
Nicaragua,NI,NIC,2019,12.1
Nicaragua,NI,NIC,2018,12.7
Nicaragua,NI,NIC,2017,13.3
Nicaragua,NI,NIC,2016,13.9
Nicaragua,NI,NIC,2015,14.6
Nicaragua,NI,NIC,2014,15.3
Nicaragua,NI,NIC,2013,16
Nicaragua,NI,NIC,2012,16.8
Nicaragua,NI,NIC,2011,17.6
Nicaragua,NI,NIC,2010,18.5
Nicaragua,NI,NIC,2009,19.4
Nicaragua,NI,NIC,2008,20.4
Nicaragua,NI,NIC,2007,21.4
Nicaragua,NI,NIC,2006,22.5
Nicaragua,NI,NIC,2005,23.6
Nicaragua,NI,NIC,2004,24.9
Nicaragua,NI,NIC,2003,26.2
Nicaragua,NI,NIC,2002,27.6
Nicaragua,NI,NIC,2001,29.2
Nicaragua,NI,NIC,2000,30.8
Nicaragua,NI,NIC,1999,32.6
Nicaragua,NI,NIC,1998,37.3
Nicaragua,NI,NIC,1997,36.6
Nicaragua,NI,NIC,1996,38.8
Nicaragua,NI,NIC,1995,41
Nicaragua,NI,NIC,1994,43.3
Nicaragua,NI,NIC,1993,45.7
Nicaragua,NI,NIC,1992,48.1
Nicaragua,NI,NIC,1991,50.5
Nicaragua,NI,NIC,1990,52.9
Nicaragua,NI,NIC,1989,55.1
Nicaragua,NI,NIC,1988,57.3
Nicaragua,NI,NIC,1987,59.6
Nicaragua,NI,NIC,1986,61.9
Nicaragua,NI,NIC,1985,64.5
Nicaragua,NI,NIC,1984,67.3
Nicaragua,NI,NIC,1983,70.5
Nicaragua,NI,NIC,1982,74.2
Nicaragua,NI,NIC,1981,78.3
Nicaragua,NI,NIC,1980,82.8
Nicaragua,NI,NIC,1979,87.6
Nicaragua,NI,NIC,1978,92.6
Nicaragua,NI,NIC,1977,97.6
Nicaragua,NI,NIC,1976,102.6
Nicaragua,NI,NIC,1975,107.2
Nicaragua,NI,NIC,1974,111.4
Nicaragua,NI,NIC,1973,115.2
Nicaragua,NI,NIC,1972,128.5
Nicaragua,NI,NIC,1971,121.2
Nicaragua,NI,NIC,1970,123.7
Nicaragua,NI,NIC,1969,125.6
Nicaragua,NI,NIC,1968,127.4
Nicaragua,NI,NIC,1967,129
Nicaragua,NI,NIC,1966,130.2
Nicaragua,NI,NIC,1965,131.2
Nicaragua,NI,NIC,1964,132.1
Nicaragua,NI,NIC,1963,132.8
Nicaragua,NI,NIC,1962,133.3
Nicaragua,NI,NIC,1961,133.6
Nicaragua,NI,NIC,1960,134
Niger,NE,NER,2024,NA
Niger,NE,NER,2023,67.4
Niger,NE,NER,2022,68.3
Niger,NE,NER,2021,69
Niger,NE,NER,2020,69.4
Niger,NE,NER,2019,69.5
Niger,NE,NER,2018,69.4
Niger,NE,NER,2017,69.4
Niger,NE,NER,2016,69.3
Niger,NE,NER,2015,69.3
Niger,NE,NER,2014,69.1
Niger,NE,NER,2013,69.2
Niger,NE,NER,2012,69.4
Niger,NE,NER,2011,69.9
Niger,NE,NER,2010,70.9
Niger,NE,NER,2009,72.3
Niger,NE,NER,2008,74.5
Niger,NE,NER,2007,77.2
Niger,NE,NER,2006,80.7
Niger,NE,NER,2005,84.8
Niger,NE,NER,2004,89.3
Niger,NE,NER,2003,94.1
Niger,NE,NER,2002,99
Niger,NE,NER,2001,103.6
Niger,NE,NER,2000,107.7
Niger,NE,NER,1999,111.3
Niger,NE,NER,1998,115
Niger,NE,NER,1997,119.1
Niger,NE,NER,1996,123.5
Niger,NE,NER,1995,128.4
Niger,NE,NER,1994,133.4
Niger,NE,NER,1993,138
Niger,NE,NER,1992,141.7
Niger,NE,NER,1991,144.6
Niger,NE,NER,1990,146.6
Niger,NE,NER,1989,148.1
Niger,NE,NER,1988,148.7
Niger,NE,NER,1987,148.5
Niger,NE,NER,1986,147.7
Niger,NE,NER,1985,146.1
Niger,NE,NER,1984,144.2
Niger,NE,NER,1983,142.2
Niger,NE,NER,1982,140.7
Niger,NE,NER,1981,140.1
Niger,NE,NER,1980,140.5
Niger,NE,NER,1979,142.2
Niger,NE,NER,1978,144.7
Niger,NE,NER,1977,147.3
Niger,NE,NER,1976,149.9
Niger,NE,NER,1975,151.8
Niger,NE,NER,1974,152.9
Niger,NE,NER,1973,153.3
Niger,NE,NER,1972,153
Niger,NE,NER,1971,151.9
Niger,NE,NER,1970,150.7
Niger,NE,NER,1969,149.5
Niger,NE,NER,1968,NA
Niger,NE,NER,1967,NA
Niger,NE,NER,1966,NA
Niger,NE,NER,1965,NA
Niger,NE,NER,1964,NA
Niger,NE,NER,1963,NA
Niger,NE,NER,1962,NA
Niger,NE,NER,1961,NA
Niger,NE,NER,1960,NA
Nigeria,NG,NGA,2024,NA
Nigeria,NG,NGA,2023,60.1
Nigeria,NG,NGA,2022,61.6
Nigeria,NG,NGA,2021,63.2
Nigeria,NG,NGA,2020,64.7
Nigeria,NG,NGA,2019,66.1
Nigeria,NG,NGA,2018,67.4
Nigeria,NG,NGA,2017,68.6
Nigeria,NG,NGA,2016,69.5
Nigeria,NG,NGA,2015,70.2
Nigeria,NG,NGA,2014,70.8
Nigeria,NG,NGA,2013,71.4
Nigeria,NG,NGA,2012,72
Nigeria,NG,NGA,2011,73
Nigeria,NG,NGA,2010,74
Nigeria,NG,NGA,2009,75.4
Nigeria,NG,NGA,2008,77.1
Nigeria,NG,NGA,2007,79
Nigeria,NG,NGA,2006,81.2
Nigeria,NG,NGA,2005,83.7
Nigeria,NG,NGA,2004,86.4
Nigeria,NG,NGA,2003,89.1
Nigeria,NG,NGA,2002,91.9
Nigeria,NG,NGA,2001,94.6
Nigeria,NG,NGA,2000,97.1
Nigeria,NG,NGA,1999,99.5
Nigeria,NG,NGA,1998,101.6
Nigeria,NG,NGA,1997,103.4
Nigeria,NG,NGA,1996,104.7
Nigeria,NG,NGA,1995,105.4
Nigeria,NG,NGA,1994,105.8
Nigeria,NG,NGA,1993,105.9
Nigeria,NG,NGA,1992,105.8
Nigeria,NG,NGA,1991,105.7
Nigeria,NG,NGA,1990,105.5
Nigeria,NG,NGA,1989,105.3
Nigeria,NG,NGA,1988,104.8
Nigeria,NG,NGA,1987,104.4
Nigeria,NG,NGA,1986,103.8
Nigeria,NG,NGA,1985,103.3
Nigeria,NG,NGA,1984,103
Nigeria,NG,NGA,1983,103.1
Nigeria,NG,NGA,1982,103.6
Nigeria,NG,NGA,1981,104.8
Nigeria,NG,NGA,1980,106.8
Nigeria,NG,NGA,1979,109.3
Nigeria,NG,NGA,1978,112.4
Nigeria,NG,NGA,1977,115.9
Nigeria,NG,NGA,1976,120
Nigeria,NG,NGA,1975,124.5
Nigeria,NG,NGA,1974,129.1
Nigeria,NG,NGA,1973,134
Nigeria,NG,NGA,1972,138.9
Nigeria,NG,NGA,1971,143.7
Nigeria,NG,NGA,1970,148.4
Nigeria,NG,NGA,1969,152.8
Nigeria,NG,NGA,1968,157.2
Nigeria,NG,NGA,1967,161.2
Nigeria,NG,NGA,1966,165.3
Nigeria,NG,NGA,1965,169.5
Nigeria,NG,NGA,1964,173.6
Nigeria,NG,NGA,1963,NA
Nigeria,NG,NGA,1962,NA
Nigeria,NG,NGA,1961,NA
Nigeria,NG,NGA,1960,NA
North Macedonia,MK,MKD,2024,NA
North Macedonia,MK,MKD,2023,2.8
North Macedonia,MK,MKD,2022,3.6
North Macedonia,MK,MKD,2021,4.4
North Macedonia,MK,MKD,2020,5.2
North Macedonia,MK,MKD,2019,6.1
North Macedonia,MK,MKD,2018,7.2
North Macedonia,MK,MKD,2017,8.5
North Macedonia,MK,MKD,2016,9.5
North Macedonia,MK,MKD,2015,9.9
North Macedonia,MK,MKD,2014,9.8
North Macedonia,MK,MKD,2013,9.4
North Macedonia,MK,MKD,2012,9
North Macedonia,MK,MKD,2011,8.9
North Macedonia,MK,MKD,2010,9.2
North Macedonia,MK,MKD,2009,9.7
North Macedonia,MK,MKD,2008,10.3
North Macedonia,MK,MKD,2007,10.9
North Macedonia,MK,MKD,2006,11.5
North Macedonia,MK,MKD,2005,12.2
North Macedonia,MK,MKD,2004,12.6
North Macedonia,MK,MKD,2003,12.7
North Macedonia,MK,MKD,2002,12.7
North Macedonia,MK,MKD,2001,13.2
North Macedonia,MK,MKD,2000,14.2
North Macedonia,MK,MKD,1999,15.4
North Macedonia,MK,MKD,1998,16.3
North Macedonia,MK,MKD,1997,17.2
North Macedonia,MK,MKD,1996,18.9
North Macedonia,MK,MKD,1995,21.9
North Macedonia,MK,MKD,1994,25.5
North Macedonia,MK,MKD,1993,28.1
North Macedonia,MK,MKD,1992,29.7
North Macedonia,MK,MKD,1991,31.2
North Macedonia,MK,MKD,1990,33.3
North Macedonia,MK,MKD,1989,36.2
North Macedonia,MK,MKD,1988,39.4
North Macedonia,MK,MKD,1987,42.5
North Macedonia,MK,MKD,1986,44.6
North Macedonia,MK,MKD,1985,45.4
North Macedonia,MK,MKD,1984,46.1
North Macedonia,MK,MKD,1983,47.8
North Macedonia,MK,MKD,1982,50.5
North Macedonia,MK,MKD,1981,52.9
North Macedonia,MK,MKD,1980,NA
North Macedonia,MK,MKD,1979,NA
North Macedonia,MK,MKD,1978,NA
North Macedonia,MK,MKD,1977,NA
North Macedonia,MK,MKD,1976,NA
North Macedonia,MK,MKD,1975,NA
North Macedonia,MK,MKD,1974,NA
North Macedonia,MK,MKD,1973,NA
North Macedonia,MK,MKD,1972,NA
North Macedonia,MK,MKD,1971,NA
North Macedonia,MK,MKD,1970,NA
North Macedonia,MK,MKD,1969,NA
North Macedonia,MK,MKD,1968,NA
North Macedonia,MK,MKD,1967,NA
North Macedonia,MK,MKD,1966,NA
North Macedonia,MK,MKD,1965,NA
North Macedonia,MK,MKD,1964,NA
North Macedonia,MK,MKD,1963,NA
North Macedonia,MK,MKD,1962,NA
North Macedonia,MK,MKD,1961,NA
North Macedonia,MK,MKD,1960,NA
Northern Mariana Islands,MP,MNP,2024,NA
Northern Mariana Islands,MP,MNP,2023,NA
Northern Mariana Islands,MP,MNP,2022,NA
Northern Mariana Islands,MP,MNP,2021,NA
Northern Mariana Islands,MP,MNP,2020,NA
Northern Mariana Islands,MP,MNP,2019,NA
Northern Mariana Islands,MP,MNP,2018,NA
Northern Mariana Islands,MP,MNP,2017,NA
Northern Mariana Islands,MP,MNP,2016,NA
Northern Mariana Islands,MP,MNP,2015,NA
Northern Mariana Islands,MP,MNP,2014,NA
Northern Mariana Islands,MP,MNP,2013,NA
Northern Mariana Islands,MP,MNP,2012,NA
Northern Mariana Islands,MP,MNP,2011,NA
Northern Mariana Islands,MP,MNP,2010,NA
Northern Mariana Islands,MP,MNP,2009,NA
Northern Mariana Islands,MP,MNP,2008,NA
Northern Mariana Islands,MP,MNP,2007,NA
Northern Mariana Islands,MP,MNP,2006,NA
Northern Mariana Islands,MP,MNP,2005,NA
Northern Mariana Islands,MP,MNP,2004,NA
Northern Mariana Islands,MP,MNP,2003,NA
Northern Mariana Islands,MP,MNP,2002,NA
Northern Mariana Islands,MP,MNP,2001,NA
Northern Mariana Islands,MP,MNP,2000,NA
Northern Mariana Islands,MP,MNP,1999,NA
Northern Mariana Islands,MP,MNP,1998,NA
Northern Mariana Islands,MP,MNP,1997,NA
Northern Mariana Islands,MP,MNP,1996,NA
Northern Mariana Islands,MP,MNP,1995,NA
Northern Mariana Islands,MP,MNP,1994,NA
Northern Mariana Islands,MP,MNP,1993,NA
Northern Mariana Islands,MP,MNP,1992,NA
Northern Mariana Islands,MP,MNP,1991,NA
Northern Mariana Islands,MP,MNP,1990,NA
Northern Mariana Islands,MP,MNP,1989,NA
Northern Mariana Islands,MP,MNP,1988,NA
Northern Mariana Islands,MP,MNP,1987,NA
Northern Mariana Islands,MP,MNP,1986,NA
Northern Mariana Islands,MP,MNP,1985,NA
Northern Mariana Islands,MP,MNP,1984,NA
Northern Mariana Islands,MP,MNP,1983,NA
Northern Mariana Islands,MP,MNP,1982,NA
Northern Mariana Islands,MP,MNP,1981,NA
Northern Mariana Islands,MP,MNP,1980,NA
Northern Mariana Islands,MP,MNP,1979,NA
Northern Mariana Islands,MP,MNP,1978,NA
Northern Mariana Islands,MP,MNP,1977,NA
Northern Mariana Islands,MP,MNP,1976,NA
Northern Mariana Islands,MP,MNP,1975,NA
Northern Mariana Islands,MP,MNP,1974,NA
Northern Mariana Islands,MP,MNP,1973,NA
Northern Mariana Islands,MP,MNP,1972,NA
Northern Mariana Islands,MP,MNP,1971,NA
Northern Mariana Islands,MP,MNP,1970,NA
Northern Mariana Islands,MP,MNP,1969,NA
Northern Mariana Islands,MP,MNP,1968,NA
Northern Mariana Islands,MP,MNP,1967,NA
Northern Mariana Islands,MP,MNP,1966,NA
Northern Mariana Islands,MP,MNP,1965,NA
Northern Mariana Islands,MP,MNP,1964,NA
Northern Mariana Islands,MP,MNP,1963,NA
Northern Mariana Islands,MP,MNP,1962,NA
Northern Mariana Islands,MP,MNP,1961,NA
Northern Mariana Islands,MP,MNP,1960,NA
Norway,NO,NOR,2024,NA
Norway,NO,NOR,2023,1.9
Norway,NO,NOR,2022,1.9
Norway,NO,NOR,2021,1.9
Norway,NO,NOR,2020,1.9
Norway,NO,NOR,2019,2
Norway,NO,NOR,2018,2
Norway,NO,NOR,2017,2.1
Norway,NO,NOR,2016,2.1
Norway,NO,NOR,2015,2.2
Norway,NO,NOR,2014,2.3
Norway,NO,NOR,2013,2.4
Norway,NO,NOR,2012,2.4
Norway,NO,NOR,2011,2.6
Norway,NO,NOR,2010,2.7
Norway,NO,NOR,2009,2.8
Norway,NO,NOR,2008,2.9
Norway,NO,NOR,2007,3
Norway,NO,NOR,2006,3.2
Norway,NO,NOR,2005,3.3
Norway,NO,NOR,2004,3.4
Norway,NO,NOR,2003,3.6
Norway,NO,NOR,2002,3.7
Norway,NO,NOR,2001,3.8
Norway,NO,NOR,2000,3.9
Norway,NO,NOR,1999,4
Norway,NO,NOR,1998,4.1
Norway,NO,NOR,1997,4.2
Norway,NO,NOR,1996,4.4
Norway,NO,NOR,1995,4.6
Norway,NO,NOR,1994,4.9
Norway,NO,NOR,1993,5.4
Norway,NO,NOR,1992,5.9
Norway,NO,NOR,1991,6.4
Norway,NO,NOR,1990,7
Norway,NO,NOR,1989,7.5
Norway,NO,NOR,1988,7.9
Norway,NO,NOR,1987,8.2
Norway,NO,NOR,1986,8.3
Norway,NO,NOR,1985,8.3
Norway,NO,NOR,1984,8.2
Norway,NO,NOR,1983,8.1
Norway,NO,NOR,1982,8
Norway,NO,NOR,1981,8
Norway,NO,NOR,1980,8.1
Norway,NO,NOR,1979,8.4
Norway,NO,NOR,1978,8.8
Norway,NO,NOR,1977,9.3
Norway,NO,NOR,1976,9.8
Norway,NO,NOR,1975,10.4
Norway,NO,NOR,1974,11
Norway,NO,NOR,1973,11.5
Norway,NO,NOR,1972,12.1
Norway,NO,NOR,1971,12.6
Norway,NO,NOR,1970,13.1
Norway,NO,NOR,1969,13.6
Norway,NO,NOR,1968,14.2
Norway,NO,NOR,1967,14.7
Norway,NO,NOR,1966,15.4
Norway,NO,NOR,1965,16
Norway,NO,NOR,1964,16.6
Norway,NO,NOR,1963,17.1
Norway,NO,NOR,1962,17.5
Norway,NO,NOR,1961,18
Norway,NO,NOR,1960,18.4
Oman,OM,OMN,2024,NA
Oman,OM,OMN,2023,8.4
Oman,OM,OMN,2022,8.5
Oman,OM,OMN,2021,8.6
Oman,OM,OMN,2020,8.6
Oman,OM,OMN,2019,8.7
Oman,OM,OMN,2018,8.8
Oman,OM,OMN,2017,8.9
Oman,OM,OMN,2016,9
Oman,OM,OMN,2015,9.1
Oman,OM,OMN,2014,9.1
Oman,OM,OMN,2013,9.2
Oman,OM,OMN,2012,9.3
Oman,OM,OMN,2011,9.4
Oman,OM,OMN,2010,9.5
Oman,OM,OMN,2009,9.6
Oman,OM,OMN,2008,9.8
Oman,OM,OMN,2007,9.9
Oman,OM,OMN,2006,10.1
Oman,OM,OMN,2005,10.4
Oman,OM,OMN,2004,10.8
Oman,OM,OMN,2003,11.2
Oman,OM,OMN,2002,11.8
Oman,OM,OMN,2001,12.5
Oman,OM,OMN,2000,13.3
Oman,OM,OMN,1999,14.3
Oman,OM,OMN,1998,15.4
Oman,OM,OMN,1997,16.6
Oman,OM,OMN,1996,17.9
Oman,OM,OMN,1995,19.5
Oman,OM,OMN,1994,21.3
Oman,OM,OMN,1993,23.4
Oman,OM,OMN,1992,25.8
Oman,OM,OMN,1991,28.4
Oman,OM,OMN,1990,31.3
Oman,OM,OMN,1989,34.5
Oman,OM,OMN,1988,38.1
Oman,OM,OMN,1987,42.1
Oman,OM,OMN,1986,46.6
Oman,OM,OMN,1985,51.8
Oman,OM,OMN,1984,57.6
Oman,OM,OMN,1983,63.9
Oman,OM,OMN,1982,70.8
Oman,OM,OMN,1981,78
Oman,OM,OMN,1980,85.6
Oman,OM,OMN,1979,93.5
Oman,OM,OMN,1978,101.5
Oman,OM,OMN,1977,109.6
Oman,OM,OMN,1976,117.7
Oman,OM,OMN,1975,125.7
Oman,OM,OMN,1974,133.5
Oman,OM,OMN,1973,141.2
Oman,OM,OMN,1972,148.9
Oman,OM,OMN,1971,156.7
Oman,OM,OMN,1970,164.5
Oman,OM,OMN,1969,172.2
Oman,OM,OMN,1968,179.6
Oman,OM,OMN,1967,186.9
Oman,OM,OMN,1966,194.5
Oman,OM,OMN,1965,201.6
Oman,OM,OMN,1964,208.9
Oman,OM,OMN,1963,216.1
Oman,OM,OMN,1962,223.7
Oman,OM,OMN,1961,231.4
Oman,OM,OMN,1960,240
Pakistan,PK,PAK,2024,NA
Pakistan,PK,PAK,2023,50.1
Pakistan,PK,PAK,2022,51.8
Pakistan,PK,PAK,2021,53.4
Pakistan,PK,PAK,2020,55.1
Pakistan,PK,PAK,2019,56.8
Pakistan,PK,PAK,2018,58.5
Pakistan,PK,PAK,2017,60.3
Pakistan,PK,PAK,2016,62.2
Pakistan,PK,PAK,2015,64.1
Pakistan,PK,PAK,2014,66
Pakistan,PK,PAK,2013,67.9
Pakistan,PK,PAK,2012,69.8
Pakistan,PK,PAK,2011,71.6
Pakistan,PK,PAK,2010,73.2
Pakistan,PK,PAK,2009,74.8
Pakistan,PK,PAK,2008,76.3
Pakistan,PK,PAK,2007,77.7
Pakistan,PK,PAK,2006,79
Pakistan,PK,PAK,2005,80.4
Pakistan,PK,PAK,2004,81.8
Pakistan,PK,PAK,2003,83.4
Pakistan,PK,PAK,2002,85
Pakistan,PK,PAK,2001,87
Pakistan,PK,PAK,2000,89.1
Pakistan,PK,PAK,1999,91.4
Pakistan,PK,PAK,1998,93.9
Pakistan,PK,PAK,1997,96.4
Pakistan,PK,PAK,1996,99.1
Pakistan,PK,PAK,1995,101.7
Pakistan,PK,PAK,1994,104.2
Pakistan,PK,PAK,1993,106.5
Pakistan,PK,PAK,1992,108.7
Pakistan,PK,PAK,1991,110.8
Pakistan,PK,PAK,1990,112.7
Pakistan,PK,PAK,1989,114.5
Pakistan,PK,PAK,1988,116.3
Pakistan,PK,PAK,1987,118
Pakistan,PK,PAK,1986,119.6
Pakistan,PK,PAK,1985,121.2
Pakistan,PK,PAK,1984,122.7
Pakistan,PK,PAK,1983,124.1
Pakistan,PK,PAK,1982,125.2
Pakistan,PK,PAK,1981,126.2
Pakistan,PK,PAK,1980,127.1
Pakistan,PK,PAK,1979,127.9
Pakistan,PK,PAK,1978,128.6
Pakistan,PK,PAK,1977,129.3
Pakistan,PK,PAK,1976,130.1
Pakistan,PK,PAK,1975,130.8
Pakistan,PK,PAK,1974,131.7
Pakistan,PK,PAK,1973,132.6
Pakistan,PK,PAK,1972,133.6
Pakistan,PK,PAK,1971,134.7
Pakistan,PK,PAK,1970,136
Pakistan,PK,PAK,1969,137.3
Pakistan,PK,PAK,1968,139
Pakistan,PK,PAK,1967,140.8
Pakistan,PK,PAK,1966,143.1
Pakistan,PK,PAK,1965,145.9
Pakistan,PK,PAK,1964,149.3
Pakistan,PK,PAK,1963,153.1
Pakistan,PK,PAK,1962,157.4
Pakistan,PK,PAK,1961,162
Pakistan,PK,PAK,1960,167
Palau,PW,PLW,2024,NA
Palau,PW,PLW,2023,19.1
Palau,PW,PLW,2022,19.5
Palau,PW,PLW,2021,19.7
Palau,PW,PLW,2020,19.9
Palau,PW,PLW,2019,19.9
Palau,PW,PLW,2018,19.8
Palau,PW,PLW,2017,19.4
Palau,PW,PLW,2016,18.8
Palau,PW,PLW,2015,18.2
Palau,PW,PLW,2014,17.6
Palau,PW,PLW,2013,17.1
Palau,PW,PLW,2012,16.8
Palau,PW,PLW,2011,16.6
Palau,PW,PLW,2010,16.6
Palau,PW,PLW,2009,16.8
Palau,PW,PLW,2008,17.1
Palau,PW,PLW,2007,17.5
Palau,PW,PLW,2006,18
Palau,PW,PLW,2005,18.6
Palau,PW,PLW,2004,19.3
Palau,PW,PLW,2003,20.1
Palau,PW,PLW,2002,20.8
Palau,PW,PLW,2001,21.5
Palau,PW,PLW,2000,22.3
Palau,PW,PLW,1999,23.1
Palau,PW,PLW,1998,24
Palau,PW,PLW,1997,24.8
Palau,PW,PLW,1996,25.7
Palau,PW,PLW,1995,26.5
Palau,PW,PLW,1994,27.3
Palau,PW,PLW,1993,28.1
Palau,PW,PLW,1992,28.7
Palau,PW,PLW,1991,29.3
Palau,PW,PLW,1990,29.8
Palau,PW,PLW,1989,30.4
Palau,PW,PLW,1988,30.9
Palau,PW,PLW,1987,31.4
Palau,PW,PLW,1986,32.1
Palau,PW,PLW,1985,32.9
Palau,PW,PLW,1984,33.8
Palau,PW,PLW,1983,34.7
Palau,PW,PLW,1982,36
Palau,PW,PLW,1981,37.4
Palau,PW,PLW,1980,39
Palau,PW,PLW,1979,40.7
Palau,PW,PLW,1978,42.7
Palau,PW,PLW,1977,45.1
Palau,PW,PLW,1976,47.8
Palau,PW,PLW,1975,50.8
Palau,PW,PLW,1974,54.1
Palau,PW,PLW,1973,57.4
Palau,PW,PLW,1972,60.6
Palau,PW,PLW,1971,63.8
Palau,PW,PLW,1970,66.9
Palau,PW,PLW,1969,69.8
Palau,PW,PLW,1968,72.3
Palau,PW,PLW,1967,74.8
Palau,PW,PLW,1966,77.3
Palau,PW,PLW,1965,79.9
Palau,PW,PLW,1964,NA
Palau,PW,PLW,1963,NA
Palau,PW,PLW,1962,NA
Palau,PW,PLW,1961,NA
Palau,PW,PLW,1960,NA
Panama,PA,PAN,2024,NA
Panama,PA,PAN,2023,10.6
Panama,PA,PAN,2022,11.1
Panama,PA,PAN,2021,11.6
Panama,PA,PAN,2020,12.2
Panama,PA,PAN,2019,12.7
Panama,PA,PAN,2018,13.1
Panama,PA,PAN,2017,13.4
Panama,PA,PAN,2016,13.5
Panama,PA,PAN,2015,13.6
Panama,PA,PAN,2014,13.7
Panama,PA,PAN,2013,13.9
Panama,PA,PAN,2012,14.1
Panama,PA,PAN,2011,14.3
Panama,PA,PAN,2010,14.7
Panama,PA,PAN,2009,15.1
Panama,PA,PAN,2008,15.6
Panama,PA,PAN,2007,16.1
Panama,PA,PAN,2006,16.6
Panama,PA,PAN,2005,17.2
Panama,PA,PAN,2004,17.8
Panama,PA,PAN,2003,18.4
Panama,PA,PAN,2002,19
Panama,PA,PAN,2001,19.7
Panama,PA,PAN,2000,20.3
Panama,PA,PAN,1999,20.8
Panama,PA,PAN,1998,21.2
Panama,PA,PAN,1997,21.5
Panama,PA,PAN,1996,21.8
Panama,PA,PAN,1995,22
Panama,PA,PAN,1994,22.3
Panama,PA,PAN,1993,22.6
Panama,PA,PAN,1992,22.9
Panama,PA,PAN,1991,23.4
Panama,PA,PAN,1990,23.9
Panama,PA,PAN,1989,24.6
Panama,PA,PAN,1988,25.4
Panama,PA,PAN,1987,26.3
Panama,PA,PAN,1986,27.2
Panama,PA,PAN,1985,28.2
Panama,PA,PAN,1984,29.3
Panama,PA,PAN,1983,30.4
Panama,PA,PAN,1982,31.5
Panama,PA,PAN,1981,32.6
Panama,PA,PAN,1980,33.6
Panama,PA,PAN,1979,34.5
Panama,PA,PAN,1978,35.5
Panama,PA,PAN,1977,36.5
Panama,PA,PAN,1976,37.7
Panama,PA,PAN,1975,39.3
Panama,PA,PAN,1974,41.2
Panama,PA,PAN,1973,43.4
Panama,PA,PAN,1972,45.9
Panama,PA,PAN,1971,48.4
Panama,PA,PAN,1970,50.7
Panama,PA,PAN,1969,52.8
Panama,PA,PAN,1968,54.6
Panama,PA,PAN,1967,56.1
Panama,PA,PAN,1966,57.4
Panama,PA,PAN,1965,58.7
Panama,PA,PAN,1964,60
Panama,PA,PAN,1963,61.3
Panama,PA,PAN,1962,62.8
Panama,PA,PAN,1961,64.2
Panama,PA,PAN,1960,65.7
Papua New Guinea,PG,PNG,2024,NA
Papua New Guinea,PG,PNG,2023,32
Papua New Guinea,PG,PNG,2022,33
Papua New Guinea,PG,PNG,2021,34.1
Papua New Guinea,PG,PNG,2020,35.1
Papua New Guinea,PG,PNG,2019,36.1
Papua New Guinea,PG,PNG,2018,37.1
Papua New Guinea,PG,PNG,2017,38.2
Papua New Guinea,PG,PNG,2016,39.3
Papua New Guinea,PG,PNG,2015,40.4
Papua New Guinea,PG,PNG,2014,41.5
Papua New Guinea,PG,PNG,2013,42.6
Papua New Guinea,PG,PNG,2012,43.7
Papua New Guinea,PG,PNG,2011,44.8
Papua New Guinea,PG,PNG,2010,45.9
Papua New Guinea,PG,PNG,2009,47.1
Papua New Guinea,PG,PNG,2008,48.2
Papua New Guinea,PG,PNG,2007,49.3
Papua New Guinea,PG,PNG,2006,50.4
Papua New Guinea,PG,PNG,2005,51.4
Papua New Guinea,PG,PNG,2004,52.4
Papua New Guinea,PG,PNG,2003,53.4
Papua New Guinea,PG,PNG,2002,54.3
Papua New Guinea,PG,PNG,2001,55.2
Papua New Guinea,PG,PNG,2000,56
Papua New Guinea,PG,PNG,1999,56.8
Papua New Guinea,PG,PNG,1998,57.6
Papua New Guinea,PG,PNG,1997,58.4
Papua New Guinea,PG,PNG,1996,59.3
Papua New Guinea,PG,PNG,1995,60.2
Papua New Guinea,PG,PNG,1994,61.1
Papua New Guinea,PG,PNG,1993,62
Papua New Guinea,PG,PNG,1992,63
Papua New Guinea,PG,PNG,1991,64.1
Papua New Guinea,PG,PNG,1990,65.1
Papua New Guinea,PG,PNG,1989,66.2
Papua New Guinea,PG,PNG,1988,67.3
Papua New Guinea,PG,PNG,1987,68.5
Papua New Guinea,PG,PNG,1986,69.7
Papua New Guinea,PG,PNG,1985,70.9
Papua New Guinea,PG,PNG,1984,72.3
Papua New Guinea,PG,PNG,1983,73.8
Papua New Guinea,PG,PNG,1982,75.3
Papua New Guinea,PG,PNG,1981,77.1
Papua New Guinea,PG,PNG,1980,78.9
Papua New Guinea,PG,PNG,1979,81
Papua New Guinea,PG,PNG,1978,83.2
Papua New Guinea,PG,PNG,1977,85.4
Papua New Guinea,PG,PNG,1976,87.9
Papua New Guinea,PG,PNG,1975,90.5
Papua New Guinea,PG,PNG,1974,93.2
Papua New Guinea,PG,PNG,1973,96.2
Papua New Guinea,PG,PNG,1972,99.4
Papua New Guinea,PG,PNG,1971,102.7
Papua New Guinea,PG,PNG,1970,106.2
Papua New Guinea,PG,PNG,1969,109.7
Papua New Guinea,PG,PNG,1968,113.4
Papua New Guinea,PG,PNG,1967,117.2
Papua New Guinea,PG,PNG,1966,121.1
Papua New Guinea,PG,PNG,1965,125.1
Papua New Guinea,PG,PNG,1964,129.1
Papua New Guinea,PG,PNG,1963,133.2
Papua New Guinea,PG,PNG,1962,137.3
Papua New Guinea,PG,PNG,1961,141.4
Papua New Guinea,PG,PNG,1960,145.6
Paraguay,PY,PRY,2024,NA
Paraguay,PY,PRY,2023,15.1
Paraguay,PY,PRY,2022,15.6
Paraguay,PY,PRY,2021,16.2
Paraguay,PY,PRY,2020,16.7
Paraguay,PY,PRY,2019,17.2
Paraguay,PY,PRY,2018,17.7
Paraguay,PY,PRY,2017,18.3
Paraguay,PY,PRY,2016,18.9
Paraguay,PY,PRY,2015,19.5
Paraguay,PY,PRY,2014,20.2
Paraguay,PY,PRY,2013,20.8
Paraguay,PY,PRY,2012,21.4
Paraguay,PY,PRY,2011,22
Paraguay,PY,PRY,2010,22.7
Paraguay,PY,PRY,2009,23.3
Paraguay,PY,PRY,2008,23.9
Paraguay,PY,PRY,2007,24.6
Paraguay,PY,PRY,2006,25.2
Paraguay,PY,PRY,2005,25.8
Paraguay,PY,PRY,2004,26.4
Paraguay,PY,PRY,2003,27
Paraguay,PY,PRY,2002,27.6
Paraguay,PY,PRY,2001,28.1
Paraguay,PY,PRY,2000,28.7
Paraguay,PY,PRY,1999,29.3
Paraguay,PY,PRY,1998,29.9
Paraguay,PY,PRY,1997,30.6
Paraguay,PY,PRY,1996,31.3
Paraguay,PY,PRY,1995,32.1
Paraguay,PY,PRY,1994,33
Paraguay,PY,PRY,1993,34.1
Paraguay,PY,PRY,1992,35.2
Paraguay,PY,PRY,1991,36.4
Paraguay,PY,PRY,1990,37.7
Paraguay,PY,PRY,1989,39
Paraguay,PY,PRY,1988,40.4
Paraguay,PY,PRY,1987,41.9
Paraguay,PY,PRY,1986,43.3
Paraguay,PY,PRY,1985,44.8
Paraguay,PY,PRY,1984,46.4
Paraguay,PY,PRY,1983,48
Paraguay,PY,PRY,1982,49.7
Paraguay,PY,PRY,1981,51.2
Paraguay,PY,PRY,1980,52.7
Paraguay,PY,PRY,1979,54.1
Paraguay,PY,PRY,1978,55.3
Paraguay,PY,PRY,1977,56.4
Paraguay,PY,PRY,1976,57.4
Paraguay,PY,PRY,1975,58.4
Paraguay,PY,PRY,1974,59.1
Paraguay,PY,PRY,1973,59.8
Paraguay,PY,PRY,1972,60.4
Paraguay,PY,PRY,1971,60.8
Paraguay,PY,PRY,1970,61.1
Paraguay,PY,PRY,1969,61.4
Paraguay,PY,PRY,1968,61.5
Paraguay,PY,PRY,1967,61.6
Paraguay,PY,PRY,1966,61.6
Paraguay,PY,PRY,1965,61.6
Paraguay,PY,PRY,1964,61.7
Paraguay,PY,PRY,1963,61.8
Paraguay,PY,PRY,1962,61.8
Paraguay,PY,PRY,1961,62.1
Paraguay,PY,PRY,1960,62.4
Peru,PE,PER,2024,NA
Peru,PE,PER,2023,13.5
Peru,PE,PER,2022,13.8
Peru,PE,PER,2021,14
Peru,PE,PER,2020,14.1
Peru,PE,PER,2019,14.2
Peru,PE,PER,2018,14.3
Peru,PE,PER,2017,14.4
Peru,PE,PER,2016,14.5
Peru,PE,PER,2015,14.7
Peru,PE,PER,2014,15
Peru,PE,PER,2013,15.3
Peru,PE,PER,2012,15.7
Peru,PE,PER,2011,16.2
Peru,PE,PER,2010,16.8
Peru,PE,PER,2009,17.5
Peru,PE,PER,2008,18.3
Peru,PE,PER,2007,19.3
Peru,PE,PER,2006,20.3
Peru,PE,PER,2005,21.4
Peru,PE,PER,2004,22.7
Peru,PE,PER,2003,24.1
Peru,PE,PER,2002,25.8
Peru,PE,PER,2001,27.7
Peru,PE,PER,2000,29.9
Peru,PE,PER,1999,32.4
Peru,PE,PER,1998,35.1
Peru,PE,PER,1997,38.1
Peru,PE,PER,1996,41.3
Peru,PE,PER,1995,44.6
Peru,PE,PER,1994,47.9
Peru,PE,PER,1993,51.1
Peru,PE,PER,1992,54.1
Peru,PE,PER,1991,57
Peru,PE,PER,1990,59.7
Peru,PE,PER,1989,62.4
Peru,PE,PER,1988,65.4
Peru,PE,PER,1987,68.7
Peru,PE,PER,1986,72.2
Peru,PE,PER,1985,75.8
Peru,PE,PER,1984,79.3
Peru,PE,PER,1983,82.4
Peru,PE,PER,1982,85
Peru,PE,PER,1981,87.1
Peru,PE,PER,1980,88.8
Peru,PE,PER,1979,90.2
Peru,PE,PER,1978,91.8
Peru,PE,PER,1977,93.4
Peru,PE,PER,1976,95.4
Peru,PE,PER,1975,97.9
Peru,PE,PER,1974,100.7
Peru,PE,PER,1973,103.6
Peru,PE,PER,1972,106.6
Peru,PE,PER,1971,109.6
Peru,PE,PER,1970,125
Peru,PE,PER,1969,115.5
Peru,PE,PER,1968,118.7
Peru,PE,PER,1967,122.4
Peru,PE,PER,1966,126.4
Peru,PE,PER,1965,130.8
Peru,PE,PER,1964,135.3
Peru,PE,PER,1963,140
Peru,PE,PER,1962,144.3
Peru,PE,PER,1961,148.2
Peru,PE,PER,1960,152
Philippines,PH,PHL,2024,NA
Philippines,PH,PHL,2023,22.1
Philippines,PH,PHL,2022,22.4
Philippines,PH,PHL,2021,22.7
Philippines,PH,PHL,2020,22.8
Philippines,PH,PHL,2019,22.7
Philippines,PH,PHL,2018,22.6
Philippines,PH,PHL,2017,22.4
Philippines,PH,PHL,2016,22.3
Philippines,PH,PHL,2015,22.2
Philippines,PH,PHL,2014,22.3
Philippines,PH,PHL,2013,22.4
Philippines,PH,PHL,2012,22.6
Philippines,PH,PHL,2011,22.8
Philippines,PH,PHL,2010,23.1
Philippines,PH,PHL,2009,23.4
Philippines,PH,PHL,2008,23.8
Philippines,PH,PHL,2007,24.1
Philippines,PH,PHL,2006,24.5
Philippines,PH,PHL,2005,25
Philippines,PH,PHL,2004,25.5
Philippines,PH,PHL,2003,25.9
Philippines,PH,PHL,2002,26.4
Philippines,PH,PHL,2001,26.8
Philippines,PH,PHL,2000,27.3
Philippines,PH,PHL,1999,27.7
Philippines,PH,PHL,1998,28.3
Philippines,PH,PHL,1997,29
Philippines,PH,PHL,1996,29.8
Philippines,PH,PHL,1995,30.8
Philippines,PH,PHL,1994,31.9
Philippines,PH,PHL,1993,33.2
Philippines,PH,PHL,1992,34.8
Philippines,PH,PHL,1991,36.5
Philippines,PH,PHL,1990,38.6
Philippines,PH,PHL,1989,40.8
Philippines,PH,PHL,1988,43
Philippines,PH,PHL,1987,45.1
Philippines,PH,PHL,1986,46.9
Philippines,PH,PHL,1985,48.4
Philippines,PH,PHL,1984,49.4
Philippines,PH,PHL,1983,50.3
Philippines,PH,PHL,1982,51
Philippines,PH,PHL,1981,51.5
Philippines,PH,PHL,1980,52
Philippines,PH,PHL,1979,52.4
Philippines,PH,PHL,1978,52.7
Philippines,PH,PHL,1977,52.8
Philippines,PH,PHL,1976,52.9
Philippines,PH,PHL,1975,52.8
Philippines,PH,PHL,1974,52.6
Philippines,PH,PHL,1973,52.5
Philippines,PH,PHL,1972,52.3
Philippines,PH,PHL,1971,52.3
Philippines,PH,PHL,1970,52.5
Philippines,PH,PHL,1969,52.9
Philippines,PH,PHL,1968,53.3
Philippines,PH,PHL,1967,54
Philippines,PH,PHL,1966,54.7
Philippines,PH,PHL,1965,55.5
Philippines,PH,PHL,1964,56.3
Philippines,PH,PHL,1963,57.2
Philippines,PH,PHL,1962,58.2
Philippines,PH,PHL,1961,59.4
Philippines,PH,PHL,1960,60.9
Poland,PL,POL,2024,NA
Poland,PL,POL,2023,3.7
Poland,PL,POL,2022,3.7
Poland,PL,POL,2021,3.8
Poland,PL,POL,2020,3.8
Poland,PL,POL,2019,3.8
Poland,PL,POL,2018,3.9
Poland,PL,POL,2017,4
Poland,PL,POL,2016,4.1
Poland,PL,POL,2015,4.2
Poland,PL,POL,2014,4.3
Poland,PL,POL,2013,4.5
Poland,PL,POL,2012,4.7
Poland,PL,POL,2011,4.9
Poland,PL,POL,2010,5.1
Poland,PL,POL,2009,5.4
Poland,PL,POL,2008,5.7
Poland,PL,POL,2007,6
Poland,PL,POL,2006,6.3
Poland,PL,POL,2005,6.5
Poland,PL,POL,2004,6.7
Poland,PL,POL,2003,7
Poland,PL,POL,2002,7.3
Poland,PL,POL,2001,7.6
Poland,PL,POL,2000,8.1
Poland,PL,POL,1999,8.7
Poland,PL,POL,1998,9.5
Poland,PL,POL,1997,10.4
Poland,PL,POL,1996,11.5
Poland,PL,POL,1995,12.5
Poland,PL,POL,1994,13.3
Poland,PL,POL,1993,13.9
Poland,PL,POL,1992,14.4
Poland,PL,POL,1991,14.8
Poland,PL,POL,1990,15.2
Poland,PL,POL,1989,15.6
Poland,PL,POL,1988,16.1
Poland,PL,POL,1987,16.6
Poland,PL,POL,1986,17.2
Poland,PL,POL,1985,17.8
Poland,PL,POL,1984,18.5
Poland,PL,POL,1983,19.2
Poland,PL,POL,1982,19.9
Poland,PL,POL,1981,20.5
Poland,PL,POL,1980,21.1
Poland,PL,POL,1979,21.7
Poland,PL,POL,1978,22.4
Poland,PL,POL,1977,23.1
Poland,PL,POL,1976,23.8
Poland,PL,POL,1975,24.6
Poland,PL,POL,1974,25.7
Poland,PL,POL,1973,27.1
Poland,PL,POL,1972,28.7
Poland,PL,POL,1971,30.3
Poland,PL,POL,1970,31.8
Poland,PL,POL,1969,33.2
Poland,PL,POL,1968,34.6
Poland,PL,POL,1967,36.1
Poland,PL,POL,1966,38.1
Poland,PL,POL,1965,40.7
Poland,PL,POL,1964,43.5
Poland,PL,POL,1963,46.5
Poland,PL,POL,1962,49.9
Poland,PL,POL,1961,53.7
Poland,PL,POL,1960,58
Portugal,PT,PRT,2024,NA
Portugal,PT,PRT,2023,2.6
Portugal,PT,PRT,2022,2.6
Portugal,PT,PRT,2021,2.7
Portugal,PT,PRT,2020,2.7
Portugal,PT,PRT,2019,2.8
Portugal,PT,PRT,2018,2.9
Portugal,PT,PRT,2017,2.9
Portugal,PT,PRT,2016,2.9
Portugal,PT,PRT,2015,2.9
Portugal,PT,PRT,2014,2.9
Portugal,PT,PRT,2013,2.9
Portugal,PT,PRT,2012,3
Portugal,PT,PRT,2011,3
Portugal,PT,PRT,2010,3
Portugal,PT,PRT,2009,3.1
Portugal,PT,PRT,2008,3.2
Portugal,PT,PRT,2007,3.3
Portugal,PT,PRT,2006,3.4
Portugal,PT,PRT,2005,3.7
Portugal,PT,PRT,2004,3.9
Portugal,PT,PRT,2003,4.3
Portugal,PT,PRT,2002,4.7
Portugal,PT,PRT,2001,5.1
Portugal,PT,PRT,2000,5.5
Portugal,PT,PRT,1999,5.9
Portugal,PT,PRT,1998,6.3
Portugal,PT,PRT,1997,6.6
Portugal,PT,PRT,1996,7
Portugal,PT,PRT,1995,7.5
Portugal,PT,PRT,1994,8.1
Portugal,PT,PRT,1993,8.8
Portugal,PT,PRT,1992,9.7
Portugal,PT,PRT,1991,10.6
Portugal,PT,PRT,1990,11.5
Portugal,PT,PRT,1989,12.5
Portugal,PT,PRT,1988,13.5
Portugal,PT,PRT,1987,14.5
Portugal,PT,PRT,1986,15.5
Portugal,PT,PRT,1985,16.5
Portugal,PT,PRT,1984,17.5
Portugal,PT,PRT,1983,18.7
Portugal,PT,PRT,1982,19.9
Portugal,PT,PRT,1981,21.2
Portugal,PT,PRT,1980,22.7
Portugal,PT,PRT,1979,24.6
Portugal,PT,PRT,1978,26.8
Portugal,PT,PRT,1977,29.5
Portugal,PT,PRT,1976,32.6
Portugal,PT,PRT,1975,35.9
Portugal,PT,PRT,1974,39.5
Portugal,PT,PRT,1973,43.3
Portugal,PT,PRT,1972,47.3
Portugal,PT,PRT,1971,51.4
Portugal,PT,PRT,1970,55.3
Portugal,PT,PRT,1969,58.2
Portugal,PT,PRT,1968,60.1
Portugal,PT,PRT,1967,61.6
Portugal,PT,PRT,1966,63.6
Portugal,PT,PRT,1965,66.4
Portugal,PT,PRT,1964,70.1
Portugal,PT,PRT,1963,74.5
Portugal,PT,PRT,1962,78.8
Portugal,PT,PRT,1961,82.1
Portugal,PT,PRT,1960,84.2
Puerto Rico (US),PR,PRI,2024,NA
Puerto Rico (US),PR,PRI,2023,NA
Puerto Rico (US),PR,PRI,2022,NA
Puerto Rico (US),PR,PRI,2021,NA
Puerto Rico (US),PR,PRI,2020,NA
Puerto Rico (US),PR,PRI,2019,NA
Puerto Rico (US),PR,PRI,2018,NA
Puerto Rico (US),PR,PRI,2017,NA
Puerto Rico (US),PR,PRI,2016,NA
Puerto Rico (US),PR,PRI,2015,NA
Puerto Rico (US),PR,PRI,2014,NA
Puerto Rico (US),PR,PRI,2013,NA
Puerto Rico (US),PR,PRI,2012,NA
Puerto Rico (US),PR,PRI,2011,NA
Puerto Rico (US),PR,PRI,2010,NA
Puerto Rico (US),PR,PRI,2009,NA
Puerto Rico (US),PR,PRI,2008,NA
Puerto Rico (US),PR,PRI,2007,NA
Puerto Rico (US),PR,PRI,2006,NA
Puerto Rico (US),PR,PRI,2005,NA
Puerto Rico (US),PR,PRI,2004,NA
Puerto Rico (US),PR,PRI,2003,NA
Puerto Rico (US),PR,PRI,2002,NA
Puerto Rico (US),PR,PRI,2001,NA
Puerto Rico (US),PR,PRI,2000,NA
Puerto Rico (US),PR,PRI,1999,NA
Puerto Rico (US),PR,PRI,1998,NA
Puerto Rico (US),PR,PRI,1997,NA
Puerto Rico (US),PR,PRI,1996,NA
Puerto Rico (US),PR,PRI,1995,NA
Puerto Rico (US),PR,PRI,1994,NA
Puerto Rico (US),PR,PRI,1993,NA
Puerto Rico (US),PR,PRI,1992,NA
Puerto Rico (US),PR,PRI,1991,NA
Puerto Rico (US),PR,PRI,1990,NA
Puerto Rico (US),PR,PRI,1989,NA
Puerto Rico (US),PR,PRI,1988,NA
Puerto Rico (US),PR,PRI,1987,NA
Puerto Rico (US),PR,PRI,1986,NA
Puerto Rico (US),PR,PRI,1985,NA
Puerto Rico (US),PR,PRI,1984,NA
Puerto Rico (US),PR,PRI,1983,NA
Puerto Rico (US),PR,PRI,1982,NA
Puerto Rico (US),PR,PRI,1981,NA
Puerto Rico (US),PR,PRI,1980,NA
Puerto Rico (US),PR,PRI,1979,NA
Puerto Rico (US),PR,PRI,1978,NA
Puerto Rico (US),PR,PRI,1977,NA
Puerto Rico (US),PR,PRI,1976,NA
Puerto Rico (US),PR,PRI,1975,NA
Puerto Rico (US),PR,PRI,1974,NA
Puerto Rico (US),PR,PRI,1973,NA
Puerto Rico (US),PR,PRI,1972,NA
Puerto Rico (US),PR,PRI,1971,NA
Puerto Rico (US),PR,PRI,1970,NA
Puerto Rico (US),PR,PRI,1969,NA
Puerto Rico (US),PR,PRI,1968,NA
Puerto Rico (US),PR,PRI,1967,NA
Puerto Rico (US),PR,PRI,1966,NA
Puerto Rico (US),PR,PRI,1965,NA
Puerto Rico (US),PR,PRI,1964,NA
Puerto Rico (US),PR,PRI,1963,NA
Puerto Rico (US),PR,PRI,1962,NA
Puerto Rico (US),PR,PRI,1961,NA
Puerto Rico (US),PR,PRI,1960,NA
Qatar,QA,QAT,2024,NA
Qatar,QA,QAT,2023,4.9
Qatar,QA,QAT,2022,5
Qatar,QA,QAT,2021,5.1
Qatar,QA,QAT,2020,5.2
Qatar,QA,QAT,2019,5.4
Qatar,QA,QAT,2018,5.6
Qatar,QA,QAT,2017,5.9
Qatar,QA,QAT,2016,6.2
Qatar,QA,QAT,2015,6.4
Qatar,QA,QAT,2014,6.7
Qatar,QA,QAT,2013,6.9
Qatar,QA,QAT,2012,7.1
Qatar,QA,QAT,2011,7.3
Qatar,QA,QAT,2010,7.5
Qatar,QA,QAT,2009,7.7
Qatar,QA,QAT,2008,7.9
Qatar,QA,QAT,2007,8.1
Qatar,QA,QAT,2006,8.4
Qatar,QA,QAT,2005,8.7
Qatar,QA,QAT,2004,9
Qatar,QA,QAT,2003,9.3
Qatar,QA,QAT,2002,9.6
Qatar,QA,QAT,2001,10
Qatar,QA,QAT,2000,10.4
Qatar,QA,QAT,1999,10.8
Qatar,QA,QAT,1998,11.2
Qatar,QA,QAT,1997,11.7
Qatar,QA,QAT,1996,12.2
Qatar,QA,QAT,1995,12.8
Qatar,QA,QAT,1994,13.5
Qatar,QA,QAT,1993,14.3
Qatar,QA,QAT,1992,15.2
Qatar,QA,QAT,1991,16.3
Qatar,QA,QAT,1990,17.4
Qatar,QA,QAT,1989,18.6
Qatar,QA,QAT,1988,19.8
Qatar,QA,QAT,1987,21.1
Qatar,QA,QAT,1986,22.3
Qatar,QA,QAT,1985,23.6
Qatar,QA,QAT,1984,24.8
Qatar,QA,QAT,1983,26
Qatar,QA,QAT,1982,27.3
Qatar,QA,QAT,1981,28.6
Qatar,QA,QAT,1980,30
Qatar,QA,QAT,1979,31.5
Qatar,QA,QAT,1978,33.1
Qatar,QA,QAT,1977,34.8
Qatar,QA,QAT,1976,36.8
Qatar,QA,QAT,1975,38.9
Qatar,QA,QAT,1974,41.3
Qatar,QA,QAT,1973,44
Qatar,QA,QAT,1972,47
Qatar,QA,QAT,1971,50.1
Qatar,QA,QAT,1970,53.6
Qatar,QA,QAT,1969,57.3
Qatar,QA,QAT,1968,NA
Qatar,QA,QAT,1967,NA
Qatar,QA,QAT,1966,NA
Qatar,QA,QAT,1965,NA
Qatar,QA,QAT,1964,NA
Qatar,QA,QAT,1963,NA
Qatar,QA,QAT,1962,NA
Qatar,QA,QAT,1961,NA
Qatar,QA,QAT,1960,NA
Romania,RO,ROU,2024,NA
Romania,RO,ROU,2023,5.4
Romania,RO,ROU,2022,5.4
Romania,RO,ROU,2021,5.3
Romania,RO,ROU,2020,5.4
Romania,RO,ROU,2019,5.6
Romania,RO,ROU,2018,6
Romania,RO,ROU,2017,6.5
Romania,RO,ROU,2016,7.1
Romania,RO,ROU,2015,7.7
Romania,RO,ROU,2014,8.3
Romania,RO,ROU,2013,8.9
Romania,RO,ROU,2012,9.5
Romania,RO,ROU,2011,10
Romania,RO,ROU,2010,10.5
Romania,RO,ROU,2009,11.1
Romania,RO,ROU,2008,11.9
Romania,RO,ROU,2007,12.9
Romania,RO,ROU,2006,14.2
Romania,RO,ROU,2005,15.5
Romania,RO,ROU,2004,16.5
Romania,RO,ROU,2003,16.9
Romania,RO,ROU,2002,17
Romania,RO,ROU,2001,17.4
Romania,RO,ROU,2000,18.1
Romania,RO,ROU,1999,19.1
Romania,RO,ROU,1998,20.2
Romania,RO,ROU,1997,21.3
Romania,RO,ROU,1996,21.9
Romania,RO,ROU,1995,22.2
Romania,RO,ROU,1994,22.3
Romania,RO,ROU,1993,22.3
Romania,RO,ROU,1992,22.6
Romania,RO,ROU,1991,23.4
Romania,RO,ROU,1990,24.6
Romania,RO,ROU,1989,25.9
Romania,RO,ROU,1988,26.7
Romania,RO,ROU,1987,26.8
Romania,RO,ROU,1986,25.9
Romania,RO,ROU,1985,24.6
Romania,RO,ROU,1984,24.1
Romania,RO,ROU,1983,24.6
Romania,RO,ROU,1982,25.9
Romania,RO,ROU,1981,27.3
Romania,RO,ROU,1980,28.5
Romania,RO,ROU,1979,29.5
Romania,RO,ROU,1978,30.3
Romania,RO,ROU,1977,31.3
Romania,RO,ROU,1976,33
Romania,RO,ROU,1975,35
Romania,RO,ROU,1974,36.5
Romania,RO,ROU,1973,37.3
Romania,RO,ROU,1972,38.7
Romania,RO,ROU,1971,42.4
Romania,RO,ROU,1970,47.9
Romania,RO,ROU,1969,52.7
Romania,RO,ROU,1968,54.5
Romania,RO,ROU,1967,53.2
Romania,RO,ROU,1966,49.6
Romania,RO,ROU,1965,46.3
Romania,RO,ROU,1964,46.4
Romania,RO,ROU,1963,51.3
Romania,RO,ROU,1962,59.3
Romania,RO,ROU,1961,67.7
Romania,RO,ROU,1960,74.6
Russian Federation,RU,RUS,2024,NA
Russian Federation,RU,RUS,2023,3.7
Russian Federation,RU,RUS,2022,3.9
Russian Federation,RU,RUS,2021,4.1
Russian Federation,RU,RUS,2020,4.4
Russian Federation,RU,RUS,2019,4.7
Russian Federation,RU,RUS,2018,5.1
Russian Federation,RU,RUS,2017,5.6
Russian Federation,RU,RUS,2016,6.1
Russian Federation,RU,RUS,2015,6.6
Russian Federation,RU,RUS,2014,7.2
Russian Federation,RU,RUS,2013,7.6
Russian Federation,RU,RUS,2012,7.9
Russian Federation,RU,RUS,2011,8.1
Russian Federation,RU,RUS,2010,8.3
Russian Federation,RU,RUS,2009,8.6
Russian Federation,RU,RUS,2008,9
Russian Federation,RU,RUS,2007,9.5
Russian Federation,RU,RUS,2006,10.2
Russian Federation,RU,RUS,2005,11
Russian Federation,RU,RUS,2004,11.9
Russian Federation,RU,RUS,2003,12.9
Russian Federation,RU,RUS,2002,13.8
Russian Federation,RU,RUS,2001,14.8
Russian Federation,RU,RUS,2000,15.6
Russian Federation,RU,RUS,1999,16.2
Russian Federation,RU,RUS,1998,16.8
Russian Federation,RU,RUS,1997,17.2
Russian Federation,RU,RUS,1996,17.5
Russian Federation,RU,RUS,1995,17.7
Russian Federation,RU,RUS,1994,17.8
Russian Federation,RU,RUS,1993,17.7
Russian Federation,RU,RUS,1992,17.5
Russian Federation,RU,RUS,1991,17.4
Russian Federation,RU,RUS,1990,17.5
Russian Federation,RU,RUS,1989,17.7
Russian Federation,RU,RUS,1988,18.2
Russian Federation,RU,RUS,1987,18.8
Russian Federation,RU,RUS,1986,19.4
Russian Federation,RU,RUS,1985,20
Russian Federation,RU,RUS,1984,20.5
Russian Federation,RU,RUS,1983,20.9
Russian Federation,RU,RUS,1982,21.2
Russian Federation,RU,RUS,1981,21.4
Russian Federation,RU,RUS,1980,21.6
Russian Federation,RU,RUS,1979,21.8
Russian Federation,RU,RUS,1978,21.9
Russian Federation,RU,RUS,1977,21.9
Russian Federation,RU,RUS,1976,21.9
Russian Federation,RU,RUS,1975,21.9
Russian Federation,RU,RUS,1974,21.9
Russian Federation,RU,RUS,1973,22
Russian Federation,RU,RUS,1972,22.2
Russian Federation,RU,RUS,1971,22.5
Russian Federation,RU,RUS,1970,22.8
Russian Federation,RU,RUS,1969,23.3
Russian Federation,RU,RUS,1968,23.9
Russian Federation,RU,RUS,1967,24.7
Russian Federation,RU,RUS,1966,25.7
Russian Federation,RU,RUS,1965,26.8
Russian Federation,RU,RUS,1964,28.2
Russian Federation,RU,RUS,1963,29.9
Russian Federation,RU,RUS,1962,31.8
Russian Federation,RU,RUS,1961,33.9
Russian Federation,RU,RUS,1960,36.3
Rwanda,RW,RWA,2024,NA
Rwanda,RW,RWA,2023,30.5
Rwanda,RW,RWA,2022,30.8
Rwanda,RW,RWA,2021,31.1
Rwanda,RW,RWA,2020,31.5
Rwanda,RW,RWA,2019,31.8
Rwanda,RW,RWA,2018,32.2
Rwanda,RW,RWA,2017,32.6
Rwanda,RW,RWA,2016,33.1
Rwanda,RW,RWA,2015,33.7
Rwanda,RW,RWA,2014,34.6
Rwanda,RW,RWA,2013,35.7
Rwanda,RW,RWA,2012,37.2
Rwanda,RW,RWA,2011,39
Rwanda,RW,RWA,2010,42.2
Rwanda,RW,RWA,2009,45.4
Rwanda,RW,RWA,2008,48.8
Rwanda,RW,RWA,2007,53
Rwanda,RW,RWA,2006,57.9
Rwanda,RW,RWA,2005,63.9
Rwanda,RW,RWA,2004,71.1
Rwanda,RW,RWA,2003,79.5
Rwanda,RW,RWA,2002,88.3
Rwanda,RW,RWA,2001,98
Rwanda,RW,RWA,2000,107.9
Rwanda,RW,RWA,1999,117.2
Rwanda,RW,RWA,1998,124.3
Rwanda,RW,RWA,1997,128
Rwanda,RW,RWA,1996,128
Rwanda,RW,RWA,1995,125.7
Rwanda,RW,RWA,1994,212.2
Rwanda,RW,RWA,1993,110.7
Rwanda,RW,RWA,1992,100.4
Rwanda,RW,RWA,1991,91.6
Rwanda,RW,RWA,1990,86.4
Rwanda,RW,RWA,1989,84.2
Rwanda,RW,RWA,1988,84.3
Rwanda,RW,RWA,1987,85.8
Rwanda,RW,RWA,1986,87.8
Rwanda,RW,RWA,1985,89.6
Rwanda,RW,RWA,1984,91.6
Rwanda,RW,RWA,1983,95.1
Rwanda,RW,RWA,1982,100.7
Rwanda,RW,RWA,1981,107.9
Rwanda,RW,RWA,1980,115.9
Rwanda,RW,RWA,1979,123.2
Rwanda,RW,RWA,1978,128.5
Rwanda,RW,RWA,1977,130.6
Rwanda,RW,RWA,1976,130
Rwanda,RW,RWA,1975,127.5
Rwanda,RW,RWA,1974,124.2
Rwanda,RW,RWA,1973,121.1
Rwanda,RW,RWA,1972,119
Rwanda,RW,RWA,1971,117.5
Rwanda,RW,RWA,1970,116.2
Rwanda,RW,RWA,1969,115.3
Rwanda,RW,RWA,1968,114.4
Rwanda,RW,RWA,1967,113.7
Rwanda,RW,RWA,1966,113.2
Rwanda,RW,RWA,1965,113.5
Rwanda,RW,RWA,1964,114.4
Rwanda,RW,RWA,1963,115.9
Rwanda,RW,RWA,1962,117.9
Rwanda,RW,RWA,1961,120.7
Rwanda,RW,RWA,1960,124.4
Samoa,WS,WSM,2024,NA
Samoa,WS,WSM,2023,12.8
Samoa,WS,WSM,2022,13.1
Samoa,WS,WSM,2021,13.4
Samoa,WS,WSM,2020,13.8
Samoa,WS,WSM,2019,14.9
Samoa,WS,WSM,2018,14.3
Samoa,WS,WSM,2017,14.5
Samoa,WS,WSM,2016,14.7
Samoa,WS,WSM,2015,14.8
Samoa,WS,WSM,2014,14.9
Samoa,WS,WSM,2013,15
Samoa,WS,WSM,2012,15.1
Samoa,WS,WSM,2011,15.2
Samoa,WS,WSM,2010,15.3
Samoa,WS,WSM,2009,17.4
Samoa,WS,WSM,2008,15.2
Samoa,WS,WSM,2007,15.1
Samoa,WS,WSM,2006,15.1
Samoa,WS,WSM,2005,15
Samoa,WS,WSM,2004,15.1
Samoa,WS,WSM,2003,15.3
Samoa,WS,WSM,2002,15.5
Samoa,WS,WSM,2001,15.9
Samoa,WS,WSM,2000,16.4
Samoa,WS,WSM,1999,16.9
Samoa,WS,WSM,1998,17.5
Samoa,WS,WSM,1997,18.1
Samoa,WS,WSM,1996,18.7
Samoa,WS,WSM,1995,19.4
Samoa,WS,WSM,1994,20
Samoa,WS,WSM,1993,20.7
Samoa,WS,WSM,1992,21.4
Samoa,WS,WSM,1991,22.1
Samoa,WS,WSM,1990,22.8
Samoa,WS,WSM,1989,23.5
Samoa,WS,WSM,1988,24.3
Samoa,WS,WSM,1987,25.2
Samoa,WS,WSM,1986,26.1
Samoa,WS,WSM,1985,27.1
Samoa,WS,WSM,1984,28.1
Samoa,WS,WSM,1983,29.3
Samoa,WS,WSM,1982,30.5
Samoa,WS,WSM,1981,31.8
Samoa,WS,WSM,1980,33.2
Samoa,WS,WSM,1979,34.7
Samoa,WS,WSM,1978,36.4
Samoa,WS,WSM,1977,38.3
Samoa,WS,WSM,1976,40.2
Samoa,WS,WSM,1975,42.3
Samoa,WS,WSM,1974,44.4
Samoa,WS,WSM,1973,46.6
Samoa,WS,WSM,1972,48.8
Samoa,WS,WSM,1971,51.2
Samoa,WS,WSM,1970,53.7
Samoa,WS,WSM,1969,56.2
Samoa,WS,WSM,1968,58.7
Samoa,WS,WSM,1967,61.1
Samoa,WS,WSM,1966,63.5
Samoa,WS,WSM,1965,65.8
Samoa,WS,WSM,1964,75.1
Samoa,WS,WSM,1963,70.3
Samoa,WS,WSM,1962,72.8
Samoa,WS,WSM,1961,75.5
Samoa,WS,WSM,1960,78.4
San Marino,SM,SMR,2024,NA
San Marino,SM,SMR,2023,1.4
San Marino,SM,SMR,2022,1.4
San Marino,SM,SMR,2021,1.5
San Marino,SM,SMR,2020,1.5
San Marino,SM,SMR,2019,1.6
San Marino,SM,SMR,2018,1.7
San Marino,SM,SMR,2017,1.7
San Marino,SM,SMR,2016,1.8
San Marino,SM,SMR,2015,1.9
San Marino,SM,SMR,2014,2
San Marino,SM,SMR,2013,2.1
San Marino,SM,SMR,2012,2.3
San Marino,SM,SMR,2011,2.4
San Marino,SM,SMR,2010,2.5
San Marino,SM,SMR,2009,2.7
San Marino,SM,SMR,2008,2.8
San Marino,SM,SMR,2007,3
San Marino,SM,SMR,2006,3.2
San Marino,SM,SMR,2005,3.5
San Marino,SM,SMR,2004,3.7
San Marino,SM,SMR,2003,4
San Marino,SM,SMR,2002,4.3
San Marino,SM,SMR,2001,4.6
San Marino,SM,SMR,2000,5
San Marino,SM,SMR,1999,5.4
San Marino,SM,SMR,1998,5.8
San Marino,SM,SMR,1997,6.3
San Marino,SM,SMR,1996,6.8
San Marino,SM,SMR,1995,7.4
San Marino,SM,SMR,1994,8
San Marino,SM,SMR,1993,8.7
San Marino,SM,SMR,1992,9.4
San Marino,SM,SMR,1991,10.2
San Marino,SM,SMR,1990,11.1
San Marino,SM,SMR,1989,12
San Marino,SM,SMR,1988,13
San Marino,SM,SMR,1987,14.1
San Marino,SM,SMR,1986,15.4
San Marino,SM,SMR,1985,16.8
San Marino,SM,SMR,1984,NA
San Marino,SM,SMR,1983,NA
San Marino,SM,SMR,1982,NA
San Marino,SM,SMR,1981,NA
San Marino,SM,SMR,1980,NA
San Marino,SM,SMR,1979,NA
San Marino,SM,SMR,1978,NA
San Marino,SM,SMR,1977,NA
San Marino,SM,SMR,1976,NA
San Marino,SM,SMR,1975,NA
San Marino,SM,SMR,1974,NA
San Marino,SM,SMR,1973,NA
San Marino,SM,SMR,1972,NA
San Marino,SM,SMR,1971,NA
San Marino,SM,SMR,1970,NA
San Marino,SM,SMR,1969,NA
San Marino,SM,SMR,1968,NA
San Marino,SM,SMR,1967,NA
San Marino,SM,SMR,1966,NA
San Marino,SM,SMR,1965,NA
San Marino,SM,SMR,1964,NA
San Marino,SM,SMR,1963,NA
San Marino,SM,SMR,1962,NA
San Marino,SM,SMR,1961,NA
San Marino,SM,SMR,1960,NA
Sao Tome and Principe,ST,STP,2024,NA
Sao Tome and Principe,ST,STP,2023,9.4
Sao Tome and Principe,ST,STP,2022,9.8
Sao Tome and Principe,ST,STP,2021,10.2
Sao Tome and Principe,ST,STP,2020,10.7
Sao Tome and Principe,ST,STP,2019,11.3
Sao Tome and Principe,ST,STP,2018,12
Sao Tome and Principe,ST,STP,2017,12.9
Sao Tome and Principe,ST,STP,2016,13.9
Sao Tome and Principe,ST,STP,2015,15.1
Sao Tome and Principe,ST,STP,2014,16.5
Sao Tome and Principe,ST,STP,2013,18
Sao Tome and Principe,ST,STP,2012,19.7
Sao Tome and Principe,ST,STP,2011,21.4
Sao Tome and Principe,ST,STP,2010,23.2
Sao Tome and Principe,ST,STP,2009,25.2
Sao Tome and Principe,ST,STP,2008,27.3
Sao Tome and Principe,ST,STP,2007,29.6
Sao Tome and Principe,ST,STP,2006,32.2
Sao Tome and Principe,ST,STP,2005,34.9
Sao Tome and Principe,ST,STP,2004,37.8
Sao Tome and Principe,ST,STP,2003,41
Sao Tome and Principe,ST,STP,2002,44.2
Sao Tome and Principe,ST,STP,2001,47.5
Sao Tome and Principe,ST,STP,2000,50.7
Sao Tome and Principe,ST,STP,1999,54
Sao Tome and Principe,ST,STP,1998,56.9
Sao Tome and Principe,ST,STP,1997,59.5
Sao Tome and Principe,ST,STP,1996,61.8
Sao Tome and Principe,ST,STP,1995,63.6
Sao Tome and Principe,ST,STP,1994,64.9
Sao Tome and Principe,ST,STP,1993,65.6
Sao Tome and Principe,ST,STP,1992,65.8
Sao Tome and Principe,ST,STP,1991,65.6
Sao Tome and Principe,ST,STP,1990,65
Sao Tome and Principe,ST,STP,1989,64.2
Sao Tome and Principe,ST,STP,1988,63.2
Sao Tome and Principe,ST,STP,1987,62.1
Sao Tome and Principe,ST,STP,1986,64.5
Sao Tome and Principe,ST,STP,1985,59.5
Sao Tome and Principe,ST,STP,1984,58
Sao Tome and Principe,ST,STP,1983,56.6
Sao Tome and Principe,ST,STP,1982,55.4
Sao Tome and Principe,ST,STP,1981,54.4
Sao Tome and Principe,ST,STP,1980,53.6
Sao Tome and Principe,ST,STP,1979,53.1
Sao Tome and Principe,ST,STP,1978,52.7
Sao Tome and Principe,ST,STP,1977,52.4
Sao Tome and Principe,ST,STP,1976,52.1
Sao Tome and Principe,ST,STP,1975,51.8
Sao Tome and Principe,ST,STP,1974,51.4
Sao Tome and Principe,ST,STP,1973,50.9
Sao Tome and Principe,ST,STP,1972,50.5
Sao Tome and Principe,ST,STP,1971,50.2
Sao Tome and Principe,ST,STP,1970,50.2
Sao Tome and Principe,ST,STP,1969,50.6
Sao Tome and Principe,ST,STP,1968,51.3
Sao Tome and Principe,ST,STP,1967,52.5
Sao Tome and Principe,ST,STP,1966,53.9
Sao Tome and Principe,ST,STP,1965,55.5
Sao Tome and Principe,ST,STP,1964,NA
Sao Tome and Principe,ST,STP,1963,NA
Sao Tome and Principe,ST,STP,1962,NA
Sao Tome and Principe,ST,STP,1961,NA
Sao Tome and Principe,ST,STP,1960,NA
Saudi Arabia,SA,SAU,2024,NA
Saudi Arabia,SA,SAU,2023,4.9
Saudi Arabia,SA,SAU,2022,5.1
Saudi Arabia,SA,SAU,2021,5.3
Saudi Arabia,SA,SAU,2020,5.5
Saudi Arabia,SA,SAU,2019,5.8
Saudi Arabia,SA,SAU,2018,6.1
Saudi Arabia,SA,SAU,2017,6.5
Saudi Arabia,SA,SAU,2016,6.9
Saudi Arabia,SA,SAU,2015,7.4
Saudi Arabia,SA,SAU,2014,7.9
Saudi Arabia,SA,SAU,2013,8.5
Saudi Arabia,SA,SAU,2012,9.1
Saudi Arabia,SA,SAU,2011,9.7
Saudi Arabia,SA,SAU,2010,10.4
Saudi Arabia,SA,SAU,2009,11.2
Saudi Arabia,SA,SAU,2008,12
Saudi Arabia,SA,SAU,2007,12.8
Saudi Arabia,SA,SAU,2006,13.7
Saudi Arabia,SA,SAU,2005,14.6
Saudi Arabia,SA,SAU,2004,15.5
Saudi Arabia,SA,SAU,2003,16.5
Saudi Arabia,SA,SAU,2002,17.6
Saudi Arabia,SA,SAU,2001,18.7
Saudi Arabia,SA,SAU,2000,19.9
Saudi Arabia,SA,SAU,1999,21.2
Saudi Arabia,SA,SAU,1998,22.6
Saudi Arabia,SA,SAU,1997,24.2
Saudi Arabia,SA,SAU,1996,25.9
Saudi Arabia,SA,SAU,1995,27.8
Saudi Arabia,SA,SAU,1994,29.9
Saudi Arabia,SA,SAU,1993,32.2
Saudi Arabia,SA,SAU,1992,34.7
Saudi Arabia,SA,SAU,1991,37.5
Saudi Arabia,SA,SAU,1990,40.5
Saudi Arabia,SA,SAU,1989,43.8
Saudi Arabia,SA,SAU,1988,47.4
Saudi Arabia,SA,SAU,1987,51.3
Saudi Arabia,SA,SAU,1986,55.5
Saudi Arabia,SA,SAU,1985,59.8
Saudi Arabia,SA,SAU,1984,64.3
Saudi Arabia,SA,SAU,1983,69.2
Saudi Arabia,SA,SAU,1982,74.2
Saudi Arabia,SA,SAU,1981,79.6
Saudi Arabia,SA,SAU,1980,85.4
Saudi Arabia,SA,SAU,1979,91.5
Saudi Arabia,SA,SAU,1978,97.9
Saudi Arabia,SA,SAU,1977,104.9
Saudi Arabia,SA,SAU,1976,112.2
Saudi Arabia,SA,SAU,1975,120
Saudi Arabia,SA,SAU,1974,128.5
Saudi Arabia,SA,SAU,1973,137.4
Saudi Arabia,SA,SAU,1972,147
Saudi Arabia,SA,SAU,1971,NA
Saudi Arabia,SA,SAU,1970,NA
Saudi Arabia,SA,SAU,1969,NA
Saudi Arabia,SA,SAU,1968,NA
Saudi Arabia,SA,SAU,1967,NA
Saudi Arabia,SA,SAU,1966,NA
Saudi Arabia,SA,SAU,1965,NA
Saudi Arabia,SA,SAU,1964,NA
Saudi Arabia,SA,SAU,1963,NA
Saudi Arabia,SA,SAU,1962,NA
Saudi Arabia,SA,SAU,1961,NA
Saudi Arabia,SA,SAU,1960,NA
Senegal,SN,SEN,2024,NA
Senegal,SN,SEN,2023,30.2
Senegal,SN,SEN,2022,31.4
Senegal,SN,SEN,2021,32.7
Senegal,SN,SEN,2020,33.9
Senegal,SN,SEN,2019,34.9
Senegal,SN,SEN,2018,35.7
Senegal,SN,SEN,2017,36.4
Senegal,SN,SEN,2016,36.9
Senegal,SN,SEN,2015,37.3
Senegal,SN,SEN,2014,37.9
Senegal,SN,SEN,2013,38.5
Senegal,SN,SEN,2012,39.3
Senegal,SN,SEN,2011,40.3
Senegal,SN,SEN,2010,41.5
Senegal,SN,SEN,2009,43
Senegal,SN,SEN,2008,44.9
Senegal,SN,SEN,2007,47.2
Senegal,SN,SEN,2006,50.1
Senegal,SN,SEN,2005,53.5
Senegal,SN,SEN,2004,57.5
Senegal,SN,SEN,2003,61.8
Senegal,SN,SEN,2002,66.2
Senegal,SN,SEN,2001,70.4
Senegal,SN,SEN,2000,73.8
Senegal,SN,SEN,1999,75.9
Senegal,SN,SEN,1998,77
Senegal,SN,SEN,1997,77.1
Senegal,SN,SEN,1996,76.6
Senegal,SN,SEN,1995,75.6
Senegal,SN,SEN,1994,74.6
Senegal,SN,SEN,1993,73.6
Senegal,SN,SEN,1992,72.8
Senegal,SN,SEN,1991,72.5
Senegal,SN,SEN,1990,72.9
Senegal,SN,SEN,1989,74.2
Senegal,SN,SEN,1988,76.4
Senegal,SN,SEN,1987,79.4
Senegal,SN,SEN,1986,82.8
Senegal,SN,SEN,1985,86.1
Senegal,SN,SEN,1984,88.9
Senegal,SN,SEN,1983,91.2
Senegal,SN,SEN,1982,93
Senegal,SN,SEN,1981,94.7
Senegal,SN,SEN,1980,96.7
Senegal,SN,SEN,1979,99.2
Senegal,SN,SEN,1978,102.3
Senegal,SN,SEN,1977,105.7
Senegal,SN,SEN,1976,109.4
Senegal,SN,SEN,1975,112.6
Senegal,SN,SEN,1974,115.3
Senegal,SN,SEN,1973,117.5
Senegal,SN,SEN,1972,119.3
Senegal,SN,SEN,1971,120.6
Senegal,SN,SEN,1970,121.6
Senegal,SN,SEN,1969,122.1
Senegal,SN,SEN,1968,122.4
Senegal,SN,SEN,1967,122.8
Senegal,SN,SEN,1966,123.1
Senegal,SN,SEN,1965,123.4
Senegal,SN,SEN,1964,123.6
Senegal,SN,SEN,1963,123.8
Senegal,SN,SEN,1962,124.3
Senegal,SN,SEN,1961,125
Senegal,SN,SEN,1960,126.1
Serbia,RS,SRB,2024,NA
Serbia,RS,SRB,2023,4.5
Serbia,RS,SRB,2022,4.5
Serbia,RS,SRB,2021,4.6
Serbia,RS,SRB,2020,4.7
Serbia,RS,SRB,2019,4.8
Serbia,RS,SRB,2018,5
Serbia,RS,SRB,2017,5.1
Serbia,RS,SRB,2016,5.2
Serbia,RS,SRB,2015,5.4
Serbia,RS,SRB,2014,5.7
Serbia,RS,SRB,2013,5.9
Serbia,RS,SRB,2012,6.1
Serbia,RS,SRB,2011,6.4
Serbia,RS,SRB,2010,6.6
Serbia,RS,SRB,2009,6.7
Serbia,RS,SRB,2008,6.9
Serbia,RS,SRB,2007,7.1
Serbia,RS,SRB,2006,7.4
Serbia,RS,SRB,2005,7.8
Serbia,RS,SRB,2004,8.4
Serbia,RS,SRB,2003,9.1
Serbia,RS,SRB,2002,9.9
Serbia,RS,SRB,2001,10.4
Serbia,RS,SRB,2000,10.9
Serbia,RS,SRB,1999,11.5
Serbia,RS,SRB,1998,12.3
Serbia,RS,SRB,1997,13.5
Serbia,RS,SRB,1996,15.1
Serbia,RS,SRB,1995,16.9
Serbia,RS,SRB,1994,18.6
Serbia,RS,SRB,1993,19.9
Serbia,RS,SRB,1992,21.1
Serbia,RS,SRB,1991,22.6
Serbia,RS,SRB,1990,24.6
Serbia,RS,SRB,1989,26.8
Serbia,RS,SRB,1988,28.9
Serbia,RS,SRB,1987,30.9
Serbia,RS,SRB,1986,32.4
Serbia,RS,SRB,1985,33.6
Serbia,RS,SRB,1984,34.7
Serbia,RS,SRB,1983,NA
Serbia,RS,SRB,1982,NA
Serbia,RS,SRB,1981,NA
Serbia,RS,SRB,1980,NA
Serbia,RS,SRB,1979,NA
Serbia,RS,SRB,1978,NA
Serbia,RS,SRB,1977,NA
Serbia,RS,SRB,1976,NA
Serbia,RS,SRB,1975,NA
Serbia,RS,SRB,1974,NA
Serbia,RS,SRB,1973,NA
Serbia,RS,SRB,1972,NA
Serbia,RS,SRB,1971,NA
Serbia,RS,SRB,1970,NA
Serbia,RS,SRB,1969,NA
Serbia,RS,SRB,1968,NA
Serbia,RS,SRB,1967,NA
Serbia,RS,SRB,1966,NA
Serbia,RS,SRB,1965,NA
Serbia,RS,SRB,1964,NA
Serbia,RS,SRB,1963,NA
Serbia,RS,SRB,1962,NA
Serbia,RS,SRB,1961,NA
Serbia,RS,SRB,1960,NA
Seychelles,SC,SYC,2024,NA
Seychelles,SC,SYC,2023,13.1
Seychelles,SC,SYC,2022,13.3
Seychelles,SC,SYC,2021,13.5
Seychelles,SC,SYC,2020,13.6
Seychelles,SC,SYC,2019,13.6
Seychelles,SC,SYC,2018,13.5
Seychelles,SC,SYC,2017,13.4
Seychelles,SC,SYC,2016,13.3
Seychelles,SC,SYC,2015,13.2
Seychelles,SC,SYC,2014,13.1
Seychelles,SC,SYC,2013,12.9
Seychelles,SC,SYC,2012,12.8
Seychelles,SC,SYC,2011,12.7
Seychelles,SC,SYC,2010,12.6
Seychelles,SC,SYC,2009,12.5
Seychelles,SC,SYC,2008,12.4
Seychelles,SC,SYC,2007,12.3
Seychelles,SC,SYC,2006,12.2
Seychelles,SC,SYC,2005,12.1
Seychelles,SC,SYC,2004,12
Seychelles,SC,SYC,2003,12
Seychelles,SC,SYC,2002,11.9
Seychelles,SC,SYC,2001,11.8
Seychelles,SC,SYC,2000,11.8
Seychelles,SC,SYC,1999,11.8
Seychelles,SC,SYC,1998,11.8
Seychelles,SC,SYC,1997,11.8
Seychelles,SC,SYC,1996,11.9
Seychelles,SC,SYC,1995,12
Seychelles,SC,SYC,1994,12.1
Seychelles,SC,SYC,1993,12.3
Seychelles,SC,SYC,1992,12.5
Seychelles,SC,SYC,1991,12.8
Seychelles,SC,SYC,1990,13.1
Seychelles,SC,SYC,1989,13.5
Seychelles,SC,SYC,1988,14
Seychelles,SC,SYC,1987,14.4
Seychelles,SC,SYC,1986,15
Seychelles,SC,SYC,1985,15.7
Seychelles,SC,SYC,1984,16.5
Seychelles,SC,SYC,1983,17.5
Seychelles,SC,SYC,1982,18.8
Seychelles,SC,SYC,1981,20.3
Seychelles,SC,SYC,1980,22.1
Seychelles,SC,SYC,1979,24.2
Seychelles,SC,SYC,1978,26.6
Seychelles,SC,SYC,1977,29.4
Seychelles,SC,SYC,1976,32.3
Seychelles,SC,SYC,1975,35.4
Seychelles,SC,SYC,1974,38.5
Seychelles,SC,SYC,1973,41.6
Seychelles,SC,SYC,1972,44.8
Seychelles,SC,SYC,1971,47.9
Seychelles,SC,SYC,1970,51
Seychelles,SC,SYC,1969,54.1
Seychelles,SC,SYC,1968,57
Seychelles,SC,SYC,1967,59.7
Seychelles,SC,SYC,1966,62
Seychelles,SC,SYC,1965,64.1
Seychelles,SC,SYC,1964,66
Seychelles,SC,SYC,1963,67.6
Seychelles,SC,SYC,1962,69
Seychelles,SC,SYC,1961,70.4
Seychelles,SC,SYC,1960,71.7
Sierra Leone,SL,SLE,2024,NA
Sierra Leone,SL,SLE,2023,56.2
Sierra Leone,SL,SLE,2022,58
Sierra Leone,SL,SLE,2021,60
Sierra Leone,SL,SLE,2020,61.9
Sierra Leone,SL,SLE,2019,64.1
Sierra Leone,SL,SLE,2018,66.3
Sierra Leone,SL,SLE,2017,68.8
Sierra Leone,SL,SLE,2016,71.3
Sierra Leone,SL,SLE,2015,76.9
Sierra Leone,SL,SLE,2014,77.7
Sierra Leone,SL,SLE,2013,80
Sierra Leone,SL,SLE,2012,83.4
Sierra Leone,SL,SLE,2011,87
Sierra Leone,SL,SLE,2010,90.8
Sierra Leone,SL,SLE,2009,94.7
Sierra Leone,SL,SLE,2008,98.5
Sierra Leone,SL,SLE,2007,102.4
Sierra Leone,SL,SLE,2006,106
Sierra Leone,SL,SLE,2005,109.3
Sierra Leone,SL,SLE,2004,112.4
Sierra Leone,SL,SLE,2003,115.4
Sierra Leone,SL,SLE,2002,118.2
Sierra Leone,SL,SLE,2001,120.8
Sierra Leone,SL,SLE,2000,123.4
Sierra Leone,SL,SLE,1999,125.7
Sierra Leone,SL,SLE,1998,127.8
Sierra Leone,SL,SLE,1997,129.7
Sierra Leone,SL,SLE,1996,131.4
Sierra Leone,SL,SLE,1995,132.7
Sierra Leone,SL,SLE,1994,133.7
Sierra Leone,SL,SLE,1993,134.4
Sierra Leone,SL,SLE,1992,134.8
Sierra Leone,SL,SLE,1991,135.2
Sierra Leone,SL,SLE,1990,135.5
Sierra Leone,SL,SLE,1989,135.7
Sierra Leone,SL,SLE,1988,136.1
Sierra Leone,SL,SLE,1987,136.5
Sierra Leone,SL,SLE,1986,137
Sierra Leone,SL,SLE,1985,137.5
Sierra Leone,SL,SLE,1984,138.1
Sierra Leone,SL,SLE,1983,138.8
Sierra Leone,SL,SLE,1982,139.4
Sierra Leone,SL,SLE,1981,140.2
Sierra Leone,SL,SLE,1980,141.2
Sierra Leone,SL,SLE,1979,142
Sierra Leone,SL,SLE,1978,143
Sierra Leone,SL,SLE,1977,144
Sierra Leone,SL,SLE,1976,145
Sierra Leone,SL,SLE,1975,146.1
Sierra Leone,SL,SLE,1974,147.3
Sierra Leone,SL,SLE,1973,148.4
Sierra Leone,SL,SLE,1972,149.7
Sierra Leone,SL,SLE,1971,150.9
Sierra Leone,SL,SLE,1970,152.2
Sierra Leone,SL,SLE,1969,153.5
Sierra Leone,SL,SLE,1968,154.9
Sierra Leone,SL,SLE,1967,156.3
Sierra Leone,SL,SLE,1966,157.8
Sierra Leone,SL,SLE,1965,159.3
Sierra Leone,SL,SLE,1964,160.6
Sierra Leone,SL,SLE,1963,161.9
Sierra Leone,SL,SLE,1962,163
Sierra Leone,SL,SLE,1961,164.2
Sierra Leone,SL,SLE,1960,165.3
Singapore,SG,SGP,2024,NA
Singapore,SG,SGP,2023,1.7
Singapore,SG,SGP,2022,1.8
Singapore,SG,SGP,2021,1.9
Singapore,SG,SGP,2020,1.9
Singapore,SG,SGP,2019,2
Singapore,SG,SGP,2018,2.1
Singapore,SG,SGP,2017,2.1
Singapore,SG,SGP,2016,2.2
Singapore,SG,SGP,2015,2.2
Singapore,SG,SGP,2014,2.2
Singapore,SG,SGP,2013,2.2
Singapore,SG,SGP,2012,2.2
Singapore,SG,SGP,2011,2.2
Singapore,SG,SGP,2010,2.2
Singapore,SG,SGP,2009,2.2
Singapore,SG,SGP,2008,2.3
Singapore,SG,SGP,2007,2.3
Singapore,SG,SGP,2006,2.3
Singapore,SG,SGP,2005,2.3
Singapore,SG,SGP,2004,2.4
Singapore,SG,SGP,2003,2.5
Singapore,SG,SGP,2002,2.7
Singapore,SG,SGP,2001,2.8
Singapore,SG,SGP,2000,3
Singapore,SG,SGP,1999,3.2
Singapore,SG,SGP,1998,3.4
Singapore,SG,SGP,1997,3.6
Singapore,SG,SGP,1996,3.8
Singapore,SG,SGP,1995,4
Singapore,SG,SGP,1994,4.2
Singapore,SG,SGP,1993,4.6
Singapore,SG,SGP,1992,5
Singapore,SG,SGP,1991,5.5
Singapore,SG,SGP,1990,6.1
Singapore,SG,SGP,1989,6.7
Singapore,SG,SGP,1988,7.3
Singapore,SG,SGP,1987,7.8
Singapore,SG,SGP,1986,8.3
Singapore,SG,SGP,1985,8.8
Singapore,SG,SGP,1984,9.4
Singapore,SG,SGP,1983,10
Singapore,SG,SGP,1982,10.7
Singapore,SG,SGP,1981,11.4
Singapore,SG,SGP,1980,11.9
Singapore,SG,SGP,1979,12.1
Singapore,SG,SGP,1978,12.3
Singapore,SG,SGP,1977,12.5
Singapore,SG,SGP,1976,13.1
Singapore,SG,SGP,1975,14.2
Singapore,SG,SGP,1974,15.8
Singapore,SG,SGP,1973,17.7
Singapore,SG,SGP,1972,19.3
Singapore,SG,SGP,1971,20.6
Singapore,SG,SGP,1970,21.8
Singapore,SG,SGP,1969,22.9
Singapore,SG,SGP,1968,24
Singapore,SG,SGP,1967,25.1
Singapore,SG,SGP,1966,26.3
Singapore,SG,SGP,1965,27.3
Singapore,SG,SGP,1964,28.2
Singapore,SG,SGP,1963,29.3
Singapore,SG,SGP,1962,30.8
Singapore,SG,SGP,1961,32.9
Singapore,SG,SGP,1960,35.4
Sint Maarten (Dutch part),SX,SXM,2024,NA
Sint Maarten (Dutch part),SX,SXM,2023,NA
Sint Maarten (Dutch part),SX,SXM,2022,NA
Sint Maarten (Dutch part),SX,SXM,2021,NA
Sint Maarten (Dutch part),SX,SXM,2020,NA
Sint Maarten (Dutch part),SX,SXM,2019,NA
Sint Maarten (Dutch part),SX,SXM,2018,NA
Sint Maarten (Dutch part),SX,SXM,2017,NA
Sint Maarten (Dutch part),SX,SXM,2016,NA
Sint Maarten (Dutch part),SX,SXM,2015,NA
Sint Maarten (Dutch part),SX,SXM,2014,NA
Sint Maarten (Dutch part),SX,SXM,2013,NA
Sint Maarten (Dutch part),SX,SXM,2012,NA
Sint Maarten (Dutch part),SX,SXM,2011,NA
Sint Maarten (Dutch part),SX,SXM,2010,NA
Sint Maarten (Dutch part),SX,SXM,2009,NA
Sint Maarten (Dutch part),SX,SXM,2008,NA
Sint Maarten (Dutch part),SX,SXM,2007,NA
Sint Maarten (Dutch part),SX,SXM,2006,NA
Sint Maarten (Dutch part),SX,SXM,2005,NA
Sint Maarten (Dutch part),SX,SXM,2004,NA
Sint Maarten (Dutch part),SX,SXM,2003,NA
Sint Maarten (Dutch part),SX,SXM,2002,NA
Sint Maarten (Dutch part),SX,SXM,2001,NA
Sint Maarten (Dutch part),SX,SXM,2000,NA
Sint Maarten (Dutch part),SX,SXM,1999,NA
Sint Maarten (Dutch part),SX,SXM,1998,NA
Sint Maarten (Dutch part),SX,SXM,1997,NA
Sint Maarten (Dutch part),SX,SXM,1996,NA
Sint Maarten (Dutch part),SX,SXM,1995,NA
Sint Maarten (Dutch part),SX,SXM,1994,NA
Sint Maarten (Dutch part),SX,SXM,1993,NA
Sint Maarten (Dutch part),SX,SXM,1992,NA
Sint Maarten (Dutch part),SX,SXM,1991,NA
Sint Maarten (Dutch part),SX,SXM,1990,NA
Sint Maarten (Dutch part),SX,SXM,1989,NA
Sint Maarten (Dutch part),SX,SXM,1988,NA
Sint Maarten (Dutch part),SX,SXM,1987,NA
Sint Maarten (Dutch part),SX,SXM,1986,NA
Sint Maarten (Dutch part),SX,SXM,1985,NA
Sint Maarten (Dutch part),SX,SXM,1984,NA
Sint Maarten (Dutch part),SX,SXM,1983,NA
Sint Maarten (Dutch part),SX,SXM,1982,NA
Sint Maarten (Dutch part),SX,SXM,1981,NA
Sint Maarten (Dutch part),SX,SXM,1980,NA
Sint Maarten (Dutch part),SX,SXM,1979,NA
Sint Maarten (Dutch part),SX,SXM,1978,NA
Sint Maarten (Dutch part),SX,SXM,1977,NA
Sint Maarten (Dutch part),SX,SXM,1976,NA
Sint Maarten (Dutch part),SX,SXM,1975,NA
Sint Maarten (Dutch part),SX,SXM,1974,NA
Sint Maarten (Dutch part),SX,SXM,1973,NA
Sint Maarten (Dutch part),SX,SXM,1972,NA
Sint Maarten (Dutch part),SX,SXM,1971,NA
Sint Maarten (Dutch part),SX,SXM,1970,NA
Sint Maarten (Dutch part),SX,SXM,1969,NA
Sint Maarten (Dutch part),SX,SXM,1968,NA
Sint Maarten (Dutch part),SX,SXM,1967,NA
Sint Maarten (Dutch part),SX,SXM,1966,NA
Sint Maarten (Dutch part),SX,SXM,1965,NA
Sint Maarten (Dutch part),SX,SXM,1964,NA
Sint Maarten (Dutch part),SX,SXM,1963,NA
Sint Maarten (Dutch part),SX,SXM,1962,NA
Sint Maarten (Dutch part),SX,SXM,1961,NA
Sint Maarten (Dutch part),SX,SXM,1960,NA
Slovak Republic,SK,SVK,2024,NA
Slovak Republic,SK,SVK,2023,5.1
Slovak Republic,SK,SVK,2022,5
Slovak Republic,SK,SVK,2021,5
Slovak Republic,SK,SVK,2020,4.9
Slovak Republic,SK,SVK,2019,4.9
Slovak Republic,SK,SVK,2018,5
Slovak Republic,SK,SVK,2017,5
Slovak Republic,SK,SVK,2016,5.1
Slovak Republic,SK,SVK,2015,5.1
Slovak Republic,SK,SVK,2014,5.2
Slovak Republic,SK,SVK,2013,5.3
Slovak Republic,SK,SVK,2012,5.4
Slovak Republic,SK,SVK,2011,5.5
Slovak Republic,SK,SVK,2010,5.7
Slovak Republic,SK,SVK,2009,5.9
Slovak Republic,SK,SVK,2008,6.1
Slovak Republic,SK,SVK,2007,6.4
Slovak Republic,SK,SVK,2006,6.6
Slovak Republic,SK,SVK,2005,6.9
Slovak Republic,SK,SVK,2004,7.1
Slovak Republic,SK,SVK,2003,7.3
Slovak Republic,SK,SVK,2002,7.5
Slovak Republic,SK,SVK,2001,7.8
Slovak Republic,SK,SVK,2000,8.1
Slovak Republic,SK,SVK,1999,8.4
Slovak Republic,SK,SVK,1998,8.8
Slovak Republic,SK,SVK,1997,9.2
Slovak Republic,SK,SVK,1996,9.7
Slovak Republic,SK,SVK,1995,10.1
Slovak Republic,SK,SVK,1994,10.6
Slovak Republic,SK,SVK,1993,11.2
Slovak Republic,SK,SVK,1992,11.7
Slovak Republic,SK,SVK,1991,12.2
Slovak Republic,SK,SVK,1990,12.6
Slovak Republic,SK,SVK,1989,13.1
Slovak Republic,SK,SVK,1988,13.7
Slovak Republic,SK,SVK,1987,14.3
Slovak Republic,SK,SVK,1986,15
Slovak Republic,SK,SVK,1985,15.7
Slovak Republic,SK,SVK,1984,16.5
Slovak Republic,SK,SVK,1983,17.3
Slovak Republic,SK,SVK,1982,18.1
Slovak Republic,SK,SVK,1981,18.9
Slovak Republic,SK,SVK,1980,19.7
Slovak Republic,SK,SVK,1979,20.5
Slovak Republic,SK,SVK,1978,21.3
Slovak Republic,SK,SVK,1977,22.1
Slovak Republic,SK,SVK,1976,22.8
Slovak Republic,SK,SVK,1975,23.5
Slovak Republic,SK,SVK,1974,24
Slovak Republic,SK,SVK,1973,24.5
Slovak Republic,SK,SVK,1972,24.8
Slovak Republic,SK,SVK,1971,25.1
Slovak Republic,SK,SVK,1970,25.3
Slovak Republic,SK,SVK,1969,25.4
Slovak Republic,SK,SVK,1968,25.5
Slovak Republic,SK,SVK,1967,25.7
Slovak Republic,SK,SVK,1966,25.8
Slovak Republic,SK,SVK,1965,26.1
Slovak Republic,SK,SVK,1964,26.5
Slovak Republic,SK,SVK,1963,27
Slovak Republic,SK,SVK,1962,27.8
Slovak Republic,SK,SVK,1961,29
Slovak Republic,SK,SVK,1960,30.6
Slovenia,SI,SVN,2024,NA
Slovenia,SI,SVN,2023,1.8
Slovenia,SI,SVN,2022,1.9
Slovenia,SI,SVN,2021,1.9
Slovenia,SI,SVN,2020,1.9
Slovenia,SI,SVN,2019,2
Slovenia,SI,SVN,2018,2
Slovenia,SI,SVN,2017,2
Slovenia,SI,SVN,2016,2.1
Slovenia,SI,SVN,2015,2.1
Slovenia,SI,SVN,2014,2.2
Slovenia,SI,SVN,2013,2.3
Slovenia,SI,SVN,2012,2.4
Slovenia,SI,SVN,2011,2.5
Slovenia,SI,SVN,2010,2.6
Slovenia,SI,SVN,2009,2.8
Slovenia,SI,SVN,2008,2.9
Slovenia,SI,SVN,2007,3.1
Slovenia,SI,SVN,2006,3.3
Slovenia,SI,SVN,2005,3.5
Slovenia,SI,SVN,2004,3.7
Slovenia,SI,SVN,2003,3.9
Slovenia,SI,SVN,2002,4.1
Slovenia,SI,SVN,2001,4.3
Slovenia,SI,SVN,2000,4.5
Slovenia,SI,SVN,1999,4.8
Slovenia,SI,SVN,1998,5.1
Slovenia,SI,SVN,1997,5.4
Slovenia,SI,SVN,1996,5.8
Slovenia,SI,SVN,1995,6.2
Slovenia,SI,SVN,1994,6.6
Slovenia,SI,SVN,1993,7.1
Slovenia,SI,SVN,1992,7.6
Slovenia,SI,SVN,1991,8.2
Slovenia,SI,SVN,1990,8.8
Slovenia,SI,SVN,1989,9.4
Slovenia,SI,SVN,1988,10.1
Slovenia,SI,SVN,1987,10.8
Slovenia,SI,SVN,1986,11.6
Slovenia,SI,SVN,1985,12.3
Slovenia,SI,SVN,1984,13
Slovenia,SI,SVN,1983,13.8
Slovenia,SI,SVN,1982,14.5
Slovenia,SI,SVN,1981,15.3
Slovenia,SI,SVN,1980,NA
Slovenia,SI,SVN,1979,NA
Slovenia,SI,SVN,1978,NA
Slovenia,SI,SVN,1977,NA
Slovenia,SI,SVN,1976,NA
Slovenia,SI,SVN,1975,NA
Slovenia,SI,SVN,1974,NA
Slovenia,SI,SVN,1973,NA
Slovenia,SI,SVN,1972,NA
Slovenia,SI,SVN,1971,NA
Slovenia,SI,SVN,1970,NA
Slovenia,SI,SVN,1969,NA
Slovenia,SI,SVN,1968,NA
Slovenia,SI,SVN,1967,NA
Slovenia,SI,SVN,1966,NA
Slovenia,SI,SVN,1965,NA
Slovenia,SI,SVN,1964,NA
Slovenia,SI,SVN,1963,NA
Slovenia,SI,SVN,1962,NA
Slovenia,SI,SVN,1961,NA
Slovenia,SI,SVN,1960,NA
Solomon Islands,SB,SLB,2024,NA
Solomon Islands,SB,SLB,2023,16.5
Solomon Islands,SB,SLB,2022,17
Solomon Islands,SB,SLB,2021,17.5
Solomon Islands,SB,SLB,2020,17.9
Solomon Islands,SB,SLB,2019,18.3
Solomon Islands,SB,SLB,2018,18.7
Solomon Islands,SB,SLB,2017,19.1
Solomon Islands,SB,SLB,2016,19.4
Solomon Islands,SB,SLB,2015,19.6
Solomon Islands,SB,SLB,2014,19.9
Solomon Islands,SB,SLB,2013,20.2
Solomon Islands,SB,SLB,2012,20.5
Solomon Islands,SB,SLB,2011,20.8
Solomon Islands,SB,SLB,2010,21.1
Solomon Islands,SB,SLB,2009,21.4
Solomon Islands,SB,SLB,2008,21.7
Solomon Islands,SB,SLB,2007,21.9
Solomon Islands,SB,SLB,2006,22.2
Solomon Islands,SB,SLB,2005,22.3
Solomon Islands,SB,SLB,2004,22.5
Solomon Islands,SB,SLB,2003,22.6
Solomon Islands,SB,SLB,2002,22.8
Solomon Islands,SB,SLB,2001,23
Solomon Islands,SB,SLB,2000,23.2
Solomon Islands,SB,SLB,1999,23.5
Solomon Islands,SB,SLB,1998,23.8
Solomon Islands,SB,SLB,1997,24.2
Solomon Islands,SB,SLB,1996,24.6
Solomon Islands,SB,SLB,1995,25.1
Solomon Islands,SB,SLB,1994,25.7
Solomon Islands,SB,SLB,1993,26.4
Solomon Islands,SB,SLB,1992,27.1
Solomon Islands,SB,SLB,1991,27.8
Solomon Islands,SB,SLB,1990,28.5
Solomon Islands,SB,SLB,1989,29.2
Solomon Islands,SB,SLB,1988,30
Solomon Islands,SB,SLB,1987,30.8
Solomon Islands,SB,SLB,1986,31.7
Solomon Islands,SB,SLB,1985,32.7
Solomon Islands,SB,SLB,1984,33.7
Solomon Islands,SB,SLB,1983,34.9
Solomon Islands,SB,SLB,1982,36.2
Solomon Islands,SB,SLB,1981,37.7
Solomon Islands,SB,SLB,1980,39.4
Solomon Islands,SB,SLB,1979,41.3
Solomon Islands,SB,SLB,1978,43.5
Solomon Islands,SB,SLB,1977,45.9
Solomon Islands,SB,SLB,1976,48.7
Solomon Islands,SB,SLB,1975,54.6
Solomon Islands,SB,SLB,1974,55.3
Solomon Islands,SB,SLB,1973,59
Solomon Islands,SB,SLB,1972,63
Solomon Islands,SB,SLB,1971,67.3
Solomon Islands,SB,SLB,1970,71.9
Solomon Islands,SB,SLB,1969,76.6
Solomon Islands,SB,SLB,1968,81.4
Solomon Islands,SB,SLB,1967,86.2
Solomon Islands,SB,SLB,1966,90.8
Solomon Islands,SB,SLB,1965,95.3
Solomon Islands,SB,SLB,1964,99.8
Solomon Islands,SB,SLB,1963,104.2
Solomon Islands,SB,SLB,1962,108.5
Solomon Islands,SB,SLB,1961,112.8
Solomon Islands,SB,SLB,1960,117.2
"Somalia, Fed. Rep.",SO,SOM,2024,NA
"Somalia, Fed. Rep.",SO,SOM,2023,67.8
"Somalia, Fed. Rep.",SO,SOM,2022,89.9
"Somalia, Fed. Rep.",SO,SOM,2021,71.8
"Somalia, Fed. Rep.",SO,SOM,2020,73.7
"Somalia, Fed. Rep.",SO,SOM,2019,75.7
"Somalia, Fed. Rep.",SO,SOM,2018,85.8
"Somalia, Fed. Rep.",SO,SOM,2017,96.7
"Somalia, Fed. Rep.",SO,SOM,2016,82
"Somalia, Fed. Rep.",SO,SOM,2015,84.1
"Somalia, Fed. Rep.",SO,SOM,2014,86.3
"Somalia, Fed. Rep.",SO,SOM,2013,89
"Somalia, Fed. Rep.",SO,SOM,2012,112.4
"Somalia, Fed. Rep.",SO,SOM,2011,215.7
"Somalia, Fed. Rep.",SO,SOM,2010,112.9
"Somalia, Fed. Rep.",SO,SOM,2009,98.9
"Somalia, Fed. Rep.",SO,SOM,2008,101
"Somalia, Fed. Rep.",SO,SOM,2007,102.8
"Somalia, Fed. Rep.",SO,SOM,2006,103.8
"Somalia, Fed. Rep.",SO,SOM,2005,104.2
"Somalia, Fed. Rep.",SO,SOM,2004,104.3
"Somalia, Fed. Rep.",SO,SOM,2003,104.3
"Somalia, Fed. Rep.",SO,SOM,2002,104.3
"Somalia, Fed. Rep.",SO,SOM,2001,104.3
"Somalia, Fed. Rep.",SO,SOM,2000,104.3
"Somalia, Fed. Rep.",SO,SOM,1999,104.3
"Somalia, Fed. Rep.",SO,SOM,1998,104.3
"Somalia, Fed. Rep.",SO,SOM,1997,104.3
"Somalia, Fed. Rep.",SO,SOM,1996,104.3
"Somalia, Fed. Rep.",SO,SOM,1995,104.3
"Somalia, Fed. Rep.",SO,SOM,1994,104.3
"Somalia, Fed. Rep.",SO,SOM,1993,104.3
"Somalia, Fed. Rep.",SO,SOM,1992,274
"Somalia, Fed. Rep.",SO,SOM,1991,264.9
"Somalia, Fed. Rep.",SO,SOM,1990,106.8
"Somalia, Fed. Rep.",SO,SOM,1989,107.5
"Somalia, Fed. Rep.",SO,SOM,1988,107.7
"Somalia, Fed. Rep.",SO,SOM,1987,107.3
"Somalia, Fed. Rep.",SO,SOM,1986,106.6
"Somalia, Fed. Rep.",SO,SOM,1985,106.2
"Somalia, Fed. Rep.",SO,SOM,1984,105.8
"Somalia, Fed. Rep.",SO,SOM,1983,105.8
"Somalia, Fed. Rep.",SO,SOM,1982,NA
"Somalia, Fed. Rep.",SO,SOM,1981,NA
"Somalia, Fed. Rep.",SO,SOM,1980,NA
"Somalia, Fed. Rep.",SO,SOM,1979,NA
"Somalia, Fed. Rep.",SO,SOM,1978,NA
"Somalia, Fed. Rep.",SO,SOM,1977,NA
"Somalia, Fed. Rep.",SO,SOM,1976,NA
"Somalia, Fed. Rep.",SO,SOM,1975,NA
"Somalia, Fed. Rep.",SO,SOM,1974,NA
"Somalia, Fed. Rep.",SO,SOM,1973,NA
"Somalia, Fed. Rep.",SO,SOM,1972,NA
"Somalia, Fed. Rep.",SO,SOM,1971,NA
"Somalia, Fed. Rep.",SO,SOM,1970,NA
"Somalia, Fed. Rep.",SO,SOM,1969,NA
"Somalia, Fed. Rep.",SO,SOM,1968,NA
"Somalia, Fed. Rep.",SO,SOM,1967,NA
"Somalia, Fed. Rep.",SO,SOM,1966,NA
"Somalia, Fed. Rep.",SO,SOM,1965,NA
"Somalia, Fed. Rep.",SO,SOM,1964,NA
"Somalia, Fed. Rep.",SO,SOM,1963,NA
"Somalia, Fed. Rep.",SO,SOM,1962,NA
"Somalia, Fed. Rep.",SO,SOM,1961,NA
"Somalia, Fed. Rep.",SO,SOM,1960,NA
South Africa,ZA,ZAF,2024,NA
South Africa,ZA,ZAF,2023,24.4
South Africa,ZA,ZAF,2022,24.5
South Africa,ZA,ZAF,2021,24.7
South Africa,ZA,ZAF,2020,25
South Africa,ZA,ZAF,2019,25.6
South Africa,ZA,ZAF,2018,26.3
South Africa,ZA,ZAF,2017,27.3
South Africa,ZA,ZAF,2016,28.4
South Africa,ZA,ZAF,2015,29.7
South Africa,ZA,ZAF,2014,30.9
South Africa,ZA,ZAF,2013,32
South Africa,ZA,ZAF,2012,33
South Africa,ZA,ZAF,2011,33.9
South Africa,ZA,ZAF,2010,35.4
South Africa,ZA,ZAF,2009,37.7
South Africa,ZA,ZAF,2008,40.6
South Africa,ZA,ZAF,2007,43.8
South Africa,ZA,ZAF,2006,46
South Africa,ZA,ZAF,2005,47.9
South Africa,ZA,ZAF,2004,49
South Africa,ZA,ZAF,2003,48.6
South Africa,ZA,ZAF,2002,48
South Africa,ZA,ZAF,2001,47.6
South Africa,ZA,ZAF,2000,46.9
South Africa,ZA,ZAF,1999,46.4
South Africa,ZA,ZAF,1998,45.9
South Africa,ZA,ZAF,1997,45.8
South Africa,ZA,ZAF,1996,46.1
South Africa,ZA,ZAF,1995,46.7
South Africa,ZA,ZAF,1994,47.5
South Africa,ZA,ZAF,1993,48.2
South Africa,ZA,ZAF,1992,49.4
South Africa,ZA,ZAF,1991,50.9
South Africa,ZA,ZAF,1990,52.8
South Africa,ZA,ZAF,1989,55.2
South Africa,ZA,ZAF,1988,57.8
South Africa,ZA,ZAF,1987,60.8
South Africa,ZA,ZAF,1986,64
South Africa,ZA,ZAF,1985,67.4
South Africa,ZA,ZAF,1984,70.9
South Africa,ZA,ZAF,1983,74.6
South Africa,ZA,ZAF,1982,78.6
South Africa,ZA,ZAF,1981,82.9
South Africa,ZA,ZAF,1980,87.9
South Africa,ZA,ZAF,1979,93.1
South Africa,ZA,ZAF,1978,98.7
South Africa,ZA,ZAF,1977,104.8
South Africa,ZA,ZAF,1976,111.4
South Africa,ZA,ZAF,1975,NA
South Africa,ZA,ZAF,1974,NA
South Africa,ZA,ZAF,1973,NA
South Africa,ZA,ZAF,1972,NA
South Africa,ZA,ZAF,1971,NA
South Africa,ZA,ZAF,1970,NA
South Africa,ZA,ZAF,1969,NA
South Africa,ZA,ZAF,1968,NA
South Africa,ZA,ZAF,1967,NA
South Africa,ZA,ZAF,1966,NA
South Africa,ZA,ZAF,1965,NA
South Africa,ZA,ZAF,1964,NA
South Africa,ZA,ZAF,1963,NA
South Africa,ZA,ZAF,1962,NA
South Africa,ZA,ZAF,1961,NA
South Africa,ZA,ZAF,1960,NA
South Sudan,SS,SSD,2024,NA
South Sudan,SS,SSD,2023,72.6
South Sudan,SS,SSD,2022,72.6
South Sudan,SS,SSD,2021,72.6
South Sudan,SS,SSD,2020,72.6
South Sudan,SS,SSD,2019,72.6
South Sudan,SS,SSD,2018,91.8
South Sudan,SS,SSD,2017,172.9
South Sudan,SS,SSD,2016,164.1
South Sudan,SS,SSD,2015,148.5
South Sudan,SS,SSD,2014,117.7
South Sudan,SS,SSD,2013,72.9
South Sudan,SS,SSD,2012,74
South Sudan,SS,SSD,2011,76.1
South Sudan,SS,SSD,2010,79
South Sudan,SS,SSD,2009,82.1
South Sudan,SS,SSD,2008,85.5
South Sudan,SS,SSD,2007,89
South Sudan,SS,SSD,2006,92.6
South Sudan,SS,SSD,2005,96.6
South Sudan,SS,SSD,2004,100.8
South Sudan,SS,SSD,2003,105.1
South Sudan,SS,SSD,2002,109.6
South Sudan,SS,SSD,2001,114
South Sudan,SS,SSD,2000,118.5
South Sudan,SS,SSD,1999,122.9
South Sudan,SS,SSD,1998,234.6
South Sudan,SS,SSD,1997,140.5
South Sudan,SS,SSD,1996,144
South Sudan,SS,SSD,1995,147.1
South Sudan,SS,SSD,1994,138.9
South Sudan,SS,SSD,1993,163.3
South Sudan,SS,SSD,1992,165.3
South Sudan,SS,SSD,1991,156
South Sudan,SS,SSD,1990,157.4
South Sudan,SS,SSD,1989,158.6
South Sudan,SS,SSD,1988,472.5
South Sudan,SS,SSD,1987,171.2
South Sudan,SS,SSD,1986,149.8
South Sudan,SS,SSD,1985,150.9
South Sudan,SS,SSD,1984,152
South Sudan,SS,SSD,1983,153.1
South Sudan,SS,SSD,1982,154.5
South Sudan,SS,SSD,1981,155.6
South Sudan,SS,SSD,1980,157.2
South Sudan,SS,SSD,1979,158.3
South Sudan,SS,SSD,1978,159.8
South Sudan,SS,SSD,1977,161.4
South Sudan,SS,SSD,1976,163
South Sudan,SS,SSD,1975,165.1
South Sudan,SS,SSD,1974,166.9
South Sudan,SS,SSD,1973,169
South Sudan,SS,SSD,1972,170.8
South Sudan,SS,SSD,1971,172.5
South Sudan,SS,SSD,1970,174.5
South Sudan,SS,SSD,1969,176.8
South Sudan,SS,SSD,1968,178.7
South Sudan,SS,SSD,1967,180.8
South Sudan,SS,SSD,1966,183
South Sudan,SS,SSD,1965,185.5
South Sudan,SS,SSD,1964,187.7
South Sudan,SS,SSD,1963,189.9
South Sudan,SS,SSD,1962,192.3
South Sudan,SS,SSD,1961,194.8
South Sudan,SS,SSD,1960,196.7
Spain,ES,ESP,2024,NA
Spain,ES,ESP,2023,2.6
Spain,ES,ESP,2022,2.6
Spain,ES,ESP,2021,2.6
Spain,ES,ESP,2020,2.6
Spain,ES,ESP,2019,2.6
Spain,ES,ESP,2018,2.7
Spain,ES,ESP,2017,2.7
Spain,ES,ESP,2016,2.7
Spain,ES,ESP,2015,2.7
Spain,ES,ESP,2014,2.8
Spain,ES,ESP,2013,2.9
Spain,ES,ESP,2012,2.9
Spain,ES,ESP,2011,3
Spain,ES,ESP,2010,3.2
Spain,ES,ESP,2009,3.3
Spain,ES,ESP,2008,3.4
Spain,ES,ESP,2007,3.6
Spain,ES,ESP,2006,3.7
Spain,ES,ESP,2005,3.8
Spain,ES,ESP,2004,3.9
Spain,ES,ESP,2003,4.1
Spain,ES,ESP,2002,4.1
Spain,ES,ESP,2001,4.2
Spain,ES,ESP,2000,4.4
Spain,ES,ESP,1999,4.5
Spain,ES,ESP,1998,4.7
Spain,ES,ESP,1997,4.9
Spain,ES,ESP,1996,5.2
Spain,ES,ESP,1995,5.5
Spain,ES,ESP,1994,5.9
Spain,ES,ESP,1993,6.3
Spain,ES,ESP,1992,6.7
Spain,ES,ESP,1991,7.1
Spain,ES,ESP,1990,7.4
Spain,ES,ESP,1989,7.8
Spain,ES,ESP,1988,8.1
Spain,ES,ESP,1987,8.4
Spain,ES,ESP,1986,8.8
Spain,ES,ESP,1985,9.2
Spain,ES,ESP,1984,9.6
Spain,ES,ESP,1983,10.1
Spain,ES,ESP,1982,10.7
Spain,ES,ESP,1981,11.5
Spain,ES,ESP,1980,12.4
Spain,ES,ESP,1979,13.5
Spain,ES,ESP,1978,14.6
Spain,ES,ESP,1977,15.9
Spain,ES,ESP,1976,17.2
Spain,ES,ESP,1975,18.6
Spain,ES,ESP,1974,20.1
Spain,ES,ESP,1973,21.8
Spain,ES,ESP,1972,23.7
Spain,ES,ESP,1971,25.6
Spain,ES,ESP,1970,27.7
Spain,ES,ESP,1969,29.8
Spain,ES,ESP,1968,31.8
Spain,ES,ESP,1967,33.7
Spain,ES,ESP,1966,35.4
Spain,ES,ESP,1965,37.2
Spain,ES,ESP,1964,38.9
Spain,ES,ESP,1963,40.8
Spain,ES,ESP,1962,42.8
Spain,ES,ESP,1961,44.9
Spain,ES,ESP,1960,46.8
Sri Lanka,LK,LKA,2024,NA
Sri Lanka,LK,LKA,2023,5.3
Sri Lanka,LK,LKA,2022,5.5
Sri Lanka,LK,LKA,2021,5.8
Sri Lanka,LK,LKA,2020,6
Sri Lanka,LK,LKA,2019,6.2
Sri Lanka,LK,LKA,2018,6.5
Sri Lanka,LK,LKA,2017,6.7
Sri Lanka,LK,LKA,2016,7
Sri Lanka,LK,LKA,2015,7.4
Sri Lanka,LK,LKA,2014,7.7
Sri Lanka,LK,LKA,2013,8.1
Sri Lanka,LK,LKA,2012,8.5
Sri Lanka,LK,LKA,2011,8.9
Sri Lanka,LK,LKA,2010,9.1
Sri Lanka,LK,LKA,2009,13
Sri Lanka,LK,LKA,2008,9.7
Sri Lanka,LK,LKA,2007,10.2
Sri Lanka,LK,LKA,2006,10.7
Sri Lanka,LK,LKA,2005,11.2
Sri Lanka,LK,LKA,2004,16.7
Sri Lanka,LK,LKA,2003,12.1
Sri Lanka,LK,LKA,2002,12.4
Sri Lanka,LK,LKA,2001,12.7
Sri Lanka,LK,LKA,2000,13
Sri Lanka,LK,LKA,1999,13.5
Sri Lanka,LK,LKA,1998,14.1
Sri Lanka,LK,LKA,1997,14.8
Sri Lanka,LK,LKA,1996,15.6
Sri Lanka,LK,LKA,1995,16.3
Sri Lanka,LK,LKA,1994,16.9
Sri Lanka,LK,LKA,1993,17.5
Sri Lanka,LK,LKA,1992,17.9
Sri Lanka,LK,LKA,1991,18
Sri Lanka,LK,LKA,1990,17.9
Sri Lanka,LK,LKA,1989,19.3
Sri Lanka,LK,LKA,1988,18.1
Sri Lanka,LK,LKA,1987,18.9
Sri Lanka,LK,LKA,1986,20.2
Sri Lanka,LK,LKA,1985,22.1
Sri Lanka,LK,LKA,1984,24.3
Sri Lanka,LK,LKA,1983,26.6
Sri Lanka,LK,LKA,1982,28.7
Sri Lanka,LK,LKA,1981,30.8
Sri Lanka,LK,LKA,1980,33.2
Sri Lanka,LK,LKA,1979,35.7
Sri Lanka,LK,LKA,1978,38.4
Sri Lanka,LK,LKA,1977,41.1
Sri Lanka,LK,LKA,1976,43.4
Sri Lanka,LK,LKA,1975,45.3
Sri Lanka,LK,LKA,1974,46.7
Sri Lanka,LK,LKA,1973,47.5
Sri Lanka,LK,LKA,1972,47.9
Sri Lanka,LK,LKA,1971,48.1
Sri Lanka,LK,LKA,1970,48.4
Sri Lanka,LK,LKA,1969,48.8
Sri Lanka,LK,LKA,1968,49.6
Sri Lanka,LK,LKA,1967,50.7
Sri Lanka,LK,LKA,1966,51.8
Sri Lanka,LK,LKA,1965,52.9
Sri Lanka,LK,LKA,1964,53.6
Sri Lanka,LK,LKA,1963,54
Sri Lanka,LK,LKA,1962,54.3
Sri Lanka,LK,LKA,1961,55.3
Sri Lanka,LK,LKA,1960,57.2
St. Kitts and Nevis,KN,KNA,2024,NA
St. Kitts and Nevis,KN,KNA,2023,14.3
St. Kitts and Nevis,KN,KNA,2022,14.7
St. Kitts and Nevis,KN,KNA,2021,15.1
St. Kitts and Nevis,KN,KNA,2020,15.5
St. Kitts and Nevis,KN,KNA,2019,15.9
St. Kitts and Nevis,KN,KNA,2018,16.2
St. Kitts and Nevis,KN,KNA,2017,16.5
St. Kitts and Nevis,KN,KNA,2016,16.7
St. Kitts and Nevis,KN,KNA,2015,16.9
St. Kitts and Nevis,KN,KNA,2014,16.9
St. Kitts and Nevis,KN,KNA,2013,16.7
St. Kitts and Nevis,KN,KNA,2012,16.5
St. Kitts and Nevis,KN,KNA,2011,16.3
St. Kitts and Nevis,KN,KNA,2010,16.1
St. Kitts and Nevis,KN,KNA,2009,16.1
St. Kitts and Nevis,KN,KNA,2008,16.1
St. Kitts and Nevis,KN,KNA,2007,16.2
St. Kitts and Nevis,KN,KNA,2006,16.4
St. Kitts and Nevis,KN,KNA,2005,16.8
St. Kitts and Nevis,KN,KNA,2004,17.3
St. Kitts and Nevis,KN,KNA,2003,17.9
St. Kitts and Nevis,KN,KNA,2002,18.6
St. Kitts and Nevis,KN,KNA,2001,19.4
St. Kitts and Nevis,KN,KNA,2000,20.2
St. Kitts and Nevis,KN,KNA,1999,20.9
St. Kitts and Nevis,KN,KNA,1998,21.6
St. Kitts and Nevis,KN,KNA,1997,22.2
St. Kitts and Nevis,KN,KNA,1996,22.7
St. Kitts and Nevis,KN,KNA,1995,23.1
St. Kitts and Nevis,KN,KNA,1994,23.5
St. Kitts and Nevis,KN,KNA,1993,23.8
St. Kitts and Nevis,KN,KNA,1992,24.2
St. Kitts and Nevis,KN,KNA,1991,24.7
St. Kitts and Nevis,KN,KNA,1990,25.3
St. Kitts and Nevis,KN,KNA,1989,26
St. Kitts and Nevis,KN,KNA,1988,27
St. Kitts and Nevis,KN,KNA,1987,28.1
St. Kitts and Nevis,KN,KNA,1986,29.5
St. Kitts and Nevis,KN,KNA,1985,31.2
St. Kitts and Nevis,KN,KNA,1984,33.1
St. Kitts and Nevis,KN,KNA,1983,35.2
St. Kitts and Nevis,KN,KNA,1982,37.4
St. Kitts and Nevis,KN,KNA,1981,39.6
St. Kitts and Nevis,KN,KNA,1980,41.7
St. Kitts and Nevis,KN,KNA,1979,43.6
St. Kitts and Nevis,KN,KNA,1978,45.1
St. Kitts and Nevis,KN,KNA,1977,46.3
St. Kitts and Nevis,KN,KNA,1976,47.4
St. Kitts and Nevis,KN,KNA,1975,48.4
St. Kitts and Nevis,KN,KNA,1974,49.3
St. Kitts and Nevis,KN,KNA,1973,50.3
St. Kitts and Nevis,KN,KNA,1972,NA
St. Kitts and Nevis,KN,KNA,1971,NA
St. Kitts and Nevis,KN,KNA,1970,NA
St. Kitts and Nevis,KN,KNA,1969,NA
St. Kitts and Nevis,KN,KNA,1968,NA
St. Kitts and Nevis,KN,KNA,1967,NA
St. Kitts and Nevis,KN,KNA,1966,NA
St. Kitts and Nevis,KN,KNA,1965,NA
St. Kitts and Nevis,KN,KNA,1964,NA
St. Kitts and Nevis,KN,KNA,1963,NA
St. Kitts and Nevis,KN,KNA,1962,NA
St. Kitts and Nevis,KN,KNA,1961,NA
St. Kitts and Nevis,KN,KNA,1960,NA
St. Lucia,LC,LCA,2024,NA
St. Lucia,LC,LCA,2023,14.3
St. Lucia,LC,LCA,2022,14.4
St. Lucia,LC,LCA,2021,14.6
St. Lucia,LC,LCA,2020,14.8
St. Lucia,LC,LCA,2019,15
St. Lucia,LC,LCA,2018,15.2
St. Lucia,LC,LCA,2017,15.4
St. Lucia,LC,LCA,2016,15.5
St. Lucia,LC,LCA,2015,15.6
St. Lucia,LC,LCA,2014,15.8
St. Lucia,LC,LCA,2013,15.9
St. Lucia,LC,LCA,2012,15.9
St. Lucia,LC,LCA,2011,16
St. Lucia,LC,LCA,2010,16
St. Lucia,LC,LCA,2009,16.1
St. Lucia,LC,LCA,2008,16.1
St. Lucia,LC,LCA,2007,16.1
St. Lucia,LC,LCA,2006,16
St. Lucia,LC,LCA,2005,16
St. Lucia,LC,LCA,2004,16
St. Lucia,LC,LCA,2003,15.9
St. Lucia,LC,LCA,2002,15.9
St. Lucia,LC,LCA,2001,15.9
St. Lucia,LC,LCA,2000,15.9
St. Lucia,LC,LCA,1999,16
St. Lucia,LC,LCA,1998,16
St. Lucia,LC,LCA,1997,16.1
St. Lucia,LC,LCA,1996,16.2
St. Lucia,LC,LCA,1995,16.3
St. Lucia,LC,LCA,1994,16.4
St. Lucia,LC,LCA,1993,16.6
St. Lucia,LC,LCA,1992,16.8
St. Lucia,LC,LCA,1991,17
St. Lucia,LC,LCA,1990,17.3
St. Lucia,LC,LCA,1989,17.6
St. Lucia,LC,LCA,1988,18.1
St. Lucia,LC,LCA,1987,18.5
St. Lucia,LC,LCA,1986,19.1
St. Lucia,LC,LCA,1985,19.8
St. Lucia,LC,LCA,1984,20.6
St. Lucia,LC,LCA,1983,21.5
St. Lucia,LC,LCA,1982,22.5
St. Lucia,LC,LCA,1981,23.8
St. Lucia,LC,LCA,1980,25.2
St. Lucia,LC,LCA,1979,26.8
St. Lucia,LC,LCA,1978,28.6
St. Lucia,LC,LCA,1977,30.7
St. Lucia,LC,LCA,1976,33
St. Lucia,LC,LCA,1975,35.6
St. Lucia,LC,LCA,1974,38.5
St. Lucia,LC,LCA,1973,41.6
St. Lucia,LC,LCA,1972,44.9
St. Lucia,LC,LCA,1971,48.4
St. Lucia,LC,LCA,1970,52.2
St. Lucia,LC,LCA,1969,56
St. Lucia,LC,LCA,1968,60.1
St. Lucia,LC,LCA,1967,64.1
St. Lucia,LC,LCA,1966,68.2
St. Lucia,LC,LCA,1965,72.2
St. Lucia,LC,LCA,1964,76.1
St. Lucia,LC,LCA,1963,79.8
St. Lucia,LC,LCA,1962,83.3
St. Lucia,LC,LCA,1961,86.4
St. Lucia,LC,LCA,1960,89.1
St. Martin (French part),MF,MAF,2024,NA
St. Martin (French part),MF,MAF,2023,NA
St. Martin (French part),MF,MAF,2022,NA
St. Martin (French part),MF,MAF,2021,NA
St. Martin (French part),MF,MAF,2020,NA
St. Martin (French part),MF,MAF,2019,NA
St. Martin (French part),MF,MAF,2018,NA
St. Martin (French part),MF,MAF,2017,NA
St. Martin (French part),MF,MAF,2016,NA
St. Martin (French part),MF,MAF,2015,NA
St. Martin (French part),MF,MAF,2014,NA
St. Martin (French part),MF,MAF,2013,NA
St. Martin (French part),MF,MAF,2012,NA
St. Martin (French part),MF,MAF,2011,NA
St. Martin (French part),MF,MAF,2010,NA
St. Martin (French part),MF,MAF,2009,NA
St. Martin (French part),MF,MAF,2008,NA
St. Martin (French part),MF,MAF,2007,NA
St. Martin (French part),MF,MAF,2006,NA
St. Martin (French part),MF,MAF,2005,NA
St. Martin (French part),MF,MAF,2004,NA
St. Martin (French part),MF,MAF,2003,NA
St. Martin (French part),MF,MAF,2002,NA
St. Martin (French part),MF,MAF,2001,NA
St. Martin (French part),MF,MAF,2000,NA
St. Martin (French part),MF,MAF,1999,NA
St. Martin (French part),MF,MAF,1998,NA
St. Martin (French part),MF,MAF,1997,NA
St. Martin (French part),MF,MAF,1996,NA
St. Martin (French part),MF,MAF,1995,NA
St. Martin (French part),MF,MAF,1994,NA
St. Martin (French part),MF,MAF,1993,NA
St. Martin (French part),MF,MAF,1992,NA
St. Martin (French part),MF,MAF,1991,NA
St. Martin (French part),MF,MAF,1990,NA
St. Martin (French part),MF,MAF,1989,NA
St. Martin (French part),MF,MAF,1988,NA
St. Martin (French part),MF,MAF,1987,NA
St. Martin (French part),MF,MAF,1986,NA
St. Martin (French part),MF,MAF,1985,NA
St. Martin (French part),MF,MAF,1984,NA
St. Martin (French part),MF,MAF,1983,NA
St. Martin (French part),MF,MAF,1982,NA
St. Martin (French part),MF,MAF,1981,NA
St. Martin (French part),MF,MAF,1980,NA
St. Martin (French part),MF,MAF,1979,NA
St. Martin (French part),MF,MAF,1978,NA
St. Martin (French part),MF,MAF,1977,NA
St. Martin (French part),MF,MAF,1976,NA
St. Martin (French part),MF,MAF,1975,NA
St. Martin (French part),MF,MAF,1974,NA
St. Martin (French part),MF,MAF,1973,NA
St. Martin (French part),MF,MAF,1972,NA
St. Martin (French part),MF,MAF,1971,NA
St. Martin (French part),MF,MAF,1970,NA
St. Martin (French part),MF,MAF,1969,NA
St. Martin (French part),MF,MAF,1968,NA
St. Martin (French part),MF,MAF,1967,NA
St. Martin (French part),MF,MAF,1966,NA
St. Martin (French part),MF,MAF,1965,NA
St. Martin (French part),MF,MAF,1964,NA
St. Martin (French part),MF,MAF,1963,NA
St. Martin (French part),MF,MAF,1962,NA
St. Martin (French part),MF,MAF,1961,NA
St. Martin (French part),MF,MAF,1960,NA
St. Vincent and the Grenadines,VC,VCT,2024,NA
St. Vincent and the Grenadines,VC,VCT,2023,9.9
St. Vincent and the Grenadines,VC,VCT,2022,10.3
St. Vincent and the Grenadines,VC,VCT,2021,10.8
St. Vincent and the Grenadines,VC,VCT,2020,11.4
St. Vincent and the Grenadines,VC,VCT,2019,12
St. Vincent and the Grenadines,VC,VCT,2018,12.8
St. Vincent and the Grenadines,VC,VCT,2017,13.6
St. Vincent and the Grenadines,VC,VCT,2016,14.5
St. Vincent and the Grenadines,VC,VCT,2015,15.4
St. Vincent and the Grenadines,VC,VCT,2014,16.3
St. Vincent and the Grenadines,VC,VCT,2013,17.1
St. Vincent and the Grenadines,VC,VCT,2012,17.9
St. Vincent and the Grenadines,VC,VCT,2011,18.6
St. Vincent and the Grenadines,VC,VCT,2010,19.3
St. Vincent and the Grenadines,VC,VCT,2009,19.7
St. Vincent and the Grenadines,VC,VCT,2008,20
St. Vincent and the Grenadines,VC,VCT,2007,20.1
St. Vincent and the Grenadines,VC,VCT,2006,20.1
St. Vincent and the Grenadines,VC,VCT,2005,20
St. Vincent and the Grenadines,VC,VCT,2004,19.9
St. Vincent and the Grenadines,VC,VCT,2003,19.8
St. Vincent and the Grenadines,VC,VCT,2002,19.7
St. Vincent and the Grenadines,VC,VCT,2001,19.6
St. Vincent and the Grenadines,VC,VCT,2000,19.5
St. Vincent and the Grenadines,VC,VCT,1999,19.5
St. Vincent and the Grenadines,VC,VCT,1998,19.4
St. Vincent and the Grenadines,VC,VCT,1997,19.2
St. Vincent and the Grenadines,VC,VCT,1996,19.1
St. Vincent and the Grenadines,VC,VCT,1995,18.9
St. Vincent and the Grenadines,VC,VCT,1994,18.8
St. Vincent and the Grenadines,VC,VCT,1993,18.8
St. Vincent and the Grenadines,VC,VCT,1992,18.9
St. Vincent and the Grenadines,VC,VCT,1991,19.2
St. Vincent and the Grenadines,VC,VCT,1990,19.7
St. Vincent and the Grenadines,VC,VCT,1989,20.3
St. Vincent and the Grenadines,VC,VCT,1988,21.2
St. Vincent and the Grenadines,VC,VCT,1987,22.4
St. Vincent and the Grenadines,VC,VCT,1986,24
St. Vincent and the Grenadines,VC,VCT,1985,26
St. Vincent and the Grenadines,VC,VCT,1984,28.4
St. Vincent and the Grenadines,VC,VCT,1983,31.2
St. Vincent and the Grenadines,VC,VCT,1982,34.4
St. Vincent and the Grenadines,VC,VCT,1981,38
St. Vincent and the Grenadines,VC,VCT,1980,41.9
St. Vincent and the Grenadines,VC,VCT,1979,46
St. Vincent and the Grenadines,VC,VCT,1978,50.2
St. Vincent and the Grenadines,VC,VCT,1977,54
St. Vincent and the Grenadines,VC,VCT,1976,56.8
St. Vincent and the Grenadines,VC,VCT,1975,58.2
St. Vincent and the Grenadines,VC,VCT,1974,57.7
St. Vincent and the Grenadines,VC,VCT,1973,55.7
St. Vincent and the Grenadines,VC,VCT,1972,52.8
St. Vincent and the Grenadines,VC,VCT,1971,49.5
St. Vincent and the Grenadines,VC,VCT,1970,46
St. Vincent and the Grenadines,VC,VCT,1969,42.8
St. Vincent and the Grenadines,VC,VCT,1968,NA
St. Vincent and the Grenadines,VC,VCT,1967,NA
St. Vincent and the Grenadines,VC,VCT,1966,NA
St. Vincent and the Grenadines,VC,VCT,1965,NA
St. Vincent and the Grenadines,VC,VCT,1964,NA
St. Vincent and the Grenadines,VC,VCT,1963,NA
St. Vincent and the Grenadines,VC,VCT,1962,NA
St. Vincent and the Grenadines,VC,VCT,1961,NA
St. Vincent and the Grenadines,VC,VCT,1960,NA
Sudan,SD,SDN,2024,NA
Sudan,SD,SDN,2023,39.2
Sudan,SD,SDN,2022,40.3
Sudan,SD,SDN,2021,41.6
Sudan,SD,SDN,2020,42.8
Sudan,SD,SDN,2019,44
Sudan,SD,SDN,2018,45.3
Sudan,SD,SDN,2017,46.5
Sudan,SD,SDN,2016,47.8
Sudan,SD,SDN,2015,49
Sudan,SD,SDN,2014,50.1
Sudan,SD,SDN,2013,51.3
Sudan,SD,SDN,2012,52.3
Sudan,SD,SDN,2011,53.4
Sudan,SD,SDN,2010,54.5
Sudan,SD,SDN,2009,55.7
Sudan,SD,SDN,2008,57
Sudan,SD,SDN,2007,58.4
Sudan,SD,SDN,2006,59.9
Sudan,SD,SDN,2005,66.8
Sudan,SD,SDN,2004,68.2
Sudan,SD,SDN,2003,65
Sudan,SD,SDN,2002,66.9
Sudan,SD,SDN,2001,68.9
Sudan,SD,SDN,2000,70.8
Sudan,SD,SDN,1999,72.7
Sudan,SD,SDN,1998,74.4
Sudan,SD,SDN,1997,76.1
Sudan,SD,SDN,1996,77.6
Sudan,SD,SDN,1995,78.9
Sudan,SD,SDN,1994,80.2
Sudan,SD,SDN,1993,81.3
Sudan,SD,SDN,1992,82.4
Sudan,SD,SDN,1991,83.4
Sudan,SD,SDN,1990,84.4
Sudan,SD,SDN,1989,85.3
Sudan,SD,SDN,1988,86.1
Sudan,SD,SDN,1987,86.9
Sudan,SD,SDN,1986,87.5
Sudan,SD,SDN,1985,108.8
Sudan,SD,SDN,1984,109.5
Sudan,SD,SDN,1983,110.2
Sudan,SD,SDN,1982,88.8
Sudan,SD,SDN,1981,89
Sudan,SD,SDN,1980,89.2
Sudan,SD,SDN,1979,89.4
Sudan,SD,SDN,1978,89.6
Sudan,SD,SDN,1977,89.8
Sudan,SD,SDN,1976,90
Sudan,SD,SDN,1975,90.1
Sudan,SD,SDN,1974,90.3
Sudan,SD,SDN,1973,90.3
Sudan,SD,SDN,1972,90.2
Sudan,SD,SDN,1971,90.1
Sudan,SD,SDN,1970,90
Sudan,SD,SDN,1969,89.9
Sudan,SD,SDN,1968,89.8
Sudan,SD,SDN,1967,89.8
Sudan,SD,SDN,1966,89.9
Sudan,SD,SDN,1965,90.1
Sudan,SD,SDN,1964,90.3
Sudan,SD,SDN,1963,90.6
Sudan,SD,SDN,1962,90.9
Sudan,SD,SDN,1961,91.3
Sudan,SD,SDN,1960,91.6
Suriname,SR,SUR,2024,NA
Suriname,SR,SUR,2023,15.2
Suriname,SR,SUR,2022,15.7
Suriname,SR,SUR,2021,16.2
Suriname,SR,SUR,2020,16.6
Suriname,SR,SUR,2019,17.1
Suriname,SR,SUR,2018,17.6
Suriname,SR,SUR,2017,18.1
Suriname,SR,SUR,2016,18.6
Suriname,SR,SUR,2015,19
Suriname,SR,SUR,2014,19.4
Suriname,SR,SUR,2013,19.8
Suriname,SR,SUR,2012,20.3
Suriname,SR,SUR,2011,20.7
Suriname,SR,SUR,2010,21.1
Suriname,SR,SUR,2009,21.6
Suriname,SR,SUR,2008,22.1
Suriname,SR,SUR,2007,22.6
Suriname,SR,SUR,2006,23.1
Suriname,SR,SUR,2005,23.7
Suriname,SR,SUR,2004,24.3
Suriname,SR,SUR,2003,25
Suriname,SR,SUR,2002,25.7
Suriname,SR,SUR,2001,26.5
Suriname,SR,SUR,2000,27.3
Suriname,SR,SUR,1999,28.2
Suriname,SR,SUR,1998,29.2
Suriname,SR,SUR,1997,30.1
Suriname,SR,SUR,1996,31.1
Suriname,SR,SUR,1995,32.1
Suriname,SR,SUR,1994,33.2
Suriname,SR,SUR,1993,34.2
Suriname,SR,SUR,1992,35.3
Suriname,SR,SUR,1991,36.4
Suriname,SR,SUR,1990,37.4
Suriname,SR,SUR,1989,38.3
Suriname,SR,SUR,1988,39.2
Suriname,SR,SUR,1987,40.2
Suriname,SR,SUR,1986,41.1
Suriname,SR,SUR,1985,42
Suriname,SR,SUR,1984,43
Suriname,SR,SUR,1983,43.9
Suriname,SR,SUR,1982,NA
Suriname,SR,SUR,1981,NA
Suriname,SR,SUR,1980,NA
Suriname,SR,SUR,1979,NA
Suriname,SR,SUR,1978,NA
Suriname,SR,SUR,1977,NA
Suriname,SR,SUR,1976,NA
Suriname,SR,SUR,1975,NA
Suriname,SR,SUR,1974,NA
Suriname,SR,SUR,1973,NA
Suriname,SR,SUR,1972,NA
Suriname,SR,SUR,1971,NA
Suriname,SR,SUR,1970,NA
Suriname,SR,SUR,1969,NA
Suriname,SR,SUR,1968,NA
Suriname,SR,SUR,1967,NA
Suriname,SR,SUR,1966,NA
Suriname,SR,SUR,1965,NA
Suriname,SR,SUR,1964,NA
Suriname,SR,SUR,1963,NA
Suriname,SR,SUR,1962,NA
Suriname,SR,SUR,1961,NA
Suriname,SR,SUR,1960,NA
Sweden,SE,SWE,2024,NA
Sweden,SE,SWE,2023,2
Sweden,SE,SWE,2022,2
Sweden,SE,SWE,2021,2.1
Sweden,SE,SWE,2020,2.1
Sweden,SE,SWE,2019,2.2
Sweden,SE,SWE,2018,2.2
Sweden,SE,SWE,2017,2.3
Sweden,SE,SWE,2016,2.3
Sweden,SE,SWE,2015,2.3
Sweden,SE,SWE,2014,2.4
Sweden,SE,SWE,2013,2.4
Sweden,SE,SWE,2012,2.4
Sweden,SE,SWE,2011,2.5
Sweden,SE,SWE,2010,2.5
Sweden,SE,SWE,2009,2.6
Sweden,SE,SWE,2008,2.6
Sweden,SE,SWE,2007,2.7
Sweden,SE,SWE,2006,2.8
Sweden,SE,SWE,2005,3
Sweden,SE,SWE,2004,3.1
Sweden,SE,SWE,2003,3.2
Sweden,SE,SWE,2002,3.3
Sweden,SE,SWE,2001,3.3
Sweden,SE,SWE,2000,3.4
Sweden,SE,SWE,1999,3.4
Sweden,SE,SWE,1998,3.5
Sweden,SE,SWE,1997,3.6
Sweden,SE,SWE,1996,3.8
Sweden,SE,SWE,1995,4
Sweden,SE,SWE,1994,4.4
Sweden,SE,SWE,1993,4.8
Sweden,SE,SWE,1992,5.2
Sweden,SE,SWE,1991,5.6
Sweden,SE,SWE,1990,5.9
Sweden,SE,SWE,1989,6.1
Sweden,SE,SWE,1988,6.2
Sweden,SE,SWE,1987,6.3
Sweden,SE,SWE,1986,6.3
Sweden,SE,SWE,1985,6.4
Sweden,SE,SWE,1984,6.5
Sweden,SE,SWE,1983,6.6
Sweden,SE,SWE,1982,6.8
Sweden,SE,SWE,1981,6.9
Sweden,SE,SWE,1980,7.2
Sweden,SE,SWE,1979,7.4
Sweden,SE,SWE,1978,7.7
Sweden,SE,SWE,1977,8
Sweden,SE,SWE,1976,8.3
Sweden,SE,SWE,1975,8.8
Sweden,SE,SWE,1974,9.3
Sweden,SE,SWE,1973,9.8
Sweden,SE,SWE,1972,10.4
Sweden,SE,SWE,1971,10.9
Sweden,SE,SWE,1970,11.3
Sweden,SE,SWE,1969,11.7
Sweden,SE,SWE,1968,12.1
Sweden,SE,SWE,1967,12.6
Sweden,SE,SWE,1966,13.1
Sweden,SE,SWE,1965,13.7
Sweden,SE,SWE,1964,14.4
Sweden,SE,SWE,1963,15
Sweden,SE,SWE,1962,15.6
Sweden,SE,SWE,1961,16
Sweden,SE,SWE,1960,16.3
Switzerland,CH,CHE,2024,NA
Switzerland,CH,CHE,2023,3.5
Switzerland,CH,CHE,2022,3.5
Switzerland,CH,CHE,2021,3.5
Switzerland,CH,CHE,2020,3.5
Switzerland,CH,CHE,2019,3.5
Switzerland,CH,CHE,2018,3.6
Switzerland,CH,CHE,2017,3.6
Switzerland,CH,CHE,2016,3.7
Switzerland,CH,CHE,2015,3.7
Switzerland,CH,CHE,2014,3.8
Switzerland,CH,CHE,2013,3.8
Switzerland,CH,CHE,2012,3.8
Switzerland,CH,CHE,2011,3.9
Switzerland,CH,CHE,2010,3.9
Switzerland,CH,CHE,2009,4
Switzerland,CH,CHE,2008,4
Switzerland,CH,CHE,2007,4.1
Switzerland,CH,CHE,2006,4.2
Switzerland,CH,CHE,2005,4.3
Switzerland,CH,CHE,2004,4.4
Switzerland,CH,CHE,2003,4.5
Switzerland,CH,CHE,2002,4.5
Switzerland,CH,CHE,2001,4.6
Switzerland,CH,CHE,2000,4.7
Switzerland,CH,CHE,1999,4.7
Switzerland,CH,CHE,1998,4.8
Switzerland,CH,CHE,1997,4.9
Switzerland,CH,CHE,1996,5
Switzerland,CH,CHE,1995,5.2
Switzerland,CH,CHE,1994,5.5
Switzerland,CH,CHE,1993,5.8
Switzerland,CH,CHE,1992,6.1
Switzerland,CH,CHE,1991,6.4
Switzerland,CH,CHE,1990,6.6
Switzerland,CH,CHE,1989,6.8
Switzerland,CH,CHE,1988,7
Switzerland,CH,CHE,1987,7.1
Switzerland,CH,CHE,1986,7.2
Switzerland,CH,CHE,1985,7.3
Switzerland,CH,CHE,1984,7.4
Switzerland,CH,CHE,1983,7.6
Switzerland,CH,CHE,1982,7.8
Switzerland,CH,CHE,1981,8
Switzerland,CH,CHE,1980,8.4
Switzerland,CH,CHE,1979,8.7
Switzerland,CH,CHE,1978,9.2
Switzerland,CH,CHE,1977,9.8
Switzerland,CH,CHE,1976,10.5
Switzerland,CH,CHE,1975,11.2
Switzerland,CH,CHE,1974,12
Switzerland,CH,CHE,1973,12.8
Switzerland,CH,CHE,1972,13.6
Switzerland,CH,CHE,1971,14.3
Switzerland,CH,CHE,1970,15
Switzerland,CH,CHE,1969,15.6
Switzerland,CH,CHE,1968,16.3
Switzerland,CH,CHE,1967,16.9
Switzerland,CH,CHE,1966,17.7
Switzerland,CH,CHE,1965,18.5
Switzerland,CH,CHE,1964,19.3
Switzerland,CH,CHE,1963,20.1
Switzerland,CH,CHE,1962,20.7
Switzerland,CH,CHE,1961,21.3
Switzerland,CH,CHE,1960,21.7
Syrian Arab Republic,SY,SYR,2024,NA
Syrian Arab Republic,SY,SYR,2023,19
Syrian Arab Republic,SY,SYR,2022,19.5
Syrian Arab Republic,SY,SYR,2021,19.7
Syrian Arab Republic,SY,SYR,2020,20.4
Syrian Arab Republic,SY,SYR,2019,21.5
Syrian Arab Republic,SY,SYR,2018,24.5
Syrian Arab Republic,SY,SYR,2017,24.5
Syrian Arab Republic,SY,SYR,2016,23.9
Syrian Arab Republic,SY,SYR,2015,25.6
Syrian Arab Republic,SY,SYR,2014,24.7
Syrian Arab Republic,SY,SYR,2013,25
Syrian Arab Republic,SY,SYR,2012,23.7
Syrian Arab Republic,SY,SYR,2011,18.8
Syrian Arab Republic,SY,SYR,2010,17.6
Syrian Arab Republic,SY,SYR,2009,17.6
Syrian Arab Republic,SY,SYR,2008,17.6
Syrian Arab Republic,SY,SYR,2007,17.7
Syrian Arab Republic,SY,SYR,2006,17.9
Syrian Arab Republic,SY,SYR,2005,18.1
Syrian Arab Republic,SY,SYR,2004,18.5
Syrian Arab Republic,SY,SYR,2003,18.9
Syrian Arab Republic,SY,SYR,2002,19.5
Syrian Arab Republic,SY,SYR,2001,20.1
Syrian Arab Republic,SY,SYR,2000,20.8
Syrian Arab Republic,SY,SYR,1999,21.6
Syrian Arab Republic,SY,SYR,1998,22.5
Syrian Arab Republic,SY,SYR,1997,23.6
Syrian Arab Republic,SY,SYR,1996,24.7
Syrian Arab Republic,SY,SYR,1995,25.8
Syrian Arab Republic,SY,SYR,1994,27
Syrian Arab Republic,SY,SYR,1993,28.2
Syrian Arab Republic,SY,SYR,1992,29.4
Syrian Arab Republic,SY,SYR,1991,30.5
Syrian Arab Republic,SY,SYR,1990,31.6
Syrian Arab Republic,SY,SYR,1989,32.8
Syrian Arab Republic,SY,SYR,1988,33.9
Syrian Arab Republic,SY,SYR,1987,35.2
Syrian Arab Republic,SY,SYR,1986,36.6
Syrian Arab Republic,SY,SYR,1985,38.2
Syrian Arab Republic,SY,SYR,1984,39.9
Syrian Arab Republic,SY,SYR,1983,41.7
Syrian Arab Republic,SY,SYR,1982,50.4
Syrian Arab Republic,SY,SYR,1981,48.4
Syrian Arab Republic,SY,SYR,1980,48.3
Syrian Arab Republic,SY,SYR,1979,50.8
Syrian Arab Republic,SY,SYR,1978,53.5
Syrian Arab Republic,SY,SYR,1977,56.2
Syrian Arab Republic,SY,SYR,1976,58.9
Syrian Arab Republic,SY,SYR,1975,61.6
Syrian Arab Republic,SY,SYR,1974,64.3
Syrian Arab Republic,SY,SYR,1973,67.1
Syrian Arab Republic,SY,SYR,1972,70
Syrian Arab Republic,SY,SYR,1971,72.9
Syrian Arab Republic,SY,SYR,1970,76.1
Syrian Arab Republic,SY,SYR,1969,79.4
Syrian Arab Republic,SY,SYR,1968,82.7
Syrian Arab Republic,SY,SYR,1967,85.8
Syrian Arab Republic,SY,SYR,1966,88.7
Syrian Arab Republic,SY,SYR,1965,91.4
Syrian Arab Republic,SY,SYR,1964,93.9
Syrian Arab Republic,SY,SYR,1963,96.4
Syrian Arab Republic,SY,SYR,1962,99
Syrian Arab Republic,SY,SYR,1961,101.9
Syrian Arab Republic,SY,SYR,1960,105.2
Tajikistan,TJ,TJK,2024,NA
Tajikistan,TJ,TJK,2023,22.9
Tajikistan,TJ,TJK,2022,23.1
Tajikistan,TJ,TJK,2021,23.2
Tajikistan,TJ,TJK,2020,23.2
Tajikistan,TJ,TJK,2019,23.3
Tajikistan,TJ,TJK,2018,23.4
Tajikistan,TJ,TJK,2017,23.7
Tajikistan,TJ,TJK,2016,24.1
Tajikistan,TJ,TJK,2015,24.7
Tajikistan,TJ,TJK,2014,25.4
Tajikistan,TJ,TJK,2013,26.3
Tajikistan,TJ,TJK,2012,27.2
Tajikistan,TJ,TJK,2011,28.4
Tajikistan,TJ,TJK,2010,29.9
Tajikistan,TJ,TJK,2009,31.5
Tajikistan,TJ,TJK,2008,33.4
Tajikistan,TJ,TJK,2007,35.7
Tajikistan,TJ,TJK,2006,38.3
Tajikistan,TJ,TJK,2005,41.4
Tajikistan,TJ,TJK,2004,44.8
Tajikistan,TJ,TJK,2003,48.7
Tajikistan,TJ,TJK,2002,53
Tajikistan,TJ,TJK,2001,57.5
Tajikistan,TJ,TJK,2000,62.2
Tajikistan,TJ,TJK,1999,67
Tajikistan,TJ,TJK,1998,71.8
Tajikistan,TJ,TJK,1997,76.3
Tajikistan,TJ,TJK,1996,80.3
Tajikistan,TJ,TJK,1995,83
Tajikistan,TJ,TJK,1994,84.2
Tajikistan,TJ,TJK,1993,83.4
Tajikistan,TJ,TJK,1992,81.3
Tajikistan,TJ,TJK,1991,78.3
Tajikistan,TJ,TJK,1990,76
Tajikistan,TJ,TJK,1989,75.7
Tajikistan,TJ,TJK,1988,77.4
Tajikistan,TJ,TJK,1987,80.5
Tajikistan,TJ,TJK,1986,84.4
Tajikistan,TJ,TJK,1985,88
Tajikistan,TJ,TJK,1984,91
Tajikistan,TJ,TJK,1983,93.2
Tajikistan,TJ,TJK,1982,94.5
Tajikistan,TJ,TJK,1981,95.2
Tajikistan,TJ,TJK,1980,95.6
Tajikistan,TJ,TJK,1979,96.1
Tajikistan,TJ,TJK,1978,97
Tajikistan,TJ,TJK,1977,98.4
Tajikistan,TJ,TJK,1976,100.6
Tajikistan,TJ,TJK,1975,103.3
Tajikistan,TJ,TJK,1974,106.4
Tajikistan,TJ,TJK,1973,110.1
Tajikistan,TJ,TJK,1972,113.7
Tajikistan,TJ,TJK,1971,NA
Tajikistan,TJ,TJK,1970,NA
Tajikistan,TJ,TJK,1969,NA
Tajikistan,TJ,TJK,1968,NA
Tajikistan,TJ,TJK,1967,NA
Tajikistan,TJ,TJK,1966,NA
Tajikistan,TJ,TJK,1965,NA
Tajikistan,TJ,TJK,1964,NA
Tajikistan,TJ,TJK,1963,NA
Tajikistan,TJ,TJK,1962,NA
Tajikistan,TJ,TJK,1961,NA
Tajikistan,TJ,TJK,1960,NA
Tanzania,TZ,TZA,2024,NA
Tanzania,TZ,TZA,2023,29.9
Tanzania,TZ,TZA,2022,31.2
Tanzania,TZ,TZA,2021,32.4
Tanzania,TZ,TZA,2020,33.5
Tanzania,TZ,TZA,2019,34.7
Tanzania,TZ,TZA,2018,36
Tanzania,TZ,TZA,2017,37.7
Tanzania,TZ,TZA,2016,39.5
Tanzania,TZ,TZA,2015,41.1
Tanzania,TZ,TZA,2014,42.3
Tanzania,TZ,TZA,2013,43.7
Tanzania,TZ,TZA,2012,45
Tanzania,TZ,TZA,2011,46.6
Tanzania,TZ,TZA,2010,48.5
Tanzania,TZ,TZA,2009,50.5
Tanzania,TZ,TZA,2008,53.2
Tanzania,TZ,TZA,2007,55.6
Tanzania,TZ,TZA,2006,59
Tanzania,TZ,TZA,2005,62.3
Tanzania,TZ,TZA,2004,66.4
Tanzania,TZ,TZA,2003,70.7
Tanzania,TZ,TZA,2002,75.4
Tanzania,TZ,TZA,2001,80.4
Tanzania,TZ,TZA,2000,85.3
Tanzania,TZ,TZA,1999,89.9
Tanzania,TZ,TZA,1998,93.8
Tanzania,TZ,TZA,1997,96.8
Tanzania,TZ,TZA,1996,99.2
Tanzania,TZ,TZA,1995,101
Tanzania,TZ,TZA,1994,102.2
Tanzania,TZ,TZA,1993,103.1
Tanzania,TZ,TZA,1992,103.9
Tanzania,TZ,TZA,1991,104.6
Tanzania,TZ,TZA,1990,105.4
Tanzania,TZ,TZA,1989,106.3
Tanzania,TZ,TZA,1988,107.2
Tanzania,TZ,TZA,1987,108
Tanzania,TZ,TZA,1986,108.4
Tanzania,TZ,TZA,1985,108.2
Tanzania,TZ,TZA,1984,107.7
Tanzania,TZ,TZA,1983,106.8
Tanzania,TZ,TZA,1982,105.6
Tanzania,TZ,TZA,1981,104.5
Tanzania,TZ,TZA,1980,103.9
Tanzania,TZ,TZA,1979,103.8
Tanzania,TZ,TZA,1978,104.5
Tanzania,TZ,TZA,1977,105.7
Tanzania,TZ,TZA,1976,107
Tanzania,TZ,TZA,1975,108.6
Tanzania,TZ,TZA,1974,110
Tanzania,TZ,TZA,1973,111.4
Tanzania,TZ,TZA,1972,112.6
Tanzania,TZ,TZA,1971,113.8
Tanzania,TZ,TZA,1970,114.9
Tanzania,TZ,TZA,1969,115.9
Tanzania,TZ,TZA,1968,117
Tanzania,TZ,TZA,1967,117.9
Tanzania,TZ,TZA,1966,118.8
Tanzania,TZ,TZA,1965,119.6
Tanzania,TZ,TZA,1964,120.2
Tanzania,TZ,TZA,1963,120.7
Tanzania,TZ,TZA,1962,121
Tanzania,TZ,TZA,1961,121.3
Tanzania,TZ,TZA,1960,121.5
Thailand,TH,THA,2024,NA
Thailand,TH,THA,2023,8
Thailand,TH,THA,2022,8.3
Thailand,TH,THA,2021,8.5
Thailand,TH,THA,2020,8.8
Thailand,TH,THA,2019,9.1
Thailand,TH,THA,2018,9.4
Thailand,TH,THA,2017,9.6
Thailand,TH,THA,2016,10
Thailand,TH,THA,2015,10.3
Thailand,TH,THA,2014,10.6
Thailand,TH,THA,2013,11
Thailand,TH,THA,2012,11.3
Thailand,TH,THA,2011,11.7
Thailand,TH,THA,2010,12.2
Thailand,TH,THA,2009,12.6
Thailand,TH,THA,2008,13.1
Thailand,TH,THA,2007,13.6
Thailand,TH,THA,2006,14.2
Thailand,TH,THA,2005,14.8
Thailand,TH,THA,2004,15.4
Thailand,TH,THA,2003,16.1
Thailand,TH,THA,2002,16.9
Thailand,TH,THA,2001,17.7
Thailand,TH,THA,2000,18.5
Thailand,TH,THA,1999,19.5
Thailand,TH,THA,1998,20.5
Thailand,TH,THA,1997,21.5
Thailand,TH,THA,1996,22.6
Thailand,TH,THA,1995,23.8
Thailand,TH,THA,1994,25.1
Thailand,TH,THA,1993,26.4
Thailand,TH,THA,1992,27.9
Thailand,TH,THA,1991,29.4
Thailand,TH,THA,1990,31.1
Thailand,TH,THA,1989,32.8
Thailand,TH,THA,1988,34.6
Thailand,TH,THA,1987,36.4
Thailand,TH,THA,1986,38.2
Thailand,TH,THA,1985,40
Thailand,TH,THA,1984,41.8
Thailand,TH,THA,1983,43.6
Thailand,TH,THA,1982,45.6
Thailand,TH,THA,1981,47.6
Thailand,TH,THA,1980,49.6
Thailand,TH,THA,1979,51.9
Thailand,TH,THA,1978,54.2
Thailand,TH,THA,1977,56.6
Thailand,TH,THA,1976,59.2
Thailand,TH,THA,1975,62.1
Thailand,TH,THA,1974,65.1
Thailand,TH,THA,1973,68.2
Thailand,TH,THA,1972,71.6
Thailand,TH,THA,1971,75
Thailand,TH,THA,1970,78.5
Thailand,TH,THA,1969,82.1
Thailand,TH,THA,1968,85.5
Thailand,TH,THA,1967,89
Thailand,TH,THA,1966,92.3
Thailand,TH,THA,1965,95.6
Thailand,TH,THA,1964,98.9
Thailand,TH,THA,1963,102.3
Thailand,TH,THA,1962,105.7
Thailand,TH,THA,1961,109.2
Thailand,TH,THA,1960,112.8
Timor-Leste,TL,TLS,2024,NA
Timor-Leste,TL,TLS,2023,35.9
Timor-Leste,TL,TLS,2022,36.9
Timor-Leste,TL,TLS,2021,37.9
Timor-Leste,TL,TLS,2020,38.9
Timor-Leste,TL,TLS,2019,39.9
Timor-Leste,TL,TLS,2018,40.7
Timor-Leste,TL,TLS,2017,41.6
Timor-Leste,TL,TLS,2016,42.6
Timor-Leste,TL,TLS,2015,43.8
Timor-Leste,TL,TLS,2014,45.1
Timor-Leste,TL,TLS,2013,46.6
Timor-Leste,TL,TLS,2012,48.2
Timor-Leste,TL,TLS,2011,50
Timor-Leste,TL,TLS,2010,52.1
Timor-Leste,TL,TLS,2009,54.3
Timor-Leste,TL,TLS,2008,56.7
Timor-Leste,TL,TLS,2007,59.3
Timor-Leste,TL,TLS,2006,62.2
Timor-Leste,TL,TLS,2005,65.3
Timor-Leste,TL,TLS,2004,68.7
Timor-Leste,TL,TLS,2003,72.2
Timor-Leste,TL,TLS,2002,76
Timor-Leste,TL,TLS,2001,79.9
Timor-Leste,TL,TLS,2000,83.9
Timor-Leste,TL,TLS,1999,130.3
Timor-Leste,TL,TLS,1998,126.2
Timor-Leste,TL,TLS,1997,125.9
Timor-Leste,TL,TLS,1996,131.8
Timor-Leste,TL,TLS,1995,137.9
Timor-Leste,TL,TLS,1994,138.7
Timor-Leste,TL,TLS,1993,144.6
Timor-Leste,TL,TLS,1992,152.4
Timor-Leste,TL,TLS,1991,160.4
Timor-Leste,TL,TLS,1990,164.4
Timor-Leste,TL,TLS,1989,168.6
Timor-Leste,TL,TLS,1988,177.1
Timor-Leste,TL,TLS,1987,180.7
Timor-Leste,TL,TLS,1986,193.9
Timor-Leste,TL,TLS,1985,200.6
Timor-Leste,TL,TLS,1984,NA
Timor-Leste,TL,TLS,1983,NA
Timor-Leste,TL,TLS,1982,NA
Timor-Leste,TL,TLS,1981,NA
Timor-Leste,TL,TLS,1980,NA
Timor-Leste,TL,TLS,1979,NA
Timor-Leste,TL,TLS,1978,NA
Timor-Leste,TL,TLS,1977,NA
Timor-Leste,TL,TLS,1976,NA
Timor-Leste,TL,TLS,1975,NA
Timor-Leste,TL,TLS,1974,NA
Timor-Leste,TL,TLS,1973,NA
Timor-Leste,TL,TLS,1972,NA
Timor-Leste,TL,TLS,1971,NA
Timor-Leste,TL,TLS,1970,NA
Timor-Leste,TL,TLS,1969,NA
Timor-Leste,TL,TLS,1968,NA
Timor-Leste,TL,TLS,1967,NA
Timor-Leste,TL,TLS,1966,NA
Timor-Leste,TL,TLS,1965,NA
Timor-Leste,TL,TLS,1964,NA
Timor-Leste,TL,TLS,1963,NA
Timor-Leste,TL,TLS,1962,NA
Timor-Leste,TL,TLS,1961,NA
Timor-Leste,TL,TLS,1960,NA
Togo,TG,TGO,2024,NA
Togo,TG,TGO,2023,35.9
Togo,TG,TGO,2022,36.9
Togo,TG,TGO,2021,38
Togo,TG,TGO,2020,39.1
Togo,TG,TGO,2019,40.2
Togo,TG,TGO,2018,41.4
Togo,TG,TGO,2017,42.7
Togo,TG,TGO,2016,44
Togo,TG,TGO,2015,45.4
Togo,TG,TGO,2014,46.8
Togo,TG,TGO,2013,48.3
Togo,TG,TGO,2012,49.8
Togo,TG,TGO,2011,51.4
Togo,TG,TGO,2010,53
Togo,TG,TGO,2009,54.6
Togo,TG,TGO,2008,56.1
Togo,TG,TGO,2007,57.7
Togo,TG,TGO,2006,59.3
Togo,TG,TGO,2005,61
Togo,TG,TGO,2004,62.8
Togo,TG,TGO,2003,64.7
Togo,TG,TGO,2002,66.7
Togo,TG,TGO,2001,68.7
Togo,TG,TGO,2000,70.8
Togo,TG,TGO,1999,72.8
Togo,TG,TGO,1998,74.9
Togo,TG,TGO,1997,76.7
Togo,TG,TGO,1996,78.5
Togo,TG,TGO,1995,80.1
Togo,TG,TGO,1994,81.4
Togo,TG,TGO,1993,82.5
Togo,TG,TGO,1992,83.5
Togo,TG,TGO,1991,84.3
Togo,TG,TGO,1990,85.2
Togo,TG,TGO,1989,86.1
Togo,TG,TGO,1988,87
Togo,TG,TGO,1987,88.2
Togo,TG,TGO,1986,89.3
Togo,TG,TGO,1985,90.7
Togo,TG,TGO,1984,92.3
Togo,TG,TGO,1983,94
Togo,TG,TGO,1982,95.8
Togo,TG,TGO,1981,97.7
Togo,TG,TGO,1980,99.7
Togo,TG,TGO,1979,101.7
Togo,TG,TGO,1978,103.8
Togo,TG,TGO,1977,106
Togo,TG,TGO,1976,108.1
Togo,TG,TGO,1975,110.3
Togo,TG,TGO,1974,112.4
Togo,TG,TGO,1973,114.5
Togo,TG,TGO,1972,116.5
Togo,TG,TGO,1971,118.5
Togo,TG,TGO,1970,120.4
Togo,TG,TGO,1969,122.3
Togo,TG,TGO,1968,124.1
Togo,TG,TGO,1967,125.7
Togo,TG,TGO,1966,127.2
Togo,TG,TGO,1965,128.8
Togo,TG,TGO,1964,130.1
Togo,TG,TGO,1963,131.3
Togo,TG,TGO,1962,132.2
Togo,TG,TGO,1961,133.1
Togo,TG,TGO,1960,133.9
Tonga,TO,TON,2024,NA
Tonga,TO,TON,2023,8
Tonga,TO,TON,2022,8.2
Tonga,TO,TON,2021,8.4
Tonga,TO,TON,2020,8.7
Tonga,TO,TON,2019,8.9
Tonga,TO,TON,2018,9
Tonga,TO,TON,2017,9.2
Tonga,TO,TON,2016,9.4
Tonga,TO,TON,2015,9.6
Tonga,TO,TON,2014,9.8
Tonga,TO,TON,2013,10
Tonga,TO,TON,2012,10.2
Tonga,TO,TON,2011,10.4
Tonga,TO,TON,2010,10.6
Tonga,TO,TON,2009,10.8
Tonga,TO,TON,2008,11.1
Tonga,TO,TON,2007,11.4
Tonga,TO,TON,2006,11.7
Tonga,TO,TON,2005,12
Tonga,TO,TON,2004,12.4
Tonga,TO,TON,2003,12.7
Tonga,TO,TON,2002,13.1
Tonga,TO,TON,2001,13.4
Tonga,TO,TON,2000,13.8
Tonga,TO,TON,1999,14.1
Tonga,TO,TON,1998,14.5
Tonga,TO,TON,1997,14.8
Tonga,TO,TON,1996,15.1
Tonga,TO,TON,1995,15.4
Tonga,TO,TON,1994,15.8
Tonga,TO,TON,1993,16.3
Tonga,TO,TON,1992,16.8
Tonga,TO,TON,1991,17.4
Tonga,TO,TON,1990,18
Tonga,TO,TON,1989,18.7
Tonga,TO,TON,1988,19.3
Tonga,TO,TON,1987,19.9
Tonga,TO,TON,1986,20.4
Tonga,TO,TON,1985,20.9
Tonga,TO,TON,1984,21.4
Tonga,TO,TON,1983,21.9
Tonga,TO,TON,1982,22.5
Tonga,TO,TON,1981,23.2
Tonga,TO,TON,1980,24.1
Tonga,TO,TON,1979,25
Tonga,TO,TON,1978,26
Tonga,TO,TON,1977,27.2
Tonga,TO,TON,1976,28.4
Tonga,TO,TON,1975,29.8
Tonga,TO,TON,1974,31.3
Tonga,TO,TON,1973,32.9
Tonga,TO,TON,1972,34.8
Tonga,TO,TON,1971,37
Tonga,TO,TON,1970,39.3
Tonga,TO,TON,1969,42
Tonga,TO,TON,1968,44.9
Tonga,TO,TON,1967,48
Tonga,TO,TON,1966,51.3
Tonga,TO,TON,1965,54.8
Tonga,TO,TON,1964,58.4
Tonga,TO,TON,1963,62.2
Tonga,TO,TON,1962,NA
Tonga,TO,TON,1961,NA
Tonga,TO,TON,1960,NA
Trinidad and Tobago,TT,TTO,2024,NA
Trinidad and Tobago,TT,TTO,2023,17.2
Trinidad and Tobago,TT,TTO,2022,17.6
Trinidad and Tobago,TT,TTO,2021,18.1
Trinidad and Tobago,TT,TTO,2020,18.6
Trinidad and Tobago,TT,TTO,2019,19
Trinidad and Tobago,TT,TTO,2018,19.3
Trinidad and Tobago,TT,TTO,2017,19.7
Trinidad and Tobago,TT,TTO,2016,20.1
Trinidad and Tobago,TT,TTO,2015,20.4
Trinidad and Tobago,TT,TTO,2014,20.8
Trinidad and Tobago,TT,TTO,2013,21.2
Trinidad and Tobago,TT,TTO,2012,21.5
Trinidad and Tobago,TT,TTO,2011,21.9
Trinidad and Tobago,TT,TTO,2010,22.3
Trinidad and Tobago,TT,TTO,2009,22.6
Trinidad and Tobago,TT,TTO,2008,23
Trinidad and Tobago,TT,TTO,2007,23.5
Trinidad and Tobago,TT,TTO,2006,23.9
Trinidad and Tobago,TT,TTO,2005,24.3
Trinidad and Tobago,TT,TTO,2004,24.7
Trinidad and Tobago,TT,TTO,2003,25
Trinidad and Tobago,TT,TTO,2002,25.4
Trinidad and Tobago,TT,TTO,2001,25.8
Trinidad and Tobago,TT,TTO,2000,26.1
Trinidad and Tobago,TT,TTO,1999,26.5
Trinidad and Tobago,TT,TTO,1998,26.8
Trinidad and Tobago,TT,TTO,1997,27.1
Trinidad and Tobago,TT,TTO,1996,27.4
Trinidad and Tobago,TT,TTO,1995,27.8
Trinidad and Tobago,TT,TTO,1994,28.1
Trinidad and Tobago,TT,TTO,1993,28.4
Trinidad and Tobago,TT,TTO,1992,28.8
Trinidad and Tobago,TT,TTO,1991,29.1
Trinidad and Tobago,TT,TTO,1990,29.6
Trinidad and Tobago,TT,TTO,1989,30
Trinidad and Tobago,TT,TTO,1988,30.6
Trinidad and Tobago,TT,TTO,1987,31.1
Trinidad and Tobago,TT,TTO,1986,31.8
Trinidad and Tobago,TT,TTO,1985,32.5
Trinidad and Tobago,TT,TTO,1984,33.2
Trinidad and Tobago,TT,TTO,1983,34
Trinidad and Tobago,TT,TTO,1982,34.9
Trinidad and Tobago,TT,TTO,1981,35.8
Trinidad and Tobago,TT,TTO,1980,36.8
Trinidad and Tobago,TT,TTO,1979,37.8
Trinidad and Tobago,TT,TTO,1978,38.8
Trinidad and Tobago,TT,TTO,1977,39.9
Trinidad and Tobago,TT,TTO,1976,41
Trinidad and Tobago,TT,TTO,1975,42.1
Trinidad and Tobago,TT,TTO,1974,43.1
Trinidad and Tobago,TT,TTO,1973,44.2
Trinidad and Tobago,TT,TTO,1972,45.3
Trinidad and Tobago,TT,TTO,1971,46.3
Trinidad and Tobago,TT,TTO,1970,47.3
Trinidad and Tobago,TT,TTO,1969,48.4
Trinidad and Tobago,TT,TTO,1968,49.5
Trinidad and Tobago,TT,TTO,1967,50.7
Trinidad and Tobago,TT,TTO,1966,51.9
Trinidad and Tobago,TT,TTO,1965,53.3
Trinidad and Tobago,TT,TTO,1964,54.8
Trinidad and Tobago,TT,TTO,1963,56.4
Trinidad and Tobago,TT,TTO,1962,58.2
Trinidad and Tobago,TT,TTO,1961,60.1
Trinidad and Tobago,TT,TTO,1960,62.1
Tunisia,TN,TUN,2024,NA
Tunisia,TN,TUN,2023,10.6
Tunisia,TN,TUN,2022,11.5
Tunisia,TN,TUN,2021,12.5
Tunisia,TN,TUN,2020,13.5
Tunisia,TN,TUN,2019,14.4
Tunisia,TN,TUN,2018,15.1
Tunisia,TN,TUN,2017,15.5
Tunisia,TN,TUN,2016,15.8
Tunisia,TN,TUN,2015,16
Tunisia,TN,TUN,2014,16.1
Tunisia,TN,TUN,2013,16.2
Tunisia,TN,TUN,2012,16.3
Tunisia,TN,TUN,2011,16.5
Tunisia,TN,TUN,2010,16.7
Tunisia,TN,TUN,2009,16.9
Tunisia,TN,TUN,2008,17.2
Tunisia,TN,TUN,2007,17.7
Tunisia,TN,TUN,2006,18.2
Tunisia,TN,TUN,2005,18.9
Tunisia,TN,TUN,2004,19.6
Tunisia,TN,TUN,2003,20.5
Tunisia,TN,TUN,2002,21.5
Tunisia,TN,TUN,2001,22.7
Tunisia,TN,TUN,2000,23.9
Tunisia,TN,TUN,1999,25.3
Tunisia,TN,TUN,1998,26.7
Tunisia,TN,TUN,1997,28.2
Tunisia,TN,TUN,1996,29.7
Tunisia,TN,TUN,1995,31.1
Tunisia,TN,TUN,1994,32.5
Tunisia,TN,TUN,1993,33.8
Tunisia,TN,TUN,1992,35
Tunisia,TN,TUN,1991,36.1
Tunisia,TN,TUN,1990,37.3
Tunisia,TN,TUN,1989,38.6
Tunisia,TN,TUN,1988,40
Tunisia,TN,TUN,1987,41.7
Tunisia,TN,TUN,1986,43.7
Tunisia,TN,TUN,1985,45.9
Tunisia,TN,TUN,1984,48.3
Tunisia,TN,TUN,1983,51
Tunisia,TN,TUN,1982,53.9
Tunisia,TN,TUN,1981,57.1
Tunisia,TN,TUN,1980,60.6
Tunisia,TN,TUN,1979,64.5
Tunisia,TN,TUN,1978,68.9
Tunisia,TN,TUN,1977,73.7
Tunisia,TN,TUN,1976,78.8
Tunisia,TN,TUN,1975,84
Tunisia,TN,TUN,1974,89.4
Tunisia,TN,TUN,1973,94.7
Tunisia,TN,TUN,1972,99.9
Tunisia,TN,TUN,1971,105.2
Tunisia,TN,TUN,1970,110.7
Tunisia,TN,TUN,1969,116.5
Tunisia,TN,TUN,1968,122.3
Tunisia,TN,TUN,1967,128.3
Tunisia,TN,TUN,1966,134.4
Tunisia,TN,TUN,1965,140.5
Tunisia,TN,TUN,1964,146.7
Tunisia,TN,TUN,1963,152.8
Tunisia,TN,TUN,1962,159.2
Tunisia,TN,TUN,1961,NA
Tunisia,TN,TUN,1960,NA
Turkiye,TR,TUR,2024,NA
Turkiye,TR,TUR,2023,9.1
Turkiye,TR,TUR,2022,8
Turkiye,TR,TUR,2021,8.4
Turkiye,TR,TUR,2020,8.7
Turkiye,TR,TUR,2019,9.1
Turkiye,TR,TUR,2018,9.5
Turkiye,TR,TUR,2017,9.9
Turkiye,TR,TUR,2016,10.4
Turkiye,TR,TUR,2015,11
Turkiye,TR,TUR,2014,11.5
Turkiye,TR,TUR,2013,12.2
Turkiye,TR,TUR,2012,12.9
Turkiye,TR,TUR,2011,13.8
Turkiye,TR,TUR,2010,14.7
Turkiye,TR,TUR,2009,15.7
Turkiye,TR,TUR,2008,16.9
Turkiye,TR,TUR,2007,18.1
Turkiye,TR,TUR,2006,19.5
Turkiye,TR,TUR,2005,21.1
Turkiye,TR,TUR,2004,22.8
Turkiye,TR,TUR,2003,24.6
Turkiye,TR,TUR,2002,26.5
Turkiye,TR,TUR,2001,28.6
Turkiye,TR,TUR,2000,30.8
Turkiye,TR,TUR,1999,33.2
Turkiye,TR,TUR,1998,35.8
Turkiye,TR,TUR,1997,38.4
Turkiye,TR,TUR,1996,41.2
Turkiye,TR,TUR,1995,44.2
Turkiye,TR,TUR,1994,47.3
Turkiye,TR,TUR,1993,50.5
Turkiye,TR,TUR,1992,53.8
Turkiye,TR,TUR,1991,57.3
Turkiye,TR,TUR,1990,60.8
Turkiye,TR,TUR,1989,64.4
Turkiye,TR,TUR,1988,68.1
Turkiye,TR,TUR,1987,71.9
Turkiye,TR,TUR,1986,75.9
Turkiye,TR,TUR,1985,80.1
Turkiye,TR,TUR,1984,84.4
Turkiye,TR,TUR,1983,88.8
Turkiye,TR,TUR,1982,93.4
Turkiye,TR,TUR,1981,98
Turkiye,TR,TUR,1980,102.5
Turkiye,TR,TUR,1979,106.9
Turkiye,TR,TUR,1978,111.2
Turkiye,TR,TUR,1977,115.4
Turkiye,TR,TUR,1976,119.5
Turkiye,TR,TUR,1975,123.5
Turkiye,TR,TUR,1974,127.4
Turkiye,TR,TUR,1973,131
Turkiye,TR,TUR,1972,134.5
Turkiye,TR,TUR,1971,137.8
Turkiye,TR,TUR,1970,140.9
Turkiye,TR,TUR,1969,144
Turkiye,TR,TUR,1968,147.1
Turkiye,TR,TUR,1967,150.4
Turkiye,TR,TUR,1966,153.9
Turkiye,TR,TUR,1965,157.7
Turkiye,TR,TUR,1964,161.7
Turkiye,TR,TUR,1963,166.1
Turkiye,TR,TUR,1962,170.6
Turkiye,TR,TUR,1961,174.9
Turkiye,TR,TUR,1960,179.1
Turkmenistan,TM,TKM,2024,NA
Turkmenistan,TM,TKM,2023,31.2
Turkmenistan,TM,TKM,2022,32
Turkmenistan,TM,TKM,2021,32.6
Turkmenistan,TM,TKM,2020,33.2
Turkmenistan,TM,TKM,2019,33.8
Turkmenistan,TM,TKM,2018,34.1
Turkmenistan,TM,TKM,2017,34.2
Turkmenistan,TM,TKM,2016,34
Turkmenistan,TM,TKM,2015,33.8
Turkmenistan,TM,TKM,2014,33.6
Turkmenistan,TM,TKM,2013,33.7
Turkmenistan,TM,TKM,2012,33.9
Turkmenistan,TM,TKM,2011,34.3
Turkmenistan,TM,TKM,2010,34.9
Turkmenistan,TM,TKM,2009,35.9
Turkmenistan,TM,TKM,2008,37.2
Turkmenistan,TM,TKM,2007,38.7
Turkmenistan,TM,TKM,2006,40.7
Turkmenistan,TM,TKM,2005,43
Turkmenistan,TM,TKM,2004,45.7
Turkmenistan,TM,TKM,2003,48.6
Turkmenistan,TM,TKM,2002,51.7
Turkmenistan,TM,TKM,2001,55
Turkmenistan,TM,TKM,2000,58.3
Turkmenistan,TM,TKM,1999,61.3
Turkmenistan,TM,TKM,1998,64
Turkmenistan,TM,TKM,1997,65.9
Turkmenistan,TM,TKM,1996,67.1
Turkmenistan,TM,TKM,1995,67.7
Turkmenistan,TM,TKM,1994,67.8
Turkmenistan,TM,TKM,1993,67.6
Turkmenistan,TM,TKM,1992,67.5
Turkmenistan,TM,TKM,1991,67.8
Turkmenistan,TM,TKM,1990,68.7
Turkmenistan,TM,TKM,1989,70.6
Turkmenistan,TM,TKM,1988,73.2
Turkmenistan,TM,TKM,1987,76.4
Turkmenistan,TM,TKM,1986,80
Turkmenistan,TM,TKM,1985,84.1
Turkmenistan,TM,TKM,1984,88.5
Turkmenistan,TM,TKM,1983,93
Turkmenistan,TM,TKM,1982,97.5
Turkmenistan,TM,TKM,1981,102
Turkmenistan,TM,TKM,1980,106.3
Turkmenistan,TM,TKM,1979,110.7
Turkmenistan,TM,TKM,1978,115.3
Turkmenistan,TM,TKM,1977,119.8
Turkmenistan,TM,TKM,1976,NA
Turkmenistan,TM,TKM,1975,NA
Turkmenistan,TM,TKM,1974,NA
Turkmenistan,TM,TKM,1973,NA
Turkmenistan,TM,TKM,1972,NA
Turkmenistan,TM,TKM,1971,NA
Turkmenistan,TM,TKM,1970,NA
Turkmenistan,TM,TKM,1969,NA
Turkmenistan,TM,TKM,1968,NA
Turkmenistan,TM,TKM,1967,NA
Turkmenistan,TM,TKM,1966,NA
Turkmenistan,TM,TKM,1965,NA
Turkmenistan,TM,TKM,1964,NA
Turkmenistan,TM,TKM,1963,NA
Turkmenistan,TM,TKM,1962,NA
Turkmenistan,TM,TKM,1961,NA
Turkmenistan,TM,TKM,1960,NA
Turks and Caicos Islands,TC,TCA,2024,NA
Turks and Caicos Islands,TC,TCA,2023,4
Turks and Caicos Islands,TC,TCA,2022,4.1
Turks and Caicos Islands,TC,TCA,2021,4.2
Turks and Caicos Islands,TC,TCA,2020,4.3
Turks and Caicos Islands,TC,TCA,2019,4.5
Turks and Caicos Islands,TC,TCA,2018,4.6
Turks and Caicos Islands,TC,TCA,2017,4.7
Turks and Caicos Islands,TC,TCA,2016,4.8
Turks and Caicos Islands,TC,TCA,2015,4.9
Turks and Caicos Islands,TC,TCA,2014,5
Turks and Caicos Islands,TC,TCA,2013,5.1
Turks and Caicos Islands,TC,TCA,2012,5.2
Turks and Caicos Islands,TC,TCA,2011,5.3
Turks and Caicos Islands,TC,TCA,2010,5.5
Turks and Caicos Islands,TC,TCA,2009,5.6
Turks and Caicos Islands,TC,TCA,2008,5.7
Turks and Caicos Islands,TC,TCA,2007,5.9
Turks and Caicos Islands,TC,TCA,2006,6.1
Turks and Caicos Islands,TC,TCA,2005,6.3
Turks and Caicos Islands,TC,TCA,2004,6.6
Turks and Caicos Islands,TC,TCA,2003,6.9
Turks and Caicos Islands,TC,TCA,2002,7.2
Turks and Caicos Islands,TC,TCA,2001,7.5
Turks and Caicos Islands,TC,TCA,2000,7.9
Turks and Caicos Islands,TC,TCA,1999,8.4
Turks and Caicos Islands,TC,TCA,1998,8.8
Turks and Caicos Islands,TC,TCA,1997,9.3
Turks and Caicos Islands,TC,TCA,1996,9.9
Turks and Caicos Islands,TC,TCA,1995,10.5
Turks and Caicos Islands,TC,TCA,1994,11.2
Turks and Caicos Islands,TC,TCA,1993,11.9
Turks and Caicos Islands,TC,TCA,1992,12.6
Turks and Caicos Islands,TC,TCA,1991,13.5
Turks and Caicos Islands,TC,TCA,1990,14.4
Turks and Caicos Islands,TC,TCA,1989,15.4
Turks and Caicos Islands,TC,TCA,1988,16.4
Turks and Caicos Islands,TC,TCA,1987,17.6
Turks and Caicos Islands,TC,TCA,1986,18.8
Turks and Caicos Islands,TC,TCA,1985,20
Turks and Caicos Islands,TC,TCA,1984,21.4
Turks and Caicos Islands,TC,TCA,1983,23
Turks and Caicos Islands,TC,TCA,1982,24.6
Turks and Caicos Islands,TC,TCA,1981,26.4
Turks and Caicos Islands,TC,TCA,1980,28.3
Turks and Caicos Islands,TC,TCA,1979,30.3
Turks and Caicos Islands,TC,TCA,1978,32.5
Turks and Caicos Islands,TC,TCA,1977,34.8
Turks and Caicos Islands,TC,TCA,1976,37.3
Turks and Caicos Islands,TC,TCA,1975,40
Turks and Caicos Islands,TC,TCA,1974,43
Turks and Caicos Islands,TC,TCA,1973,46.1
Turks and Caicos Islands,TC,TCA,1972,49.5
Turks and Caicos Islands,TC,TCA,1971,53.1
Turks and Caicos Islands,TC,TCA,1970,57
Turks and Caicos Islands,TC,TCA,1969,61.2
Turks and Caicos Islands,TC,TCA,1968,65.6
Turks and Caicos Islands,TC,TCA,1967,70.4
Turks and Caicos Islands,TC,TCA,1966,75.6
Turks and Caicos Islands,TC,TCA,1965,NA
Turks and Caicos Islands,TC,TCA,1964,NA
Turks and Caicos Islands,TC,TCA,1963,NA
Turks and Caicos Islands,TC,TCA,1962,NA
Turks and Caicos Islands,TC,TCA,1961,NA
Turks and Caicos Islands,TC,TCA,1960,NA
Tuvalu,TV,TUV,2024,NA
Tuvalu,TV,TUV,2023,17.1
Tuvalu,TV,TUV,2022,17.7
Tuvalu,TV,TUV,2021,18.2
Tuvalu,TV,TUV,2020,18.8
Tuvalu,TV,TUV,2019,19.5
Tuvalu,TV,TUV,2018,20.1
Tuvalu,TV,TUV,2017,20.8
Tuvalu,TV,TUV,2016,21.5
Tuvalu,TV,TUV,2015,22.3
Tuvalu,TV,TUV,2014,23.1
Tuvalu,TV,TUV,2013,23.9
Tuvalu,TV,TUV,2012,24.7
Tuvalu,TV,TUV,2011,25.7
Tuvalu,TV,TUV,2010,26.7
Tuvalu,TV,TUV,2009,27.8
Tuvalu,TV,TUV,2008,29
Tuvalu,TV,TUV,2007,30.1
Tuvalu,TV,TUV,2006,31.2
Tuvalu,TV,TUV,2005,32.1
Tuvalu,TV,TUV,2004,32.9
Tuvalu,TV,TUV,2003,33.6
Tuvalu,TV,TUV,2002,34.3
Tuvalu,TV,TUV,2001,35
Tuvalu,TV,TUV,2000,35.8
Tuvalu,TV,TUV,1999,36.9
Tuvalu,TV,TUV,1998,38
Tuvalu,TV,TUV,1997,39.1
Tuvalu,TV,TUV,1996,40.3
Tuvalu,TV,TUV,1995,41.3
Tuvalu,TV,TUV,1994,42.2
Tuvalu,TV,TUV,1993,42.9
Tuvalu,TV,TUV,1992,43.6
Tuvalu,TV,TUV,1991,44.1
Tuvalu,TV,TUV,1990,44.6
Tuvalu,TV,TUV,1989,44.9
Tuvalu,TV,TUV,1988,45.3
Tuvalu,TV,TUV,1987,45.6
Tuvalu,TV,TUV,1986,46
Tuvalu,TV,TUV,1985,46.5
Tuvalu,TV,TUV,1984,47.3
Tuvalu,TV,TUV,1983,48.3
Tuvalu,TV,TUV,1982,49.6
Tuvalu,TV,TUV,1981,51.1
Tuvalu,TV,TUV,1980,52.8
Tuvalu,TV,TUV,1979,54.9
Tuvalu,TV,TUV,1978,57.3
Tuvalu,TV,TUV,1977,60
Tuvalu,TV,TUV,1976,63.3
Tuvalu,TV,TUV,1975,66.9
Tuvalu,TV,TUV,1974,70.8
Tuvalu,TV,TUV,1973,75
Tuvalu,TV,TUV,1972,79.3
Tuvalu,TV,TUV,1971,83.6
Tuvalu,TV,TUV,1970,88
Tuvalu,TV,TUV,1969,92.5
Tuvalu,TV,TUV,1968,96.9
Tuvalu,TV,TUV,1967,101.5
Tuvalu,TV,TUV,1966,106.1
Tuvalu,TV,TUV,1965,110.9
Tuvalu,TV,TUV,1964,115.7
Tuvalu,TV,TUV,1963,120.6
Tuvalu,TV,TUV,1962,125.4
Tuvalu,TV,TUV,1961,130.4
Tuvalu,TV,TUV,1960,135.3
Uganda,UG,UGA,2024,NA
Uganda,UG,UGA,2023,27.6
Uganda,UG,UGA,2022,28.7
Uganda,UG,UGA,2021,29.5
Uganda,UG,UGA,2020,30.6
Uganda,UG,UGA,2019,31.7
Uganda,UG,UGA,2018,32.9
Uganda,UG,UGA,2017,34.6
Uganda,UG,UGA,2016,36.4
Uganda,UG,UGA,2015,38.4
Uganda,UG,UGA,2014,40.3
Uganda,UG,UGA,2013,42.2
Uganda,UG,UGA,2012,44.1
Uganda,UG,UGA,2011,46.7
Uganda,UG,UGA,2010,49.5
Uganda,UG,UGA,2009,52.4
Uganda,UG,UGA,2008,55.1
Uganda,UG,UGA,2007,58.7
Uganda,UG,UGA,2006,62.7
Uganda,UG,UGA,2005,67
Uganda,UG,UGA,2004,71.7
Uganda,UG,UGA,2003,76.6
Uganda,UG,UGA,2002,81.4
Uganda,UG,UGA,2001,85.9
Uganda,UG,UGA,2000,89.8
Uganda,UG,UGA,1999,93
Uganda,UG,UGA,1998,95.5
Uganda,UG,UGA,1997,97.1
Uganda,UG,UGA,1996,98.1
Uganda,UG,UGA,1995,98.8
Uganda,UG,UGA,1994,99.7
Uganda,UG,UGA,1993,101.1
Uganda,UG,UGA,1992,103
Uganda,UG,UGA,1991,105.1
Uganda,UG,UGA,1990,107.2
Uganda,UG,UGA,1989,109
Uganda,UG,UGA,1988,110.1
Uganda,UG,UGA,1987,111.6
Uganda,UG,UGA,1986,113.5
Uganda,UG,UGA,1985,115.9
Uganda,UG,UGA,1984,118.7
Uganda,UG,UGA,1983,121.7
Uganda,UG,UGA,1982,124.7
Uganda,UG,UGA,1981,126.6
Uganda,UG,UGA,1980,126.9
Uganda,UG,UGA,1979,125.1
Uganda,UG,UGA,1978,123.2
Uganda,UG,UGA,1977,120.6
Uganda,UG,UGA,1976,117.7
Uganda,UG,UGA,1975,114.7
Uganda,UG,UGA,1974,112.2
Uganda,UG,UGA,1973,110.3
Uganda,UG,UGA,1972,109
Uganda,UG,UGA,1971,108.3
Uganda,UG,UGA,1970,108.3
Uganda,UG,UGA,1969,108.9
Uganda,UG,UGA,1968,110.1
Uganda,UG,UGA,1967,111.7
Uganda,UG,UGA,1966,113.4
Uganda,UG,UGA,1965,115.2
Uganda,UG,UGA,1964,117
Uganda,UG,UGA,1963,118.8
Uganda,UG,UGA,1962,120.6
Uganda,UG,UGA,1961,122.6
Uganda,UG,UGA,1960,124.8
Ukraine,UA,UKR,2024,NA
Ukraine,UA,UKR,2023,7.8
Ukraine,UA,UKR,2022,8
Ukraine,UA,UKR,2021,8
Ukraine,UA,UKR,2020,8.1
Ukraine,UA,UKR,2019,8.3
Ukraine,UA,UKR,2018,8.5
Ukraine,UA,UKR,2017,8.7
Ukraine,UA,UKR,2016,8.9
Ukraine,UA,UKR,2015,9.2
Ukraine,UA,UKR,2014,9.5
Ukraine,UA,UKR,2013,9.9
Ukraine,UA,UKR,2012,10.3
Ukraine,UA,UKR,2011,10.8
Ukraine,UA,UKR,2010,11.4
Ukraine,UA,UKR,2009,11.9
Ukraine,UA,UKR,2008,12.5
Ukraine,UA,UKR,2007,13
Ukraine,UA,UKR,2006,13.5
Ukraine,UA,UKR,2005,14
Ukraine,UA,UKR,2004,14.6
Ukraine,UA,UKR,2003,15.3
Ukraine,UA,UKR,2002,16
Ukraine,UA,UKR,2001,16.8
Ukraine,UA,UKR,2000,17.6
Ukraine,UA,UKR,1999,18.3
Ukraine,UA,UKR,1998,18.9
Ukraine,UA,UKR,1997,19.3
Ukraine,UA,UKR,1996,19.4
Ukraine,UA,UKR,1995,19.4
Ukraine,UA,UKR,1994,19.1
Ukraine,UA,UKR,1993,18.8
Ukraine,UA,UKR,1992,18.5
Ukraine,UA,UKR,1991,18.3
Ukraine,UA,UKR,1990,18.3
Ukraine,UA,UKR,1989,18.5
Ukraine,UA,UKR,1988,18.9
Ukraine,UA,UKR,1987,19.4
Ukraine,UA,UKR,1986,20
Ukraine,UA,UKR,1985,20.8
Ukraine,UA,UKR,1984,21.5
Ukraine,UA,UKR,1983,22.3
Ukraine,UA,UKR,1982,23.1
Ukraine,UA,UKR,1981,23.7
Ukraine,UA,UKR,1980,24.3
Ukraine,UA,UKR,1979,24.8
Ukraine,UA,UKR,1978,25.2
Ukraine,UA,UKR,1977,25.5
Ukraine,UA,UKR,1976,25.9
Ukraine,UA,UKR,1975,26.3
Ukraine,UA,UKR,1974,26.8
Ukraine,UA,UKR,1973,27.4
Ukraine,UA,UKR,1972,28.1
Ukraine,UA,UKR,1971,28.8
Ukraine,UA,UKR,1970,NA
Ukraine,UA,UKR,1969,NA
Ukraine,UA,UKR,1968,NA
Ukraine,UA,UKR,1967,NA
Ukraine,UA,UKR,1966,NA
Ukraine,UA,UKR,1965,NA
Ukraine,UA,UKR,1964,NA
Ukraine,UA,UKR,1963,NA
Ukraine,UA,UKR,1962,NA
Ukraine,UA,UKR,1961,NA
Ukraine,UA,UKR,1960,NA
United Arab Emirates,AE,ARE,2024,NA
United Arab Emirates,AE,ARE,2023,4
United Arab Emirates,AE,ARE,2022,4.2
United Arab Emirates,AE,ARE,2021,4.4
United Arab Emirates,AE,ARE,2020,4.7
United Arab Emirates,AE,ARE,2019,5
United Arab Emirates,AE,ARE,2018,5.3
United Arab Emirates,AE,ARE,2017,5.6
United Arab Emirates,AE,ARE,2016,5.8
United Arab Emirates,AE,ARE,2015,6.1
United Arab Emirates,AE,ARE,2014,6.3
United Arab Emirates,AE,ARE,2013,6.5
United Arab Emirates,AE,ARE,2012,6.7
United Arab Emirates,AE,ARE,2011,6.8
United Arab Emirates,AE,ARE,2010,7
United Arab Emirates,AE,ARE,2009,7.2
United Arab Emirates,AE,ARE,2008,7.3
United Arab Emirates,AE,ARE,2007,7.5
United Arab Emirates,AE,ARE,2006,7.6
United Arab Emirates,AE,ARE,2005,7.7
United Arab Emirates,AE,ARE,2004,7.9
United Arab Emirates,AE,ARE,2003,8
United Arab Emirates,AE,ARE,2002,8.2
United Arab Emirates,AE,ARE,2001,8.3
United Arab Emirates,AE,ARE,2000,8.5
United Arab Emirates,AE,ARE,1999,8.6
United Arab Emirates,AE,ARE,1998,8.8
United Arab Emirates,AE,ARE,1997,9
United Arab Emirates,AE,ARE,1996,9.2
United Arab Emirates,AE,ARE,1995,9.5
United Arab Emirates,AE,ARE,1994,9.8
United Arab Emirates,AE,ARE,1993,10.2
United Arab Emirates,AE,ARE,1992,10.7
United Arab Emirates,AE,ARE,1991,11.2
United Arab Emirates,AE,ARE,1990,11.8
United Arab Emirates,AE,ARE,1989,12.5
United Arab Emirates,AE,ARE,1988,13.3
United Arab Emirates,AE,ARE,1987,14.2
United Arab Emirates,AE,ARE,1986,15.3
United Arab Emirates,AE,ARE,1985,16.5
United Arab Emirates,AE,ARE,1984,17.9
United Arab Emirates,AE,ARE,1983,19.5
United Arab Emirates,AE,ARE,1982,21.4
United Arab Emirates,AE,ARE,1981,23.6
United Arab Emirates,AE,ARE,1980,26.2
United Arab Emirates,AE,ARE,1979,29.1
United Arab Emirates,AE,ARE,1978,32.4
United Arab Emirates,AE,ARE,1977,36
United Arab Emirates,AE,ARE,1976,40
United Arab Emirates,AE,ARE,1975,44.3
United Arab Emirates,AE,ARE,1974,49
United Arab Emirates,AE,ARE,1973,54.1
United Arab Emirates,AE,ARE,1972,59.8
United Arab Emirates,AE,ARE,1971,65.9
United Arab Emirates,AE,ARE,1970,72.4
United Arab Emirates,AE,ARE,1969,79.4
United Arab Emirates,AE,ARE,1968,86.6
United Arab Emirates,AE,ARE,1967,94.1
United Arab Emirates,AE,ARE,1966,101.7
United Arab Emirates,AE,ARE,1965,109.1
United Arab Emirates,AE,ARE,1964,116.7
United Arab Emirates,AE,ARE,1963,123.9
United Arab Emirates,AE,ARE,1962,131.2
United Arab Emirates,AE,ARE,1961,138.5
United Arab Emirates,AE,ARE,1960,145.4
United Kingdom,GB,GBR,2024,NA
United Kingdom,GB,GBR,2023,4
United Kingdom,GB,GBR,2022,3.9
United Kingdom,GB,GBR,2021,3.9
United Kingdom,GB,GBR,2020,3.9
United Kingdom,GB,GBR,2019,3.8
United Kingdom,GB,GBR,2018,3.8
United Kingdom,GB,GBR,2017,3.8
United Kingdom,GB,GBR,2016,3.8
United Kingdom,GB,GBR,2015,3.9
United Kingdom,GB,GBR,2014,3.9
United Kingdom,GB,GBR,2013,4
United Kingdom,GB,GBR,2012,4.1
United Kingdom,GB,GBR,2011,4.3
United Kingdom,GB,GBR,2010,4.4
United Kingdom,GB,GBR,2009,4.6
United Kingdom,GB,GBR,2008,4.8
United Kingdom,GB,GBR,2007,4.9
United Kingdom,GB,GBR,2006,5
United Kingdom,GB,GBR,2005,5.1
United Kingdom,GB,GBR,2004,5.2
United Kingdom,GB,GBR,2003,5.3
United Kingdom,GB,GBR,2002,5.4
United Kingdom,GB,GBR,2001,5.5
United Kingdom,GB,GBR,2000,5.5
United Kingdom,GB,GBR,1999,5.6
United Kingdom,GB,GBR,1998,5.7
United Kingdom,GB,GBR,1997,5.8
United Kingdom,GB,GBR,1996,5.9
United Kingdom,GB,GBR,1995,6.1
United Kingdom,GB,GBR,1994,6.3
United Kingdom,GB,GBR,1993,6.5
United Kingdom,GB,GBR,1992,6.9
United Kingdom,GB,GBR,1991,7.3
United Kingdom,GB,GBR,1990,7.9
United Kingdom,GB,GBR,1989,8.3
United Kingdom,GB,GBR,1988,8.8
United Kingdom,GB,GBR,1987,9.1
United Kingdom,GB,GBR,1986,9.4
United Kingdom,GB,GBR,1985,9.7
United Kingdom,GB,GBR,1984,10
United Kingdom,GB,GBR,1983,10.3
United Kingdom,GB,GBR,1982,10.8
United Kingdom,GB,GBR,1981,11.4
United Kingdom,GB,GBR,1980,12.1
United Kingdom,GB,GBR,1979,12.7
United Kingdom,GB,GBR,1978,13.4
United Kingdom,GB,GBR,1977,14.1
United Kingdom,GB,GBR,1976,14.8
United Kingdom,GB,GBR,1975,15.4
United Kingdom,GB,GBR,1974,16.1
United Kingdom,GB,GBR,1973,16.7
United Kingdom,GB,GBR,1972,17.2
United Kingdom,GB,GBR,1971,17.7
United Kingdom,GB,GBR,1970,18.1
United Kingdom,GB,GBR,1969,18.4
United Kingdom,GB,GBR,1968,18.8
United Kingdom,GB,GBR,1967,19.1
United Kingdom,GB,GBR,1966,19.6
United Kingdom,GB,GBR,1965,20.2
United Kingdom,GB,GBR,1964,20.8
United Kingdom,GB,GBR,1963,21.5
United Kingdom,GB,GBR,1962,22.1
United Kingdom,GB,GBR,1961,22.6
United Kingdom,GB,GBR,1960,22.9
United States,US,USA,2024,NA
United States,US,USA,2023,5.5
United States,US,USA,2022,5.5
United States,US,USA,2021,5.5
United States,US,USA,2020,5.5
United States,US,USA,2019,5.5
United States,US,USA,2018,5.6
United States,US,USA,2017,5.6
United States,US,USA,2016,5.7
United States,US,USA,2015,5.8
United States,US,USA,2014,5.8
United States,US,USA,2013,5.9
United States,US,USA,2012,6
United States,US,USA,2011,6.1
United States,US,USA,2010,6.2
United States,US,USA,2009,6.4
United States,US,USA,2008,6.5
United States,US,USA,2007,6.6
United States,US,USA,2006,6.7
United States,US,USA,2005,6.8
United States,US,USA,2004,6.8
United States,US,USA,2003,6.9
United States,US,USA,2002,7
United States,US,USA,2001,7
United States,US,USA,2000,7.1
United States,US,USA,1999,7.2
United States,US,USA,1998,7.3
United States,US,USA,1997,7.5
United States,US,USA,1996,7.7
United States,US,USA,1995,7.9
United States,US,USA,1994,8.2
United States,US,USA,1993,8.5
United States,US,USA,1992,8.8
United States,US,USA,1991,9.1
United States,US,USA,1990,9.4
United States,US,USA,1989,9.7
United States,US,USA,1988,9.9
United States,US,USA,1987,10.1
United States,US,USA,1986,10.4
United States,US,USA,1985,10.6
United States,US,USA,1984,10.9
United States,US,USA,1983,11.2
United States,US,USA,1982,11.6
United States,US,USA,1981,12.1
United States,US,USA,1980,12.6
United States,US,USA,1979,13.1
United States,US,USA,1978,13.8
United States,US,USA,1977,14.4
United States,US,USA,1976,15.2
United States,US,USA,1975,15.9
United States,US,USA,1974,16.7
United States,US,USA,1973,17.5
United States,US,USA,1972,18.3
United States,US,USA,1971,19.1
United States,US,USA,1970,19.9
United States,US,USA,1969,20.7
United States,US,USA,1968,21.4
United States,US,USA,1967,22.1
United States,US,USA,1966,22.7
United States,US,USA,1965,23.4
United States,US,USA,1964,23.9
United States,US,USA,1963,24.4
United States,US,USA,1962,25
United States,US,USA,1961,25.5
United States,US,USA,1960,25.9
Uruguay,UY,URY,2024,NA
Uruguay,UY,URY,2023,5.5
Uruguay,UY,URY,2022,5.6
Uruguay,UY,URY,2021,5.8
Uruguay,UY,URY,2020,6
Uruguay,UY,URY,2019,6.2
Uruguay,UY,URY,2018,6.5
Uruguay,UY,URY,2017,6.8
Uruguay,UY,URY,2016,7.2
Uruguay,UY,URY,2015,7.5
Uruguay,UY,URY,2014,7.9
Uruguay,UY,URY,2013,8.2
Uruguay,UY,URY,2012,8.5
Uruguay,UY,URY,2011,8.8
Uruguay,UY,URY,2010,9.2
Uruguay,UY,URY,2009,9.7
Uruguay,UY,URY,2008,10.2
Uruguay,UY,URY,2007,10.9
Uruguay,UY,URY,2006,11.6
Uruguay,UY,URY,2005,12.4
Uruguay,UY,URY,2004,13.1
Uruguay,UY,URY,2003,13.6
Uruguay,UY,URY,2002,14
Uruguay,UY,URY,2001,14.3
Uruguay,UY,URY,2000,14.7
Uruguay,UY,URY,1999,15.3
Uruguay,UY,URY,1998,16
Uruguay,UY,URY,1997,16.8
Uruguay,UY,URY,1996,17.7
Uruguay,UY,URY,1995,18.5
Uruguay,UY,URY,1994,19.2
Uruguay,UY,URY,1993,19.7
Uruguay,UY,URY,1992,20.1
Uruguay,UY,URY,1991,20.4
Uruguay,UY,URY,1990,20.8
Uruguay,UY,URY,1989,21.3
Uruguay,UY,URY,1988,22.1
Uruguay,UY,URY,1987,23.1
Uruguay,UY,URY,1986,24.2
Uruguay,UY,URY,1985,25.2
Uruguay,UY,URY,1984,26.2
Uruguay,UY,URY,1983,27.6
Uruguay,UY,URY,1982,29.5
Uruguay,UY,URY,1981,32.1
Uruguay,UY,URY,1980,35.5
Uruguay,UY,URY,1979,39.5
Uruguay,UY,URY,1978,43.3
Uruguay,UY,URY,1977,46.5
Uruguay,UY,URY,1976,48.6
Uruguay,UY,URY,1975,49.4
Uruguay,UY,URY,1974,49.2
Uruguay,UY,URY,1973,48.6
Uruguay,UY,URY,1972,48.1
Uruguay,UY,URY,1971,48.1
Uruguay,UY,URY,1970,48.7
Uruguay,UY,URY,1969,49.8
Uruguay,UY,URY,1968,50.8
Uruguay,UY,URY,1967,51.3
Uruguay,UY,URY,1966,51.6
Uruguay,UY,URY,1965,51.9
Uruguay,UY,URY,1964,52.4
Uruguay,UY,URY,1963,53.2
Uruguay,UY,URY,1962,54.4
Uruguay,UY,URY,1961,55.6
Uruguay,UY,URY,1960,56.6
Uzbekistan,UZ,UZB,2024,NA
Uzbekistan,UZ,UZB,2023,12.7
Uzbekistan,UZ,UZB,2022,13.1
Uzbekistan,UZ,UZB,2021,13.7
Uzbekistan,UZ,UZB,2020,14.2
Uzbekistan,UZ,UZB,2019,14.8
Uzbekistan,UZ,UZB,2018,15.5
Uzbekistan,UZ,UZB,2017,16.4
Uzbekistan,UZ,UZB,2016,17.4
Uzbekistan,UZ,UZB,2015,18.6
Uzbekistan,UZ,UZB,2014,20
Uzbekistan,UZ,UZB,2013,21.7
Uzbekistan,UZ,UZB,2012,23.5
Uzbekistan,UZ,UZB,2011,25.6
Uzbekistan,UZ,UZB,2010,27.9
Uzbekistan,UZ,UZB,2009,30.4
Uzbekistan,UZ,UZB,2008,33
Uzbekistan,UZ,UZB,2007,35.8
Uzbekistan,UZ,UZB,2006,38.8
Uzbekistan,UZ,UZB,2005,41.7
Uzbekistan,UZ,UZB,2004,44.7
Uzbekistan,UZ,UZB,2003,47.6
Uzbekistan,UZ,UZB,2002,50.3
Uzbekistan,UZ,UZB,2001,52.9
Uzbekistan,UZ,UZB,2000,55.1
Uzbekistan,UZ,UZB,1999,57
Uzbekistan,UZ,UZB,1998,58.5
Uzbekistan,UZ,UZB,1997,59.6
Uzbekistan,UZ,UZB,1996,60.3
Uzbekistan,UZ,UZB,1995,60.7
Uzbekistan,UZ,UZB,1994,60.9
Uzbekistan,UZ,UZB,1993,60.9
Uzbekistan,UZ,UZB,1992,60.8
Uzbekistan,UZ,UZB,1991,60.5
Uzbekistan,UZ,UZB,1990,60.4
Uzbekistan,UZ,UZB,1989,60.9
Uzbekistan,UZ,UZB,1988,62.1
Uzbekistan,UZ,UZB,1987,64
Uzbekistan,UZ,UZB,1986,66.8
Uzbekistan,UZ,UZB,1985,70
Uzbekistan,UZ,UZB,1984,73.8
Uzbekistan,UZ,UZB,1983,78.2
Uzbekistan,UZ,UZB,1982,83
Uzbekistan,UZ,UZB,1981,88.3
Uzbekistan,UZ,UZB,1980,94.1
Uzbekistan,UZ,UZB,1979,100
Uzbekistan,UZ,UZB,1978,NA
Uzbekistan,UZ,UZB,1977,NA
Uzbekistan,UZ,UZB,1976,NA
Uzbekistan,UZ,UZB,1975,NA
Uzbekistan,UZ,UZB,1974,NA
Uzbekistan,UZ,UZB,1973,NA
Uzbekistan,UZ,UZB,1972,NA
Uzbekistan,UZ,UZB,1971,NA
Uzbekistan,UZ,UZB,1970,NA
Uzbekistan,UZ,UZB,1969,NA
Uzbekistan,UZ,UZB,1968,NA
Uzbekistan,UZ,UZB,1967,NA
Uzbekistan,UZ,UZB,1966,NA
Uzbekistan,UZ,UZB,1965,NA
Uzbekistan,UZ,UZB,1964,NA
Uzbekistan,UZ,UZB,1963,NA
Uzbekistan,UZ,UZB,1962,NA
Uzbekistan,UZ,UZB,1961,NA
Uzbekistan,UZ,UZB,1960,NA
Vanuatu,VU,VUT,2024,NA
Vanuatu,VU,VUT,2023,14.2
Vanuatu,VU,VUT,2022,14.4
Vanuatu,VU,VUT,2021,14.6
Vanuatu,VU,VUT,2020,14.8
Vanuatu,VU,VUT,2019,14.9
Vanuatu,VU,VUT,2018,15
Vanuatu,VU,VUT,2017,15.1
Vanuatu,VU,VUT,2016,15.3
Vanuatu,VU,VUT,2015,15.4
Vanuatu,VU,VUT,2014,15.7
Vanuatu,VU,VUT,2013,16
Vanuatu,VU,VUT,2012,16.3
Vanuatu,VU,VUT,2011,16.8
Vanuatu,VU,VUT,2010,17.3
Vanuatu,VU,VUT,2009,17.9
Vanuatu,VU,VUT,2008,18.5
Vanuatu,VU,VUT,2007,19
Vanuatu,VU,VUT,2006,19.5
Vanuatu,VU,VUT,2005,19.8
Vanuatu,VU,VUT,2004,20.1
Vanuatu,VU,VUT,2003,20.4
Vanuatu,VU,VUT,2002,20.8
Vanuatu,VU,VUT,2001,21.1
Vanuatu,VU,VUT,2000,21.4
Vanuatu,VU,VUT,1999,21.8
Vanuatu,VU,VUT,1998,22.2
Vanuatu,VU,VUT,1997,22.7
Vanuatu,VU,VUT,1996,23.1
Vanuatu,VU,VUT,1995,23.7
Vanuatu,VU,VUT,1994,24.3
Vanuatu,VU,VUT,1993,25
Vanuatu,VU,VUT,1992,25.9
Vanuatu,VU,VUT,1991,26.9
Vanuatu,VU,VUT,1990,28.1
Vanuatu,VU,VUT,1989,29.4
Vanuatu,VU,VUT,1988,30.9
Vanuatu,VU,VUT,1987,32.8
Vanuatu,VU,VUT,1986,34.8
Vanuatu,VU,VUT,1985,37.2
Vanuatu,VU,VUT,1984,39.8
Vanuatu,VU,VUT,1983,42.6
Vanuatu,VU,VUT,1982,45.5
Vanuatu,VU,VUT,1981,48.6
Vanuatu,VU,VUT,1980,51.6
Vanuatu,VU,VUT,1979,54.6
Vanuatu,VU,VUT,1978,57.4
Vanuatu,VU,VUT,1977,60.3
Vanuatu,VU,VUT,1976,63
Vanuatu,VU,VUT,1975,65.7
Vanuatu,VU,VUT,1974,68.5
Vanuatu,VU,VUT,1973,71.3
Vanuatu,VU,VUT,1972,74.1
Vanuatu,VU,VUT,1971,77.1
Vanuatu,VU,VUT,1970,80.2
Vanuatu,VU,VUT,1969,83.4
Vanuatu,VU,VUT,1968,86.7
Vanuatu,VU,VUT,1967,89.9
Vanuatu,VU,VUT,1966,93.2
Vanuatu,VU,VUT,1965,96.4
Vanuatu,VU,VUT,1964,99.6
Vanuatu,VU,VUT,1963,102.7
Vanuatu,VU,VUT,1962,105.8
Vanuatu,VU,VUT,1961,108.7
Vanuatu,VU,VUT,1960,111.4
"Venezuela, RB",VE,VEN,2024,NA
"Venezuela, RB",VE,VEN,2023,21.5
"Venezuela, RB",VE,VEN,2022,21.5
"Venezuela, RB",VE,VEN,2021,21.5
"Venezuela, RB",VE,VEN,2020,21.5
"Venezuela, RB",VE,VEN,2019,21.5
"Venezuela, RB",VE,VEN,2018,21.5
"Venezuela, RB",VE,VEN,2017,21.5
"Venezuela, RB",VE,VEN,2016,21.5
"Venezuela, RB",VE,VEN,2015,16.8
"Venezuela, RB",VE,VEN,2014,15.8
"Venezuela, RB",VE,VEN,2013,15.4
"Venezuela, RB",VE,VEN,2012,15.1
"Venezuela, RB",VE,VEN,2011,14.8
"Venezuela, RB",VE,VEN,2010,14.5
"Venezuela, RB",VE,VEN,2009,14.4
"Venezuela, RB",VE,VEN,2008,14.4
"Venezuela, RB",VE,VEN,2007,14.5
"Venezuela, RB",VE,VEN,2006,14.8
"Venezuela, RB",VE,VEN,2005,15.3
"Venezuela, RB",VE,VEN,2004,15.7
"Venezuela, RB",VE,VEN,2003,16.2
"Venezuela, RB",VE,VEN,2002,16.6
"Venezuela, RB",VE,VEN,2001,17
"Venezuela, RB",VE,VEN,2000,17.5
"Venezuela, RB",VE,VEN,1999,18.2
"Venezuela, RB",VE,VEN,1998,19.1
"Venezuela, RB",VE,VEN,1997,20
"Venezuela, RB",VE,VEN,1996,20.8
"Venezuela, RB",VE,VEN,1995,21.5
"Venezuela, RB",VE,VEN,1994,22
"Venezuela, RB",VE,VEN,1993,22.3
"Venezuela, RB",VE,VEN,1992,22.8
"Venezuela, RB",VE,VEN,1991,23.5
"Venezuela, RB",VE,VEN,1990,24.3
"Venezuela, RB",VE,VEN,1989,25.4
"Venezuela, RB",VE,VEN,1988,26.5
"Venezuela, RB",VE,VEN,1987,27.7
"Venezuela, RB",VE,VEN,1986,28.8
"Venezuela, RB",VE,VEN,1985,29.8
"Venezuela, RB",VE,VEN,1984,30.9
"Venezuela, RB",VE,VEN,1983,32
"Venezuela, RB",VE,VEN,1982,33.2
"Venezuela, RB",VE,VEN,1981,34.6
"Venezuela, RB",VE,VEN,1980,36
"Venezuela, RB",VE,VEN,1979,37.5
"Venezuela, RB",VE,VEN,1978,39
"Venezuela, RB",VE,VEN,1977,40.5
"Venezuela, RB",VE,VEN,1976,41.9
"Venezuela, RB",VE,VEN,1975,43.2
"Venezuela, RB",VE,VEN,1974,44.5
"Venezuela, RB",VE,VEN,1973,45.8
"Venezuela, RB",VE,VEN,1972,47.1
"Venezuela, RB",VE,VEN,1971,48.4
"Venezuela, RB",VE,VEN,1970,49.5
"Venezuela, RB",VE,VEN,1969,50.6
"Venezuela, RB",VE,VEN,1968,51.4
"Venezuela, RB",VE,VEN,1967,52.2
"Venezuela, RB",VE,VEN,1966,52.9
"Venezuela, RB",VE,VEN,1965,53.5
"Venezuela, RB",VE,VEN,1964,54.2
"Venezuela, RB",VE,VEN,1963,55
"Venezuela, RB",VE,VEN,1962,56.1
"Venezuela, RB",VE,VEN,1961,57.3
"Venezuela, RB",VE,VEN,1960,58.8
Viet Nam,VN,VNM,2024,NA
Viet Nam,VN,VNM,2023,14
Viet Nam,VN,VNM,2022,14.3
Viet Nam,VN,VNM,2021,14.5
Viet Nam,VN,VNM,2020,14.7
Viet Nam,VN,VNM,2019,14.9
Viet Nam,VN,VNM,2018,15
Viet Nam,VN,VNM,2017,15.2
Viet Nam,VN,VNM,2016,15.4
Viet Nam,VN,VNM,2015,15.6
Viet Nam,VN,VNM,2014,15.8
Viet Nam,VN,VNM,2013,16
Viet Nam,VN,VNM,2012,16.2
Viet Nam,VN,VNM,2011,16.3
Viet Nam,VN,VNM,2010,16.5
Viet Nam,VN,VNM,2009,16.8
Viet Nam,VN,VNM,2008,17
Viet Nam,VN,VNM,2007,17.3
Viet Nam,VN,VNM,2006,17.7
Viet Nam,VN,VNM,2005,18.1
Viet Nam,VN,VNM,2004,18.6
Viet Nam,VN,VNM,2003,19.2
Viet Nam,VN,VNM,2002,19.9
Viet Nam,VN,VNM,2001,20.7
Viet Nam,VN,VNM,2000,21.7
Viet Nam,VN,VNM,1999,22.7
Viet Nam,VN,VNM,1998,23.9
Viet Nam,VN,VNM,1997,25.3
Viet Nam,VN,VNM,1996,26.8
Viet Nam,VN,VNM,1995,28.4
Viet Nam,VN,VNM,1994,30.1
Viet Nam,VN,VNM,1993,31.9
Viet Nam,VN,VNM,1992,33.7
Viet Nam,VN,VNM,1991,35.5
Viet Nam,VN,VNM,1990,37.2
Viet Nam,VN,VNM,1989,38.8
Viet Nam,VN,VNM,1988,40.4
Viet Nam,VN,VNM,1987,41.7
Viet Nam,VN,VNM,1986,42.9
Viet Nam,VN,VNM,1985,43.9
Viet Nam,VN,VNM,1984,44.7
Viet Nam,VN,VNM,1983,45.5
Viet Nam,VN,VNM,1982,46.2
Viet Nam,VN,VNM,1981,47
Viet Nam,VN,VNM,1980,47.9
Viet Nam,VN,VNM,1979,48.7
Viet Nam,VN,VNM,1978,49.6
Viet Nam,VN,VNM,1977,50.5
Viet Nam,VN,VNM,1976,51.3
Viet Nam,VN,VNM,1975,52.1
Viet Nam,VN,VNM,1974,63.8
Viet Nam,VN,VNM,1973,62.6
Viet Nam,VN,VNM,1972,68.5
Viet Nam,VN,VNM,1971,62.8
Viet Nam,VN,VNM,1970,63.7
Viet Nam,VN,VNM,1969,63.8
Viet Nam,VN,VNM,1968,67
Viet Nam,VN,VNM,1967,60.8
Viet Nam,VN,VNM,1966,60.4
Viet Nam,VN,VNM,1965,60.1
Viet Nam,VN,VNM,1964,55.2
Viet Nam,VN,VNM,1963,NA
Viet Nam,VN,VNM,1962,NA
Viet Nam,VN,VNM,1961,NA
Viet Nam,VN,VNM,1960,NA
Virgin Islands (U.S.),VI,VIR,2024,NA
Virgin Islands (U.S.),VI,VIR,2023,NA
Virgin Islands (U.S.),VI,VIR,2022,NA
Virgin Islands (U.S.),VI,VIR,2021,NA
Virgin Islands (U.S.),VI,VIR,2020,NA
Virgin Islands (U.S.),VI,VIR,2019,NA
Virgin Islands (U.S.),VI,VIR,2018,NA
Virgin Islands (U.S.),VI,VIR,2017,NA
Virgin Islands (U.S.),VI,VIR,2016,NA
Virgin Islands (U.S.),VI,VIR,2015,NA
Virgin Islands (U.S.),VI,VIR,2014,NA
Virgin Islands (U.S.),VI,VIR,2013,NA
Virgin Islands (U.S.),VI,VIR,2012,NA
Virgin Islands (U.S.),VI,VIR,2011,NA
Virgin Islands (U.S.),VI,VIR,2010,NA
Virgin Islands (U.S.),VI,VIR,2009,NA
Virgin Islands (U.S.),VI,VIR,2008,NA
Virgin Islands (U.S.),VI,VIR,2007,NA
Virgin Islands (U.S.),VI,VIR,2006,NA
Virgin Islands (U.S.),VI,VIR,2005,NA
Virgin Islands (U.S.),VI,VIR,2004,NA
Virgin Islands (U.S.),VI,VIR,2003,NA
Virgin Islands (U.S.),VI,VIR,2002,NA
Virgin Islands (U.S.),VI,VIR,2001,NA
Virgin Islands (U.S.),VI,VIR,2000,NA
Virgin Islands (U.S.),VI,VIR,1999,NA
Virgin Islands (U.S.),VI,VIR,1998,NA
Virgin Islands (U.S.),VI,VIR,1997,NA
Virgin Islands (U.S.),VI,VIR,1996,NA
Virgin Islands (U.S.),VI,VIR,1995,NA
Virgin Islands (U.S.),VI,VIR,1994,NA
Virgin Islands (U.S.),VI,VIR,1993,NA
Virgin Islands (U.S.),VI,VIR,1992,NA
Virgin Islands (U.S.),VI,VIR,1991,NA
Virgin Islands (U.S.),VI,VIR,1990,NA
Virgin Islands (U.S.),VI,VIR,1989,NA
Virgin Islands (U.S.),VI,VIR,1988,NA
Virgin Islands (U.S.),VI,VIR,1987,NA
Virgin Islands (U.S.),VI,VIR,1986,NA
Virgin Islands (U.S.),VI,VIR,1985,NA
Virgin Islands (U.S.),VI,VIR,1984,NA
Virgin Islands (U.S.),VI,VIR,1983,NA
Virgin Islands (U.S.),VI,VIR,1982,NA
Virgin Islands (U.S.),VI,VIR,1981,NA
Virgin Islands (U.S.),VI,VIR,1980,NA
Virgin Islands (U.S.),VI,VIR,1979,NA
Virgin Islands (U.S.),VI,VIR,1978,NA
Virgin Islands (U.S.),VI,VIR,1977,NA
Virgin Islands (U.S.),VI,VIR,1976,NA
Virgin Islands (U.S.),VI,VIR,1975,NA
Virgin Islands (U.S.),VI,VIR,1974,NA
Virgin Islands (U.S.),VI,VIR,1973,NA
Virgin Islands (U.S.),VI,VIR,1972,NA
Virgin Islands (U.S.),VI,VIR,1971,NA
Virgin Islands (U.S.),VI,VIR,1970,NA
Virgin Islands (U.S.),VI,VIR,1969,NA
Virgin Islands (U.S.),VI,VIR,1968,NA
Virgin Islands (U.S.),VI,VIR,1967,NA
Virgin Islands (U.S.),VI,VIR,1966,NA
Virgin Islands (U.S.),VI,VIR,1965,NA
Virgin Islands (U.S.),VI,VIR,1964,NA
Virgin Islands (U.S.),VI,VIR,1963,NA
Virgin Islands (U.S.),VI,VIR,1962,NA
Virgin Islands (U.S.),VI,VIR,1961,NA
Virgin Islands (U.S.),VI,VIR,1960,NA
West Bank and Gaza,PS,PSE,2024,NA
West Bank and Gaza,PS,PSE,2023,14.3
West Bank and Gaza,PS,PSE,2022,12.3
West Bank and Gaza,PS,PSE,2021,12.8
West Bank and Gaza,PS,PSE,2020,13.2
West Bank and Gaza,PS,PSE,2019,13.6
West Bank and Gaza,PS,PSE,2018,14.1
West Bank and Gaza,PS,PSE,2017,14.7
West Bank and Gaza,PS,PSE,2016,15.2
West Bank and Gaza,PS,PSE,2015,15.8
West Bank and Gaza,PS,PSE,2014,17.6
West Bank and Gaza,PS,PSE,2013,17.1
West Bank and Gaza,PS,PSE,2012,17.7
West Bank and Gaza,PS,PSE,2011,18.4
West Bank and Gaza,PS,PSE,2010,19
West Bank and Gaza,PS,PSE,2009,19.7
West Bank and Gaza,PS,PSE,2008,20.4
West Bank and Gaza,PS,PSE,2007,21.1
West Bank and Gaza,PS,PSE,2006,21.8
West Bank and Gaza,PS,PSE,2005,22.6
West Bank and Gaza,PS,PSE,2004,23.3
West Bank and Gaza,PS,PSE,2003,24
West Bank and Gaza,PS,PSE,2002,24.8
West Bank and Gaza,PS,PSE,2001,25.5
West Bank and Gaza,PS,PSE,2000,26.4
West Bank and Gaza,PS,PSE,1999,27.2
West Bank and Gaza,PS,PSE,1998,28.2
West Bank and Gaza,PS,PSE,1997,29.2
West Bank and Gaza,PS,PSE,1996,30.3
West Bank and Gaza,PS,PSE,1995,31.5
West Bank and Gaza,PS,PSE,1994,32.7
West Bank and Gaza,PS,PSE,1993,34.1
West Bank and Gaza,PS,PSE,1992,35.6
West Bank and Gaza,PS,PSE,1991,37.2
West Bank and Gaza,PS,PSE,1990,39
West Bank and Gaza,PS,PSE,1989,41
West Bank and Gaza,PS,PSE,1988,43.2
West Bank and Gaza,PS,PSE,1987,45.6
West Bank and Gaza,PS,PSE,1986,48.3
West Bank and Gaza,PS,PSE,1985,51.1
West Bank and Gaza,PS,PSE,1984,54.3
West Bank and Gaza,PS,PSE,1983,57.6
West Bank and Gaza,PS,PSE,1982,61.2
West Bank and Gaza,PS,PSE,1981,65
West Bank and Gaza,PS,PSE,1980,69.1
West Bank and Gaza,PS,PSE,1979,73.4
West Bank and Gaza,PS,PSE,1978,78.1
West Bank and Gaza,PS,PSE,1977,83
West Bank and Gaza,PS,PSE,1976,88.3
West Bank and Gaza,PS,PSE,1975,93.8
West Bank and Gaza,PS,PSE,1974,NA
West Bank and Gaza,PS,PSE,1973,NA
West Bank and Gaza,PS,PSE,1972,NA
West Bank and Gaza,PS,PSE,1971,NA
West Bank and Gaza,PS,PSE,1970,NA
West Bank and Gaza,PS,PSE,1969,NA
West Bank and Gaza,PS,PSE,1968,NA
West Bank and Gaza,PS,PSE,1967,NA
West Bank and Gaza,PS,PSE,1966,NA
West Bank and Gaza,PS,PSE,1965,NA
West Bank and Gaza,PS,PSE,1964,NA
West Bank and Gaza,PS,PSE,1963,NA
West Bank and Gaza,PS,PSE,1962,NA
West Bank and Gaza,PS,PSE,1961,NA
West Bank and Gaza,PS,PSE,1960,NA
"Yemen, Rep.",YE,YEM,2024,NA
"Yemen, Rep.",YE,YEM,2023,34.7
"Yemen, Rep.",YE,YEM,2022,35.7
"Yemen, Rep.",YE,YEM,2021,36.7
"Yemen, Rep.",YE,YEM,2020,37.4
"Yemen, Rep.",YE,YEM,2019,38.8
"Yemen, Rep.",YE,YEM,2018,39.6
"Yemen, Rep.",YE,YEM,2017,39.7
"Yemen, Rep.",YE,YEM,2016,40.5
"Yemen, Rep.",YE,YEM,2015,41.3
"Yemen, Rep.",YE,YEM,2014,41.5
"Yemen, Rep.",YE,YEM,2013,42.4
"Yemen, Rep.",YE,YEM,2012,43.7
"Yemen, Rep.",YE,YEM,2011,45
"Yemen, Rep.",YE,YEM,2010,46.6
"Yemen, Rep.",YE,YEM,2009,48.5
"Yemen, Rep.",YE,YEM,2008,50.6
"Yemen, Rep.",YE,YEM,2007,53.1
"Yemen, Rep.",YE,YEM,2006,55.8
"Yemen, Rep.",YE,YEM,2005,58.7
"Yemen, Rep.",YE,YEM,2004,61.9
"Yemen, Rep.",YE,YEM,2003,65.2
"Yemen, Rep.",YE,YEM,2002,68.6
"Yemen, Rep.",YE,YEM,2001,72.3
"Yemen, Rep.",YE,YEM,2000,75.9
"Yemen, Rep.",YE,YEM,1999,79.2
"Yemen, Rep.",YE,YEM,1998,82.1
"Yemen, Rep.",YE,YEM,1997,84.5
"Yemen, Rep.",YE,YEM,1996,86.3
"Yemen, Rep.",YE,YEM,1995,87.9
"Yemen, Rep.",YE,YEM,1994,89.2
"Yemen, Rep.",YE,YEM,1993,90.7
"Yemen, Rep.",YE,YEM,1992,92.4
"Yemen, Rep.",YE,YEM,1991,94.3
"Yemen, Rep.",YE,YEM,1990,96.6
"Yemen, Rep.",YE,YEM,1989,99.2
"Yemen, Rep.",YE,YEM,1988,102.3
"Yemen, Rep.",YE,YEM,1987,105.9
"Yemen, Rep.",YE,YEM,1986,110.1
"Yemen, Rep.",YE,YEM,1985,114.9
"Yemen, Rep.",YE,YEM,1984,120.6
"Yemen, Rep.",YE,YEM,1983,127.3
"Yemen, Rep.",YE,YEM,1982,134.8
"Yemen, Rep.",YE,YEM,1981,142.7
"Yemen, Rep.",YE,YEM,1980,150.8
"Yemen, Rep.",YE,YEM,1979,159
"Yemen, Rep.",YE,YEM,1978,167.2
"Yemen, Rep.",YE,YEM,1977,175.2
"Yemen, Rep.",YE,YEM,1976,182.9
"Yemen, Rep.",YE,YEM,1975,190.1
"Yemen, Rep.",YE,YEM,1974,196.8
"Yemen, Rep.",YE,YEM,1973,203.2
"Yemen, Rep.",YE,YEM,1972,209.7
"Yemen, Rep.",YE,YEM,1971,216.4
"Yemen, Rep.",YE,YEM,1970,223.5
"Yemen, Rep.",YE,YEM,1969,230.9
"Yemen, Rep.",YE,YEM,1968,238.1
"Yemen, Rep.",YE,YEM,1967,244.9
"Yemen, Rep.",YE,YEM,1966,251.4
"Yemen, Rep.",YE,YEM,1965,256.6
"Yemen, Rep.",YE,YEM,1964,261.1
"Yemen, Rep.",YE,YEM,1963,264.8
"Yemen, Rep.",YE,YEM,1962,267.9
"Yemen, Rep.",YE,YEM,1961,270.4
"Yemen, Rep.",YE,YEM,1960,272.8
Zambia,ZM,ZMB,2024,NA
Zambia,ZM,ZMB,2023,30.9
Zambia,ZM,ZMB,2022,32.2
Zambia,ZM,ZMB,2021,33.4
Zambia,ZM,ZMB,2020,34.5
Zambia,ZM,ZMB,2019,35.7
Zambia,ZM,ZMB,2018,37.5
Zambia,ZM,ZMB,2017,38.8
Zambia,ZM,ZMB,2016,40.9
Zambia,ZM,ZMB,2015,42.5
Zambia,ZM,ZMB,2014,43.3
Zambia,ZM,ZMB,2013,44.7
Zambia,ZM,ZMB,2012,46.4
Zambia,ZM,ZMB,2011,47.6
Zambia,ZM,ZMB,2010,49
Zambia,ZM,ZMB,2009,50.7
Zambia,ZM,ZMB,2008,52.9
Zambia,ZM,ZMB,2007,55.4
Zambia,ZM,ZMB,2006,57.5
Zambia,ZM,ZMB,2005,61.2
Zambia,ZM,ZMB,2004,66.7
Zambia,ZM,ZMB,2003,72.9
Zambia,ZM,ZMB,2002,78.8
Zambia,ZM,ZMB,2001,84.6
Zambia,ZM,ZMB,2000,89.4
Zambia,ZM,ZMB,1999,92.5
Zambia,ZM,ZMB,1998,94.4
Zambia,ZM,ZMB,1997,95.8
Zambia,ZM,ZMB,1996,97.1
Zambia,ZM,ZMB,1995,98.6
Zambia,ZM,ZMB,1994,100.2
Zambia,ZM,ZMB,1993,101.5
Zambia,ZM,ZMB,1992,102.2
Zambia,ZM,ZMB,1991,102.2
Zambia,ZM,ZMB,1990,101.6
Zambia,ZM,ZMB,1989,100.5
Zambia,ZM,ZMB,1988,98.8
Zambia,ZM,ZMB,1987,96.5
Zambia,ZM,ZMB,1986,93.9
Zambia,ZM,ZMB,1985,91
Zambia,ZM,ZMB,1984,88.2
Zambia,ZM,ZMB,1983,85.9
Zambia,ZM,ZMB,1982,84.3
Zambia,ZM,ZMB,1981,83.3
Zambia,ZM,ZMB,1980,82.4
Zambia,ZM,ZMB,1979,81.4
Zambia,ZM,ZMB,1978,80.7
Zambia,ZM,ZMB,1977,80.1
Zambia,ZM,ZMB,1976,80.1
Zambia,ZM,ZMB,1975,80.7
Zambia,ZM,ZMB,1974,82.1
Zambia,ZM,ZMB,1973,84.1
Zambia,ZM,ZMB,1972,86.5
Zambia,ZM,ZMB,1971,89
Zambia,ZM,ZMB,1970,91.1
Zambia,ZM,ZMB,1969,92.5
Zambia,ZM,ZMB,1968,93.4
Zambia,ZM,ZMB,1967,93.9
Zambia,ZM,ZMB,1966,94.2
Zambia,ZM,ZMB,1965,94.5
Zambia,ZM,ZMB,1964,95
Zambia,ZM,ZMB,1963,95.7
Zambia,ZM,ZMB,1962,96.8
Zambia,ZM,ZMB,1961,97.9
Zambia,ZM,ZMB,1960,99.1
Zimbabwe,ZW,ZWE,2024,NA
Zimbabwe,ZW,ZWE,2023,40.6
Zimbabwe,ZW,ZWE,2022,42.2
Zimbabwe,ZW,ZWE,2021,43.6
Zimbabwe,ZW,ZWE,2020,44.9
Zimbabwe,ZW,ZWE,2019,46
Zimbabwe,ZW,ZWE,2018,47.4
Zimbabwe,ZW,ZWE,2017,49.2
Zimbabwe,ZW,ZWE,2016,50.8
Zimbabwe,ZW,ZWE,2015,52.8
Zimbabwe,ZW,ZWE,2014,54.3
Zimbabwe,ZW,ZWE,2013,57
Zimbabwe,ZW,ZWE,2012,59.9
Zimbabwe,ZW,ZWE,2011,64.7
Zimbabwe,ZW,ZWE,2010,67.6
Zimbabwe,ZW,ZWE,2009,70.7
Zimbabwe,ZW,ZWE,2008,71.7
Zimbabwe,ZW,ZWE,2007,71.5
Zimbabwe,ZW,ZWE,2006,69.5
Zimbabwe,ZW,ZWE,2005,66.6
Zimbabwe,ZW,ZWE,2004,64.2
Zimbabwe,ZW,ZWE,2003,61
Zimbabwe,ZW,ZWE,2002,58.3
Zimbabwe,ZW,ZWE,2001,61.1
Zimbabwe,ZW,ZWE,2000,59.3
Zimbabwe,ZW,ZWE,1999,58.4
Zimbabwe,ZW,ZWE,1998,58.3
Zimbabwe,ZW,ZWE,1997,58.5
Zimbabwe,ZW,ZWE,1996,58.6
Zimbabwe,ZW,ZWE,1995,57.9
Zimbabwe,ZW,ZWE,1994,56.2
Zimbabwe,ZW,ZWE,1993,54.7
Zimbabwe,ZW,ZWE,1992,53.5
Zimbabwe,ZW,ZWE,1991,52.9
Zimbabwe,ZW,ZWE,1990,52.8
Zimbabwe,ZW,ZWE,1989,53
Zimbabwe,ZW,ZWE,1988,53.5
Zimbabwe,ZW,ZWE,1987,54.8
Zimbabwe,ZW,ZWE,1986,56.9
Zimbabwe,ZW,ZWE,1985,59.8
Zimbabwe,ZW,ZWE,1984,63
Zimbabwe,ZW,ZWE,1983,66.5
Zimbabwe,ZW,ZWE,1982,69.6
Zimbabwe,ZW,ZWE,1981,72.2
Zimbabwe,ZW,ZWE,1980,73.6
Zimbabwe,ZW,ZWE,1979,73.9
Zimbabwe,ZW,ZWE,1978,73.5
Zimbabwe,ZW,ZWE,1977,72.6
Zimbabwe,ZW,ZWE,1976,71.3
Zimbabwe,ZW,ZWE,1975,70.1
Zimbabwe,ZW,ZWE,1974,69
Zimbabwe,ZW,ZWE,1973,68.2
Zimbabwe,ZW,ZWE,1972,67.6
Zimbabwe,ZW,ZWE,1971,67.2
Zimbabwe,ZW,ZWE,1970,67.1
Zimbabwe,ZW,ZWE,1969,67.3
Zimbabwe,ZW,ZWE,1968,68.1
Zimbabwe,ZW,ZWE,1967,69
Zimbabwe,ZW,ZWE,1966,70.3
Zimbabwe,ZW,ZWE,1965,71.8
Zimbabwe,ZW,ZWE,1964,73.3
Zimbabwe,ZW,ZWE,1963,74.9
Zimbabwe,ZW,ZWE,1962,76.5
Zimbabwe,ZW,ZWE,1961,78
Zimbabwe,ZW,ZWE,1960,79.4
